file,n,m,cap_factor,corr,replication,threads,br_threads,find_status,find_found,find_time,find_cuts,find_br_calls,find_first_pne_time
2-10-2-strongcorr-0.txt,2,10,0.2,strongly_correlated,0,1,1,FEASIBLE,True,0.027067184448242188,12,14,0.026080608367919922
2-10-2-strongcorr-1.txt,2,10,0.2,strongly_correlated,1,1,1,FEASIBLE,True,0.021576642990112305,10,12,0.021576642990112305
2-10-2-strongcorr-2.txt,2,10,0.2,strongly_correlated,2,1,1,FEASIBLE,True,0.025998353958129883,12,14,0.024988412857055664
2-10-2-strongcorr-3.txt,2,10,0.2,strongly_correlated,3,1,1,FEASIBLE,True,0.02199077606201172,6,12,0.02199077606201172
2-10-2-strongcorr-4.txt,2,10,0.2,strongly_correlated,4,1,1,FEASIBLE,True,0.023921728134155273,11,14,0.023921728134155273
2-10-2-strongcorr-5.txt,2,10,0.2,strongly_correlated,5,1,1,FEASIBLE,True,0.02510356903076172,12,14,0.02510356903076172
2-10-2-strongcorr-6.txt,2,10,0.2,strongly_correlated,6,1,1,FEASIBLE,True,0.025874853134155273,12,14,0.025874853134155273
2-10-2-strongcorr-7.txt,2,10,0.2,strongly_correlated,7,1,1,FEASIBLE,True,0.025623083114624023,11,14,0.025623083114624023
2-10-2-strongcorr-8.txt,2,10,0.2,strongly_correlated,8,1,1,FEASIBLE,True,0.021067380905151367,10,12,0.021067380905151367
2-10-2-strongcorr-9.txt,2,10,0.2,strongly_correlated,9,1,1,FEASIBLE,True,0.024011611938476562,12,14,0.024011611938476562
2-10-2-uncorr-0.txt,2,10,0.2,uncorrelated,0,1,1,FEASIBLE,True,0.02100992202758789,10,12,0.02100992202758789
2-10-2-uncorr-1.txt,2,10,0.2,uncorrelated,1,1,1,FEASIBLE,True,0.020066499710083008,10,12,0.020066499710083008
2-10-2-uncorr-2.txt,2,10,0.2,uncorrelated,2,1,1,FEASIBLE,True,0.020030498504638672,10,12,0.020030498504638672
2-10-2-uncorr-3.txt,2,10,0.2,uncorrelated,3,1,1,FEASIBLE,True,0.020962953567504883,10,12,0.020962953567504883
2-10-2-uncorr-4.txt,2,10,0.2,uncorrelated,4,1,1,FEASIBLE,True,0.023760080337524414,11,14,0.023760080337524414
2-10-2-uncorr-5.txt,2,10,0.2,uncorrelated,5,1,1,FEASIBLE,True,0.019987106323242188,10,12,0.019987106323242188
2-10-2-uncorr-6.txt,2,10,0.2,uncorrelated,6,1,1,FEASIBLE,True,0.019965648651123047,6,12,0.019965648651123047
2-10-2-uncorr-7.txt,2,10,0.2,uncorrelated,7,1,1,FEASIBLE,True,0.0200345516204834,10,12,0.0200345516204834
2-10-2-uncorr-8.txt,2,10,0.2,uncorrelated,8,1,1,FEASIBLE,True,0.02377605438232422,11,14,0.02377605438232422
2-10-2-uncorr-9.txt,2,10,0.2,uncorrelated,9,1,1,FEASIBLE,True,0.024509191513061523,11,14,0.024509191513061523
2-10-2-weakcorr-0.txt,2,10,0.2,weakly_correlated,0,1,1,FEASIBLE,True,0.02400064468383789,12,14,0.02400064468383789
2-10-2-weakcorr-1.txt,2,10,0.2,weakly_correlated,1,1,1,FEASIBLE,True,0.020999670028686523,10,12,0.020999670028686523
2-10-2-weakcorr-2.txt,2,10,0.2,weakly_correlated,2,1,1,FEASIBLE,True,0.024006366729736328,11,14,0.024006366729736328
2-10-2-weakcorr-3.txt,2,10,0.2,weakly_correlated,3,1,1,FEASIBLE,True,0.02150726318359375,10,12,0.02150726318359375
2-10-2-weakcorr-4.txt,2,10,0.2,weakly_correlated,4,1,1,FEASIBLE,True,0.021998882293701172,10,12,0.021998882293701172
2-10-2-weakcorr-5.txt,2,10,0.2,weakly_correlated,5,1,1,FEASIBLE,True,0.020998716354370117,10,12,0.020998716354370117
2-10-2-weakcorr-6.txt,2,10,0.2,weakly_correlated,6,1,1,FEASIBLE,True,0.020998716354370117,10,12,0.020998716354370117
2-10-2-weakcorr-7.txt,2,10,0.2,weakly_correlated,7,1,1,FEASIBLE,True,0.024512290954589844,11,14,0.024512290954589844
2-10-2-weakcorr-8.txt,2,10,0.2,weakly_correlated,8,1,1,FEASIBLE,True,0.024999141693115234,12,14,0.024999141693115234
2-10-2-weakcorr-9.txt,2,10,0.2,weakly_correlated,9,1,1,FEASIBLE,True,0.024999380111694336,12,14,0.024999380111694336
2-10-5-strongcorr-0.txt,2,10,0.5,strongly_correlated,0,1,1,FEASIBLE,True,0.03600287437438965,16,20,0.03600287437438965
2-10-5-strongcorr-1.txt,2,10,0.5,strongly_correlated,1,1,1,FEASIBLE,True,0.02850508689880371,14,16,0.02850508689880371
2-10-5-strongcorr-2.txt,2,10,0.5,strongly_correlated,2,1,1,FEASIBLE,True,0.02699899673461914,13,16,0.02699899673461914
2-10-5-strongcorr-3.txt,2,10,0.5,strongly_correlated,3,1,1,FEASIBLE,True,0.02099776268005371,6,12,0.02099776268005371
2-10-5-strongcorr-4.txt,2,10,0.5,strongly_correlated,4,1,1,FEASIBLE,True,0.02400040626525879,12,14,0.02400040626525879
2-10-5-strongcorr-5.txt,2,10,0.5,strongly_correlated,5,1,1,FEASIBLE,True,0.021509885787963867,10,12,0.021509885787963867
2-10-5-strongcorr-6.txt,2,10,0.5,strongly_correlated,6,1,1,FEASIBLE,True,0.02700185775756836,14,16,0.02700185775756836
2-10-5-strongcorr-7.txt,2,10,0.5,strongly_correlated,7,1,1,FEASIBLE,True,0.024999380111694336,12,14,0.024000167846679688
2-10-5-strongcorr-8.txt,2,10,0.5,strongly_correlated,8,1,1,FEASIBLE,True,0.045996665954589844,20,24,0.045996665954589844
2-10-5-strongcorr-9.txt,2,10,0.5,strongly_correlated,9,1,1,FEASIBLE,True,0.0299990177154541,13,16,0.0299990177154541
2-10-5-uncorr-0.txt,2,10,0.5,uncorrelated,0,1,1,FEASIBLE,True,0.024006128311157227,12,14,0.024006128311157227
2-10-5-uncorr-1.txt,2,10,0.5,uncorrelated,1,1,1,FEASIBLE,True,0.024059772491455078,12,14,0.024059772491455078
2-10-5-uncorr-2.txt,2,10,0.5,uncorrelated,2,1,1,FEASIBLE,True,0.021062135696411133,10,12,0.021062135696411133
2-10-5-uncorr-3.txt,2,10,0.5,uncorrelated,3,1,1,FEASIBLE,True,0.024007797241210938,11,14,0.024007797241210938
2-10-5-uncorr-4.txt,2,10,0.5,uncorrelated,4,1,1,FEASIBLE,True,0.02699875831604004,14,16,0.02699875831604004
2-10-5-uncorr-5.txt,2,10,0.5,uncorrelated,5,1,1,FEASIBLE,True,0.021008014678955078,10,12,0.021008014678955078
2-10-5-uncorr-6.txt,2,10,0.5,uncorrelated,6,1,1,FEASIBLE,True,0.04165244102478027,18,24,0.04165244102478027
2-10-5-uncorr-7.txt,2,10,0.5,uncorrelated,7,1,1,FEASIBLE,True,0.020998477935791016,10,12,0.020998477935791016
2-10-5-uncorr-8.txt,2,10,0.5,uncorrelated,8,1,1,FEASIBLE,True,0.03300833702087402,16,20,0.03300833702087402
2-10-5-uncorr-9.txt,2,10,0.5,uncorrelated,9,1,1,FEASIBLE,True,0.02351689338684082,11,14,0.02351689338684082
2-10-5-weakcorr-0.txt,2,10,0.5,weakly_correlated,0,1,1,FEASIBLE,True,0.03299975395202637,16,20,0.03299975395202637
2-10-5-weakcorr-1.txt,2,10,0.5,weakly_correlated,1,1,1,FEASIBLE,True,0.02700018882751465,13,16,0.02700018882751465
2-10-5-weakcorr-2.txt,2,10,0.5,weakly_correlated,2,1,1,FEASIBLE,True,0.02652740478515625,13,16,0.02652740478515625
2-10-5-weakcorr-3.txt,2,10,0.5,weakly_correlated,3,1,1,FEASIBLE,True,0.023000001907348633,11,14,0.023000001907348633
2-10-5-weakcorr-4.txt,2,10,0.5,weakly_correlated,4,1,1,FEASIBLE,True,0.024000167846679688,11,14,0.023001909255981445
2-10-5-weakcorr-5.txt,2,10,0.5,weakly_correlated,5,1,1,FEASIBLE,True,0.02766728401184082,13,16,0.02766728401184082
2-10-5-weakcorr-6.txt,2,10,0.5,weakly_correlated,6,1,1,FEASIBLE,True,0.0406491756439209,18,24,0.0406491756439209
2-10-5-weakcorr-7.txt,2,10,0.5,weakly_correlated,7,1,1,FEASIBLE,True,0.027022123336791992,13,16,0.027022123336791992
2-10-5-weakcorr-8.txt,2,10,0.5,weakly_correlated,8,1,1,FEASIBLE,True,0.02396416664123535,12,14,0.02396416664123535
2-10-5-weakcorr-9.txt,2,10,0.5,weakly_correlated,9,1,1,FEASIBLE,True,0.027791976928710938,12,16,0.027791976928710938
2-15-2-strongcorr-0.txt,2,15,0.2,strongly_correlated,0,1,1,FEASIBLE,True,0.020859718322753906,10,12,0.020859718322753906
2-15-2-strongcorr-1.txt,2,15,0.2,strongly_correlated,1,1,1,FEASIBLE,True,0.023996591567993164,12,14,0.023996591567993164
2-15-2-strongcorr-2.txt,2,15,0.2,strongly_correlated,2,1,1,FEASIBLE,True,0.025008440017700195,11,14,0.025008440017700195
2-15-2-strongcorr-3.txt,2,15,0.2,strongly_correlated,3,1,1,FEASIBLE,True,0.024766921997070312,12,14,0.024766921997070312
2-15-2-strongcorr-4.txt,2,15,0.2,strongly_correlated,4,1,1,FEASIBLE,True,0.03300166130065918,15,18,0.03300166130065918
2-15-2-strongcorr-5.txt,2,15,0.2,strongly_correlated,5,1,1,FEASIBLE,True,0.02799820899963379,12,16,0.026998519897460938
2-15-2-strongcorr-6.txt,2,15,0.2,strongly_correlated,6,1,1,FEASIBLE,True,0.02150106430053711,10,12,0.02150106430053711
2-15-2-strongcorr-7.txt,2,15,0.2,strongly_correlated,7,1,1,FEASIBLE,True,0.031112194061279297,15,18,0.031112194061279297
2-15-2-strongcorr-8.txt,2,15,0.2,strongly_correlated,8,1,1,FEASIBLE,True,0.025996685028076172,11,14,0.025996685028076172
2-15-2-strongcorr-9.txt,2,15,0.2,strongly_correlated,9,1,1,FEASIBLE,True,0.03599357604980469,16,20,0.03599357604980469
2-15-2-uncorr-0.txt,2,15,0.2,uncorrelated,0,1,1,FEASIBLE,True,0.02632594108581543,11,14,0.02632594108581543
2-15-2-uncorr-1.txt,2,15,0.2,uncorrelated,1,1,1,FEASIBLE,True,0.022000551223754883,10,12,0.022000551223754883
2-15-2-uncorr-2.txt,2,15,0.2,uncorrelated,2,1,1,FEASIBLE,True,0.028001785278320312,12,16,0.028001785278320312
2-15-2-uncorr-3.txt,2,15,0.2,uncorrelated,3,1,1,FEASIBLE,True,0.022001266479492188,10,12,0.022001266479492188
2-15-2-uncorr-4.txt,2,15,0.2,uncorrelated,4,1,1,FEASIBLE,True,0.020517826080322266,10,12,0.020517826080322266
2-15-2-uncorr-5.txt,2,15,0.2,uncorrelated,5,1,1,FEASIBLE,True,0.022000789642333984,10,12,0.022000789642333984
2-15-2-uncorr-6.txt,2,15,0.2,uncorrelated,6,1,1,FEASIBLE,True,0.025002241134643555,11,14,0.025002241134643555
2-15-2-uncorr-7.txt,2,15,0.2,uncorrelated,7,1,1,FEASIBLE,True,0.02499985694885254,11,14,0.02499985694885254
2-15-2-uncorr-8.txt,2,15,0.2,uncorrelated,8,1,1,FEASIBLE,True,0.024527549743652344,11,14,0.02352738380432129
2-15-2-uncorr-9.txt,2,15,0.2,uncorrelated,9,1,1,FEASIBLE,True,0.021997928619384766,10,12,0.021997928619384766
2-15-2-weakcorr-0.txt,2,15,0.2,weakly_correlated,0,1,1,FEASIBLE,True,0.02500128746032715,12,14,0.02500128746032715
2-15-2-weakcorr-1.txt,2,15,0.2,weakly_correlated,1,1,1,FEASIBLE,True,0.021998882293701172,10,12,0.021998882293701172
2-15-2-weakcorr-2.txt,2,15,0.2,weakly_correlated,2,1,1,FEASIBLE,True,0.028514623641967773,11,14,0.028514623641967773
2-15-2-weakcorr-3.txt,2,15,0.2,weakly_correlated,3,1,1,FEASIBLE,True,0.02547454833984375,12,14,0.02547454833984375
2-15-2-weakcorr-4.txt,2,15,0.2,weakly_correlated,4,1,1,FEASIBLE,True,0.02548050880432129,12,14,0.02548050880432129
2-15-2-weakcorr-5.txt,2,15,0.2,weakly_correlated,5,1,1,FEASIBLE,True,0.0250091552734375,12,14,0.0250091552734375
2-15-2-weakcorr-6.txt,2,15,0.2,weakly_correlated,6,1,1,FEASIBLE,True,0.0285186767578125,13,16,0.0285186767578125
2-15-2-weakcorr-7.txt,2,15,0.2,weakly_correlated,7,1,1,FEASIBLE,True,0.03199625015258789,12,16,0.03199625015258789
2-15-2-weakcorr-8.txt,2,15,0.2,weakly_correlated,8,1,1,FEASIBLE,True,0.025001049041748047,12,14,0.025001049041748047
2-15-2-weakcorr-9.txt,2,15,0.2,weakly_correlated,9,1,1,FEASIBLE,True,0.028526782989501953,14,16,0.028526782989501953
2-15-5-strongcorr-0.txt,2,15,0.5,strongly_correlated,0,1,1,FEASIBLE,True,0.031001806259155273,14,18,0.031001806259155273
2-15-5-strongcorr-1.txt,2,15,0.5,strongly_correlated,1,1,1,FEASIBLE,True,0.034999847412109375,16,20,0.034999847412109375
2-15-5-strongcorr-2.txt,2,15,0.5,strongly_correlated,2,1,1,FEASIBLE,True,0.022009611129760742,10,12,0.022009611129760742
2-15-5-strongcorr-3.txt,2,15,0.5,strongly_correlated,3,1,1,FEASIBLE,True,0.02564382553100586,11,14,0.02564382553100586
2-15-5-strongcorr-4.txt,2,15,0.5,strongly_correlated,4,1,1,FEASIBLE,True,0.028997182846069336,12,16,0.028997182846069336
2-15-5-strongcorr-5.txt,2,15,0.5,strongly_correlated,5,1,1,FEASIBLE,True,0.02417159080505371,11,14,0.02417159080505371
2-15-5-strongcorr-6.txt,2,15,0.5,strongly_correlated,6,1,1,FEASIBLE,True,0.024524688720703125,12,14,0.024524688720703125
2-15-5-strongcorr-7.txt,2,15,0.5,strongly_correlated,7,1,1,FEASIBLE,True,0.0540013313293457,25,28,0.0540013313293457
2-15-5-strongcorr-8.txt,2,15,0.5,strongly_correlated,8,1,1,FEASIBLE,True,0.023998260498046875,12,14,0.023998260498046875
2-15-5-strongcorr-9.txt,2,15,0.5,strongly_correlated,9,1,1,FEASIBLE,True,0.03452444076538086,17,20,0.03452444076538086
2-15-5-uncorr-0.txt,2,15,0.5,uncorrelated,0,1,1,FEASIBLE,True,0.023996591567993164,11,14,0.023996591567993164
2-15-5-uncorr-1.txt,2,15,0.5,uncorrelated,1,1,1,FEASIBLE,True,0.01999640464782715,10,12,0.01999640464782715
2-15-5-uncorr-2.txt,2,15,0.5,uncorrelated,2,1,1,FEASIBLE,True,0.02800774574279785,14,16,0.027007579803466797
2-15-5-uncorr-3.txt,2,15,0.5,uncorrelated,3,1,1,FEASIBLE,True,0.027516603469848633,14,16,0.027516603469848633
2-15-5-uncorr-4.txt,2,15,0.5,uncorrelated,4,1,1,FEASIBLE,True,0.027001380920410156,13,16,0.027001380920410156
2-15-5-uncorr-5.txt,2,15,0.5,uncorrelated,5,1,1,FEASIBLE,True,0.024000167846679688,11,14,0.023000001907348633
2-15-5-uncorr-6.txt,2,15,0.5,uncorrelated,6,1,1,FEASIBLE,True,0.021007537841796875,10,12,0.021007537841796875
2-15-5-uncorr-7.txt,2,15,0.5,uncorrelated,7,1,1,FEASIBLE,True,0.041520118713378906,18,24,0.041520118713378906
2-15-5-uncorr-8.txt,2,15,0.5,uncorrelated,8,1,1,FEASIBLE,True,0.029997587203979492,15,18,0.029997587203979492
2-15-5-uncorr-9.txt,2,15,0.5,uncorrelated,9,1,1,FEASIBLE,True,0.028007984161376953,14,16,0.028007984161376953
2-15-5-weakcorr-0.txt,2,15,0.5,weakly_correlated,0,1,1,FEASIBLE,True,0.023518085479736328,12,14,0.023518085479736328
2-15-5-weakcorr-1.txt,2,15,0.5,weakly_correlated,1,1,1,FEASIBLE,True,0.031000614166259766,15,18,0.031000614166259766
2-15-5-weakcorr-2.txt,2,15,0.5,weakly_correlated,2,1,1,FEASIBLE,True,0.0280001163482666,12,16,0.0280001163482666
2-15-5-weakcorr-3.txt,2,15,0.5,weakly_correlated,3,1,1,FEASIBLE,True,0.023522138595581055,12,14,0.023522138595581055
2-15-5-weakcorr-4.txt,2,15,0.5,weakly_correlated,4,1,1,FEASIBLE,True,0.020003080368041992,10,12,0.020003080368041992
2-15-5-weakcorr-5.txt,2,15,0.5,weakly_correlated,5,1,1,FEASIBLE,True,0.040003061294555664,18,22,0.03900337219238281
2-15-5-weakcorr-6.txt,2,15,0.5,weakly_correlated,6,1,1,FEASIBLE,True,0.02400803565979004,12,14,0.02400803565979004
2-15-5-weakcorr-7.txt,2,15,0.5,weakly_correlated,7,1,1,FEASIBLE,True,0.028636455535888672,14,16,0.027637004852294922
2-15-5-weakcorr-8.txt,2,15,0.5,weakly_correlated,8,1,1,FEASIBLE,True,0.02500009536743164,12,14,0.02500009536743164
2-15-5-weakcorr-9.txt,2,15,0.5,weakly_correlated,9,1,1,FEASIBLE,True,0.030998945236206055,14,18,0.0299985408782959
2-20-2-strongcorr-0.txt,2,20,0.2,strongly_correlated,0,1,1,FEASIBLE,True,0.024518489837646484,11,14,0.024518489837646484
2-20-2-strongcorr-1.txt,2,20,0.2,strongly_correlated,1,1,1,FEASIBLE,True,0.03699851036071777,15,20,0.03699851036071777
2-20-2-strongcorr-2.txt,2,20,0.2,strongly_correlated,2,1,1,FEASIBLE,True,0.025036096572875977,11,14,0.025036096572875977
2-20-2-strongcorr-3.txt,2,20,0.2,strongly_correlated,3,1,1,FEASIBLE,True,0.02500176429748535,12,14,0.02500176429748535
2-20-2-strongcorr-4.txt,2,20,0.2,strongly_correlated,4,1,1,FEASIBLE,True,0.0720977783203125,23,28,0.07109856605529785
2-20-2-strongcorr-5.txt,2,20,0.2,strongly_correlated,5,1,1,FEASIBLE,True,0.024008512496948242,11,14,0.024008512496948242
2-20-2-strongcorr-6.txt,2,20,0.2,strongly_correlated,6,1,1,FEASIBLE,True,0.03652358055114746,13,16,0.03652358055114746
2-20-2-strongcorr-7.txt,2,20,0.2,strongly_correlated,7,1,1,FEASIBLE,True,0.023999929428100586,12,14,0.023999929428100586
2-20-2-strongcorr-8.txt,2,20,0.2,strongly_correlated,8,1,1,FEASIBLE,True,0.02800583839416504,13,16,0.02800583839416504
2-20-2-strongcorr-9.txt,2,20,0.2,strongly_correlated,9,1,1,FEASIBLE,True,0.03651714324951172,14,18,0.03651714324951172
2-20-2-uncorr-0.txt,2,20,0.2,uncorrelated,0,1,1,FEASIBLE,True,0.020999431610107422,10,12,0.01999950408935547
2-20-2-uncorr-1.txt,2,20,0.2,uncorrelated,1,1,1,FEASIBLE,True,0.024004459381103516,12,14,0.024004459381103516
2-20-2-uncorr-2.txt,2,20,0.2,uncorrelated,2,1,1,FEASIBLE,True,0.021226167678833008,10,12,0.021226167678833008
2-20-2-uncorr-3.txt,2,20,0.2,uncorrelated,3,1,1,FEASIBLE,True,0.02751469612121582,12,16,0.02751469612121582
2-20-2-uncorr-4.txt,2,20,0.2,uncorrelated,4,1,1,FEASIBLE,True,0.02200007438659668,10,12,0.02200007438659668
2-20-2-uncorr-5.txt,2,20,0.2,uncorrelated,5,1,1,FEASIBLE,True,0.02700018882751465,14,16,0.02700018882751465
2-20-2-uncorr-6.txt,2,20,0.2,uncorrelated,6,1,1,FEASIBLE,True,0.021007061004638672,10,12,0.021007061004638672
2-20-2-uncorr-7.txt,2,20,0.2,uncorrelated,7,1,1,FEASIBLE,True,0.02451157569885254,11,14,0.02451157569885254
2-20-2-uncorr-8.txt,2,20,0.2,uncorrelated,8,1,1,FEASIBLE,True,0.02699732780456543,13,16,0.02699732780456543
2-20-2-uncorr-9.txt,2,20,0.2,uncorrelated,9,1,1,FEASIBLE,True,0.0209958553314209,10,12,0.0209958553314209
2-20-2-weakcorr-0.txt,2,20,0.2,weakly_correlated,0,1,1,FEASIBLE,True,0.021004199981689453,10,12,0.021004199981689453
2-20-2-weakcorr-1.txt,2,20,0.2,weakly_correlated,1,1,1,FEASIBLE,True,0.026517868041992188,10,12,0.026517868041992188
2-20-2-weakcorr-2.txt,2,20,0.2,weakly_correlated,2,1,1,FEASIBLE,True,0.0279996395111084,13,16,0.0279996395111084
2-20-2-weakcorr-3.txt,2,20,0.2,weakly_correlated,3,1,1,FEASIBLE,True,0.03500771522521973,15,18,0.03500771522521973
2-20-2-weakcorr-4.txt,2,20,0.2,weakly_correlated,4,1,1,FEASIBLE,True,0.027512550354003906,14,16,0.027512550354003906
2-20-2-weakcorr-5.txt,2,20,0.2,weakly_correlated,5,1,1,FEASIBLE,True,0.024000167846679688,11,14,0.024000167846679688
2-20-2-weakcorr-6.txt,2,20,0.2,weakly_correlated,6,1,1,FEASIBLE,True,0.024999380111694336,12,14,0.024999380111694336
2-20-2-weakcorr-7.txt,2,20,0.2,weakly_correlated,7,1,1,FEASIBLE,True,0.036519765853881836,14,16,0.036519765853881836
2-20-2-weakcorr-8.txt,2,20,0.2,weakly_correlated,8,1,1,FEASIBLE,True,0.027468204498291016,12,16,0.027468204498291016
2-20-2-weakcorr-9.txt,2,20,0.2,weakly_correlated,9,1,1,FEASIBLE,True,0.02399730682373047,10,12,0.02399730682373047
2-20-5-strongcorr-0.txt,2,20,0.5,strongly_correlated,0,1,1,FEASIBLE,True,0.02500009536743164,12,14,0.02500009536743164
2-20-5-strongcorr-1.txt,2,20,0.5,strongly_correlated,1,1,1,FEASIBLE,True,0.03699541091918945,16,20,0.036351680755615234
2-20-5-strongcorr-2.txt,2,20,0.5,strongly_correlated,2,1,1,FEASIBLE,True,0.0549321174621582,18,24,0.0549321174621582
2-20-5-strongcorr-3.txt,2,20,0.5,strongly_correlated,3,1,1,FEASIBLE,True,0.03751993179321289,15,20,0.03751993179321289
2-20-5-strongcorr-4.txt,2,20,0.5,strongly_correlated,4,1,1,FEASIBLE,True,0.025000810623168945,12,14,0.025000810623168945
2-20-5-strongcorr-5.txt,2,20,0.5,strongly_correlated,5,1,1,FEASIBLE,True,0.05100870132446289,17,22,0.05000877380371094
2-20-5-strongcorr-6.txt,2,20,0.5,strongly_correlated,6,1,1,FEASIBLE,True,0.0475153923034668,21,24,0.0475153923034668
2-20-5-strongcorr-7.txt,2,20,0.5,strongly_correlated,7,1,1,FEASIBLE,True,0.09352612495422363,31,40,0.09352612495422363
2-20-5-strongcorr-8.txt,2,20,0.5,strongly_correlated,8,1,1,FEASIBLE,True,0.02499675750732422,12,14,0.02499675750732422
2-20-5-strongcorr-9.txt,2,20,0.5,strongly_correlated,9,1,1,FEASIBLE,True,0.03300738334655762,15,18,0.03300738334655762
2-20-5-uncorr-0.txt,2,20,0.5,uncorrelated,0,1,1,FEASIBLE,True,0.03151297569274902,15,18,0.030512571334838867
2-20-5-uncorr-1.txt,2,20,0.5,uncorrelated,1,1,1,FEASIBLE,True,0.027498245239257812,13,16,0.027498245239257812
2-20-5-uncorr-2.txt,2,20,0.5,uncorrelated,2,1,1,FEASIBLE,True,0.02800774574279785,12,16,0.02800774574279785
2-20-5-uncorr-3.txt,2,20,0.5,uncorrelated,3,1,1,FEASIBLE,True,0.027784347534179688,13,16,0.027784347534179688
2-20-5-uncorr-4.txt,2,20,0.5,uncorrelated,4,1,1,FEASIBLE,True,0.027999401092529297,14,16,0.027999401092529297
2-20-5-uncorr-5.txt,2,20,0.5,uncorrelated,5,1,1,FEASIBLE,True,0.03499746322631836,17,20,0.03499746322631836
2-20-5-uncorr-6.txt,2,20,0.5,uncorrelated,6,1,1,FEASIBLE,True,0.0275266170501709,13,16,0.0275266170501709
2-20-5-uncorr-7.txt,2,20,0.5,uncorrelated,7,1,1,FEASIBLE,True,0.031001567840576172,14,18,0.031001567840576172
2-20-5-uncorr-8.txt,2,20,0.5,uncorrelated,8,1,1,FEASIBLE,True,0.027997255325317383,14,16,0.027997255325317383
2-20-5-uncorr-9.txt,2,20,0.5,uncorrelated,9,1,1,FEASIBLE,True,0.028149127960205078,13,16,0.028149127960205078
2-20-5-weakcorr-0.txt,2,20,0.5,weakly_correlated,0,1,1,FEASIBLE,True,0.042996883392333984,17,22,0.04199647903442383
2-20-5-weakcorr-1.txt,2,20,0.5,weakly_correlated,1,1,1,FEASIBLE,True,0.05653047561645508,19,22,0.05653047561645508
2-20-5-weakcorr-2.txt,2,20,0.5,weakly_correlated,2,1,1,FEASIBLE,True,0.026999950408935547,12,14,0.02599954605102539
2-20-5-weakcorr-3.txt,2,20,0.5,weakly_correlated,3,1,1,FEASIBLE,True,0.023999691009521484,11,14,0.023999691009521484
2-20-5-weakcorr-4.txt,2,20,0.5,weakly_correlated,4,1,1,FEASIBLE,True,0.02500128746032715,12,14,0.02500128746032715
2-20-5-weakcorr-5.txt,2,20,0.5,weakly_correlated,5,1,1,FEASIBLE,True,0.0347745418548584,16,20,0.0347745418548584
2-20-5-weakcorr-6.txt,2,20,0.5,weakly_correlated,6,1,1,FEASIBLE,True,0.0359959602355957,16,18,0.0359959602355957
2-20-5-weakcorr-7.txt,2,20,0.5,weakly_correlated,7,1,1,FEASIBLE,True,0.028004169464111328,13,16,0.027000904083251953
2-20-5-weakcorr-8.txt,2,20,0.5,weakly_correlated,8,1,1,FEASIBLE,True,0.07778501510620117,30,36,0.07778501510620117
2-20-5-weakcorr-9.txt,2,20,0.5,weakly_correlated,9,1,1,FEASIBLE,True,0.04552292823791504,19,22,0.04552292823791504
2-30-2-strongcorr-0.txt,2,30,0.2,strongly_correlated,0,1,1,FEASIBLE,True,0.07881951332092285,22,28,0.07881951332092285
2-30-2-strongcorr-1.txt,2,30,0.2,strongly_correlated,1,1,1,FEASIBLE,True,0.05568289756774902,17,24,0.05568289756774902
2-30-2-strongcorr-2.txt,2,30,0.2,strongly_correlated,2,1,1,FEASIBLE,True,0.026996612548828125,11,14,0.026996612548828125
2-30-2-strongcorr-3.txt,2,30,0.2,strongly_correlated,3,1,1,FEASIBLE,True,0.03752446174621582,13,18,0.03752446174621582
2-30-2-strongcorr-4.txt,2,30,0.2,strongly_correlated,4,1,1,FEASIBLE,True,0.0469965934753418,16,20,0.0469965934753418
2-30-2-strongcorr-5.txt,2,30,0.2,strongly_correlated,5,1,1,FEASIBLE,True,0.030008554458618164,13,16,0.030008554458618164
2-30-2-strongcorr-6.txt,2,30,0.2,strongly_correlated,6,1,1,FEASIBLE,True,0.06352066993713379,22,28,0.06352066993713379
2-30-2-strongcorr-7.txt,2,30,0.2,strongly_correlated,7,1,1,FEASIBLE,True,0.02952289581298828,11,14,0.02952289581298828
2-30-2-strongcorr-8.txt,2,30,0.2,strongly_correlated,8,1,1,FEASIBLE,True,0.025150537490844727,10,12,0.025150537490844727
2-30-2-strongcorr-9.txt,2,30,0.2,strongly_correlated,9,1,1,FEASIBLE,True,0.026998281478881836,12,14,0.026998281478881836
2-30-2-uncorr-0.txt,2,30,0.2,uncorrelated,0,1,1,FEASIBLE,True,0.042006492614746094,18,22,0.042006492614746094
2-30-2-uncorr-1.txt,2,30,0.2,uncorrelated,1,1,1,FEASIBLE,True,0.021512985229492188,10,12,0.021512985229492188
2-30-2-uncorr-2.txt,2,30,0.2,uncorrelated,2,1,1,FEASIBLE,True,0.03399825096130371,14,18,0.03399825096130371
2-30-2-uncorr-3.txt,2,30,0.2,uncorrelated,3,1,1,FEASIBLE,True,0.022000789642333984,10,12,0.022000789642333984
2-30-2-uncorr-4.txt,2,30,0.2,uncorrelated,4,1,1,FEASIBLE,True,0.0355224609375,14,18,0.034522294998168945
2-30-2-uncorr-5.txt,2,30,0.2,uncorrelated,5,1,1,FEASIBLE,True,0.0280001163482666,13,16,0.0280001163482666
2-30-2-uncorr-6.txt,2,30,0.2,uncorrelated,6,1,1,FEASIBLE,True,0.02899956703186035,14,16,0.02899956703186035
2-30-2-uncorr-7.txt,2,30,0.2,uncorrelated,7,1,1,FEASIBLE,True,0.031007051467895508,13,16,0.031007051467895508
2-30-2-uncorr-8.txt,2,30,0.2,uncorrelated,8,1,1,FEASIBLE,True,0.021517038345336914,10,12,0.021517038345336914
2-30-2-uncorr-9.txt,2,30,0.2,uncorrelated,9,1,1,FEASIBLE,True,0.025003671646118164,11,14,0.025003671646118164
2-30-2-weakcorr-0.txt,2,30,0.2,weakly_correlated,0,1,1,FEASIBLE,True,0.033921241760253906,15,18,0.033921241760253906
2-30-2-weakcorr-1.txt,2,30,0.2,weakly_correlated,1,1,1,FEASIBLE,True,0.03752470016479492,12,14,0.03752470016479492
2-30-2-weakcorr-2.txt,2,30,0.2,weakly_correlated,2,1,1,FEASIBLE,True,0.03799867630004883,14,16,0.03799867630004883
2-30-2-weakcorr-3.txt,2,30,0.2,weakly_correlated,3,1,1,FEASIBLE,True,0.028009414672851562,12,14,0.028009414672851562
2-30-2-weakcorr-4.txt,2,30,0.2,weakly_correlated,4,1,1,FEASIBLE,True,0.03375363349914551,12,14,0.03375363349914551
2-30-2-weakcorr-5.txt,2,30,0.2,weakly_correlated,5,1,1,FEASIBLE,True,0.0531919002532959,20,24,0.0531919002532959
2-30-2-weakcorr-6.txt,2,30,0.2,weakly_correlated,6,1,1,FEASIBLE,True,0.022532939910888672,10,12,0.022532939910888672
2-30-2-weakcorr-7.txt,2,30,0.2,weakly_correlated,7,1,1,FEASIBLE,True,0.032000064849853516,15,18,0.032000064849853516
2-30-2-weakcorr-8.txt,2,30,0.2,weakly_correlated,8,1,1,FEASIBLE,True,0.03299736976623535,12,16,0.03299736976623535
2-30-2-weakcorr-9.txt,2,30,0.2,weakly_correlated,9,1,1,FEASIBLE,True,0.03252363204956055,13,16,0.03252363204956055
2-30-5-strongcorr-0.txt,2,30,0.5,strongly_correlated,0,1,1,FEASIBLE,True,0.06909370422363281,24,28,0.06909370422363281
2-30-5-strongcorr-1.txt,2,30,0.5,strongly_correlated,1,1,1,FEASIBLE,True,0.04864764213562012,21,24,0.04864764213562012
2-30-5-strongcorr-2.txt,2,30,0.5,strongly_correlated,2,1,1,FEASIBLE,True,0.03599739074707031,14,16,0.03599739074707031
2-30-5-strongcorr-3.txt,2,30,0.5,strongly_correlated,3,1,1,FEASIBLE,True,0.05152559280395508,22,26,0.05052590370178223
2-30-5-strongcorr-4.txt,2,30,0.5,strongly_correlated,4,1,1,FEASIBLE,True,0.05100083351135254,22,28,0.05100083351135254
2-30-5-strongcorr-5.txt,2,30,0.5,strongly_correlated,5,1,1,FEASIBLE,True,0.040524959564208984,17,20,0.040524959564208984
2-30-5-strongcorr-6.txt,2,30,0.5,strongly_correlated,6,1,1,FEASIBLE,True,0.029999971389770508,13,16,0.029999971389770508
2-30-5-strongcorr-7.txt,2,30,0.5,strongly_correlated,7,1,1,FEASIBLE,True,0.19304776191711426,75,86,0.19304776191711426
2-30-5-strongcorr-8.txt,2,30,0.5,strongly_correlated,8,1,1,FEASIBLE,True,0.0725395679473877,26,30,0.0725395679473877
2-30-5-strongcorr-9.txt,2,30,0.5,strongly_correlated,9,1,1,FEASIBLE,True,0.03999638557434082,19,22,0.03899645805358887
2-30-5-uncorr-0.txt,2,30,0.5,uncorrelated,0,1,1,FEASIBLE,True,0.03500628471374512,16,18,0.03500628471374512
2-30-5-uncorr-1.txt,2,30,0.5,uncorrelated,1,1,1,FEASIBLE,True,0.029515743255615234,13,16,0.029515743255615234
2-30-5-uncorr-2.txt,2,30,0.5,uncorrelated,2,1,1,FEASIBLE,True,0.029001235961914062,13,16,0.029001235961914062
2-30-5-uncorr-3.txt,2,30,0.5,uncorrelated,3,1,1,FEASIBLE,True,0.033005714416503906,15,18,0.033005714416503906
2-30-5-uncorr-4.txt,2,30,0.5,uncorrelated,4,1,1,FEASIBLE,True,0.029588937759399414,14,16,0.029588937759399414
2-30-5-uncorr-5.txt,2,30,0.5,uncorrelated,5,1,1,FEASIBLE,True,0.03099966049194336,14,16,0.03099966049194336
2-30-5-uncorr-6.txt,2,30,0.5,uncorrelated,6,1,1,FEASIBLE,True,0.030008554458618164,13,16,0.030008554458618164
2-30-5-uncorr-7.txt,2,30,0.5,uncorrelated,7,1,1,FEASIBLE,True,0.026077985763549805,11,14,0.02507781982421875
2-30-5-uncorr-8.txt,2,30,0.5,uncorrelated,8,1,1,FEASIBLE,True,0.024996519088745117,12,14,0.024996519088745117
2-30-5-uncorr-9.txt,2,30,0.5,uncorrelated,9,1,1,FEASIBLE,True,0.029000520706176758,13,16,0.029000520706176758
2-30-5-weakcorr-0.txt,2,30,0.5,weakly_correlated,0,1,1,FEASIBLE,True,0.032520294189453125,15,18,0.032520294189453125
2-30-5-weakcorr-1.txt,2,30,0.5,weakly_correlated,1,1,1,FEASIBLE,True,0.06500029563903809,20,24,0.06500029563903809
2-30-5-weakcorr-2.txt,2,30,0.5,weakly_correlated,2,1,1,FEASIBLE,True,0.05552029609680176,19,22,0.05552029609680176
2-30-5-weakcorr-3.txt,2,30,0.5,weakly_correlated,3,1,1,FEASIBLE,True,0.037000179290771484,16,20,0.037000179290771484
2-30-5-weakcorr-4.txt,2,30,0.5,weakly_correlated,4,1,1,FEASIBLE,True,0.031004667282104492,13,16,0.031004667282104492
2-30-5-weakcorr-5.txt,2,30,0.5,weakly_correlated,5,1,1,FEASIBLE,True,0.03451728820800781,16,18,0.03451728820800781
2-30-5-weakcorr-6.txt,2,30,0.5,weakly_correlated,6,1,1,FEASIBLE,True,0.05145096778869629,17,22,0.05145096778869629
2-30-5-weakcorr-7.txt,2,30,0.5,weakly_correlated,7,1,1,FEASIBLE,True,0.039189815521240234,16,20,0.039189815521240234
2-30-5-weakcorr-8.txt,2,30,0.5,weakly_correlated,8,1,1,FEASIBLE,True,0.04499554634094238,17,20,0.04499554634094238
2-30-5-weakcorr-9.txt,2,30,0.5,weakly_correlated,9,1,1,FEASIBLE,True,0.03551006317138672,14,18,0.03551006317138672
2-40-2-strongcorr-0.txt,2,40,0.2,strongly_correlated,0,1,1,FEASIBLE,True,0.04092144966125488,14,18,0.04092144966125488
2-40-2-strongcorr-1.txt,2,40,0.2,strongly_correlated,1,1,1,FEASIBLE,True,0.04100465774536133,14,18,0.04100465774536133
2-40-2-strongcorr-2.txt,2,40,0.2,strongly_correlated,2,1,1,FEASIBLE,True,0.07430291175842285,23,28,0.07430291175842285
2-40-2-strongcorr-3.txt,2,40,0.2,strongly_correlated,3,1,1,FEASIBLE,True,0.031523704528808594,13,16,0.031523704528808594
2-40-2-strongcorr-4.txt,2,40,0.2,strongly_correlated,4,1,1,FEASIBLE,True,0.052996158599853516,19,22,0.052996158599853516
2-40-2-strongcorr-5.txt,2,40,0.2,strongly_correlated,5,1,1,FEASIBLE,True,0.03900432586669922,15,18,0.03900432586669922
2-40-2-strongcorr-6.txt,2,40,0.2,strongly_correlated,6,1,1,FEASIBLE,True,0.03899741172790527,18,20,0.03899741172790527
2-40-2-strongcorr-7.txt,2,40,0.2,strongly_correlated,7,1,1,FEASIBLE,True,0.027001142501831055,12,14,0.027001142501831055
2-40-2-strongcorr-8.txt,2,40,0.2,strongly_correlated,8,1,1,FEASIBLE,True,0.02800607681274414,12,14,0.02800607681274414
2-40-2-strongcorr-9.txt,2,40,0.2,strongly_correlated,9,1,1,FEASIBLE,True,0.02725982666015625,12,14,0.02725982666015625
2-40-2-uncorr-0.txt,2,40,0.2,uncorrelated,0,1,1,FEASIBLE,True,0.02700042724609375,11,14,0.02700042724609375
2-40-2-uncorr-1.txt,2,40,0.2,uncorrelated,1,1,1,FEASIBLE,True,0.02400040626525879,10,12,0.023001909255981445
2-40-2-uncorr-2.txt,2,40,0.2,uncorrelated,2,1,1,FEASIBLE,True,0.030522823333740234,13,16,0.030522823333740234
2-40-2-uncorr-3.txt,2,40,0.2,uncorrelated,3,1,1,FEASIBLE,True,0.029999494552612305,14,16,0.029999494552612305
2-40-2-uncorr-4.txt,2,40,0.2,uncorrelated,4,1,1,FEASIBLE,True,0.025999784469604492,11,14,0.025999784469604492
2-40-2-uncorr-5.txt,2,40,0.2,uncorrelated,5,1,1,FEASIBLE,True,0.025513172149658203,11,14,0.025513172149658203
2-40-2-uncorr-6.txt,2,40,0.2,uncorrelated,6,1,1,FEASIBLE,True,0.02899479866027832,11,14,0.02899479866027832
2-40-2-uncorr-7.txt,2,40,0.2,uncorrelated,7,1,1,FEASIBLE,True,0.02699875831604004,11,14,0.02699875831604004
2-40-2-uncorr-8.txt,2,40,0.2,uncorrelated,8,1,1,FEASIBLE,True,0.030004501342773438,13,16,0.030004501342773438
2-40-2-uncorr-9.txt,2,40,0.2,uncorrelated,9,1,1,FEASIBLE,True,0.026275157928466797,11,14,0.026275157928466797
2-40-2-weakcorr-0.txt,2,40,0.2,weakly_correlated,0,1,1,FEASIBLE,True,0.03571677207946777,15,18,0.03571677207946777
2-40-2-weakcorr-1.txt,2,40,0.2,weakly_correlated,1,1,1,FEASIBLE,True,0.04352974891662598,15,18,0.04352974891662598
2-40-2-weakcorr-2.txt,2,40,0.2,weakly_correlated,2,1,1,FEASIBLE,True,0.03099656105041504,13,16,0.03099656105041504
2-40-2-weakcorr-3.txt,2,40,0.2,weakly_correlated,3,1,1,FEASIBLE,True,0.04000210762023926,15,18,0.04000210762023926
2-40-2-weakcorr-4.txt,2,40,0.2,weakly_correlated,4,1,1,FEASIBLE,True,0.07952404022216797,21,26,0.07952404022216797
2-40-2-weakcorr-5.txt,2,40,0.2,weakly_correlated,5,1,1,FEASIBLE,True,0.026996135711669922,11,14,0.026996135711669922
2-40-2-weakcorr-6.txt,2,40,0.2,weakly_correlated,6,1,1,FEASIBLE,True,0.02351212501525879,10,12,0.02351212501525879
2-40-2-weakcorr-7.txt,2,40,0.2,weakly_correlated,7,1,1,FEASIBLE,True,0.03900003433227539,16,20,0.03900003433227539
2-40-2-weakcorr-8.txt,2,40,0.2,weakly_correlated,8,1,1,FEASIBLE,True,0.07255268096923828,22,26,0.07155251502990723
2-40-2-weakcorr-9.txt,2,40,0.2,weakly_correlated,9,1,1,FEASIBLE,True,0.02599644660949707,11,14,0.02599644660949707
2-40-5-strongcorr-0.txt,2,40,0.5,strongly_correlated,0,1,1,FEASIBLE,True,0.0955204963684082,33,38,0.09452033042907715
2-40-5-strongcorr-1.txt,2,40,0.5,strongly_correlated,1,1,1,FEASIBLE,True,0.15304279327392578,41,52,0.15304279327392578
2-40-5-strongcorr-2.txt,2,40,0.5,strongly_correlated,2,1,1,FEASIBLE,True,0.03173351287841797,14,16,0.03173351287841797
2-40-5-strongcorr-3.txt,2,40,0.5,strongly_correlated,3,1,1,FEASIBLE,True,0.05600786209106445,23,26,0.0550074577331543
2-40-5-strongcorr-4.txt,2,40,0.5,strongly_correlated,4,1,1,FEASIBLE,True,0.14103221893310547,44,52,0.14103221893310547
2-40-5-strongcorr-5.txt,2,40,0.5,strongly_correlated,5,1,1,FEASIBLE,True,0.15183377265930176,49,58,0.15183377265930176
2-40-5-strongcorr-6.txt,2,40,0.5,strongly_correlated,6,1,1,FEASIBLE,True,0.044516801834106445,19,22,0.044516801834106445
2-40-5-strongcorr-7.txt,2,40,0.5,strongly_correlated,7,1,1,FEASIBLE,True,0.05586123466491699,22,24,0.05586123466491699
2-40-5-strongcorr-8.txt,2,40,0.5,strongly_correlated,8,1,1,FEASIBLE,True,0.12853527069091797,37,46,0.12853527069091797
2-40-5-strongcorr-9.txt,2,40,0.5,strongly_correlated,9,1,1,FEASIBLE,True,0.7580444812774658,151,180,0.7580444812774658
2-40-5-uncorr-0.txt,2,40,0.5,uncorrelated,0,1,1,FEASIBLE,True,0.03161120414733887,14,16,0.03161120414733887
2-40-5-uncorr-1.txt,2,40,0.5,uncorrelated,1,1,1,FEASIBLE,True,0.03000044822692871,13,16,0.03000044822692871
2-40-5-uncorr-2.txt,2,40,0.5,uncorrelated,2,1,1,FEASIBLE,True,0.02999734878540039,13,16,0.02999734878540039
2-40-5-uncorr-3.txt,2,40,0.5,uncorrelated,3,1,1,FEASIBLE,True,0.033516883850097656,15,18,0.033516883850097656
2-40-5-uncorr-4.txt,2,40,0.5,uncorrelated,4,1,1,FEASIBLE,True,0.03000020980834961,14,16,0.03000020980834961
2-40-5-uncorr-5.txt,2,40,0.5,uncorrelated,5,1,1,FEASIBLE,True,0.029996633529663086,13,16,0.029996633529663086
2-40-5-uncorr-6.txt,2,40,0.5,uncorrelated,6,1,1,FEASIBLE,True,0.030513525009155273,13,16,0.030513525009155273
2-40-5-uncorr-7.txt,2,40,0.5,uncorrelated,7,1,1,FEASIBLE,True,0.03500032424926758,15,18,0.034000396728515625
2-40-5-uncorr-8.txt,2,40,0.5,uncorrelated,8,1,1,FEASIBLE,True,0.029999256134033203,14,16,0.029999256134033203
2-40-5-uncorr-9.txt,2,40,0.5,uncorrelated,9,1,1,FEASIBLE,True,0.030513286590576172,14,16,0.030513286590576172
2-40-5-weakcorr-0.txt,2,40,0.5,weakly_correlated,0,1,1,FEASIBLE,True,0.031996965408325195,14,16,0.031996965408325195
2-40-5-weakcorr-1.txt,2,40,0.5,weakly_correlated,1,1,1,FEASIBLE,True,0.07667756080627441,26,30,0.07667756080627441
2-40-5-weakcorr-2.txt,2,40,0.5,weakly_correlated,2,1,1,FEASIBLE,True,0.03199648857116699,14,16,0.03199648857116699
2-40-5-weakcorr-3.txt,2,40,0.5,weakly_correlated,3,1,1,FEASIBLE,True,0.04051566123962402,17,20,0.04051566123962402
2-40-5-weakcorr-4.txt,2,40,0.5,weakly_correlated,4,1,1,FEASIBLE,True,0.031999826431274414,14,16,0.031999826431274414
2-40-5-weakcorr-5.txt,2,40,0.5,weakly_correlated,5,1,1,FEASIBLE,True,0.04500246047973633,19,22,0.04400181770324707
2-40-5-weakcorr-6.txt,2,40,0.5,weakly_correlated,6,1,1,FEASIBLE,True,0.03262662887573242,14,16,0.03262662887573242
2-40-5-weakcorr-7.txt,2,40,0.5,weakly_correlated,7,1,1,FEASIBLE,True,0.07406973838806152,21,24,0.07406973838806152
2-40-5-weakcorr-8.txt,2,40,0.5,weakly_correlated,8,1,1,FEASIBLE,True,0.03551745414733887,15,18,0.03551745414733887
2-40-5-weakcorr-9.txt,2,40,0.5,weakly_correlated,9,1,1,FEASIBLE,True,0.041010141372680664,15,18,0.041010141372680664
2-5-2-strongcorr-0.txt,2,5,0.2,strongly_correlated,0,1,1,FEASIBLE,True,0.02000904083251953,10,12,0.02000904083251953
2-5-2-strongcorr-1.txt,2,5,0.2,strongly_correlated,1,1,1,FEASIBLE,True,0.020516633987426758,10,12,0.019515514373779297
2-5-2-strongcorr-2.txt,2,5,0.2,strongly_correlated,2,1,1,FEASIBLE,True,0.019998788833618164,10,12,0.019998788833618164
2-5-2-strongcorr-3.txt,2,5,0.2,strongly_correlated,3,1,1,FEASIBLE,True,0.018999099731445312,10,12,0.018999099731445312
2-5-2-strongcorr-4.txt,2,5,0.2,strongly_correlated,4,1,1,FEASIBLE,True,0.02499985694885254,12,16,0.02499985694885254
2-5-2-strongcorr-5.txt,2,5,0.2,strongly_correlated,5,1,1,FEASIBLE,True,0.019559144973754883,10,12,0.019559144973754883
2-5-2-strongcorr-6.txt,2,5,0.2,strongly_correlated,6,1,1,FEASIBLE,True,0.026000261306762695,12,16,0.026000261306762695
2-5-2-strongcorr-7.txt,2,5,0.2,strongly_correlated,7,1,1,FEASIBLE,True,0.02589583396911621,11,16,0.02589583396911621
2-5-2-strongcorr-8.txt,2,5,0.2,strongly_correlated,8,1,1,FEASIBLE,True,0.003999948501586914,0,2,0.003999948501586914
2-5-2-strongcorr-9.txt,2,5,0.2,strongly_correlated,9,1,1,FEASIBLE,True,0.020998716354370117,10,12,0.020998716354370117
2-5-2-uncorr-0.txt,2,5,0.2,uncorrelated,0,1,1,FEASIBLE,True,0.023523569107055664,11,14,0.023523569107055664
2-5-2-uncorr-1.txt,2,5,0.2,uncorrelated,1,1,1,FEASIBLE,True,0.004004955291748047,0,2,0.004004955291748047
2-5-2-uncorr-2.txt,2,5,0.2,uncorrelated,2,1,1,FEASIBLE,True,0.019001007080078125,10,12,0.019001007080078125
2-5-2-uncorr-3.txt,2,5,0.2,uncorrelated,3,1,1,FEASIBLE,True,0.019084692001342773,6,12,0.019084692001342773
2-5-2-uncorr-4.txt,2,5,0.2,uncorrelated,4,1,1,FEASIBLE,True,0.01996922492980957,10,12,0.01996922492980957
2-5-2-uncorr-5.txt,2,5,0.2,uncorrelated,5,1,1,FEASIBLE,True,0.019526004791259766,9,12,0.019526004791259766
2-5-2-uncorr-6.txt,2,5,0.2,uncorrelated,6,1,1,FEASIBLE,True,0.026187658309936523,12,16,0.026187658309936523
2-5-2-uncorr-7.txt,2,5,0.2,uncorrelated,7,1,1,FEASIBLE,True,0.019998788833618164,6,12,0.019998788833618164
2-5-2-uncorr-8.txt,2,5,0.2,uncorrelated,8,1,1,FEASIBLE,True,0.020000696182250977,10,12,0.020000696182250977
2-5-2-uncorr-9.txt,2,5,0.2,uncorrelated,9,1,1,FEASIBLE,True,0.016999244689941406,8,10,0.016999244689941406
2-5-2-weakcorr-0.txt,2,5,0.2,weakly_correlated,0,1,1,FEASIBLE,True,0.023623228073120117,6,14,0.023623228073120117
2-5-2-weakcorr-1.txt,2,5,0.2,weakly_correlated,1,1,1,FEASIBLE,True,0.020000457763671875,6,12,0.020000457763671875
2-5-2-weakcorr-2.txt,2,5,0.2,weakly_correlated,2,1,1,FEASIBLE,True,0.022997379302978516,11,14,0.022997379302978516
2-5-2-weakcorr-3.txt,2,5,0.2,weakly_correlated,3,1,1,FEASIBLE,True,0.02299785614013672,11,14,0.02299785614013672
2-5-2-weakcorr-4.txt,2,5,0.2,weakly_correlated,4,1,1,FEASIBLE,True,0.02300572395324707,10,14,0.02300572395324707
2-5-2-weakcorr-5.txt,2,5,0.2,weakly_correlated,5,1,1,FEASIBLE,True,0.02351999282836914,11,14,0.02351999282836914
2-5-2-weakcorr-6.txt,2,5,0.2,weakly_correlated,6,1,1,FEASIBLE,True,0.023002147674560547,10,14,0.023002147674560547
2-5-2-weakcorr-7.txt,2,5,0.2,weakly_correlated,7,1,1,FEASIBLE,True,0.01999974250793457,10,12,0.01999974250793457
2-5-2-weakcorr-8.txt,2,5,0.2,weakly_correlated,8,1,1,FEASIBLE,True,0.024013519287109375,11,14,0.024013519287109375
2-5-2-weakcorr-9.txt,2,5,0.2,weakly_correlated,9,1,1,FEASIBLE,True,0.022516965866088867,11,14,0.022516965866088867
2-5-5-strongcorr-0.txt,2,5,0.5,strongly_correlated,0,1,1,FEASIBLE,True,0.019999027252197266,9,12,0.019999027252197266
2-5-5-strongcorr-1.txt,2,5,0.5,strongly_correlated,1,1,1,FEASIBLE,True,0.019999980926513672,10,12,0.019999980926513672
2-5-5-strongcorr-2.txt,2,5,0.5,strongly_correlated,2,1,1,FEASIBLE,True,0.025001049041748047,12,16,0.025001049041748047
2-5-5-strongcorr-3.txt,2,5,0.5,strongly_correlated,3,1,1,FEASIBLE,True,0.019006967544555664,10,12,0.019006967544555664
2-5-5-strongcorr-4.txt,2,5,0.5,strongly_correlated,4,1,1,FEASIBLE,True,0.020521879196166992,6,12,0.020521879196166992
2-5-5-strongcorr-5.txt,2,5,0.5,strongly_correlated,5,1,1,FEASIBLE,True,0.019999980926513672,10,12,0.019999980926513672
2-5-5-strongcorr-6.txt,2,5,0.5,strongly_correlated,6,1,1,FEASIBLE,True,0.019999980926513672,6,12,0.019999980926513672
2-5-5-strongcorr-7.txt,2,5,0.5,strongly_correlated,7,1,1,FEASIBLE,True,0.01999974250793457,5,12,0.01999974250793457
2-5-5-strongcorr-8.txt,2,5,0.5,strongly_correlated,8,1,1,FEASIBLE,True,0.020008087158203125,6,12,0.020008087158203125
2-5-5-strongcorr-9.txt,2,5,0.5,strongly_correlated,9,1,1,FEASIBLE,True,0.02013087272644043,10,12,0.02013087272644043
2-5-5-uncorr-0.txt,2,5,0.5,uncorrelated,0,1,1,FEASIBLE,True,0.019156694412231445,5,12,0.019156694412231445
2-5-5-uncorr-1.txt,2,5,0.5,uncorrelated,1,1,1,FEASIBLE,True,0.0189969539642334,10,12,0.0189969539642334
2-5-5-uncorr-2.txt,2,5,0.5,uncorrelated,2,1,1,FEASIBLE,True,0.02599954605102539,12,16,0.02599954605102539
2-5-5-uncorr-3.txt,2,5,0.5,uncorrelated,3,1,1,FEASIBLE,True,0.02252364158630371,10,14,0.02252364158630371
2-5-5-uncorr-4.txt,2,5,0.5,uncorrelated,4,1,1,FEASIBLE,True,0.020049095153808594,10,12,0.020049095153808594
2-5-5-uncorr-5.txt,2,5,0.5,uncorrelated,5,1,1,FEASIBLE,True,0.02001047134399414,10,12,0.02001047134399414
2-5-5-uncorr-6.txt,2,5,0.5,uncorrelated,6,1,1,FEASIBLE,True,0.01999974250793457,10,12,0.01999974250793457
2-5-5-uncorr-7.txt,2,5,0.5,uncorrelated,7,1,1,FEASIBLE,True,0.020008563995361328,5,12,0.020008563995361328
2-5-5-uncorr-8.txt,2,5,0.5,uncorrelated,8,1,1,FEASIBLE,True,0.01951885223388672,10,12,0.01951885223388672
2-5-5-uncorr-9.txt,2,5,0.5,uncorrelated,9,1,1,FEASIBLE,True,0.018999338150024414,10,12,0.018999338150024414
2-5-5-weakcorr-0.txt,2,5,0.5,weakly_correlated,0,1,1,FEASIBLE,True,0.019066333770751953,10,12,0.019066333770751953
2-5-5-weakcorr-1.txt,2,5,0.5,weakly_correlated,1,1,1,FEASIBLE,True,0.02300262451171875,12,14,0.02300262451171875
2-5-5-weakcorr-2.txt,2,5,0.5,weakly_correlated,2,1,1,FEASIBLE,True,0.020004987716674805,9,12,0.020004987716674805
2-5-5-weakcorr-3.txt,2,5,0.5,weakly_correlated,3,1,1,FEASIBLE,True,0.023029804229736328,11,14,0.023029804229736328
2-5-5-weakcorr-4.txt,2,5,0.5,weakly_correlated,4,1,1,FEASIBLE,True,0.01976180076599121,10,12,0.01976180076599121
2-5-5-weakcorr-5.txt,2,5,0.5,weakly_correlated,5,1,1,FEASIBLE,True,0.018999576568603516,10,12,0.018999576568603516
2-5-5-weakcorr-6.txt,2,5,0.5,weakly_correlated,6,1,1,FEASIBLE,True,0.01900005340576172,5,12,0.01900005340576172
2-5-5-weakcorr-7.txt,2,5,0.5,weakly_correlated,7,1,1,FEASIBLE,True,0.01900768280029297,6,12,0.01900768280029297
2-5-5-weakcorr-8.txt,2,5,0.5,weakly_correlated,8,1,1,FEASIBLE,True,0.022515296936035156,6,14,0.022515296936035156
2-5-5-weakcorr-9.txt,2,5,0.5,weakly_correlated,9,1,1,FEASIBLE,True,0.019000530242919922,10,12,0.019000530242919922
2-50-2-strongcorr-0.txt,2,50,0.2,strongly_correlated,0,1,1,FEASIBLE,True,0.059523820877075195,20,24,0.059523820877075195
2-50-2-strongcorr-1.txt,2,50,0.2,strongly_correlated,1,1,1,FEASIBLE,True,0.03499460220336914,13,16,0.03499460220336914
2-50-2-strongcorr-2.txt,2,50,0.2,strongly_correlated,2,1,1,FEASIBLE,True,0.05100536346435547,21,24,0.05100536346435547
2-50-2-strongcorr-3.txt,2,50,0.2,strongly_correlated,3,1,1,FEASIBLE,True,0.05351591110229492,18,22,0.05351591110229492
2-50-2-strongcorr-4.txt,2,50,0.2,strongly_correlated,4,1,1,FEASIBLE,True,0.03200030326843262,13,16,0.03200030326843262
2-50-2-strongcorr-5.txt,2,50,0.2,strongly_correlated,5,1,1,FEASIBLE,True,0.03693103790283203,12,14,0.03693103790283203
2-50-2-strongcorr-6.txt,2,50,0.2,strongly_correlated,6,1,1,FEASIBLE,True,0.04699277877807617,18,20,0.04599285125732422
2-50-2-strongcorr-7.txt,2,50,0.2,strongly_correlated,7,1,1,FEASIBLE,True,0.03752470016479492,13,16,0.03752470016479492
2-50-2-strongcorr-8.txt,2,50,0.2,strongly_correlated,8,1,1,FEASIBLE,True,0.09752058982849121,25,32,0.09752058982849121
2-50-2-strongcorr-9.txt,2,50,0.2,strongly_correlated,9,1,1,FEASIBLE,True,0.13724374771118164,33,42,0.13724374771118164
2-50-2-uncorr-0.txt,2,50,0.2,uncorrelated,0,1,1,FEASIBLE,True,0.03199958801269531,14,16,0.03199958801269531
2-50-2-uncorr-1.txt,2,50,0.2,uncorrelated,1,1,1,FEASIBLE,True,0.05251812934875488,20,24,0.05251812934875488
2-50-2-uncorr-2.txt,2,50,0.2,uncorrelated,2,1,1,FEASIBLE,True,0.032999515533447266,14,16,0.032999515533447266
2-50-2-uncorr-3.txt,2,50,0.2,uncorrelated,3,1,1,FEASIBLE,True,0.03452491760253906,15,18,0.03452491760253906
2-50-2-uncorr-4.txt,2,50,0.2,uncorrelated,4,1,1,FEASIBLE,True,0.033126115798950195,13,16,0.033126115798950195
2-50-2-uncorr-5.txt,2,50,0.2,uncorrelated,5,1,1,FEASIBLE,True,0.03414773941040039,14,18,0.03414773941040039
2-50-2-uncorr-6.txt,2,50,0.2,uncorrelated,6,1,1,FEASIBLE,True,0.04441213607788086,18,22,0.04441213607788086
2-50-2-uncorr-7.txt,2,50,0.2,uncorrelated,7,1,1,FEASIBLE,True,0.03500008583068848,15,18,0.03500008583068848
2-50-2-uncorr-8.txt,2,50,0.2,uncorrelated,8,1,1,FEASIBLE,True,0.031006813049316406,14,16,0.031006813049316406
2-50-2-uncorr-9.txt,2,50,0.2,uncorrelated,9,1,1,FEASIBLE,True,0.03151440620422363,14,16,0.03151440620422363
2-50-2-weakcorr-0.txt,2,50,0.2,weakly_correlated,0,1,1,FEASIBLE,True,0.03200030326843262,13,16,0.03200030326843262
2-50-2-weakcorr-1.txt,2,50,0.2,weakly_correlated,1,1,1,FEASIBLE,True,0.13929438591003418,29,34,0.13929438591003418
2-50-2-weakcorr-2.txt,2,50,0.2,weakly_correlated,2,1,1,FEASIBLE,True,0.03799271583557129,12,14,0.03799271583557129
2-50-2-weakcorr-3.txt,2,50,0.2,weakly_correlated,3,1,1,FEASIBLE,True,0.028747081756591797,12,14,0.028747081756591797
2-50-2-weakcorr-4.txt,2,50,0.2,weakly_correlated,4,1,1,FEASIBLE,True,0.031514644622802734,14,16,0.031514644622802734
2-50-2-weakcorr-5.txt,2,50,0.2,weakly_correlated,5,1,1,FEASIBLE,True,0.03699851036071777,15,18,0.03699851036071777
2-50-2-weakcorr-6.txt,2,50,0.2,weakly_correlated,6,1,1,FEASIBLE,True,0.07851862907409668,19,22,0.07851862907409668
2-50-2-weakcorr-7.txt,2,50,0.2,weakly_correlated,7,1,1,FEASIBLE,True,0.0390012264251709,15,20,0.0390012264251709
2-50-2-weakcorr-8.txt,2,50,0.2,weakly_correlated,8,1,1,FEASIBLE,True,0.031508684158325195,14,16,0.031508684158325195
2-50-2-weakcorr-9.txt,2,50,0.2,weakly_correlated,9,1,1,FEASIBLE,True,0.031000852584838867,13,16,0.031000852584838867
2-50-5-strongcorr-0.txt,2,50,0.5,strongly_correlated,0,1,1,FEASIBLE,True,0.09203195571899414,27,34,0.09203195571899414
2-50-5-strongcorr-1.txt,2,50,0.5,strongly_correlated,1,1,1,FEASIBLE,True,0.12052583694458008,38,44,0.12052583694458008
2-50-5-strongcorr-2.txt,2,50,0.5,strongly_correlated,2,1,1,FEASIBLE,True,0.04213428497314453,17,20,0.04213428497314453
2-50-5-strongcorr-3.txt,2,50,0.5,strongly_correlated,3,1,1,FEASIBLE,True,0.043689727783203125,16,20,0.043689727783203125
2-50-5-strongcorr-4.txt,2,50,0.5,strongly_correlated,4,1,1,FEASIBLE,True,0.1275012493133545,33,44,0.1275012493133545
2-50-5-strongcorr-5.txt,2,50,0.5,strongly_correlated,5,1,1,FEASIBLE,True,0.13202548027038574,37,46,0.13202548027038574
2-50-5-strongcorr-6.txt,2,50,0.5,strongly_correlated,6,1,1,FEASIBLE,True,0.06799936294555664,24,28,0.06799936294555664
2-50-5-strongcorr-7.txt,2,50,0.5,strongly_correlated,7,1,1,FEASIBLE,True,0.048690080642700195,19,22,0.048690080642700195
2-50-5-strongcorr-8.txt,2,50,0.5,strongly_correlated,8,1,1,FEASIBLE,True,0.05900406837463379,22,26,0.05900406837463379
2-50-5-strongcorr-9.txt,2,50,0.5,strongly_correlated,9,1,1,FEASIBLE,True,0.23554611206054688,62,84,0.23554611206054688
2-50-5-uncorr-0.txt,2,50,0.5,uncorrelated,0,1,1,FEASIBLE,True,0.039122819900512695,16,20,0.039122819900512695
2-50-5-uncorr-1.txt,2,50,0.5,uncorrelated,1,1,1,FEASIBLE,True,0.03200817108154297,13,16,0.03200817108154297
2-50-5-uncorr-2.txt,2,50,0.5,uncorrelated,2,1,1,FEASIBLE,True,0.04403376579284668,17,22,0.04403376579284668
2-50-5-uncorr-3.txt,2,50,0.5,uncorrelated,3,1,1,FEASIBLE,True,0.031996726989746094,14,16,0.031996726989746094
2-50-5-uncorr-4.txt,2,50,0.5,uncorrelated,4,1,1,FEASIBLE,True,0.031520843505859375,14,16,0.030520915985107422
2-50-5-uncorr-5.txt,2,50,0.5,uncorrelated,5,1,1,FEASIBLE,True,0.04399466514587402,17,22,0.04399466514587402
2-50-5-uncorr-6.txt,2,50,0.5,uncorrelated,6,1,1,FEASIBLE,True,0.03600645065307617,16,18,0.03500652313232422
2-50-5-uncorr-7.txt,2,50,0.5,uncorrelated,7,1,1,FEASIBLE,True,0.10274386405944824,34,46,0.10274386405944824
2-50-5-uncorr-8.txt,2,50,0.5,uncorrelated,8,1,1,FEASIBLE,True,0.032000064849853516,13,16,0.032000064849853516
2-50-5-uncorr-9.txt,2,50,0.5,uncorrelated,9,1,1,FEASIBLE,True,0.03099966049194336,13,16,0.03099966049194336
2-50-5-weakcorr-0.txt,2,50,0.5,weakly_correlated,0,1,1,FEASIBLE,True,0.036522865295410156,16,18,0.036522865295410156
2-50-5-weakcorr-1.txt,2,50,0.5,weakly_correlated,1,1,1,FEASIBLE,True,0.1592864990234375,50,58,0.1592864990234375
2-50-5-weakcorr-2.txt,2,50,0.5,weakly_correlated,2,1,1,FEASIBLE,True,0.0355226993560791,16,18,0.0355226993560791
2-50-5-weakcorr-3.txt,2,50,0.5,weakly_correlated,3,1,1,FEASIBLE,True,0.19514989852905273,56,66,0.19514989852905273
2-50-5-weakcorr-4.txt,2,50,0.5,weakly_correlated,4,1,1,FEASIBLE,True,0.05499720573425293,24,26,0.05499720573425293
2-50-5-weakcorr-5.txt,2,50,0.5,weakly_correlated,5,1,1,FEASIBLE,True,0.03200507164001465,14,16,0.03200507164001465
2-50-5-weakcorr-6.txt,2,50,0.5,weakly_correlated,6,1,1,FEASIBLE,True,0.047542572021484375,20,24,0.047542572021484375
2-50-5-weakcorr-7.txt,2,50,0.5,weakly_correlated,7,1,1,FEASIBLE,True,0.09146952629089355,28,34,0.09146952629089355
2-50-5-weakcorr-8.txt,2,50,0.5,weakly_correlated,8,1,1,FEASIBLE,True,0.0550074577331543,17,22,0.0550074577331543
2-50-5-weakcorr-9.txt,2,50,0.5,weakly_correlated,9,1,1,FEASIBLE,True,0.1350398063659668,38,44,0.1350398063659668
3-10-2-strongcorr-0.txt,3,10,0.2,strongly_correlated,0,1,1,FEASIBLE,True,0.03599834442138672,17,21,0.03599834442138672
3-10-2-strongcorr-1.txt,3,10,0.2,strongly_correlated,1,1,1,FEASIBLE,True,0.03199887275695801,15,18,0.03199887275695801
3-10-2-strongcorr-2.txt,3,10,0.2,strongly_correlated,2,1,1,FEASIBLE,True,0.031493425369262695,7,18,0.031493425369262695
3-10-2-strongcorr-3.txt,3,10,0.2,strongly_correlated,3,1,1,FEASIBLE,True,0.03604531288146973,17,21,0.03604531288146973
3-10-2-strongcorr-4.txt,3,10,0.2,strongly_correlated,4,1,1,FEASIBLE,True,0.03752779960632324,17,21,0.03752779960632324
3-10-2-strongcorr-5.txt,3,10,0.2,strongly_correlated,5,1,1,FEASIBLE,True,0.030997037887573242,11,18,0.030997037887573242
3-10-2-strongcorr-6.txt,3,10,0.2,strongly_correlated,6,1,1,FEASIBLE,True,0.030997514724731445,15,18,0.030997514724731445
3-10-2-strongcorr-7.txt,3,10,0.2,strongly_correlated,7,1,1,FEASIBLE,True,0.03552818298339844,16,21,0.03552818298339844
3-10-2-strongcorr-8.txt,3,10,0.2,strongly_correlated,8,1,1,FEASIBLE,True,0.05099821090698242,21,30,0.05099821090698242
3-10-2-strongcorr-9.txt,3,10,0.2,strongly_correlated,9,1,1,FEASIBLE,True,0.035007476806640625,17,21,0.035007476806640625
3-10-2-uncorr-0.txt,3,10,0.2,uncorrelated,0,1,1,FEASIBLE,True,0.030369043350219727,7,18,0.030369043350219727
3-10-2-uncorr-1.txt,3,10,0.2,uncorrelated,1,1,1,FEASIBLE,True,0.036000967025756836,16,21,0.036000967025756836
3-10-2-uncorr-2.txt,3,10,0.2,uncorrelated,2,1,1,FEASIBLE,True,0.04452157020568848,21,27,0.04452157020568848
3-10-2-uncorr-3.txt,3,10,0.2,uncorrelated,3,1,1,FEASIBLE,True,0.03000164031982422,15,18,0.03000164031982422
3-10-2-uncorr-4.txt,3,10,0.2,uncorrelated,4,1,1,FEASIBLE,True,0.029999971389770508,15,18,0.029999971389770508
3-10-2-uncorr-5.txt,3,10,0.2,uncorrelated,5,1,1,FEASIBLE,True,0.029521703720092773,11,18,0.029521703720092773
3-10-2-uncorr-6.txt,3,10,0.2,uncorrelated,6,1,1,FEASIBLE,True,0.03600025177001953,16,21,0.03600025177001953
3-10-2-uncorr-7.txt,3,10,0.2,uncorrelated,7,1,1,FEASIBLE,True,0.03899979591369629,17,24,0.03899979591369629
3-10-2-uncorr-8.txt,3,10,0.2,uncorrelated,8,1,1,FEASIBLE,True,0.04552793502807617,18,27,0.04552793502807617
3-10-2-uncorr-9.txt,3,10,0.2,uncorrelated,9,1,1,FEASIBLE,True,0.030049562454223633,15,18,0.030049562454223633
3-10-2-weakcorr-0.txt,3,10,0.2,weakly_correlated,0,1,1,FEASIBLE,True,0.045519351959228516,20,27,0.045519351959228516
3-10-2-weakcorr-1.txt,3,10,0.2,weakly_correlated,1,1,1,FEASIBLE,True,0.03000783920288086,11,18,0.03000783920288086
3-10-2-weakcorr-2.txt,3,10,0.2,weakly_correlated,2,1,1,FEASIBLE,True,0.03599977493286133,15,21,0.03599977493286133
3-10-2-weakcorr-3.txt,3,10,0.2,weakly_correlated,3,1,1,FEASIBLE,True,0.03452444076538086,16,21,0.03452444076538086
3-10-2-weakcorr-4.txt,3,10,0.2,weakly_correlated,4,1,1,FEASIBLE,True,0.031000137329101562,15,18,0.031000137329101562
3-10-2-weakcorr-5.txt,3,10,0.2,weakly_correlated,5,1,1,FEASIBLE,True,0.030998945236206055,11,18,0.030998945236206055
3-10-2-weakcorr-6.txt,3,10,0.2,weakly_correlated,6,1,1,FEASIBLE,True,0.0415196418762207,19,24,0.0415196418762207
3-10-2-weakcorr-7.txt,3,10,0.2,weakly_correlated,7,1,1,FEASIBLE,True,0.04200100898742676,18,24,0.04200100898742676
3-10-2-weakcorr-8.txt,3,10,0.2,weakly_correlated,8,1,1,FEASIBLE,True,0.04563713073730469,20,27,0.04563713073730469
3-10-2-weakcorr-9.txt,3,10,0.2,weakly_correlated,9,1,1,FEASIBLE,True,0.03599977493286133,16,21,0.03599977493286133
3-10-5-strongcorr-0.txt,3,10,0.5,strongly_correlated,0,1,1,FEASIBLE,True,0.049007415771484375,24,30,0.049007415771484375
3-10-5-strongcorr-1.txt,3,10,0.5,strongly_correlated,1,1,1,FEASIBLE,True,0.04575777053833008,22,27,0.04575777053833008
3-10-5-strongcorr-2.txt,3,10,0.5,strongly_correlated,2,1,1,FEASIBLE,True,0.04653525352478027,18,24,0.04653525352478027
3-10-5-strongcorr-3.txt,3,10,0.5,strongly_correlated,3,1,1,FEASIBLE,True,0.04929471015930176,23,30,0.04929471015930176
3-10-5-strongcorr-4.txt,3,10,0.5,strongly_correlated,4,1,1,FEASIBLE,True,0.0449986457824707,20,27,0.0449986457824707
3-10-5-strongcorr-5.txt,3,10,0.5,strongly_correlated,5,1,1,FEASIBLE,True,0.053098201751708984,22,30,0.053098201751708984
3-10-5-strongcorr-6.txt,3,10,0.5,strongly_correlated,6,1,1,FEASIBLE,True,0.0696249008178711,31,42,0.0696249008178711
3-10-5-strongcorr-7.txt,3,10,0.5,strongly_correlated,7,1,1,FEASIBLE,True,0.04528474807739258,20,27,0.04528474807739258
3-10-5-strongcorr-8.txt,3,10,0.5,strongly_correlated,8,1,1,FEASIBLE,True,0.05252861976623535,24,30,0.05252861976623535
3-10-5-strongcorr-9.txt,3,10,0.5,strongly_correlated,9,1,1,FEASIBLE,True,0.0509943962097168,19,27,0.0509943962097168
3-10-5-uncorr-0.txt,3,10,0.5,uncorrelated,0,1,1,FEASIBLE,True,0.04152870178222656,18,24,0.04152870178222656
3-10-5-uncorr-1.txt,3,10,0.5,uncorrelated,1,1,1,FEASIBLE,True,0.039999961853027344,20,24,0.039999961853027344
3-10-5-uncorr-2.txt,3,10,0.5,uncorrelated,2,1,1,FEASIBLE,True,0.03500199317932129,16,21,0.03500199317932129
3-10-5-uncorr-3.txt,3,10,0.5,uncorrelated,3,1,1,FEASIBLE,True,0.030735254287719727,15,18,0.030735254287719727
3-10-5-uncorr-4.txt,3,10,0.5,uncorrelated,4,1,1,FEASIBLE,True,0.03484988212585449,17,21,0.03484988212585449
3-10-5-uncorr-5.txt,3,10,0.5,uncorrelated,5,1,1,FEASIBLE,True,0.04913139343261719,22,30,0.04913139343261719
3-10-5-uncorr-6.txt,3,10,0.5,uncorrelated,6,1,1,FEASIBLE,True,0.039525508880615234,17,24,0.039525508880615234
3-10-5-uncorr-7.txt,3,10,0.5,uncorrelated,7,1,1,FEASIBLE,True,0.02899622917175293,15,18,0.02899622917175293
3-10-5-uncorr-8.txt,3,10,0.5,uncorrelated,8,1,1,FEASIBLE,True,0.03952670097351074,17,24,0.03952670097351074
3-10-5-uncorr-9.txt,3,10,0.5,uncorrelated,9,1,1,FEASIBLE,True,0.03399944305419922,17,21,0.03399944305419922
3-10-5-weakcorr-0.txt,3,10,0.5,weakly_correlated,0,1,1,FEASIBLE,True,0.0370023250579834,18,21,0.0370023250579834
3-10-5-weakcorr-1.txt,3,10,0.5,weakly_correlated,1,1,1,FEASIBLE,True,0.0335233211517334,16,21,0.0335233211517334
3-10-5-weakcorr-2.txt,3,10,0.5,weakly_correlated,2,1,1,FEASIBLE,True,0.0845174789428711,34,51,0.0845174789428711
3-10-5-weakcorr-3.txt,3,10,0.5,weakly_correlated,3,1,1,FEASIBLE,True,0.04899954795837402,21,27,0.04899954795837402
3-10-5-weakcorr-4.txt,3,10,0.5,weakly_correlated,4,1,1,FEASIBLE,True,0.04600954055786133,22,27,0.04500937461853027
3-10-5-weakcorr-5.txt,3,10,0.5,weakly_correlated,5,1,1,FEASIBLE,True,0.09261322021484375,36,54,0.09261322021484375
3-10-5-weakcorr-6.txt,3,10,0.5,weakly_correlated,6,1,1,FEASIBLE,True,0.07364463806152344,25,42,0.07364463806152344
3-10-5-weakcorr-7.txt,3,10,0.5,weakly_correlated,7,1,1,FEASIBLE,True,0.056525230407714844,22,33,0.055527687072753906
3-10-5-weakcorr-8.txt,3,10,0.5,weakly_correlated,8,1,1,FEASIBLE,True,0.04399895668029785,19,27,0.04399895668029785
3-10-5-weakcorr-9.txt,3,10,0.5,weakly_correlated,9,1,1,FEASIBLE,True,0.03452730178833008,17,21,0.03452730178833008
3-15-2-strongcorr-0.txt,3,15,0.2,strongly_correlated,0,1,1,FEASIBLE,True,0.03802061080932617,17,21,0.03802061080932617
3-15-2-strongcorr-1.txt,3,15,0.2,strongly_correlated,1,1,1,FEASIBLE,True,0.05600762367248535,22,30,0.0550074577331543
3-15-2-strongcorr-2.txt,3,15,0.2,strongly_correlated,2,1,1,FEASIBLE,True,0.05552101135253906,25,33,0.05552101135253906
3-15-2-strongcorr-3.txt,3,15,0.2,strongly_correlated,3,1,1,FEASIBLE,True,0.04100656509399414,19,24,0.04100656509399414
3-15-2-strongcorr-4.txt,3,15,0.2,strongly_correlated,4,1,1,FEASIBLE,True,0.04725956916809082,18,24,0.04725956916809082
3-15-2-strongcorr-5.txt,3,15,0.2,strongly_correlated,5,1,1,FEASIBLE,True,0.07852339744567871,22,39,0.07852339744567871
3-15-2-strongcorr-6.txt,3,15,0.2,strongly_correlated,6,1,1,FEASIBLE,True,0.04000067710876465,17,21,0.04000067710876465
3-15-2-strongcorr-7.txt,3,15,0.2,strongly_correlated,7,1,1,FEASIBLE,True,0.03652048110961914,15,18,0.03652048110961914
3-15-2-strongcorr-8.txt,3,15,0.2,strongly_correlated,8,1,1,FEASIBLE,True,0.061089515686035156,23,33,0.061089515686035156
3-15-2-strongcorr-9.txt,3,15,0.2,strongly_correlated,9,1,1,FEASIBLE,True,0.03151440620422363,15,18,0.03151440620422363
3-15-2-uncorr-0.txt,3,15,0.2,uncorrelated,0,1,1,FEASIBLE,True,0.03499722480773926,17,21,0.03499722480773926
3-15-2-uncorr-1.txt,3,15,0.2,uncorrelated,1,1,1,FEASIBLE,True,0.03999662399291992,19,24,0.03899669647216797
3-15-2-uncorr-2.txt,3,15,0.2,uncorrelated,2,1,1,FEASIBLE,True,0.03952193260192871,20,24,0.03952193260192871
3-15-2-uncorr-3.txt,3,15,0.2,uncorrelated,3,1,1,FEASIBLE,True,0.03499746322631836,16,21,0.03499746322631836
3-15-2-uncorr-4.txt,3,15,0.2,uncorrelated,4,1,1,FEASIBLE,True,0.03525424003601074,16,21,0.03525424003601074
3-15-2-uncorr-5.txt,3,15,0.2,uncorrelated,5,1,1,FEASIBLE,True,0.040651559829711914,18,24,0.040651559829711914
3-15-2-uncorr-6.txt,3,15,0.2,uncorrelated,6,1,1,FEASIBLE,True,0.04099845886230469,17,24,0.04099845886230469
3-15-2-uncorr-7.txt,3,15,0.2,uncorrelated,7,1,1,FEASIBLE,True,0.041519880294799805,19,24,0.04051995277404785
3-15-2-uncorr-8.txt,3,15,0.2,uncorrelated,8,1,1,FEASIBLE,True,0.04499983787536621,20,27,0.04499983787536621
3-15-2-uncorr-9.txt,3,15,0.2,uncorrelated,9,1,1,FEASIBLE,True,0.030007600784301758,15,18,0.030007600784301758
3-15-2-weakcorr-0.txt,3,15,0.2,weakly_correlated,0,1,1,FEASIBLE,True,0.04548478126525879,20,24,0.04548478126525879
3-15-2-weakcorr-1.txt,3,15,0.2,weakly_correlated,1,1,1,FEASIBLE,True,0.035048723220825195,18,21,0.035048723220825195
3-15-2-weakcorr-2.txt,3,15,0.2,weakly_correlated,2,1,1,FEASIBLE,True,0.03452467918395996,16,21,0.03452467918395996
3-15-2-weakcorr-3.txt,3,15,0.2,weakly_correlated,3,1,1,FEASIBLE,True,0.059000253677368164,21,30,0.059000253677368164
3-15-2-weakcorr-4.txt,3,15,0.2,weakly_correlated,4,1,1,FEASIBLE,True,0.04152083396911621,19,24,0.040520429611206055
3-15-2-weakcorr-5.txt,3,15,0.2,weakly_correlated,5,1,1,FEASIBLE,True,0.03500103950500488,16,21,0.03500103950500488
3-15-2-weakcorr-6.txt,3,15,0.2,weakly_correlated,6,1,1,FEASIBLE,True,0.035004377365112305,17,21,0.035004377365112305
3-15-2-weakcorr-7.txt,3,15,0.2,weakly_correlated,7,1,1,FEASIBLE,True,0.03434443473815918,16,21,0.03434443473815918
3-15-2-weakcorr-8.txt,3,15,0.2,weakly_correlated,8,1,1,FEASIBLE,True,0.03599953651428223,17,21,0.03599953651428223
3-15-2-weakcorr-9.txt,3,15,0.2,weakly_correlated,9,1,1,FEASIBLE,True,0.033004045486450195,15,18,0.033004045486450195
3-15-5-strongcorr-0.txt,3,15,0.5,strongly_correlated,0,1,1,FEASIBLE,True,0.03551793098449707,17,21,0.03551793098449707
3-15-5-strongcorr-1.txt,3,15,0.5,strongly_correlated,1,1,1,FEASIBLE,True,0.05200910568237305,21,27,0.051009416580200195
3-15-5-strongcorr-2.txt,3,15,0.5,strongly_correlated,2,1,1,FEASIBLE,True,0.03951549530029297,20,24,0.03951549530029297
3-15-5-strongcorr-3.txt,3,15,0.5,strongly_correlated,3,1,1,FEASIBLE,True,0.06200432777404785,27,36,0.06200432777404785
3-15-5-strongcorr-4.txt,3,15,0.5,strongly_correlated,4,1,1,FEASIBLE,True,0.04951643943786621,23,30,0.04951643943786621
3-15-5-strongcorr-5.txt,3,15,0.5,strongly_correlated,5,1,1,FEASIBLE,True,0.03800034523010254,18,21,0.03800034523010254
3-15-5-strongcorr-6.txt,3,15,0.5,strongly_correlated,6,1,1,FEASIBLE,True,0.08053469657897949,26,39,0.08053469657897949
3-15-5-strongcorr-7.txt,3,15,0.5,strongly_correlated,7,1,1,FEASIBLE,True,0.06452202796936035,26,33,0.06452202796936035
3-15-5-strongcorr-8.txt,3,15,0.5,strongly_correlated,8,1,1,FEASIBLE,True,0.059992313385009766,29,36,0.059992313385009766
3-15-5-strongcorr-9.txt,3,15,0.5,strongly_correlated,9,1,1,FEASIBLE,True,0.039470672607421875,21,24,0.039470672607421875
3-15-5-uncorr-0.txt,3,15,0.5,uncorrelated,0,1,1,FEASIBLE,True,0.04499626159667969,21,27,0.04499626159667969
3-15-5-uncorr-1.txt,3,15,0.5,uncorrelated,1,1,1,FEASIBLE,True,0.034520864486694336,18,21,0.034520864486694336
3-15-5-uncorr-2.txt,3,15,0.5,uncorrelated,2,1,1,FEASIBLE,True,0.04499554634094238,20,27,0.04499554634094238
3-15-5-uncorr-3.txt,3,15,0.5,uncorrelated,3,1,1,FEASIBLE,True,0.04701709747314453,22,27,0.04701709747314453
3-15-5-uncorr-4.txt,3,15,0.5,uncorrelated,4,1,1,FEASIBLE,True,0.035999298095703125,17,21,0.035999298095703125
3-15-5-uncorr-5.txt,3,15,0.5,uncorrelated,5,1,1,FEASIBLE,True,0.03649640083312988,18,21,0.03649640083312988
3-15-5-uncorr-6.txt,3,15,0.5,uncorrelated,6,1,1,FEASIBLE,True,0.05751538276672363,22,33,0.05751538276672363
3-15-5-uncorr-7.txt,3,15,0.5,uncorrelated,7,1,1,FEASIBLE,True,0.05100846290588379,23,30,0.05100846290588379
3-15-5-uncorr-8.txt,3,15,0.5,uncorrelated,8,1,1,FEASIBLE,True,0.03578591346740723,16,21,0.03578591346740723
3-15-5-uncorr-9.txt,3,15,0.5,uncorrelated,9,1,1,FEASIBLE,True,0.031996726989746094,15,18,0.031996726989746094
3-15-5-weakcorr-0.txt,3,15,0.5,weakly_correlated,0,1,1,FEASIBLE,True,0.04152488708496094,21,24,0.04152488708496094
3-15-5-weakcorr-1.txt,3,15,0.5,weakly_correlated,1,1,1,FEASIBLE,True,0.0579988956451416,24,30,0.0579988956451416
3-15-5-weakcorr-2.txt,3,15,0.5,weakly_correlated,2,1,1,FEASIBLE,True,0.057524681091308594,22,30,0.057524681091308594
3-15-5-weakcorr-3.txt,3,15,0.5,weakly_correlated,3,1,1,FEASIBLE,True,0.04099631309509277,19,24,0.04099631309509277
3-15-5-weakcorr-4.txt,3,15,0.5,weakly_correlated,4,1,1,FEASIBLE,True,0.0615239143371582,25,30,0.06052398681640625
3-15-5-weakcorr-5.txt,3,15,0.5,weakly_correlated,5,1,1,FEASIBLE,True,0.049996376037597656,22,30,0.0489962100982666
3-15-5-weakcorr-6.txt,3,15,0.5,weakly_correlated,6,1,1,FEASIBLE,True,0.051522254943847656,20,27,0.051522254943847656
3-15-5-weakcorr-7.txt,3,15,0.5,weakly_correlated,7,1,1,FEASIBLE,True,0.05732917785644531,27,33,0.05632925033569336
3-15-5-weakcorr-8.txt,3,15,0.5,weakly_correlated,8,1,1,FEASIBLE,True,0.07751202583312988,32,42,0.07751202583312988
3-15-5-weakcorr-9.txt,3,15,0.5,weakly_correlated,9,1,1,FEASIBLE,True,0.0395200252532959,20,24,0.0395200252532959
3-20-2-strongcorr-0.txt,3,20,0.2,strongly_correlated,0,1,1,FEASIBLE,True,0.07490968704223633,26,36,0.07390952110290527
3-20-2-strongcorr-1.txt,3,20,0.2,strongly_correlated,1,1,1,FEASIBLE,True,0.09152960777282715,29,36,0.09152960777282715
3-20-2-strongcorr-2.txt,3,20,0.2,strongly_correlated,2,1,1,FEASIBLE,True,0.04952287673950195,22,27,0.04952287673950195
3-20-2-strongcorr-3.txt,3,20,0.2,strongly_correlated,3,1,1,FEASIBLE,True,0.052074432373046875,18,24,0.052074432373046875
3-20-2-strongcorr-4.txt,3,20,0.2,strongly_correlated,4,1,1,FEASIBLE,True,0.04251241683959961,20,24,0.04251241683959961
3-20-2-strongcorr-5.txt,3,20,0.2,strongly_correlated,5,1,1,FEASIBLE,True,0.06706380844116211,28,36,0.06706380844116211
3-20-2-strongcorr-6.txt,3,20,0.2,strongly_correlated,6,1,1,FEASIBLE,True,0.09133124351501465,31,48,0.09133124351501465
3-20-2-strongcorr-7.txt,3,20,0.2,strongly_correlated,7,1,1,FEASIBLE,True,0.04251289367675781,17,21,0.04251289367675781
3-20-2-strongcorr-8.txt,3,20,0.2,strongly_correlated,8,1,1,FEASIBLE,True,0.03600358963012695,18,21,0.03600358963012695
3-20-2-strongcorr-9.txt,3,20,0.2,strongly_correlated,9,1,1,FEASIBLE,True,0.17441415786743164,38,57,0.17441415786743164
3-20-2-uncorr-0.txt,3,20,0.2,uncorrelated,0,1,1,FEASIBLE,True,0.030997276306152344,15,18,0.030997276306152344
3-20-2-uncorr-1.txt,3,20,0.2,uncorrelated,1,1,1,FEASIBLE,True,0.03952193260192871,18,24,0.03952193260192871
3-20-2-uncorr-2.txt,3,20,0.2,uncorrelated,2,1,1,FEASIBLE,True,0.050997018814086914,22,30,0.04999685287475586
3-20-2-uncorr-3.txt,3,20,0.2,uncorrelated,3,1,1,FEASIBLE,True,0.04652595520019531,19,27,0.045525550842285156
3-20-2-uncorr-4.txt,3,20,0.2,uncorrelated,4,1,1,FEASIBLE,True,0.034996747970581055,16,21,0.034996747970581055
3-20-2-uncorr-5.txt,3,20,0.2,uncorrelated,5,1,1,FEASIBLE,True,0.0405125617980957,21,24,0.0405125617980957
3-20-2-uncorr-6.txt,3,20,0.2,uncorrelated,6,1,1,FEASIBLE,True,0.03600001335144043,18,21,0.03600001335144043
3-20-2-uncorr-7.txt,3,20,0.2,uncorrelated,7,1,1,FEASIBLE,True,0.03551316261291504,17,21,0.03551316261291504
3-20-2-uncorr-8.txt,3,20,0.2,uncorrelated,8,1,1,FEASIBLE,True,0.0355219841003418,16,21,0.0355219841003418
3-20-2-uncorr-9.txt,3,20,0.2,uncorrelated,9,1,1,FEASIBLE,True,0.04200029373168945,17,24,0.04200029373168945
3-20-2-weakcorr-0.txt,3,20,0.2,weakly_correlated,0,1,1,FEASIBLE,True,0.04652285575866699,19,24,0.04652285575866699
3-20-2-weakcorr-1.txt,3,20,0.2,weakly_correlated,1,1,1,FEASIBLE,True,0.039995670318603516,18,21,0.039995670318603516
3-20-2-weakcorr-2.txt,3,20,0.2,weakly_correlated,2,1,1,FEASIBLE,True,0.07152009010314941,21,27,0.07152009010314941
3-20-2-weakcorr-3.txt,3,20,0.2,weakly_correlated,3,1,1,FEASIBLE,True,0.0599970817565918,21,27,0.0599970817565918
3-20-2-weakcorr-4.txt,3,20,0.2,weakly_correlated,4,1,1,FEASIBLE,True,0.04626965522766113,17,21,0.04626965522766113
3-20-2-weakcorr-5.txt,3,20,0.2,weakly_correlated,5,1,1,FEASIBLE,True,0.037000417709350586,18,21,0.037000417709350586
3-20-2-weakcorr-6.txt,3,20,0.2,weakly_correlated,6,1,1,FEASIBLE,True,0.04656100273132324,16,21,0.04656100273132324
3-20-2-weakcorr-7.txt,3,20,0.2,weakly_correlated,7,1,1,FEASIBLE,True,0.03604292869567871,18,21,0.03604292869567871
3-20-2-weakcorr-8.txt,3,20,0.2,weakly_correlated,8,1,1,FEASIBLE,True,0.07351899147033691,26,36,0.07351899147033691
3-20-2-weakcorr-9.txt,3,20,0.2,weakly_correlated,9,1,1,FEASIBLE,True,0.06200814247131348,22,30,0.06100821495056152
3-20-5-strongcorr-0.txt,3,20,0.5,strongly_correlated,0,1,1,FEASIBLE,True,0.1075282096862793,38,51,0.1075282096862793
3-20-5-strongcorr-1.txt,3,20,0.5,strongly_correlated,1,1,1,FEASIBLE,True,0.045516252517700195,22,27,0.045516252517700195
3-20-5-strongcorr-2.txt,3,20,0.5,strongly_correlated,2,1,1,FEASIBLE,True,0.07204675674438477,33,42,0.07104682922363281
3-20-5-strongcorr-3.txt,3,20,0.5,strongly_correlated,3,1,1,FEASIBLE,True,0.04599785804748535,22,27,0.04599785804748535
3-20-5-strongcorr-4.txt,3,20,0.5,strongly_correlated,4,1,1,FEASIBLE,True,0.09534788131713867,29,36,0.09534788131713867
3-20-5-strongcorr-5.txt,3,20,0.5,strongly_correlated,5,1,1,FEASIBLE,True,0.041521310806274414,21,24,0.041521310806274414
3-20-5-strongcorr-6.txt,3,20,0.5,strongly_correlated,6,1,1,FEASIBLE,True,0.04699850082397461,19,27,0.045998573303222656
3-20-5-strongcorr-7.txt,3,20,0.5,strongly_correlated,7,1,1,FEASIBLE,True,0.04852461814880371,22,27,0.04852461814880371
3-20-5-strongcorr-8.txt,3,20,0.5,strongly_correlated,8,1,1,FEASIBLE,True,0.05099987983703613,21,30,0.05099987983703613
3-20-5-strongcorr-9.txt,3,20,0.5,strongly_correlated,9,1,1,FEASIBLE,True,0.0713493824005127,27,36,0.0713493824005127
3-20-5-uncorr-0.txt,3,20,0.5,uncorrelated,0,1,1,FEASIBLE,True,0.036998748779296875,17,21,0.036998748779296875
3-20-5-uncorr-1.txt,3,20,0.5,uncorrelated,1,1,1,FEASIBLE,True,0.03741192817687988,18,21,0.03741192817687988
3-20-5-uncorr-2.txt,3,20,0.5,uncorrelated,2,1,1,FEASIBLE,True,0.04230928421020508,21,24,0.04230928421020508
3-20-5-uncorr-3.txt,3,20,0.5,uncorrelated,3,1,1,FEASIBLE,True,0.05252242088317871,23,30,0.05252242088317871
3-20-5-uncorr-4.txt,3,20,0.5,uncorrelated,4,1,1,FEASIBLE,True,0.0469968318939209,23,27,0.0469968318939209
3-20-5-uncorr-5.txt,3,20,0.5,uncorrelated,5,1,1,FEASIBLE,True,0.03700447082519531,18,21,0.03700447082519531
3-20-5-uncorr-6.txt,3,20,0.5,uncorrelated,6,1,1,FEASIBLE,True,0.04751992225646973,21,27,0.04751992225646973
3-20-5-uncorr-7.txt,3,20,0.5,uncorrelated,7,1,1,FEASIBLE,True,0.04200291633605957,20,24,0.04200291633605957
3-20-5-uncorr-8.txt,3,20,0.5,uncorrelated,8,1,1,FEASIBLE,True,0.06952166557312012,28,39,0.06852006912231445
3-20-5-uncorr-9.txt,3,20,0.5,uncorrelated,9,1,1,FEASIBLE,True,0.03746676445007324,18,21,0.03746676445007324
3-20-5-weakcorr-0.txt,3,20,0.5,weakly_correlated,0,1,1,FEASIBLE,True,0.07360982894897461,34,39,0.07360982894897461
3-20-5-weakcorr-1.txt,3,20,0.5,weakly_correlated,1,1,1,FEASIBLE,True,0.04852128028869629,19,24,0.04852128028869629
3-20-5-weakcorr-2.txt,3,20,0.5,weakly_correlated,2,1,1,FEASIBLE,True,0.06200003623962402,23,30,0.06200003623962402
3-20-5-weakcorr-3.txt,3,20,0.5,weakly_correlated,3,1,1,FEASIBLE,True,0.03652596473693848,16,21,0.03652596473693848
3-20-5-weakcorr-4.txt,3,20,0.5,weakly_correlated,4,1,1,FEASIBLE,True,0.05230545997619629,23,30,0.05230545997619629
3-20-5-weakcorr-5.txt,3,20,0.5,weakly_correlated,5,1,1,FEASIBLE,True,0.2122344970703125,70,90,0.2122344970703125
3-20-5-weakcorr-6.txt,3,20,0.5,weakly_correlated,6,1,1,FEASIBLE,True,0.046525001525878906,22,27,0.046525001525878906
3-20-5-weakcorr-7.txt,3,20,0.5,weakly_correlated,7,1,1,FEASIBLE,True,0.04599761962890625,21,27,0.04599761962890625
3-20-5-weakcorr-8.txt,3,20,0.5,weakly_correlated,8,1,1,FEASIBLE,True,0.06903958320617676,27,33,0.06903958320617676
3-20-5-weakcorr-9.txt,3,20,0.5,weakly_correlated,9,1,1,FEASIBLE,True,0.08852815628051758,30,39,0.08852815628051758
3-30-2-strongcorr-0.txt,3,30,0.2,strongly_correlated,0,1,1,FEASIBLE,True,0.06453657150268555,24,30,0.06453657150268555
3-30-2-strongcorr-1.txt,3,30,0.2,strongly_correlated,1,1,1,FEASIBLE,True,0.04399991035461426,18,24,0.04399991035461426
3-30-2-strongcorr-2.txt,3,30,0.2,strongly_correlated,2,1,1,FEASIBLE,True,0.09056353569030762,32,42,0.09056353569030762
3-30-2-strongcorr-3.txt,3,30,0.2,strongly_correlated,3,1,1,FEASIBLE,True,0.06652450561523438,21,24,0.06652450561523438
3-30-2-strongcorr-4.txt,3,30,0.2,strongly_correlated,4,1,1,FEASIBLE,True,0.04900336265563965,18,21,0.04900336265563965
3-30-2-strongcorr-5.txt,3,30,0.2,strongly_correlated,5,1,1,FEASIBLE,True,0.053722381591796875,20,24,0.053722381591796875
3-30-2-strongcorr-6.txt,3,30,0.2,strongly_correlated,6,1,1,FEASIBLE,True,0.0700078010559082,22,30,0.0700078010559082
3-30-2-strongcorr-7.txt,3,30,0.2,strongly_correlated,7,1,1,FEASIBLE,True,0.06351733207702637,23,27,0.06351733207702637
3-30-2-strongcorr-8.txt,3,30,0.2,strongly_correlated,8,1,1,FEASIBLE,True,0.044523000717163086,18,24,0.044523000717163086
3-30-2-strongcorr-9.txt,3,30,0.2,strongly_correlated,9,1,1,FEASIBLE,True,0.06299924850463867,23,27,0.06299924850463867
3-30-2-uncorr-0.txt,3,30,0.2,uncorrelated,0,1,1,FEASIBLE,True,0.038535356521606445,16,21,0.038535356521606445
3-30-2-uncorr-1.txt,3,30,0.2,uncorrelated,1,1,1,FEASIBLE,True,0.038520097732543945,16,21,0.038520097732543945
3-30-2-uncorr-2.txt,3,30,0.2,uncorrelated,2,1,1,FEASIBLE,True,0.03864741325378418,16,21,0.03864741325378418
3-30-2-uncorr-3.txt,3,30,0.2,uncorrelated,3,1,1,FEASIBLE,True,0.050426483154296875,22,27,0.050426483154296875
3-30-2-uncorr-4.txt,3,30,0.2,uncorrelated,4,1,1,FEASIBLE,True,0.04205203056335449,19,24,0.04205203056335449
3-30-2-uncorr-5.txt,3,30,0.2,uncorrelated,5,1,1,FEASIBLE,True,0.06127619743347168,24,33,0.06127619743347168
3-30-2-uncorr-6.txt,3,30,0.2,uncorrelated,6,1,1,FEASIBLE,True,0.042008161544799805,19,24,0.042008161544799805
3-30-2-uncorr-7.txt,3,30,0.2,uncorrelated,7,1,1,FEASIBLE,True,0.0325169563293457,15,18,0.0325169563293457
3-30-2-uncorr-8.txt,3,30,0.2,uncorrelated,8,1,1,FEASIBLE,True,0.053998708724975586,24,30,0.053998708724975586
3-30-2-uncorr-9.txt,3,30,0.2,uncorrelated,9,1,1,FEASIBLE,True,0.08651924133300781,30,45,0.08651924133300781
3-30-2-weakcorr-0.txt,3,30,0.2,weakly_correlated,0,1,1,FEASIBLE,True,0.07854771614074707,30,36,0.07854771614074707
3-30-2-weakcorr-1.txt,3,30,0.2,weakly_correlated,1,1,1,FEASIBLE,True,0.05351448059082031,19,27,0.05351448059082031
3-30-2-weakcorr-2.txt,3,30,0.2,weakly_correlated,2,1,1,FEASIBLE,True,0.08312225341796875,21,24,0.08312225341796875
3-30-2-weakcorr-3.txt,3,30,0.2,weakly_correlated,3,1,1,FEASIBLE,True,0.048615455627441406,20,27,0.048615455627441406
3-30-2-weakcorr-4.txt,3,30,0.2,weakly_correlated,4,1,1,FEASIBLE,True,0.06765890121459961,21,24,0.06765890121459961
3-30-2-weakcorr-5.txt,3,30,0.2,weakly_correlated,5,1,1,FEASIBLE,True,0.06310892105102539,17,24,0.062108755111694336
3-30-2-weakcorr-6.txt,3,30,0.2,weakly_correlated,6,1,1,FEASIBLE,True,0.03753042221069336,18,21,0.03753042221069336
3-30-2-weakcorr-7.txt,3,30,0.2,weakly_correlated,7,1,1,FEASIBLE,True,0.03816676139831543,17,21,0.03816676139831543
3-30-2-weakcorr-8.txt,3,30,0.2,weakly_correlated,8,1,1,FEASIBLE,True,0.03300809860229492,15,18,0.03300809860229492
3-30-2-weakcorr-9.txt,3,30,0.2,weakly_correlated,9,1,1,FEASIBLE,True,0.07268857955932617,20,27,0.07268857955932617
3-30-5-strongcorr-0.txt,3,30,0.5,strongly_correlated,0,1,1,FEASIBLE,True,0.055521249771118164,24,30,0.055521249771118164
3-30-5-strongcorr-1.txt,3,30,0.5,strongly_correlated,1,1,1,FEASIBLE,True,0.048999786376953125,23,27,0.048999786376953125
3-30-5-strongcorr-2.txt,3,30,0.5,strongly_correlated,2,1,1,FEASIBLE,True,0.07577061653137207,29,36,0.07577061653137207
3-30-5-strongcorr-3.txt,3,30,0.5,strongly_correlated,3,1,1,FEASIBLE,True,0.11436748504638672,41,48,0.11336779594421387
3-30-5-strongcorr-4.txt,3,30,0.5,strongly_correlated,4,1,1,FEASIBLE,True,0.0575258731842041,25,30,0.0575258731842041
3-30-5-strongcorr-5.txt,3,30,0.5,strongly_correlated,5,1,1,FEASIBLE,True,0.04999828338623047,22,27,0.04999828338623047
3-30-5-strongcorr-6.txt,3,30,0.5,strongly_correlated,6,1,1,FEASIBLE,True,0.0675206184387207,28,36,0.0675206184387207
3-30-5-strongcorr-7.txt,3,30,0.5,strongly_correlated,7,1,1,FEASIBLE,True,0.07552385330200195,27,30,0.07552385330200195
3-30-5-strongcorr-8.txt,3,30,0.5,strongly_correlated,8,1,1,FEASIBLE,True,0.1556556224822998,36,45,0.1556556224822998
3-30-5-strongcorr-9.txt,3,30,0.5,strongly_correlated,9,1,1,FEASIBLE,True,0.1045231819152832,37,45,0.10352301597595215
3-30-5-uncorr-0.txt,3,30,0.5,uncorrelated,0,1,1,FEASIBLE,True,0.04251289367675781,20,24,0.04251289367675781
3-30-5-uncorr-1.txt,3,30,0.5,uncorrelated,1,1,1,FEASIBLE,True,0.06652688980102539,27,36,0.06652688980102539
3-30-5-uncorr-2.txt,3,30,0.5,uncorrelated,2,1,1,FEASIBLE,True,0.04915666580200195,22,27,0.04915666580200195
3-30-5-uncorr-3.txt,3,30,0.5,uncorrelated,3,1,1,FEASIBLE,True,0.0390925407409668,17,21,0.0390925407409668
3-30-5-uncorr-4.txt,3,30,0.5,uncorrelated,4,1,1,FEASIBLE,True,0.04451417922973633,21,24,0.04351544380187988
3-30-5-uncorr-5.txt,3,30,0.5,uncorrelated,5,1,1,FEASIBLE,True,0.05795764923095703,26,30,0.05795764923095703
3-30-5-uncorr-6.txt,3,30,0.5,uncorrelated,6,1,1,FEASIBLE,True,0.0385890007019043,18,21,0.0385890007019043
3-30-5-uncorr-7.txt,3,30,0.5,uncorrelated,7,1,1,FEASIBLE,True,0.06451535224914551,26,33,0.06451535224914551
3-30-5-uncorr-8.txt,3,30,0.5,uncorrelated,8,1,1,FEASIBLE,True,0.054998159408569336,22,30,0.054998159408569336
3-30-5-uncorr-9.txt,3,30,0.5,uncorrelated,9,1,1,FEASIBLE,True,0.04852414131164551,24,27,0.04852414131164551
3-30-5-weakcorr-0.txt,3,30,0.5,weakly_correlated,0,1,1,FEASIBLE,True,0.05504465103149414,21,24,0.05504465103149414
3-30-5-weakcorr-1.txt,3,30,0.5,weakly_correlated,1,1,1,FEASIBLE,True,0.06152057647705078,26,33,0.06152057647705078
3-30-5-weakcorr-2.txt,3,30,0.5,weakly_correlated,2,1,1,FEASIBLE,True,0.07904243469238281,32,36,0.07904243469238281
3-30-5-weakcorr-3.txt,3,30,0.5,weakly_correlated,3,1,1,FEASIBLE,True,0.10775232315063477,32,36,0.10775232315063477
3-30-5-weakcorr-4.txt,3,30,0.5,weakly_correlated,4,1,1,FEASIBLE,True,0.06600403785705566,25,33,0.06600403785705566
3-30-5-weakcorr-5.txt,3,30,0.5,weakly_correlated,5,1,1,FEASIBLE,True,0.06659173965454102,28,33,0.06659173965454102
3-30-5-weakcorr-6.txt,3,30,0.5,weakly_correlated,6,1,1,FEASIBLE,True,0.1237344741821289,29,45,0.12273454666137695
3-30-5-weakcorr-7.txt,3,30,0.5,weakly_correlated,7,1,1,FEASIBLE,True,0.1623086929321289,48,57,0.1623086929321289
3-30-5-weakcorr-8.txt,3,30,0.5,weakly_correlated,8,1,1,FEASIBLE,True,0.07631516456604004,25,33,0.07631516456604004
3-30-5-weakcorr-9.txt,3,30,0.5,weakly_correlated,9,1,1,FEASIBLE,True,0.14852499961853027,43,57,0.14752483367919922
3-40-2-strongcorr-0.txt,3,40,0.2,strongly_correlated,0,1,1,FEASIBLE,True,0.06670188903808594,24,30,0.06670188903808594
3-40-2-strongcorr-1.txt,3,40,0.2,strongly_correlated,1,1,1,FEASIBLE,True,0.05852365493774414,24,30,0.05852365493774414
3-40-2-strongcorr-2.txt,3,40,0.2,strongly_correlated,2,1,1,FEASIBLE,True,0.062027692794799805,24,27,0.062027692794799805
3-40-2-strongcorr-3.txt,3,40,0.2,strongly_correlated,3,1,1,FEASIBLE,True,0.09662365913391113,35,42,0.09662365913391113
3-40-2-strongcorr-4.txt,3,40,0.2,strongly_correlated,4,1,1,FEASIBLE,True,0.1561274528503418,40,51,0.1561274528503418
3-40-2-strongcorr-5.txt,3,40,0.2,strongly_correlated,5,1,1,FEASIBLE,True,0.10752153396606445,32,45,0.10752153396606445
3-40-2-strongcorr-6.txt,3,40,0.2,strongly_correlated,6,1,1,FEASIBLE,True,0.07052159309387207,27,30,0.06952166557312012
3-40-2-strongcorr-7.txt,3,40,0.2,strongly_correlated,7,1,1,FEASIBLE,True,0.059999942779541016,22,27,0.059999942779541016
3-40-2-strongcorr-8.txt,3,40,0.2,strongly_correlated,8,1,1,FEASIBLE,True,0.10152077674865723,34,42,0.10152077674865723
3-40-2-strongcorr-9.txt,3,40,0.2,strongly_correlated,9,1,1,FEASIBLE,True,0.31990575790405273,61,75,0.31990575790405273
3-40-2-uncorr-0.txt,3,40,0.2,uncorrelated,0,1,1,FEASIBLE,True,0.057999372482299805,24,30,0.057999372482299805
3-40-2-uncorr-1.txt,3,40,0.2,uncorrelated,1,1,1,FEASIBLE,True,0.05152130126953125,22,27,0.05152130126953125
3-40-2-uncorr-2.txt,3,40,0.2,uncorrelated,2,1,1,FEASIBLE,True,0.05099916458129883,23,27,0.05099916458129883
3-40-2-uncorr-3.txt,3,40,0.2,uncorrelated,3,1,1,FEASIBLE,True,0.054520368576049805,21,27,0.053520917892456055
3-40-2-uncorr-4.txt,3,40,0.2,uncorrelated,4,1,1,FEASIBLE,True,0.051000118255615234,20,27,0.051000118255615234
3-40-2-uncorr-5.txt,3,40,0.2,uncorrelated,5,1,1,FEASIBLE,True,0.046515703201293945,19,24,0.046515703201293945
3-40-2-uncorr-6.txt,3,40,0.2,uncorrelated,6,1,1,FEASIBLE,True,0.05900692939758301,21,30,0.05900692939758301
3-40-2-uncorr-7.txt,3,40,0.2,uncorrelated,7,1,1,FEASIBLE,True,0.040515899658203125,17,21,0.040515899658203125
3-40-2-uncorr-8.txt,3,40,0.2,uncorrelated,8,1,1,FEASIBLE,True,0.047177791595458984,21,24,0.047177791595458984
3-40-2-uncorr-9.txt,3,40,0.2,uncorrelated,9,1,1,FEASIBLE,True,0.039516448974609375,18,21,0.039516448974609375
3-40-2-weakcorr-0.txt,3,40,0.2,weakly_correlated,0,1,1,FEASIBLE,True,0.0489194393157959,18,21,0.0489194393157959
3-40-2-weakcorr-1.txt,3,40,0.2,weakly_correlated,1,1,1,FEASIBLE,True,0.05058741569519043,19,24,0.05058741569519043
3-40-2-weakcorr-2.txt,3,40,0.2,weakly_correlated,2,1,1,FEASIBLE,True,0.04900765419006348,19,24,0.04900765419006348
3-40-2-weakcorr-3.txt,3,40,0.2,weakly_correlated,3,1,1,FEASIBLE,True,0.08806967735290527,17,21,0.08806967735290527
3-40-2-weakcorr-4.txt,3,40,0.2,weakly_correlated,4,1,1,FEASIBLE,True,0.06651544570922852,21,27,0.06551575660705566
3-40-2-weakcorr-5.txt,3,40,0.2,weakly_correlated,5,1,1,FEASIBLE,True,0.05252957344055176,17,21,0.051529645919799805
3-40-2-weakcorr-6.txt,3,40,0.2,weakly_correlated,6,1,1,FEASIBLE,True,0.059000492095947266,20,24,0.059000492095947266
3-40-2-weakcorr-7.txt,3,40,0.2,weakly_correlated,7,1,1,FEASIBLE,True,0.05852460861206055,17,24,0.05852460861206055
3-40-2-weakcorr-8.txt,3,40,0.2,weakly_correlated,8,1,1,FEASIBLE,True,0.04900479316711426,21,24,0.04900479316711426
3-40-2-weakcorr-9.txt,3,40,0.2,weakly_correlated,9,1,1,FEASIBLE,True,0.04051613807678223,18,21,0.04051613807678223
3-40-5-strongcorr-0.txt,3,40,0.5,strongly_correlated,0,1,1,FEASIBLE,True,0.13670897483825684,41,51,0.13670897483825684
3-40-5-strongcorr-1.txt,3,40,0.5,strongly_correlated,1,1,1,FEASIBLE,True,0.04652285575866699,21,24,0.04652285575866699
3-40-5-strongcorr-2.txt,3,40,0.5,strongly_correlated,2,1,1,FEASIBLE,True,0.05299687385559082,22,27,0.05299687385559082
3-40-5-strongcorr-3.txt,3,40,0.5,strongly_correlated,3,1,1,FEASIBLE,True,0.11152887344360352,30,39,0.11152887344360352
3-40-5-strongcorr-4.txt,3,40,0.5,strongly_correlated,4,1,1,FEASIBLE,True,0.1300361156463623,42,54,0.1300361156463623
3-40-5-strongcorr-5.txt,3,40,0.5,strongly_correlated,5,1,1,FEASIBLE,True,0.2076127529144287,57,69,0.20661306381225586
3-40-5-strongcorr-6.txt,3,40,0.5,strongly_correlated,6,1,1,FEASIBLE,True,0.052002906799316406,23,27,0.052002906799316406
3-40-5-strongcorr-7.txt,3,40,0.5,strongly_correlated,7,1,1,FEASIBLE,True,0.08757162094116211,38,45,0.08757162094116211
3-40-5-strongcorr-8.txt,3,40,0.5,strongly_correlated,8,1,1,FEASIBLE,True,0.0973055362701416,29,36,0.0973055362701416
3-40-5-strongcorr-9.txt,3,40,0.5,strongly_correlated,9,1,1,FEASIBLE,True,0.1185905933380127,39,57,0.1185905933380127
3-40-5-uncorr-0.txt,3,40,0.5,uncorrelated,0,1,1,FEASIBLE,True,0.0835721492767334,29,42,0.0835721492767334
3-40-5-uncorr-1.txt,3,40,0.5,uncorrelated,1,1,1,FEASIBLE,True,0.05152583122253418,22,27,0.05152583122253418
3-40-5-uncorr-2.txt,3,40,0.5,uncorrelated,2,1,1,FEASIBLE,True,0.04500007629394531,19,24,0.04500007629394531
3-40-5-uncorr-3.txt,3,40,0.5,uncorrelated,3,1,1,FEASIBLE,True,0.05252385139465332,23,27,0.05252385139465332
3-40-5-uncorr-4.txt,3,40,0.5,uncorrelated,4,1,1,FEASIBLE,True,0.04500293731689453,21,24,0.04500293731689453
3-40-5-uncorr-5.txt,3,40,0.5,uncorrelated,5,1,1,FEASIBLE,True,0.04452872276306152,21,24,0.04452872276306152
3-40-5-uncorr-6.txt,3,40,0.5,uncorrelated,6,1,1,FEASIBLE,True,0.06000638008117676,24,30,0.06000638008117676
3-40-5-uncorr-7.txt,3,40,0.5,uncorrelated,7,1,1,FEASIBLE,True,0.05051231384277344,23,27,0.05051231384277344
3-40-5-uncorr-8.txt,3,40,0.5,uncorrelated,8,1,1,FEASIBLE,True,0.06805109977722168,26,36,0.06805109977722168
3-40-5-uncorr-9.txt,3,40,0.5,uncorrelated,9,1,1,FEASIBLE,True,0.045000314712524414,21,24,0.045000314712524414
3-40-5-weakcorr-0.txt,3,40,0.5,weakly_correlated,0,1,1,FEASIBLE,True,0.07252740859985352,27,33,0.07252740859985352
3-40-5-weakcorr-1.txt,3,40,0.5,weakly_correlated,1,1,1,FEASIBLE,True,0.05200600624084473,24,27,0.05200600624084473
3-40-5-weakcorr-2.txt,3,40,0.5,weakly_correlated,2,1,1,FEASIBLE,True,0.5199470520019531,79,108,0.5199470520019531
3-40-5-weakcorr-3.txt,3,40,0.5,weakly_correlated,3,1,1,FEASIBLE,True,0.09952521324157715,30,39,0.09952521324157715
3-40-5-weakcorr-4.txt,3,40,0.5,weakly_correlated,4,1,1,FEASIBLE,True,0.06314969062805176,26,33,0.06314969062805176
3-40-5-weakcorr-5.txt,3,40,0.5,weakly_correlated,5,1,1,FEASIBLE,True,0.06551218032836914,23,30,0.06551218032836914
3-40-5-weakcorr-6.txt,3,40,0.5,weakly_correlated,6,1,1,FEASIBLE,True,0.10466527938842773,31,42,0.10366535186767578
3-40-5-weakcorr-7.txt,3,40,0.5,weakly_correlated,7,1,1,FEASIBLE,True,0.08852314949035645,30,36,0.08852314949035645
3-40-5-weakcorr-8.txt,3,40,0.5,weakly_correlated,8,1,1,FEASIBLE,True,0.0675210952758789,22,27,0.0675210952758789
3-40-5-weakcorr-9.txt,3,40,0.5,weakly_correlated,9,1,1,FEASIBLE,True,0.09352374076843262,31,42,0.09352374076843262
3-5-2-strongcorr-0.txt,3,5,0.2,strongly_correlated,0,1,1,FEASIBLE,True,0.025008440017700195,12,15,0.025008440017700195
3-5-2-strongcorr-1.txt,3,5,0.2,strongly_correlated,1,1,1,FEASIBLE,True,0.034000396728515625,15,21,0.034000396728515625
3-5-2-strongcorr-2.txt,3,5,0.2,strongly_correlated,2,1,1,FEASIBLE,True,0.033521413803100586,11,21,0.033521413803100586
3-5-2-strongcorr-3.txt,3,5,0.2,strongly_correlated,3,1,1,FEASIBLE,True,0.03456759452819824,15,21,0.03456759452819824
3-5-2-strongcorr-4.txt,3,5,0.2,strongly_correlated,4,1,1,FEASIBLE,True,0.027999401092529297,15,18,0.027999401092529297
3-5-2-strongcorr-5.txt,3,5,0.2,strongly_correlated,5,1,1,FEASIBLE,True,0.03351140022277832,12,21,0.03351140022277832
3-5-2-strongcorr-6.txt,3,5,0.2,strongly_correlated,6,1,1,FEASIBLE,True,0.03799629211425781,17,24,0.03799629211425781
3-5-2-strongcorr-7.txt,3,5,0.2,strongly_correlated,7,1,1,FEASIBLE,True,0.03400135040283203,16,21,0.03400135040283203
3-5-2-strongcorr-8.txt,3,5,0.2,strongly_correlated,8,1,1,FEASIBLE,True,0.037511348724365234,14,24,0.037511348724365234
3-5-2-strongcorr-9.txt,3,5,0.2,strongly_correlated,9,1,1,FEASIBLE,True,0.03299880027770996,17,21,0.03299880027770996
3-5-2-uncorr-0.txt,3,5,0.2,uncorrelated,0,1,1,FEASIBLE,True,0.027998924255371094,14,18,0.027998924255371094
3-5-2-uncorr-1.txt,3,5,0.2,uncorrelated,1,1,1,FEASIBLE,True,0.02850794792175293,14,18,0.02850794792175293
3-5-2-uncorr-2.txt,3,5,0.2,uncorrelated,2,1,1,FEASIBLE,True,0.03400111198425293,12,21,0.03400111198425293
3-5-2-uncorr-3.txt,3,5,0.2,uncorrelated,3,1,1,FEASIBLE,True,0.029001712799072266,15,18,0.029001712799072266
3-5-2-uncorr-4.txt,3,5,0.2,uncorrelated,4,1,1,FEASIBLE,True,0.03350830078125,11,21,0.03350830078125
3-5-2-uncorr-5.txt,3,5,0.2,uncorrelated,5,1,1,FEASIBLE,True,0.028998374938964844,14,18,0.027999162673950195
3-5-2-uncorr-6.txt,3,5,0.2,uncorrelated,6,1,1,FEASIBLE,True,0.03299999237060547,17,21,0.03299999237060547
3-5-2-uncorr-7.txt,3,5,0.2,uncorrelated,7,1,1,FEASIBLE,True,0.028510332107543945,15,18,0.028510332107543945
3-5-2-uncorr-8.txt,3,5,0.2,uncorrelated,8,1,1,FEASIBLE,True,0.029000282287597656,14,18,0.029000282287597656
3-5-2-uncorr-9.txt,3,5,0.2,uncorrelated,9,1,1,FEASIBLE,True,0.02899956703186035,11,18,0.02899956703186035
3-5-2-weakcorr-0.txt,3,5,0.2,weakly_correlated,0,1,1,FEASIBLE,True,0.02911376953125,11,18,0.02911376953125
3-5-2-weakcorr-1.txt,3,5,0.2,weakly_correlated,1,1,1,FEASIBLE,True,0.028275251388549805,11,18,0.028275251388549805
3-5-2-weakcorr-2.txt,3,5,0.2,weakly_correlated,2,1,1,FEASIBLE,True,0.028999805450439453,11,18,0.028999805450439453
3-5-2-weakcorr-3.txt,3,5,0.2,weakly_correlated,3,1,1,FEASIBLE,True,0.037999868392944336,17,24,0.037999868392944336
3-5-2-weakcorr-4.txt,3,5,0.2,weakly_correlated,4,1,1,FEASIBLE,True,0.028513669967651367,9,18,0.028513669967651367
3-5-2-weakcorr-5.txt,3,5,0.2,weakly_correlated,5,1,1,FEASIBLE,True,0.028004169464111328,15,18,0.028004169464111328
3-5-2-weakcorr-6.txt,3,5,0.2,weakly_correlated,6,1,1,FEASIBLE,True,0.0279996395111084,15,18,0.0279996395111084
3-5-2-weakcorr-7.txt,3,5,0.2,weakly_correlated,7,1,1,FEASIBLE,True,0.032706260681152344,13,21,0.032706260681152344
3-5-2-weakcorr-8.txt,3,5,0.2,weakly_correlated,8,1,1,FEASIBLE,True,0.03699636459350586,12,24,0.03699636459350586
3-5-2-weakcorr-9.txt,3,5,0.2,weakly_correlated,9,1,1,FEASIBLE,True,0.03300023078918457,12,21,0.03300023078918457
3-5-5-strongcorr-0.txt,3,5,0.5,strongly_correlated,0,1,1,FEASIBLE,True,0.02852606773376465,11,18,0.02852606773376465
3-5-5-strongcorr-1.txt,3,5,0.5,strongly_correlated,1,1,1,FEASIBLE,True,0.03900313377380371,17,24,0.03900313377380371
3-5-5-strongcorr-2.txt,3,5,0.5,strongly_correlated,2,1,1,FEASIBLE,True,0.03399777412414551,17,21,0.03399777412414551
3-5-5-strongcorr-3.txt,3,5,0.5,strongly_correlated,3,1,1,FEASIBLE,True,0.0335237979888916,15,21,0.0335237979888916
3-5-5-strongcorr-4.txt,3,5,0.5,strongly_correlated,4,1,1,FEASIBLE,True,0.03300142288208008,15,21,0.03300142288208008
3-5-5-strongcorr-5.txt,3,5,0.5,strongly_correlated,5,1,1,FEASIBLE,True,0.0372157096862793,16,24,0.0372157096862793
3-5-5-strongcorr-6.txt,3,5,0.5,strongly_correlated,6,1,1,FEASIBLE,True,0.03251242637634277,12,21,0.03251242637634277
3-5-5-strongcorr-7.txt,3,5,0.5,strongly_correlated,7,1,1,FEASIBLE,True,0.027999401092529297,15,18,0.027999401092529297
3-5-5-strongcorr-8.txt,3,5,0.5,strongly_correlated,8,1,1,FEASIBLE,True,0.033002376556396484,16,21,0.033002376556396484
3-5-5-strongcorr-9.txt,3,5,0.5,strongly_correlated,9,1,1,FEASIBLE,True,0.03752255439758301,18,24,0.03752255439758301
3-5-5-uncorr-0.txt,3,5,0.5,uncorrelated,0,1,1,FEASIBLE,True,0.03300118446350098,15,21,0.03300118446350098
3-5-5-uncorr-1.txt,3,5,0.5,uncorrelated,1,1,1,FEASIBLE,True,0.027997732162475586,15,18,0.027997732162475586
3-5-5-uncorr-2.txt,3,5,0.5,uncorrelated,2,1,1,FEASIBLE,True,0.028514862060546875,15,18,0.028514862060546875
3-5-5-uncorr-3.txt,3,5,0.5,uncorrelated,3,1,1,FEASIBLE,True,0.03200101852416992,14,21,0.03200101852416992
3-5-5-uncorr-4.txt,3,5,0.5,uncorrelated,4,1,1,FEASIBLE,True,0.030423879623413086,15,18,0.030423879623413086
3-5-5-uncorr-5.txt,3,5,0.5,uncorrelated,5,1,1,FEASIBLE,True,0.028524398803710938,15,18,0.028524398803710938
3-5-5-uncorr-6.txt,3,5,0.5,uncorrelated,6,1,1,FEASIBLE,True,0.029000043869018555,15,18,0.029000043869018555
3-5-5-uncorr-7.txt,3,5,0.5,uncorrelated,7,1,1,FEASIBLE,True,0.028000831604003906,15,18,0.028000831604003906
3-5-5-uncorr-8.txt,3,5,0.5,uncorrelated,8,1,1,FEASIBLE,True,0.029009103775024414,15,18,0.029009103775024414
3-5-5-uncorr-9.txt,3,5,0.5,uncorrelated,9,1,1,FEASIBLE,True,0.028517484664916992,14,18,0.028517484664916992
3-5-5-weakcorr-0.txt,3,5,0.5,weakly_correlated,0,1,1,FEASIBLE,True,0.0279996395111084,10,18,0.0279996395111084
3-5-5-weakcorr-1.txt,3,5,0.5,weakly_correlated,1,1,1,FEASIBLE,True,0.0330042839050293,15,21,0.0330042839050293
3-5-5-weakcorr-2.txt,3,5,0.5,weakly_correlated,2,1,1,FEASIBLE,True,0.0330352783203125,13,21,0.0330352783203125
3-5-5-weakcorr-3.txt,3,5,0.5,weakly_correlated,3,1,1,FEASIBLE,True,0.028998613357543945,14,18,0.028998613357543945
3-5-5-weakcorr-4.txt,3,5,0.5,weakly_correlated,4,1,1,FEASIBLE,True,0.028999805450439453,14,18,0.028999805450439453
3-5-5-weakcorr-5.txt,3,5,0.5,weakly_correlated,5,1,1,FEASIBLE,True,0.02852773666381836,15,18,0.02852773666381836
3-5-5-weakcorr-6.txt,3,5,0.5,weakly_correlated,6,1,1,FEASIBLE,True,0.028999805450439453,10,18,0.028999805450439453
3-5-5-weakcorr-7.txt,3,5,0.5,weakly_correlated,7,1,1,FEASIBLE,True,0.02899789810180664,7,18,0.02899789810180664
3-5-5-weakcorr-8.txt,3,5,0.5,weakly_correlated,8,1,1,FEASIBLE,True,0.03852272033691406,13,24,0.03852272033691406
3-5-5-weakcorr-9.txt,3,5,0.5,weakly_correlated,9,1,1,FEASIBLE,True,0.03400421142578125,15,21,0.03400421142578125
3-50-2-strongcorr-0.txt,3,50,0.2,strongly_correlated,0,1,1,FEASIBLE,True,0.34409475326538086,73,87,0.34409475326538086
3-50-2-strongcorr-1.txt,3,50,0.2,strongly_correlated,1,1,1,FEASIBLE,True,0.10602760314941406,25,33,0.10602760314941406
3-50-2-strongcorr-2.txt,3,50,0.2,strongly_correlated,2,1,1,FEASIBLE,True,0.06899619102478027,22,30,0.06899619102478027
3-50-2-strongcorr-3.txt,3,50,0.2,strongly_correlated,3,1,1,FEASIBLE,True,0.08152437210083008,25,30,0.08152437210083008
3-50-2-strongcorr-4.txt,3,50,0.2,strongly_correlated,4,1,1,FEASIBLE,True,0.08152437210083008,25,30,0.08152437210083008
3-50-2-strongcorr-5.txt,3,50,0.2,strongly_correlated,5,1,1,FEASIBLE,True,0.07677292823791504,27,33,0.07677292823791504
3-50-2-strongcorr-6.txt,3,50,0.2,strongly_correlated,6,1,1,FEASIBLE,True,0.10352277755737305,31,42,0.1025228500366211
3-50-2-strongcorr-7.txt,3,50,0.2,strongly_correlated,7,1,1,FEASIBLE,True,0.08452987670898438,28,36,0.08452987670898438
3-50-2-strongcorr-8.txt,3,50,0.2,strongly_correlated,8,1,1,FEASIBLE,True,0.04699993133544922,19,24,0.04699993133544922
3-50-2-strongcorr-9.txt,3,50,0.2,strongly_correlated,9,1,1,FEASIBLE,True,0.08652400970458984,28,33,0.08652400970458984
3-50-2-uncorr-0.txt,3,50,0.2,uncorrelated,0,1,1,FEASIBLE,True,0.06852149963378906,24,30,0.06752181053161621
3-50-2-uncorr-1.txt,3,50,0.2,uncorrelated,1,1,1,FEASIBLE,True,0.06413936614990234,24,33,0.06413936614990234
3-50-2-uncorr-2.txt,3,50,0.2,uncorrelated,2,1,1,FEASIBLE,True,0.054518699645996094,22,27,0.054518699645996094
3-50-2-uncorr-3.txt,3,50,0.2,uncorrelated,3,1,1,FEASIBLE,True,0.07252788543701172,25,33,0.07252788543701172
3-50-2-uncorr-4.txt,3,50,0.2,uncorrelated,4,1,1,FEASIBLE,True,0.052001953125,22,27,0.052001953125
3-50-2-uncorr-5.txt,3,50,0.2,uncorrelated,5,1,1,FEASIBLE,True,0.04152321815490723,16,21,0.04052305221557617
3-50-2-uncorr-6.txt,3,50,0.2,uncorrelated,6,1,1,FEASIBLE,True,0.07354235649108887,26,33,0.07354235649108887
3-50-2-uncorr-7.txt,3,50,0.2,uncorrelated,7,1,1,FEASIBLE,True,0.04199838638305664,18,21,0.04099726676940918
3-50-2-uncorr-8.txt,3,50,0.2,uncorrelated,8,1,1,FEASIBLE,True,0.04100441932678223,16,21,0.04100441932678223
3-50-2-uncorr-9.txt,3,50,0.2,uncorrelated,9,1,1,FEASIBLE,True,0.0475161075592041,18,24,0.0475161075592041
3-50-2-weakcorr-0.txt,3,50,0.2,weakly_correlated,0,1,1,FEASIBLE,True,0.07120013236999512,22,30,0.07120013236999512
3-50-2-weakcorr-1.txt,3,50,0.2,weakly_correlated,1,1,1,FEASIBLE,True,0.0680077075958252,25,30,0.0680077075958252
3-50-2-weakcorr-2.txt,3,50,0.2,weakly_correlated,2,1,1,FEASIBLE,True,0.11052393913269043,26,36,0.11052393913269043
3-50-2-weakcorr-3.txt,3,50,0.2,weakly_correlated,3,1,1,FEASIBLE,True,0.08902859687805176,25,33,0.08902859687805176
3-50-2-weakcorr-4.txt,3,50,0.2,weakly_correlated,4,1,1,FEASIBLE,True,0.09254693984985352,30,36,0.09153866767883301
3-50-2-weakcorr-5.txt,3,50,0.2,weakly_correlated,5,1,1,FEASIBLE,True,0.17103934288024902,33,42,0.17103934288024902
3-50-2-weakcorr-6.txt,3,50,0.2,weakly_correlated,6,1,1,FEASIBLE,True,0.0595242977142334,24,27,0.0595242977142334
3-50-2-weakcorr-7.txt,3,50,0.2,weakly_correlated,7,1,1,FEASIBLE,True,0.06000828742980957,22,27,0.05900001525878906
3-50-2-weakcorr-8.txt,3,50,0.2,weakly_correlated,8,1,1,FEASIBLE,True,0.07563543319702148,27,33,0.07563543319702148
3-50-2-weakcorr-9.txt,3,50,0.2,weakly_correlated,9,1,1,FEASIBLE,True,0.06664323806762695,25,33,0.06664323806762695
3-50-5-strongcorr-0.txt,3,50,0.5,strongly_correlated,0,1,1,FEASIBLE,True,0.07752585411071777,29,39,0.07752585411071777
3-50-5-strongcorr-1.txt,3,50,0.5,strongly_correlated,1,1,1,FEASIBLE,True,0.13040876388549805,38,48,0.13040876388549805
3-50-5-strongcorr-2.txt,3,50,0.5,strongly_correlated,2,1,1,FEASIBLE,True,0.25577425956726074,62,84,0.25577425956726074
3-50-5-strongcorr-3.txt,3,50,0.5,strongly_correlated,3,1,1,FEASIBLE,True,0.8185803890228271,143,198,0.8175804615020752
3-50-5-strongcorr-4.txt,3,50,0.5,strongly_correlated,4,1,1,FEASIBLE,True,0.11652398109436035,33,42,0.11652398109436035
3-50-5-strongcorr-5.txt,3,50,0.5,strongly_correlated,5,1,1,FEASIBLE,True,0.07863283157348633,28,39,0.07863283157348633
3-50-5-strongcorr-6.txt,3,50,0.5,strongly_correlated,6,1,1,FEASIBLE,True,0.10993075370788574,36,51,0.10993075370788574
3-50-5-strongcorr-7.txt,3,50,0.5,strongly_correlated,7,1,1,FEASIBLE,True,0.08552312850952148,34,39,0.08552312850952148
3-50-5-strongcorr-8.txt,3,50,0.5,strongly_correlated,8,1,1,FEASIBLE,True,0.2055656909942627,48,54,0.20456600189208984
3-50-5-strongcorr-9.txt,3,50,0.5,strongly_correlated,9,1,1,FEASIBLE,True,0.15255093574523926,32,45,0.15255093574523926
3-50-5-uncorr-0.txt,3,50,0.5,uncorrelated,0,1,1,FEASIBLE,True,0.05551338195800781,21,27,0.05451369285583496
3-50-5-uncorr-1.txt,3,50,0.5,uncorrelated,1,1,1,FEASIBLE,True,0.0565800666809082,23,27,0.0565800666809082
3-50-5-uncorr-2.txt,3,50,0.5,uncorrelated,2,1,1,FEASIBLE,True,0.057001590728759766,24,27,0.05600166320800781
3-50-5-uncorr-3.txt,3,50,0.5,uncorrelated,3,1,1,FEASIBLE,True,0.053525447845458984,21,27,0.053525447845458984
3-50-5-uncorr-4.txt,3,50,0.5,uncorrelated,4,1,1,FEASIBLE,True,0.0469973087310791,21,24,0.0469973087310791
3-50-5-uncorr-5.txt,3,50,0.5,uncorrelated,5,1,1,FEASIBLE,True,0.05352592468261719,22,27,0.05352592468261719
3-50-5-uncorr-6.txt,3,50,0.5,uncorrelated,6,1,1,FEASIBLE,True,0.04899716377258301,21,24,0.04899716377258301
3-50-5-uncorr-7.txt,3,50,0.5,uncorrelated,7,1,1,FEASIBLE,True,0.08352446556091309,31,39,0.08352446556091309
3-50-5-uncorr-8.txt,3,50,0.5,uncorrelated,8,1,1,FEASIBLE,True,0.05252194404602051,23,27,0.05252194404602051
3-50-5-uncorr-9.txt,3,50,0.5,uncorrelated,9,1,1,FEASIBLE,True,0.0619204044342041,26,30,0.0619204044342041
3-50-5-weakcorr-0.txt,3,50,0.5,weakly_correlated,0,1,1,FEASIBLE,True,0.16503214836120605,47,60,0.16503214836120605
3-50-5-weakcorr-1.txt,3,50,0.5,weakly_correlated,1,1,1,FEASIBLE,True,0.07858514785766602,23,30,0.07758545875549316
3-50-5-weakcorr-2.txt,3,50,0.5,weakly_correlated,2,1,1,FEASIBLE,True,0.15852904319763184,33,39,0.15852904319763184
3-50-5-weakcorr-3.txt,3,50,0.5,weakly_correlated,3,1,1,FEASIBLE,True,0.10780715942382812,30,42,0.10780715942382812
3-50-5-weakcorr-4.txt,3,50,0.5,weakly_correlated,4,1,1,FEASIBLE,True,0.0690000057220459,26,33,0.0690000057220459
3-50-5-weakcorr-5.txt,3,50,0.5,weakly_correlated,5,1,1,FEASIBLE,True,0.09851837158203125,26,33,0.09851837158203125
3-50-5-weakcorr-6.txt,3,50,0.5,weakly_correlated,6,1,1,FEASIBLE,True,0.09763336181640625,29,36,0.09763336181640625
3-50-5-weakcorr-7.txt,3,50,0.5,weakly_correlated,7,1,1,FEASIBLE,True,0.10584139823913574,32,39,0.10472941398620605
3-50-5-weakcorr-8.txt,3,50,0.5,weakly_correlated,8,1,1,FEASIBLE,True,0.11903595924377441,31,42,0.11903595924377441
3-50-5-weakcorr-9.txt,3,50,0.5,weakly_correlated,9,1,1,FEASIBLE,True,0.13564801216125488,38,48,0.13564801216125488
4-10-2-strongcorr-0.txt,4,10,0.2,strongly_correlated,0,1,1,FEASIBLE,True,0.05852651596069336,24,36,0.057526350021362305
4-10-2-strongcorr-1.txt,4,10,0.2,strongly_correlated,1,1,1,FEASIBLE,True,0.06299686431884766,28,36,0.06299686431884766
4-10-2-strongcorr-2.txt,4,10,0.2,strongly_correlated,2,1,1,FEASIBLE,True,0.06468868255615234,27,36,0.06468868255615234
4-10-2-strongcorr-3.txt,4,10,0.2,strongly_correlated,3,1,1,FEASIBLE,True,0.047473907470703125,22,28,0.047473907470703125
4-10-2-strongcorr-4.txt,4,10,0.2,strongly_correlated,4,1,1,FEASIBLE,True,0.07727932929992676,31,44,0.07727932929992676
4-10-2-strongcorr-5.txt,4,10,0.2,strongly_correlated,5,1,1,FEASIBLE,True,0.060846805572509766,24,32,0.060846805572509766
4-10-2-strongcorr-6.txt,4,10,0.2,strongly_correlated,6,1,1,FEASIBLE,True,0.05600762367248535,19,32,0.05600762367248535
4-10-2-strongcorr-7.txt,4,10,0.2,strongly_correlated,7,1,1,FEASIBLE,True,0.05251431465148926,22,32,0.05251431465148926
4-10-2-strongcorr-8.txt,4,10,0.2,strongly_correlated,8,1,1,FEASIBLE,True,0.0645444393157959,23,36,0.0645444393157959
4-10-2-strongcorr-9.txt,4,10,0.2,strongly_correlated,9,1,1,FEASIBLE,True,0.051996469497680664,19,32,0.051996469497680664
4-10-2-uncorr-0.txt,4,10,0.2,uncorrelated,0,1,1,FEASIBLE,True,0.060517311096191406,26,36,0.060517311096191406
4-10-2-uncorr-1.txt,4,10,0.2,uncorrelated,1,1,1,FEASIBLE,True,0.04600191116333008,17,28,0.04600191116333008
4-10-2-uncorr-2.txt,4,10,0.2,uncorrelated,2,1,1,FEASIBLE,True,0.05152416229248047,23,32,0.05152416229248047
4-10-2-uncorr-3.txt,4,10,0.2,uncorrelated,3,1,1,FEASIBLE,True,0.044521331787109375,22,28,0.044521331787109375
4-10-2-uncorr-4.txt,4,10,0.2,uncorrelated,4,1,1,FEASIBLE,True,0.038301706314086914,20,24,0.038301706314086914
4-10-2-uncorr-5.txt,4,10,0.2,uncorrelated,5,1,1,FEASIBLE,True,0.05099987983703613,22,32,0.05099987983703613
4-10-2-uncorr-6.txt,4,10,0.2,uncorrelated,6,1,1,FEASIBLE,True,0.04552626609802246,21,28,0.04552626609802246
4-10-2-uncorr-7.txt,4,10,0.2,uncorrelated,7,1,1,FEASIBLE,True,0.05200076103210449,22,32,0.05200076103210449
4-10-2-uncorr-8.txt,4,10,0.2,uncorrelated,8,1,1,FEASIBLE,True,0.03900456428527832,15,24,0.03900456428527832
4-10-2-uncorr-9.txt,4,10,0.2,uncorrelated,9,1,1,FEASIBLE,True,0.0455169677734375,22,28,0.0455169677734375
4-10-2-weakcorr-0.txt,4,10,0.2,weakly_correlated,0,1,1,FEASIBLE,True,0.03993701934814453,16,24,0.03993701934814453
4-10-2-weakcorr-1.txt,4,10,0.2,weakly_correlated,1,1,1,FEASIBLE,True,0.0535130500793457,19,32,0.0535130500793457
4-10-2-weakcorr-2.txt,4,10,0.2,weakly_correlated,2,1,1,FEASIBLE,True,0.04500389099121094,23,28,0.04500389099121094
4-10-2-weakcorr-3.txt,4,10,0.2,weakly_correlated,3,1,1,FEASIBLE,True,0.03952145576477051,12,24,0.03952145576477051
4-10-2-weakcorr-4.txt,4,10,0.2,weakly_correlated,4,1,1,FEASIBLE,True,0.03999638557434082,20,24,0.03999638557434082
4-10-2-weakcorr-5.txt,4,10,0.2,weakly_correlated,5,1,1,FEASIBLE,True,0.04523324966430664,18,28,0.04523324966430664
4-10-2-weakcorr-6.txt,4,10,0.2,weakly_correlated,6,1,1,FEASIBLE,True,0.052001237869262695,24,32,0.052001237869262695
4-10-2-weakcorr-7.txt,4,10,0.2,weakly_correlated,7,1,1,FEASIBLE,True,0.04552435874938965,22,28,0.04552435874938965
4-10-2-weakcorr-8.txt,4,10,0.2,weakly_correlated,8,1,1,FEASIBLE,True,0.03900146484375,16,24,0.03900146484375
4-10-2-weakcorr-9.txt,4,10,0.2,weakly_correlated,9,1,1,FEASIBLE,True,0.04566621780395508,24,28,0.04566621780395508
4-10-5-strongcorr-0.txt,4,10,0.5,strongly_correlated,0,1,1,FEASIBLE,True,0.09000706672668457,41,56,0.09000706672668457
4-10-5-strongcorr-1.txt,4,10,0.5,strongly_correlated,1,1,1,FEASIBLE,True,0.05751943588256836,25,36,0.05751943588256836
4-10-5-strongcorr-2.txt,4,10,0.5,strongly_correlated,2,1,1,FEASIBLE,True,0.07052493095397949,34,44,0.07052493095397949
4-10-5-strongcorr-3.txt,4,10,0.5,strongly_correlated,3,1,1,FEASIBLE,True,0.05899643898010254,27,36,0.05899643898010254
4-10-5-strongcorr-4.txt,4,10,0.5,strongly_correlated,4,1,1,FEASIBLE,True,0.046526432037353516,24,28,0.046526432037353516
4-10-5-strongcorr-5.txt,4,10,0.5,strongly_correlated,5,1,1,FEASIBLE,True,0.05800795555114746,28,36,0.05800795555114746
4-10-5-strongcorr-6.txt,4,10,0.5,strongly_correlated,6,1,1,FEASIBLE,True,0.052515506744384766,19,28,0.052515506744384766
4-10-5-strongcorr-7.txt,4,10,0.5,strongly_correlated,7,1,1,FEASIBLE,True,0.05952334403991699,28,36,0.05952334403991699
4-10-5-strongcorr-8.txt,4,10,0.5,strongly_correlated,8,1,1,FEASIBLE,True,0.05099892616271973,24,32,0.05099892616271973
4-10-5-strongcorr-9.txt,4,10,0.5,strongly_correlated,9,1,1,FEASIBLE,True,0.05852532386779785,27,36,0.05852532386779785
4-10-5-uncorr-0.txt,4,10,0.5,uncorrelated,0,1,1,FEASIBLE,True,0.05194377899169922,25,32,0.05194377899169922
4-10-5-uncorr-1.txt,4,10,0.5,uncorrelated,1,1,1,FEASIBLE,True,0.05152606964111328,26,32,0.05152606964111328
4-10-5-uncorr-2.txt,4,10,0.5,uncorrelated,2,1,1,FEASIBLE,True,0.05800271034240723,26,36,0.05800271034240723
4-10-5-uncorr-3.txt,4,10,0.5,uncorrelated,3,1,1,FEASIBLE,True,0.044722795486450195,24,28,0.044722795486450195
4-10-5-uncorr-4.txt,4,10,0.5,uncorrelated,4,1,1,FEASIBLE,True,0.045003414154052734,24,28,0.045003414154052734
4-10-5-uncorr-5.txt,4,10,0.5,uncorrelated,5,1,1,FEASIBLE,True,0.05160832405090332,27,32,0.05160832405090332
4-10-5-uncorr-6.txt,4,10,0.5,uncorrelated,6,1,1,FEASIBLE,True,0.05099749565124512,26,32,0.05099749565124512
4-10-5-uncorr-7.txt,4,10,0.5,uncorrelated,7,1,1,FEASIBLE,True,0.05852079391479492,25,36,0.05852079391479492
4-10-5-uncorr-8.txt,4,10,0.5,uncorrelated,8,1,1,FEASIBLE,True,0.05800795555114746,27,36,0.05800795555114746
4-10-5-uncorr-9.txt,4,10,0.5,uncorrelated,9,1,1,FEASIBLE,True,0.051515817642211914,25,32,0.051515817642211914
4-10-5-weakcorr-0.txt,4,10,0.5,weakly_correlated,0,1,1,FEASIBLE,True,0.05100703239440918,21,28,0.05100703239440918
4-10-5-weakcorr-1.txt,4,10,0.5,weakly_correlated,1,1,1,FEASIBLE,True,0.07247114181518555,32,44,0.07247114181518555
4-10-5-weakcorr-2.txt,4,10,0.5,weakly_correlated,2,1,1,FEASIBLE,True,0.057535648345947266,26,36,0.057535648345947266
4-10-5-weakcorr-3.txt,4,10,0.5,weakly_correlated,3,1,1,FEASIBLE,True,0.05800366401672363,26,36,0.05800366401672363
4-10-5-weakcorr-4.txt,4,10,0.5,weakly_correlated,4,1,1,FEASIBLE,True,0.06251192092895508,23,36,0.06251192092895508
4-10-5-weakcorr-5.txt,4,10,0.5,weakly_correlated,5,1,1,FEASIBLE,True,0.05852246284484863,28,36,0.05852246284484863
4-10-5-weakcorr-6.txt,4,10,0.5,weakly_correlated,6,1,1,FEASIBLE,True,0.07799983024597168,32,48,0.07799983024597168
4-10-5-weakcorr-7.txt,4,10,0.5,weakly_correlated,7,1,1,FEASIBLE,True,0.11304187774658203,43,64,0.11304187774658203
4-10-5-weakcorr-8.txt,4,10,0.5,weakly_correlated,8,1,1,FEASIBLE,True,0.07933545112609863,30,40,0.07833528518676758
4-10-5-weakcorr-9.txt,4,10,0.5,weakly_correlated,9,1,1,FEASIBLE,True,0.05240750312805176,25,32,0.05240750312805176
4-15-2-strongcorr-0.txt,4,15,0.2,strongly_correlated,0,1,1,FEASIBLE,True,0.06652498245239258,26,32,0.06552505493164062
4-15-2-strongcorr-1.txt,4,15,0.2,strongly_correlated,1,1,1,FEASIBLE,True,0.0480039119720459,22,28,0.0480039119720459
4-15-2-strongcorr-2.txt,4,15,0.2,strongly_correlated,2,1,1,FEASIBLE,True,0.1225273609161377,35,60,0.1225273609161377
4-15-2-strongcorr-3.txt,4,15,0.2,strongly_correlated,3,1,1,FEASIBLE,True,0.05952620506286621,18,28,0.05952620506286621
4-15-2-strongcorr-4.txt,4,15,0.2,strongly_correlated,4,1,1,FEASIBLE,True,0.06752276420593262,29,40,0.06752276420593262
4-15-2-strongcorr-5.txt,4,15,0.2,strongly_correlated,5,1,1,FEASIBLE,True,0.04699969291687012,23,28,0.04699969291687012
4-15-2-strongcorr-6.txt,4,15,0.2,strongly_correlated,6,1,1,FEASIBLE,True,0.05471658706665039,26,32,0.05410647392272949
4-15-2-strongcorr-7.txt,4,15,0.2,strongly_correlated,7,1,1,FEASIBLE,True,0.053006649017333984,24,32,0.053006649017333984
4-15-2-strongcorr-8.txt,4,15,0.2,strongly_correlated,8,1,1,FEASIBLE,True,0.06727290153503418,29,40,0.06727290153503418
4-15-2-strongcorr-9.txt,4,15,0.2,strongly_correlated,9,1,1,FEASIBLE,True,0.05322098731994629,24,32,0.05322098731994629
4-15-2-uncorr-0.txt,4,15,0.2,uncorrelated,0,1,1,FEASIBLE,True,0.05952048301696777,24,36,0.05952048301696777
4-15-2-uncorr-1.txt,4,15,0.2,uncorrelated,1,1,1,FEASIBLE,True,0.04727339744567871,23,28,0.04727339744567871
4-15-2-uncorr-2.txt,4,15,0.2,uncorrelated,2,1,1,FEASIBLE,True,0.039997100830078125,20,24,0.039997100830078125
4-15-2-uncorr-3.txt,4,15,0.2,uncorrelated,3,1,1,FEASIBLE,True,0.05300784111022949,23,32,0.05300784111022949
4-15-2-uncorr-4.txt,4,15,0.2,uncorrelated,4,1,1,FEASIBLE,True,0.045516252517700195,21,28,0.045516252517700195
4-15-2-uncorr-5.txt,4,15,0.2,uncorrelated,5,1,1,FEASIBLE,True,0.05221295356750488,27,32,0.05221295356750488
4-15-2-uncorr-6.txt,4,15,0.2,uncorrelated,6,1,1,FEASIBLE,True,0.05500936508178711,23,32,0.05500936508178711
4-15-2-uncorr-7.txt,4,15,0.2,uncorrelated,7,1,1,FEASIBLE,True,0.04652762413024902,22,28,0.04652762413024902
4-15-2-uncorr-8.txt,4,15,0.2,uncorrelated,8,1,1,FEASIBLE,True,0.04700136184692383,21,28,0.04700136184692383
4-15-2-uncorr-9.txt,4,15,0.2,uncorrelated,9,1,1,FEASIBLE,True,0.053618431091308594,22,32,0.053618431091308594
4-15-2-weakcorr-0.txt,4,15,0.2,weakly_correlated,0,1,1,FEASIBLE,True,0.05492210388183594,22,28,0.05492210388183594
4-15-2-weakcorr-1.txt,4,15,0.2,weakly_correlated,1,1,1,FEASIBLE,True,0.06252074241638184,25,32,0.06252074241638184
4-15-2-weakcorr-2.txt,4,15,0.2,weakly_correlated,2,1,1,FEASIBLE,True,0.06800436973571777,25,32,0.06800436973571777
4-15-2-weakcorr-3.txt,4,15,0.2,weakly_correlated,3,1,1,FEASIBLE,True,0.07835078239440918,32,44,0.07835078239440918
4-15-2-weakcorr-4.txt,4,15,0.2,weakly_correlated,4,1,1,FEASIBLE,True,0.05454206466674805,24,32,0.05454206466674805
4-15-2-weakcorr-5.txt,4,15,0.2,weakly_correlated,5,1,1,FEASIBLE,True,0.05621480941772461,22,32,0.05621480941772461
4-15-2-weakcorr-6.txt,4,15,0.2,weakly_correlated,6,1,1,FEASIBLE,True,0.05651593208312988,25,32,0.05651593208312988
4-15-2-weakcorr-7.txt,4,15,0.2,weakly_correlated,7,1,1,FEASIBLE,True,0.057523250579833984,21,28,0.057523250579833984
4-15-2-weakcorr-8.txt,4,15,0.2,weakly_correlated,8,1,1,FEASIBLE,True,0.05300092697143555,24,28,0.05300092697143555
4-15-2-weakcorr-9.txt,4,15,0.2,weakly_correlated,9,1,1,FEASIBLE,True,0.06151700019836426,22,32,0.06151700019836426
4-15-5-strongcorr-0.txt,4,15,0.5,strongly_correlated,0,1,1,FEASIBLE,True,0.13059425354003906,53,76,0.13059425354003906
4-15-5-strongcorr-1.txt,4,15,0.5,strongly_correlated,1,1,1,FEASIBLE,True,0.09723663330078125,39,56,0.09723663330078125
4-15-5-strongcorr-2.txt,4,15,0.5,strongly_correlated,2,1,1,FEASIBLE,True,0.05952167510986328,31,36,0.05952167510986328
4-15-5-strongcorr-3.txt,4,15,0.5,strongly_correlated,3,1,1,FEASIBLE,True,0.11852073669433594,40,64,0.11852073669433594
4-15-5-strongcorr-4.txt,4,15,0.5,strongly_correlated,4,1,1,FEASIBLE,True,0.05300474166870117,28,32,0.05300474166870117
4-15-5-strongcorr-5.txt,4,15,0.5,strongly_correlated,5,1,1,FEASIBLE,True,0.11704301834106445,47,68,0.1160430908203125
4-15-5-strongcorr-6.txt,4,15,0.5,strongly_correlated,6,1,1,FEASIBLE,True,0.07399702072143555,30,44,0.07399702072143555
4-15-5-strongcorr-7.txt,4,15,0.5,strongly_correlated,7,1,1,FEASIBLE,True,0.1420588493347168,45,68,0.1420588493347168
4-15-5-strongcorr-8.txt,4,15,0.5,strongly_correlated,8,1,1,FEASIBLE,True,0.06300973892211914,29,36,0.06300973892211914
4-15-5-strongcorr-9.txt,4,15,0.5,strongly_correlated,9,1,1,FEASIBLE,True,0.20024609565734863,55,96,0.20024609565734863
4-15-5-uncorr-0.txt,4,15,0.5,uncorrelated,0,1,1,FEASIBLE,True,0.06058931350708008,25,36,0.06058931350708008
4-15-5-uncorr-1.txt,4,15,0.5,uncorrelated,1,1,1,FEASIBLE,True,0.05933094024658203,27,36,0.05933094024658203
4-15-5-uncorr-2.txt,4,15,0.5,uncorrelated,2,1,1,FEASIBLE,True,0.07353520393371582,31,44,0.07353520393371582
4-15-5-uncorr-3.txt,4,15,0.5,uncorrelated,3,1,1,FEASIBLE,True,0.06115102767944336,26,36,0.06115102767944336
4-15-5-uncorr-4.txt,4,15,0.5,uncorrelated,4,1,1,FEASIBLE,True,0.065765380859375,29,36,0.065765380859375
4-15-5-uncorr-5.txt,4,15,0.5,uncorrelated,5,1,1,FEASIBLE,True,0.06199955940246582,28,36,0.06199955940246582
4-15-5-uncorr-6.txt,4,15,0.5,uncorrelated,6,1,1,FEASIBLE,True,0.04753684997558594,24,28,0.04753684997558594
4-15-5-uncorr-7.txt,4,15,0.5,uncorrelated,7,1,1,FEASIBLE,True,0.05400657653808594,24,32,0.05400657653808594
4-15-5-uncorr-8.txt,4,15,0.5,uncorrelated,8,1,1,FEASIBLE,True,0.047514915466308594,23,28,0.04651618003845215
4-15-5-uncorr-9.txt,4,15,0.5,uncorrelated,9,1,1,FEASIBLE,True,0.05985260009765625,26,36,0.05985260009765625
4-15-5-weakcorr-0.txt,4,15,0.5,weakly_correlated,0,1,1,FEASIBLE,True,0.13103723526000977,37,56,0.1300370693206787
4-15-5-weakcorr-1.txt,4,15,0.5,weakly_correlated,1,1,1,FEASIBLE,True,0.14851975440979004,51,76,0.14851975440979004
4-15-5-weakcorr-2.txt,4,15,0.5,weakly_correlated,2,1,1,FEASIBLE,True,0.11253046989440918,44,56,0.11253046989440918
4-15-5-weakcorr-3.txt,4,15,0.5,weakly_correlated,3,1,1,FEASIBLE,True,0.05251598358154297,25,32,0.051516056060791016
4-15-5-weakcorr-4.txt,4,15,0.5,weakly_correlated,4,1,1,FEASIBLE,True,0.0797421932220459,32,44,0.0797421932220459
4-15-5-weakcorr-5.txt,4,15,0.5,weakly_correlated,5,1,1,FEASIBLE,True,0.08851957321166992,37,52,0.08851957321166992
4-15-5-weakcorr-6.txt,4,15,0.5,weakly_correlated,6,1,1,FEASIBLE,True,0.14535808563232422,51,76,0.14535808563232422
4-15-5-weakcorr-7.txt,4,15,0.5,weakly_correlated,7,1,1,FEASIBLE,True,0.0965261459350586,31,48,0.0965261459350586
4-15-5-weakcorr-8.txt,4,15,0.5,weakly_correlated,8,1,1,FEASIBLE,True,0.15303874015808105,50,84,0.15303874015808105
4-15-5-weakcorr-9.txt,4,15,0.5,weakly_correlated,9,1,1,FEASIBLE,True,0.12252664566040039,48,64,0.12252664566040039
4-20-2-strongcorr-0.txt,4,20,0.2,strongly_correlated,0,1,1,FEASIBLE,True,0.0575251579284668,24,28,0.0575251579284668
4-20-2-strongcorr-1.txt,4,20,0.2,strongly_correlated,1,1,1,FEASIBLE,True,0.08500862121582031,26,36,0.08500862121582031
4-20-2-strongcorr-2.txt,4,20,0.2,strongly_correlated,2,1,1,FEASIBLE,True,0.08751606941223145,30,44,0.08751606941223145
4-20-2-strongcorr-3.txt,4,20,0.2,strongly_correlated,3,1,1,FEASIBLE,True,0.09753298759460449,34,48,0.09753298759460449
4-20-2-strongcorr-4.txt,4,20,0.2,strongly_correlated,4,1,1,FEASIBLE,True,0.06822896003723145,23,28,0.06822896003723145
4-20-2-strongcorr-5.txt,4,20,0.2,strongly_correlated,5,1,1,FEASIBLE,True,0.06652545928955078,30,40,0.06652545928955078
4-20-2-strongcorr-6.txt,4,20,0.2,strongly_correlated,6,1,1,FEASIBLE,True,0.0863652229309082,30,48,0.0863652229309082
4-20-2-strongcorr-7.txt,4,20,0.2,strongly_correlated,7,1,1,FEASIBLE,True,0.10961675643920898,29,36,0.10961675643920898
4-20-2-strongcorr-8.txt,4,20,0.2,strongly_correlated,8,1,1,FEASIBLE,True,0.1657578945159912,48,80,0.1657578945159912
4-20-2-strongcorr-9.txt,4,20,0.2,strongly_correlated,9,1,1,FEASIBLE,True,0.11253619194030762,36,48,0.11253619194030762
4-20-2-uncorr-0.txt,4,20,0.2,uncorrelated,0,1,1,FEASIBLE,True,0.04851579666137695,22,28,0.04851579666137695
4-20-2-uncorr-1.txt,4,20,0.2,uncorrelated,1,1,1,FEASIBLE,True,0.05752277374267578,23,32,0.05752277374267578
4-20-2-uncorr-2.txt,4,20,0.2,uncorrelated,2,1,1,FEASIBLE,True,0.06699562072753906,26,36,0.06699562072753906
4-20-2-uncorr-3.txt,4,20,0.2,uncorrelated,3,1,1,FEASIBLE,True,0.05352449417114258,23,32,0.05352449417114258
4-20-2-uncorr-4.txt,4,20,0.2,uncorrelated,4,1,1,FEASIBLE,True,0.0540010929107666,22,32,0.0540010929107666
4-20-2-uncorr-5.txt,4,20,0.2,uncorrelated,5,1,1,FEASIBLE,True,0.048271894454956055,22,28,0.048271894454956055
4-20-2-uncorr-6.txt,4,20,0.2,uncorrelated,6,1,1,FEASIBLE,True,0.05400896072387695,26,32,0.05400896072387695
4-20-2-uncorr-7.txt,4,20,0.2,uncorrelated,7,1,1,FEASIBLE,True,0.054772138595581055,22,32,0.054772138595581055
4-20-2-uncorr-8.txt,4,20,0.2,uncorrelated,8,1,1,FEASIBLE,True,0.06151628494262695,25,36,0.06151628494262695
4-20-2-uncorr-9.txt,4,20,0.2,uncorrelated,9,1,1,FEASIBLE,True,0.04800152778625488,23,28,0.04800152778625488
4-20-2-weakcorr-0.txt,4,20,0.2,weakly_correlated,0,1,1,FEASIBLE,True,0.07551956176757812,22,32,0.07551956176757812
4-20-2-weakcorr-1.txt,4,20,0.2,weakly_correlated,1,1,1,FEASIBLE,True,0.04766035079956055,20,24,0.04766035079956055
4-20-2-weakcorr-2.txt,4,20,0.2,weakly_correlated,2,1,1,FEASIBLE,True,0.04851484298706055,20,24,0.04851484298706055
4-20-2-weakcorr-3.txt,4,20,0.2,weakly_correlated,3,1,1,FEASIBLE,True,0.060005903244018555,22,32,0.060005903244018555
4-20-2-weakcorr-4.txt,4,20,0.2,weakly_correlated,4,1,1,FEASIBLE,True,0.056001901626586914,23,28,0.056001901626586914
4-20-2-weakcorr-5.txt,4,20,0.2,weakly_correlated,5,1,1,FEASIBLE,True,0.07152342796325684,22,32,0.07152342796325684
4-20-2-weakcorr-6.txt,4,20,0.2,weakly_correlated,6,1,1,FEASIBLE,True,0.07552528381347656,25,36,0.07552528381347656
4-20-2-weakcorr-7.txt,4,20,0.2,weakly_correlated,7,1,1,FEASIBLE,True,0.06599783897399902,24,40,0.06599783897399902
4-20-2-weakcorr-8.txt,4,20,0.2,weakly_correlated,8,1,1,FEASIBLE,True,0.0695195198059082,22,32,0.0695195198059082
4-20-2-weakcorr-9.txt,4,20,0.2,weakly_correlated,9,1,1,FEASIBLE,True,0.08752799034118652,32,44,0.08752799034118652
4-20-5-strongcorr-0.txt,4,20,0.5,strongly_correlated,0,1,1,FEASIBLE,True,0.1285114288330078,37,60,0.12751102447509766
4-20-5-strongcorr-1.txt,4,20,0.5,strongly_correlated,1,1,1,FEASIBLE,True,0.07826066017150879,30,40,0.07826066017150879
4-20-5-strongcorr-2.txt,4,20,0.5,strongly_correlated,2,1,1,FEASIBLE,True,0.05352020263671875,27,32,0.05352020263671875
4-20-5-strongcorr-3.txt,4,20,0.5,strongly_correlated,3,1,1,FEASIBLE,True,0.08501267433166504,34,48,0.08501267433166504
4-20-5-strongcorr-4.txt,4,20,0.5,strongly_correlated,4,1,1,FEASIBLE,True,0.09351348876953125,39,52,0.09351348876953125
4-20-5-strongcorr-5.txt,4,20,0.5,strongly_correlated,5,1,1,FEASIBLE,True,0.07952141761779785,32,44,0.07952141761779785
4-20-5-strongcorr-6.txt,4,20,0.5,strongly_correlated,6,1,1,FEASIBLE,True,0.08453059196472168,35,44,0.08453059196472168
4-20-5-strongcorr-7.txt,4,20,0.5,strongly_correlated,7,1,1,FEASIBLE,True,0.07369780540466309,28,36,0.07369780540466309
4-20-5-strongcorr-8.txt,4,20,0.5,strongly_correlated,8,1,1,FEASIBLE,True,0.3045775890350342,70,108,0.3045775890350342
4-20-5-strongcorr-9.txt,4,20,0.5,strongly_correlated,9,1,1,FEASIBLE,True,0.12952136993408203,44,60,0.12952136993408203
4-20-5-uncorr-0.txt,4,20,0.5,uncorrelated,0,1,1,FEASIBLE,True,0.05508017539978027,24,32,0.05408024787902832
4-20-5-uncorr-1.txt,4,20,0.5,uncorrelated,1,1,1,FEASIBLE,True,0.05500030517578125,25,32,0.05500030517578125
4-20-5-uncorr-2.txt,4,20,0.5,uncorrelated,2,1,1,FEASIBLE,True,0.06053042411804199,28,36,0.06053042411804199
4-20-5-uncorr-3.txt,4,20,0.5,uncorrelated,3,1,1,FEASIBLE,True,0.04803895950317383,24,28,0.04803895950317383
4-20-5-uncorr-4.txt,4,20,0.5,uncorrelated,4,1,1,FEASIBLE,True,0.054514169692993164,25,32,0.054514169692993164
4-20-5-uncorr-5.txt,4,20,0.5,uncorrelated,5,1,1,FEASIBLE,True,0.06258797645568848,24,36,0.06158638000488281
4-20-5-uncorr-6.txt,4,20,0.5,uncorrelated,6,1,1,FEASIBLE,True,0.06099867820739746,30,36,0.06099867820739746
4-20-5-uncorr-7.txt,4,20,0.5,uncorrelated,7,1,1,FEASIBLE,True,0.0535123348236084,26,32,0.0535123348236084
4-20-5-uncorr-8.txt,4,20,0.5,uncorrelated,8,1,1,FEASIBLE,True,0.07452964782714844,31,44,0.07452964782714844
4-20-5-uncorr-9.txt,4,20,0.5,uncorrelated,9,1,1,FEASIBLE,True,0.07501053810119629,31,44,0.07501053810119629
4-20-5-weakcorr-0.txt,4,20,0.5,weakly_correlated,0,1,1,FEASIBLE,True,0.07651710510253906,26,32,0.07651710510253906
4-20-5-weakcorr-1.txt,4,20,0.5,weakly_correlated,1,1,1,FEASIBLE,True,0.1410539150238037,46,72,0.1410539150238037
4-20-5-weakcorr-2.txt,4,20,0.5,weakly_correlated,2,1,1,FEASIBLE,True,0.15452361106872559,43,56,0.15452361106872559
4-20-5-weakcorr-3.txt,4,20,0.5,weakly_correlated,3,1,1,FEASIBLE,True,0.11605548858642578,33,56,0.11605548858642578
4-20-5-weakcorr-4.txt,4,20,0.5,weakly_correlated,4,1,1,FEASIBLE,True,0.08852481842041016,35,48,0.08852481842041016
4-20-5-weakcorr-5.txt,4,20,0.5,weakly_correlated,5,1,1,FEASIBLE,True,0.06892824172973633,32,40,0.06892824172973633
4-20-5-weakcorr-6.txt,4,20,0.5,weakly_correlated,6,1,1,FEASIBLE,True,0.24523520469665527,72,100,0.24523520469665527
4-20-5-weakcorr-7.txt,4,20,0.5,weakly_correlated,7,1,1,FEASIBLE,True,0.07800912857055664,31,44,0.07800912857055664
4-20-5-weakcorr-8.txt,4,20,0.5,weakly_correlated,8,1,1,FEASIBLE,True,0.1280517578125,39,52,0.1280517578125
4-20-5-weakcorr-9.txt,4,20,0.5,weakly_correlated,9,1,1,FEASIBLE,True,0.18453407287597656,52,84,0.18353557586669922
4-30-2-strongcorr-0.txt,4,30,0.2,strongly_correlated,0,1,1,FEASIBLE,True,0.1083526611328125,35,48,0.1083526611328125
4-30-2-strongcorr-1.txt,4,30,0.2,strongly_correlated,1,1,1,FEASIBLE,True,0.14652371406555176,39,44,0.1455223560333252
4-30-2-strongcorr-2.txt,4,30,0.2,strongly_correlated,2,1,1,FEASIBLE,True,0.08894538879394531,32,40,0.08894538879394531
4-30-2-strongcorr-3.txt,4,30,0.2,strongly_correlated,3,1,1,FEASIBLE,True,0.059621572494506836,24,32,0.059621572494506836
4-30-2-strongcorr-4.txt,4,30,0.2,strongly_correlated,4,1,1,FEASIBLE,True,0.1315321922302246,37,48,0.13053250312805176
4-30-2-strongcorr-5.txt,4,30,0.2,strongly_correlated,5,1,1,FEASIBLE,True,0.09577131271362305,27,44,0.09577131271362305
4-30-2-strongcorr-6.txt,4,30,0.2,strongly_correlated,6,1,1,FEASIBLE,True,0.08552145957946777,28,36,0.08452200889587402
4-30-2-strongcorr-7.txt,4,30,0.2,strongly_correlated,7,1,1,FEASIBLE,True,0.1345233917236328,33,44,0.1345233917236328
4-30-2-strongcorr-8.txt,4,30,0.2,strongly_correlated,8,1,1,FEASIBLE,True,0.31987643241882324,55,84,0.3188765048980713
4-30-2-strongcorr-9.txt,4,30,0.2,strongly_correlated,9,1,1,FEASIBLE,True,0.09151983261108398,32,40,0.09151983261108398
4-30-2-uncorr-0.txt,4,30,0.2,uncorrelated,0,1,1,FEASIBLE,True,0.060523033142089844,25,32,0.060523033142089844
4-30-2-uncorr-1.txt,4,30,0.2,uncorrelated,1,1,1,FEASIBLE,True,0.08952713012695312,28,40,0.08952713012695312
4-30-2-uncorr-2.txt,4,30,0.2,uncorrelated,2,1,1,FEASIBLE,True,0.10453319549560547,35,52,0.10353350639343262
4-30-2-uncorr-3.txt,4,30,0.2,uncorrelated,3,1,1,FEASIBLE,True,0.05014538764953613,24,28,0.05014538764953613
4-30-2-uncorr-4.txt,4,30,0.2,uncorrelated,4,1,1,FEASIBLE,True,0.0735166072845459,27,40,0.0735166072845459
4-30-2-uncorr-5.txt,4,30,0.2,uncorrelated,5,1,1,FEASIBLE,True,0.06452202796936035,27,36,0.06452202796936035
4-30-2-uncorr-6.txt,4,30,0.2,uncorrelated,6,1,1,FEASIBLE,True,0.08452439308166504,32,44,0.08452439308166504
4-30-2-uncorr-7.txt,4,30,0.2,uncorrelated,7,1,1,FEASIBLE,True,0.04999947547912598,23,28,0.04999947547912598
4-30-2-uncorr-8.txt,4,30,0.2,uncorrelated,8,1,1,FEASIBLE,True,0.08652162551879883,32,44,0.08652162551879883
4-30-2-uncorr-9.txt,4,30,0.2,uncorrelated,9,1,1,FEASIBLE,True,0.07052230834960938,28,36,0.07052230834960938
4-30-2-weakcorr-0.txt,4,30,0.2,weakly_correlated,0,1,1,FEASIBLE,True,0.1270594596862793,30,36,0.1270594596862793
4-30-2-weakcorr-1.txt,4,30,0.2,weakly_correlated,1,1,1,FEASIBLE,True,0.07360243797302246,25,36,0.07360243797302246
4-30-2-weakcorr-2.txt,4,30,0.2,weakly_correlated,2,1,1,FEASIBLE,True,0.09452652931213379,24,28,0.09452652931213379
4-30-2-weakcorr-3.txt,4,30,0.2,weakly_correlated,3,1,1,FEASIBLE,True,0.058561086654663086,25,32,0.058561086654663086
4-30-2-weakcorr-4.txt,4,30,0.2,weakly_correlated,4,1,1,FEASIBLE,True,0.10204172134399414,33,44,0.10204172134399414
4-30-2-weakcorr-5.txt,4,30,0.2,weakly_correlated,5,1,1,FEASIBLE,True,0.07641363143920898,27,36,0.07641363143920898
4-30-2-weakcorr-6.txt,4,30,0.2,weakly_correlated,6,1,1,FEASIBLE,True,0.08831024169921875,30,36,0.0873103141784668
4-30-2-weakcorr-7.txt,4,30,0.2,weakly_correlated,7,1,1,FEASIBLE,True,0.08853030204772949,31,36,0.08853030204772949
4-30-2-weakcorr-8.txt,4,30,0.2,weakly_correlated,8,1,1,FEASIBLE,True,0.06852245330810547,25,32,0.06852245330810547
4-30-2-weakcorr-9.txt,4,30,0.2,weakly_correlated,9,1,1,FEASIBLE,True,0.12852072715759277,28,36,0.12752127647399902
4-30-5-strongcorr-0.txt,4,30,0.5,strongly_correlated,0,1,1,FEASIBLE,True,0.15284419059753418,43,64,0.15184426307678223
4-30-5-strongcorr-1.txt,4,30,0.5,strongly_correlated,1,1,1,FEASIBLE,True,0.08852458000183105,38,48,0.08852458000183105
4-30-5-strongcorr-2.txt,4,30,0.5,strongly_correlated,2,1,1,FEASIBLE,True,0.15952444076538086,58,84,0.15952444076538086
4-30-5-strongcorr-3.txt,4,30,0.5,strongly_correlated,3,1,1,FEASIBLE,True,0.058524370193481445,27,32,0.058524370193481445
4-30-5-strongcorr-4.txt,4,30,0.5,strongly_correlated,4,1,1,FEASIBLE,True,0.101531982421875,44,56,0.101531982421875
4-30-5-strongcorr-5.txt,4,30,0.5,strongly_correlated,5,1,1,FEASIBLE,True,0.08081626892089844,34,44,0.08081626892089844
4-30-5-strongcorr-6.txt,4,30,0.5,strongly_correlated,6,1,1,FEASIBLE,True,0.20308399200439453,48,68,0.20208406448364258
4-30-5-strongcorr-7.txt,4,30,0.5,strongly_correlated,7,1,1,FEASIBLE,True,0.08147072792053223,35,44,0.08147072792053223
4-30-5-strongcorr-8.txt,4,30,0.5,strongly_correlated,8,1,1,FEASIBLE,True,0.2718818187713623,71,116,0.2718818187713623
4-30-5-strongcorr-9.txt,4,30,0.5,strongly_correlated,9,1,1,FEASIBLE,True,0.05854606628417969,27,32,0.05854606628417969
4-30-5-uncorr-0.txt,4,30,0.5,uncorrelated,0,1,1,FEASIBLE,True,0.09351992607116699,35,52,0.09351992607116699
4-30-5-uncorr-1.txt,4,30,0.5,uncorrelated,1,1,1,FEASIBLE,True,0.057526350021362305,23,32,0.057526350021362305
4-30-5-uncorr-2.txt,4,30,0.5,uncorrelated,2,1,1,FEASIBLE,True,0.07112812995910645,31,40,0.07112812995910645
4-30-5-uncorr-3.txt,4,30,0.5,uncorrelated,3,1,1,FEASIBLE,True,0.08261704444885254,34,40,0.08161711692810059
4-30-5-uncorr-4.txt,4,30,0.5,uncorrelated,4,1,1,FEASIBLE,True,0.06669950485229492,26,36,0.06669950485229492
4-30-5-uncorr-5.txt,4,30,0.5,uncorrelated,5,1,1,FEASIBLE,True,0.05800652503967285,28,32,0.05800652503967285
4-30-5-uncorr-6.txt,4,30,0.5,uncorrelated,6,1,1,FEASIBLE,True,0.08751440048217773,38,48,0.08651447296142578
4-30-5-uncorr-7.txt,4,30,0.5,uncorrelated,7,1,1,FEASIBLE,True,0.05784797668457031,27,32,0.05784797668457031
4-30-5-uncorr-8.txt,4,30,0.5,uncorrelated,8,1,1,FEASIBLE,True,0.065521240234375,29,36,0.06452131271362305
4-30-5-uncorr-9.txt,4,30,0.5,uncorrelated,9,1,1,FEASIBLE,True,0.06399965286254883,30,36,0.06399965286254883
4-30-5-weakcorr-0.txt,4,30,0.5,weakly_correlated,0,1,1,FEASIBLE,True,0.11127257347106934,30,36,0.11127257347106934
4-30-5-weakcorr-1.txt,4,30,0.5,weakly_correlated,1,1,1,FEASIBLE,True,0.2250196933746338,52,84,0.2250196933746338
4-30-5-weakcorr-2.txt,4,30,0.5,weakly_correlated,2,1,1,FEASIBLE,True,0.1345229148864746,42,56,0.1345229148864746
4-30-5-weakcorr-3.txt,4,30,0.5,weakly_correlated,3,1,1,FEASIBLE,True,0.6970038414001465,117,188,0.6960058212280273
4-30-5-weakcorr-4.txt,4,30,0.5,weakly_correlated,4,1,1,FEASIBLE,True,0.14610743522644043,43,56,0.14610743522644043
4-30-5-weakcorr-5.txt,4,30,0.5,weakly_correlated,5,1,1,FEASIBLE,True,0.14672422409057617,37,56,0.14672422409057617
4-30-5-weakcorr-6.txt,4,30,0.5,weakly_correlated,6,1,1,FEASIBLE,True,0.19904780387878418,51,76,0.19904780387878418
4-30-5-weakcorr-7.txt,4,30,0.5,weakly_correlated,7,1,1,FEASIBLE,True,0.8404340744018555,142,184,0.8404340744018555
4-30-5-weakcorr-8.txt,4,30,0.5,weakly_correlated,8,1,1,FEASIBLE,True,0.1423196792602539,49,60,0.1423196792602539
4-30-5-weakcorr-9.txt,4,30,0.5,weakly_correlated,9,1,1,FEASIBLE,True,0.13852262496948242,39,48,0.13852262496948242
4-40-2-strongcorr-0.txt,4,40,0.2,strongly_correlated,0,1,1,FEASIBLE,True,0.1510028839111328,32,44,0.1510028839111328
4-40-2-strongcorr-1.txt,4,40,0.2,strongly_correlated,1,1,1,FEASIBLE,True,0.3146932125091553,53,80,0.3146932125091553
4-40-2-strongcorr-2.txt,4,40,0.2,strongly_correlated,2,1,1,FEASIBLE,True,0.10252189636230469,31,40,0.10252189636230469
4-40-2-strongcorr-3.txt,4,40,0.2,strongly_correlated,3,1,1,FEASIBLE,True,0.7126147747039795,113,164,0.7116093635559082
4-40-2-strongcorr-4.txt,4,40,0.2,strongly_correlated,4,1,1,FEASIBLE,True,0.17585277557373047,43,72,0.17585277557373047
4-40-2-strongcorr-5.txt,4,40,0.2,strongly_correlated,5,1,1,FEASIBLE,True,0.1335303783416748,33,40,0.1335303783416748
4-40-2-strongcorr-6.txt,4,40,0.2,strongly_correlated,6,1,1,FEASIBLE,True,0.19126367568969727,45,56,0.19126367568969727
4-40-2-strongcorr-7.txt,4,40,0.2,strongly_correlated,7,1,1,FEASIBLE,True,0.21474385261535645,50,72,0.21373581886291504
4-40-2-strongcorr-8.txt,4,40,0.2,strongly_correlated,8,1,1,FEASIBLE,True,0.0870053768157959,30,40,0.0870053768157959
4-40-2-strongcorr-9.txt,4,40,0.2,strongly_correlated,9,1,1,FEASIBLE,True,0.0605158805847168,27,32,0.0605158805847168
4-40-2-uncorr-0.txt,4,40,0.2,uncorrelated,0,1,1,FEASIBLE,True,0.059122562408447266,25,32,0.059122562408447266
4-40-2-uncorr-1.txt,4,40,0.2,uncorrelated,1,1,1,FEASIBLE,True,0.06100606918334961,26,32,0.06100606918334961
4-40-2-uncorr-2.txt,4,40,0.2,uncorrelated,2,1,1,FEASIBLE,True,0.05877327919006348,26,32,0.05877327919006348
4-40-2-uncorr-3.txt,4,40,0.2,uncorrelated,3,1,1,FEASIBLE,True,0.07252287864685059,26,36,0.07252287864685059
4-40-2-uncorr-4.txt,4,40,0.2,uncorrelated,4,1,1,FEASIBLE,True,0.055036306381225586,22,28,0.055036306381225586
4-40-2-uncorr-5.txt,4,40,0.2,uncorrelated,5,1,1,FEASIBLE,True,0.05052518844604492,22,28,0.05052518844604492
4-40-2-uncorr-6.txt,4,40,0.2,uncorrelated,6,1,1,FEASIBLE,True,0.06700778007507324,28,32,0.06700778007507324
4-40-2-uncorr-7.txt,4,40,0.2,uncorrelated,7,1,1,FEASIBLE,True,0.05210995674133301,23,28,0.05210995674133301
4-40-2-uncorr-8.txt,4,40,0.2,uncorrelated,8,1,1,FEASIBLE,True,0.06752300262451172,30,36,0.06652307510375977
4-40-2-uncorr-9.txt,4,40,0.2,uncorrelated,9,1,1,FEASIBLE,True,0.10152435302734375,30,44,0.10152435302734375
4-40-2-weakcorr-0.txt,4,40,0.2,weakly_correlated,0,1,1,FEASIBLE,True,0.06204414367675781,20,24,0.06204414367675781
4-40-2-weakcorr-1.txt,4,40,0.2,weakly_correlated,1,1,1,FEASIBLE,True,0.11104059219360352,35,44,0.11104059219360352
4-40-2-weakcorr-2.txt,4,40,0.2,weakly_correlated,2,1,1,FEASIBLE,True,0.13253140449523926,35,44,0.13253140449523926
4-40-2-weakcorr-3.txt,4,40,0.2,weakly_correlated,3,1,1,FEASIBLE,True,0.05452537536621094,24,28,0.05452537536621094
4-40-2-weakcorr-4.txt,4,40,0.2,weakly_correlated,4,1,1,FEASIBLE,True,0.09116673469543457,31,44,0.09016633033752441
4-40-2-weakcorr-5.txt,4,40,0.2,weakly_correlated,5,1,1,FEASIBLE,True,0.08852005004882812,27,40,0.08852005004882812
4-40-2-weakcorr-6.txt,4,40,0.2,weakly_correlated,6,1,1,FEASIBLE,True,0.09652495384216309,31,36,0.09652495384216309
4-40-2-weakcorr-7.txt,4,40,0.2,weakly_correlated,7,1,1,FEASIBLE,True,0.14219212532043457,39,52,0.14219212532043457
4-40-2-weakcorr-8.txt,4,40,0.2,weakly_correlated,8,1,1,FEASIBLE,True,0.08555412292480469,25,32,0.08455443382263184
4-40-2-weakcorr-9.txt,4,40,0.2,weakly_correlated,9,1,1,FEASIBLE,True,0.07879471778869629,25,32,0.07879471778869629
4-40-5-strongcorr-0.txt,4,40,0.5,strongly_correlated,0,1,1,FEASIBLE,True,0.0689992904663086,32,36,0.0689992904663086
4-40-5-strongcorr-1.txt,4,40,0.5,strongly_correlated,1,1,1,FEASIBLE,True,0.09253859519958496,38,48,0.09253859519958496
4-40-5-strongcorr-2.txt,4,40,0.5,strongly_correlated,2,1,1,FEASIBLE,True,0.0835874080657959,34,44,0.0835874080657959
4-40-5-strongcorr-3.txt,4,40,0.5,strongly_correlated,3,1,1,FEASIBLE,True,0.8522672653198242,172,232,0.8512678146362305
4-40-5-strongcorr-4.txt,4,40,0.5,strongly_correlated,4,1,1,FEASIBLE,True,0.7858536243438721,138,192,0.7848539352416992
4-40-5-strongcorr-5.txt,4,40,0.5,strongly_correlated,5,1,1,FEASIBLE,True,0.15728521347045898,52,80,0.15728521347045898
4-40-5-strongcorr-6.txt,4,40,0.5,strongly_correlated,6,1,1,FEASIBLE,True,0.24357175827026367,71,100,0.24257278442382812
4-40-5-strongcorr-7.txt,4,40,0.5,strongly_correlated,7,1,1,FEASIBLE,True,0.15252399444580078,46,60,0.15152382850646973
4-40-5-strongcorr-8.txt,4,40,0.5,strongly_correlated,8,1,1,FEASIBLE,True,0.13178181648254395,39,52,0.1307816505432129
4-40-5-strongcorr-9.txt,4,40,0.5,strongly_correlated,9,1,1,FEASIBLE,True,0.06955862045288086,29,36,0.06955862045288086
4-40-5-uncorr-0.txt,4,40,0.5,uncorrelated,0,1,1,FEASIBLE,True,0.05266594886779785,23,28,0.05266594886779785
4-40-5-uncorr-1.txt,4,40,0.5,uncorrelated,1,1,1,FEASIBLE,True,0.06800580024719238,28,36,0.06700730323791504
4-40-5-uncorr-2.txt,4,40,0.5,uncorrelated,2,1,1,FEASIBLE,True,0.12303996086120605,46,64,0.12303996086120605
4-40-5-uncorr-3.txt,4,40,0.5,uncorrelated,3,1,1,FEASIBLE,True,0.06700778007507324,29,36,0.06700778007507324
4-40-5-uncorr-4.txt,4,40,0.5,uncorrelated,4,1,1,FEASIBLE,True,0.09952044486999512,32,52,0.09952044486999512
4-40-5-uncorr-5.txt,4,40,0.5,uncorrelated,5,1,1,FEASIBLE,True,0.09267783164978027,36,48,0.09267783164978027
4-40-5-uncorr-6.txt,4,40,0.5,uncorrelated,6,1,1,FEASIBLE,True,0.07566380500793457,30,40,0.07566380500793457
4-40-5-uncorr-7.txt,4,40,0.5,uncorrelated,7,1,1,FEASIBLE,True,0.07660222053527832,32,40,0.07660222053527832
4-40-5-uncorr-8.txt,4,40,0.5,uncorrelated,8,1,1,FEASIBLE,True,0.0615239143371582,27,32,0.0615239143371582
4-40-5-uncorr-9.txt,4,40,0.5,uncorrelated,9,1,1,FEASIBLE,True,0.1017615795135498,38,52,0.1017615795135498
4-40-5-weakcorr-0.txt,4,40,0.5,weakly_correlated,0,1,1,FEASIBLE,True,0.3483884334564209,85,132,0.34738922119140625
4-40-5-weakcorr-1.txt,4,40,0.5,weakly_correlated,1,1,1,FEASIBLE,True,0.08385992050170898,31,36,0.08385992050170898
4-40-5-weakcorr-2.txt,4,40,0.5,weakly_correlated,2,1,1,FEASIBLE,True,0.2936289310455322,72,88,0.2936289310455322
4-40-5-weakcorr-3.txt,4,40,0.5,weakly_correlated,3,1,1,FEASIBLE,True,0.26935505867004395,61,88,0.268355131149292
4-40-5-weakcorr-4.txt,4,40,0.5,weakly_correlated,4,1,1,FEASIBLE,True,0.17453622817993164,48,60,0.17453622817993164
4-40-5-weakcorr-5.txt,4,40,0.5,weakly_correlated,5,1,1,FEASIBLE,True,0.12517023086547852,40,48,0.12517023086547852
4-40-5-weakcorr-6.txt,4,40,0.5,weakly_correlated,6,1,1,FEASIBLE,True,0.20015883445739746,53,76,0.20015883445739746
4-40-5-weakcorr-7.txt,4,40,0.5,weakly_correlated,7,1,1,FEASIBLE,True,0.12822914123535156,37,52,0.12822914123535156
4-40-5-weakcorr-8.txt,4,40,0.5,weakly_correlated,8,1,1,FEASIBLE,True,0.21625494956970215,45,56,0.21625494956970215
4-40-5-weakcorr-9.txt,4,40,0.5,weakly_correlated,9,1,1,FEASIBLE,True,0.3120908737182617,56,92,0.3120908737182617
4-5-2-strongcorr-0.txt,4,5,0.2,strongly_correlated,0,1,1,FEASIBLE,True,0.038661956787109375,7,24,0.038661956787109375
4-5-2-strongcorr-1.txt,4,5,0.2,strongly_correlated,1,1,1,FEASIBLE,True,0.049999237060546875,21,32,0.049999237060546875
4-5-2-strongcorr-2.txt,4,5,0.2,strongly_correlated,2,1,1,FEASIBLE,True,0.03752303123474121,16,24,0.03752303123474121
4-5-2-strongcorr-3.txt,4,5,0.2,strongly_correlated,3,1,1,FEASIBLE,True,0.04500222206115723,9,28,0.04500222206115723
4-5-2-strongcorr-4.txt,4,5,0.2,strongly_correlated,4,1,1,FEASIBLE,True,0.04352450370788574,17,28,0.04352450370788574
4-5-2-strongcorr-5.txt,4,5,0.2,strongly_correlated,5,1,1,FEASIBLE,True,0.037163496017456055,20,24,0.037163496017456055
4-5-2-strongcorr-6.txt,4,5,0.2,strongly_correlated,6,1,1,FEASIBLE,True,0.05020332336425781,18,32,0.05020332336425781
4-5-2-strongcorr-7.txt,4,5,0.2,strongly_correlated,7,1,1,FEASIBLE,True,0.04300045967102051,13,28,0.04300045967102051
4-5-2-strongcorr-8.txt,4,5,0.2,strongly_correlated,8,1,1,FEASIBLE,True,0.03700137138366699,16,24,0.03700137138366699
4-5-2-strongcorr-9.txt,4,5,0.2,strongly_correlated,9,1,1,FEASIBLE,True,0.04252433776855469,13,28,0.04252433776855469
4-5-2-uncorr-0.txt,4,5,0.2,uncorrelated,0,1,1,FEASIBLE,True,0.03799867630004883,16,24,0.03699851036071777
4-5-2-uncorr-1.txt,4,5,0.2,uncorrelated,1,1,1,FEASIBLE,True,0.043523311614990234,23,28,0.043523311614990234
4-5-2-uncorr-2.txt,4,5,0.2,uncorrelated,2,1,1,FEASIBLE,True,0.05499744415283203,22,36,0.05499744415283203
4-5-2-uncorr-3.txt,4,5,0.2,uncorrelated,3,1,1,FEASIBLE,True,0.036530494689941406,19,24,0.036530494689941406
4-5-2-uncorr-4.txt,4,5,0.2,uncorrelated,4,1,1,FEASIBLE,True,0.036997079849243164,12,24,0.036997079849243164
4-5-2-uncorr-5.txt,4,5,0.2,uncorrelated,5,1,1,FEASIBLE,True,0.037000179290771484,19,24,0.037000179290771484
4-5-2-uncorr-6.txt,4,5,0.2,uncorrelated,6,1,1,FEASIBLE,True,0.05552363395690918,23,36,0.05552363395690918
4-5-2-uncorr-7.txt,4,5,0.2,uncorrelated,7,1,1,FEASIBLE,True,0.043126821517944336,18,28,0.043126821517944336
4-5-2-uncorr-8.txt,4,5,0.2,uncorrelated,8,1,1,FEASIBLE,True,0.03635883331298828,20,24,0.03635883331298828
4-5-2-uncorr-9.txt,4,5,0.2,uncorrelated,9,1,1,FEASIBLE,True,0.03800034523010254,15,24,0.03800034523010254
4-5-2-weakcorr-0.txt,4,5,0.2,weakly_correlated,0,1,1,FEASIBLE,True,0.03828144073486328,11,24,0.03828144073486328
4-5-2-weakcorr-1.txt,4,5,0.2,weakly_correlated,1,1,1,FEASIBLE,True,0.051077842712402344,17,32,0.051077842712402344
4-5-2-weakcorr-2.txt,4,5,0.2,weakly_correlated,2,1,1,FEASIBLE,True,0.044380903244018555,19,28,0.044380903244018555
4-5-2-weakcorr-3.txt,4,5,0.2,weakly_correlated,3,1,1,FEASIBLE,True,0.0375669002532959,15,24,0.0375669002532959
4-5-2-weakcorr-4.txt,4,5,0.2,weakly_correlated,4,1,1,FEASIBLE,True,0.05100202560424805,18,32,0.05100202560424805
4-5-2-weakcorr-5.txt,4,5,0.2,weakly_correlated,5,1,1,FEASIBLE,True,0.050522565841674805,18,32,0.050522565841674805
4-5-2-weakcorr-6.txt,4,5,0.2,weakly_correlated,6,1,1,FEASIBLE,True,0.04499983787536621,20,28,0.04499983787536621
4-5-2-weakcorr-7.txt,4,5,0.2,weakly_correlated,7,1,1,FEASIBLE,True,0.04552960395812988,12,28,0.044528961181640625
4-5-2-weakcorr-8.txt,4,5,0.2,weakly_correlated,8,1,1,FEASIBLE,True,0.0390012264251709,16,24,0.0390012264251709
4-5-2-weakcorr-9.txt,4,5,0.2,weakly_correlated,9,1,1,FEASIBLE,True,0.03752017021179199,11,24,0.03752017021179199
4-5-5-strongcorr-0.txt,4,5,0.5,strongly_correlated,0,1,1,FEASIBLE,True,0.03900003433227539,19,24,0.03900003433227539
4-5-5-strongcorr-1.txt,4,5,0.5,strongly_correlated,1,1,1,FEASIBLE,True,0.05100703239440918,19,32,0.05100703239440918
4-5-5-strongcorr-2.txt,4,5,0.5,strongly_correlated,2,1,1,FEASIBLE,True,0.0495145320892334,23,32,0.0495145320892334
4-5-5-strongcorr-3.txt,4,5,0.5,strongly_correlated,3,1,1,FEASIBLE,True,0.04301095008850098,19,28,0.04301095008850098
4-5-5-strongcorr-4.txt,4,5,0.5,strongly_correlated,4,1,1,FEASIBLE,True,0.03751635551452637,15,24,0.03751635551452637
4-5-5-strongcorr-5.txt,4,5,0.5,strongly_correlated,5,1,1,FEASIBLE,True,0.03699970245361328,18,24,0.03699970245361328
4-5-5-strongcorr-6.txt,4,5,0.5,strongly_correlated,6,1,1,FEASIBLE,True,0.03752636909484863,16,24,0.03752636909484863
4-5-5-strongcorr-7.txt,4,5,0.5,strongly_correlated,7,1,1,FEASIBLE,True,0.03699970245361328,19,24,0.03699970245361328
4-5-5-strongcorr-8.txt,4,5,0.5,strongly_correlated,8,1,1,FEASIBLE,True,0.05600738525390625,19,36,0.05600738525390625
4-5-5-strongcorr-9.txt,4,5,0.5,strongly_correlated,9,1,1,FEASIBLE,True,0.04251456260681152,22,28,0.04251456260681152
4-5-5-uncorr-0.txt,4,5,0.5,uncorrelated,0,1,1,FEASIBLE,True,0.037015676498413086,16,24,0.037015676498413086
4-5-5-uncorr-1.txt,4,5,0.5,uncorrelated,1,1,1,FEASIBLE,True,0.0365602970123291,10,24,0.0365602970123291
4-5-5-uncorr-2.txt,4,5,0.5,uncorrelated,2,1,1,FEASIBLE,True,0.06099534034729004,20,40,0.06099534034729004
4-5-5-uncorr-3.txt,4,5,0.5,uncorrelated,3,1,1,FEASIBLE,True,0.04363751411437988,13,28,0.04363751411437988
4-5-5-uncorr-4.txt,4,5,0.5,uncorrelated,4,1,1,FEASIBLE,True,0.03699922561645508,18,24,0.03699922561645508
4-5-5-uncorr-5.txt,4,5,0.5,uncorrelated,5,1,1,FEASIBLE,True,0.037142038345336914,19,24,0.037142038345336914
4-5-5-uncorr-6.txt,4,5,0.5,uncorrelated,6,1,1,FEASIBLE,True,0.048517704010009766,18,32,0.048517704010009766
4-5-5-uncorr-7.txt,4,5,0.5,uncorrelated,7,1,1,FEASIBLE,True,0.04900717735290527,19,32,0.04900717735290527
4-5-5-uncorr-8.txt,4,5,0.5,uncorrelated,8,1,1,FEASIBLE,True,0.037009477615356445,15,24,0.037009477615356445
4-5-5-uncorr-9.txt,4,5,0.5,uncorrelated,9,1,1,FEASIBLE,True,0.03699779510498047,20,24,0.03699779510498047
4-5-5-weakcorr-0.txt,4,5,0.5,weakly_correlated,0,1,1,FEASIBLE,True,0.043528079986572266,17,28,0.043528079986572266
4-5-5-weakcorr-1.txt,4,5,0.5,weakly_correlated,1,1,1,FEASIBLE,True,0.0372319221496582,16,24,0.0372319221496582
4-5-5-weakcorr-2.txt,4,5,0.5,weakly_correlated,2,1,1,FEASIBLE,True,0.04352140426635742,20,28,0.04352140426635742
4-5-5-weakcorr-3.txt,4,5,0.5,weakly_correlated,3,1,1,FEASIBLE,True,0.036997079849243164,7,24,0.036997079849243164
4-5-5-weakcorr-4.txt,4,5,0.5,weakly_correlated,4,1,1,FEASIBLE,True,0.054004669189453125,17,36,0.054004669189453125
4-5-5-weakcorr-5.txt,4,5,0.5,weakly_correlated,5,1,1,FEASIBLE,True,0.037517547607421875,16,24,0.03651762008666992
4-5-5-weakcorr-6.txt,4,5,0.5,weakly_correlated,6,1,1,FEASIBLE,True,0.03800034523010254,19,24,0.03800034523010254
4-5-5-weakcorr-7.txt,4,5,0.5,weakly_correlated,7,1,1,FEASIBLE,True,0.04852557182312012,22,32,0.04852557182312012
4-5-5-weakcorr-8.txt,4,5,0.5,weakly_correlated,8,1,1,FEASIBLE,True,0.04500007629394531,19,28,0.04500007629394531
4-5-5-weakcorr-9.txt,4,5,0.5,weakly_correlated,9,1,1,FEASIBLE,True,0.03754997253417969,16,24,0.03754997253417969
4-50-2-strongcorr-0.txt,4,50,0.2,strongly_correlated,0,1,1,FEASIBLE,True,0.10355210304260254,28,40,0.10355210304260254
4-50-2-strongcorr-1.txt,4,50,0.2,strongly_correlated,1,1,1,FEASIBLE,True,0.15752124786376953,43,68,0.15752124786376953
4-50-2-strongcorr-2.txt,4,50,0.2,strongly_correlated,2,1,1,FEASIBLE,True,0.1125342845916748,30,44,0.1125342845916748
4-50-2-strongcorr-3.txt,4,50,0.2,strongly_correlated,3,1,1,FEASIBLE,True,0.12058854103088379,38,48,0.11958885192871094
4-50-2-strongcorr-4.txt,4,50,0.2,strongly_correlated,4,1,1,FEASIBLE,True,0.27755284309387207,57,84,0.2765514850616455
4-50-2-strongcorr-5.txt,4,50,0.2,strongly_correlated,5,1,1,FEASIBLE,True,0.2235705852508545,40,56,0.2235705852508545
4-50-2-strongcorr-6.txt,4,50,0.2,strongly_correlated,6,1,1,FEASIBLE,True,0.10652685165405273,30,44,0.10652685165405273
4-50-2-strongcorr-7.txt,4,50,0.2,strongly_correlated,7,1,1,FEASIBLE,True,0.16229248046875,47,64,0.16229248046875
4-50-2-strongcorr-8.txt,4,50,0.2,strongly_correlated,8,1,1,FEASIBLE,True,0.5306344032287598,79,96,0.5296330451965332
4-50-2-strongcorr-9.txt,4,50,0.2,strongly_correlated,9,1,1,FEASIBLE,True,0.11678910255432129,33,40,0.11678910255432129
4-50-2-uncorr-0.txt,4,50,0.2,uncorrelated,0,1,1,FEASIBLE,True,0.08773970603942871,28,32,0.08773970603942871
4-50-2-uncorr-1.txt,4,50,0.2,uncorrelated,1,1,1,FEASIBLE,True,0.05862092971801758,23,28,0.05862092971801758
4-50-2-uncorr-2.txt,4,50,0.2,uncorrelated,2,1,1,FEASIBLE,True,0.09697127342224121,33,40,0.09697127342224121
4-50-2-uncorr-3.txt,4,50,0.2,uncorrelated,3,1,1,FEASIBLE,True,0.08025407791137695,32,40,0.07926678657531738
4-50-2-uncorr-4.txt,4,50,0.2,uncorrelated,4,1,1,FEASIBLE,True,0.09461307525634766,35,48,0.09361076354980469
4-50-2-uncorr-5.txt,4,50,0.2,uncorrelated,5,1,1,FEASIBLE,True,0.08728718757629395,32,40,0.0862877368927002
4-50-2-uncorr-6.txt,4,50,0.2,uncorrelated,6,1,1,FEASIBLE,True,0.06750702857971191,25,32,0.06750702857971191
4-50-2-uncorr-7.txt,4,50,0.2,uncorrelated,7,1,1,FEASIBLE,True,0.06332015991210938,28,32,0.06332015991210938
4-50-2-uncorr-8.txt,4,50,0.2,uncorrelated,8,1,1,FEASIBLE,True,0.05512547492980957,23,28,0.05512547492980957
4-50-2-uncorr-9.txt,4,50,0.2,uncorrelated,9,1,1,FEASIBLE,True,0.10271573066711426,32,40,0.10172700881958008
4-50-2-weakcorr-0.txt,4,50,0.2,weakly_correlated,0,1,1,FEASIBLE,True,0.09216785430908203,25,32,0.09216785430908203
4-50-2-weakcorr-1.txt,4,50,0.2,weakly_correlated,1,1,1,FEASIBLE,True,0.14538025856018066,30,40,0.14538025856018066
4-50-2-weakcorr-2.txt,4,50,0.2,weakly_correlated,2,1,1,FEASIBLE,True,0.11376619338989258,30,44,0.11376619338989258
4-50-2-weakcorr-3.txt,4,50,0.2,weakly_correlated,3,1,1,FEASIBLE,True,0.08207035064697266,25,32,0.08207035064697266
4-50-2-weakcorr-4.txt,4,50,0.2,weakly_correlated,4,1,1,FEASIBLE,True,0.126723051071167,33,48,0.126723051071167
4-50-2-weakcorr-5.txt,4,50,0.2,weakly_correlated,5,1,1,FEASIBLE,True,0.11901736259460449,29,40,0.11901736259460449
4-50-2-weakcorr-6.txt,4,50,0.2,weakly_correlated,6,1,1,FEASIBLE,True,0.061066627502441406,26,32,0.061066627502441406
4-50-2-weakcorr-7.txt,4,50,0.2,weakly_correlated,7,1,1,FEASIBLE,True,0.17441773414611816,35,40,0.17441773414611816
4-50-2-weakcorr-8.txt,4,50,0.2,weakly_correlated,8,1,1,FEASIBLE,True,0.1305251121520996,29,36,0.1305251121520996
4-50-2-weakcorr-9.txt,4,50,0.2,weakly_correlated,9,1,1,FEASIBLE,True,0.22492313385009766,38,60,0.22492313385009766
4-50-5-strongcorr-0.txt,4,50,0.5,strongly_correlated,0,1,1,FEASIBLE,True,0.09054112434387207,37,44,0.09054112434387207
4-50-5-strongcorr-1.txt,4,50,0.5,strongly_correlated,1,1,1,FEASIBLE,True,0.5190355777740479,123,176,0.5180408954620361
4-50-5-strongcorr-2.txt,4,50,0.5,strongly_correlated,2,1,1,FEASIBLE,True,0.3852574825286865,99,148,0.38430094718933105
4-50-5-strongcorr-3.txt,4,50,0.5,strongly_correlated,3,1,1,FEASIBLE,True,0.10616588592529297,43,52,0.10516619682312012
4-50-5-strongcorr-4.txt,4,50,0.5,strongly_correlated,4,1,1,FEASIBLE,True,0.09661293029785156,35,48,0.09661293029785156
4-50-5-strongcorr-5.txt,4,50,0.5,strongly_correlated,5,1,1,FEASIBLE,True,0.07302379608154297,30,36,0.07302379608154297
4-50-5-strongcorr-6.txt,4,50,0.5,strongly_correlated,6,1,1,FEASIBLE,True,0.0639963150024414,28,32,0.0639963150024414
4-50-5-strongcorr-7.txt,4,50,0.5,strongly_correlated,7,1,1,FEASIBLE,True,0.13626360893249512,40,56,0.1352674961090088
4-50-5-strongcorr-8.txt,4,50,0.5,strongly_correlated,8,1,1,FEASIBLE,True,0.11917710304260254,45,56,0.11817455291748047
4-50-5-strongcorr-9.txt,4,50,0.5,strongly_correlated,9,1,1,FEASIBLE,True,0.09609842300415039,35,44,0.09556078910827637
4-50-5-uncorr-0.txt,4,50,0.5,uncorrelated,0,1,1,FEASIBLE,True,0.06466054916381836,28,32,0.06466054916381836
4-50-5-uncorr-1.txt,4,50,0.5,uncorrelated,1,1,1,FEASIBLE,True,0.0655202865600586,28,32,0.0655202865600586
4-50-5-uncorr-2.txt,4,50,0.5,uncorrelated,2,1,1,FEASIBLE,True,0.0787954330444336,30,40,0.0787954330444336
4-50-5-uncorr-3.txt,4,50,0.5,uncorrelated,3,1,1,FEASIBLE,True,0.08036518096923828,31,40,0.08036518096923828
4-50-5-uncorr-4.txt,4,50,0.5,uncorrelated,4,1,1,FEASIBLE,True,0.1672344207763672,52,80,0.1672344207763672
4-50-5-uncorr-5.txt,4,50,0.5,uncorrelated,5,1,1,FEASIBLE,True,0.07800149917602539,30,40,0.07800149917602539
4-50-5-uncorr-6.txt,4,50,0.5,uncorrelated,6,1,1,FEASIBLE,True,0.0820016860961914,31,40,0.0820016860961914
4-50-5-uncorr-7.txt,4,50,0.5,uncorrelated,7,1,1,FEASIBLE,True,0.09673810005187988,36,48,0.09673810005187988
4-50-5-uncorr-8.txt,4,50,0.5,uncorrelated,8,1,1,FEASIBLE,True,0.1743946075439453,45,64,0.17337775230407715
4-50-5-uncorr-9.txt,4,50,0.5,uncorrelated,9,1,1,FEASIBLE,True,0.07965970039367676,29,40,0.07965970039367676
4-50-5-weakcorr-0.txt,4,50,0.5,weakly_correlated,0,1,1,FEASIBLE,True,0.5426924228668213,97,140,0.5426924228668213
4-50-5-weakcorr-1.txt,4,50,0.5,weakly_correlated,1,1,1,FEASIBLE,True,0.2046356201171875,53,80,0.2046356201171875
4-50-5-weakcorr-2.txt,4,50,0.5,weakly_correlated,2,1,1,FEASIBLE,True,0.23624730110168457,66,76,0.23624730110168457
4-50-5-weakcorr-3.txt,4,50,0.5,weakly_correlated,3,1,1,FEASIBLE,True,0.6543691158294678,114,148,0.6543691158294678
4-50-5-weakcorr-4.txt,4,50,0.5,weakly_correlated,4,1,1,FEASIBLE,True,0.14823198318481445,43,60,0.14823198318481445
4-50-5-weakcorr-5.txt,4,50,0.5,weakly_correlated,5,1,1,FEASIBLE,True,0.18217849731445312,52,64,0.1811232566833496
4-50-5-weakcorr-6.txt,4,50,0.5,weakly_correlated,6,1,1,FEASIBLE,True,0.28378772735595703,53,68,0.28378772735595703
4-50-5-weakcorr-7.txt,4,50,0.5,weakly_correlated,7,1,1,FEASIBLE,True,0.22956204414367676,57,80,0.22956204414367676
4-50-5-weakcorr-8.txt,4,50,0.5,weakly_correlated,8,1,1,FEASIBLE,True,0.23269343376159668,46,64,0.23269343376159668
4-50-5-weakcorr-9.txt,4,50,0.5,weakly_correlated,9,1,1,FEASIBLE,True,0.19569921493530273,45,56,0.19469928741455078
