tag,n,m,cap_factor,corr,seed,brd_found_pne,brd_alpha,brd_time,initial_pne_welfare,gzr_status,gzr_cuts,gzr_br_calls,gzr_time,gzr_obj_val,gzr_first_pne_time,best_pne_welfare,first_pne_time,so_status,so_welfare,so_time,pos
gkg_n2_m10_cf0.2_corrstrongly_correlated_rep0.json,2,10,0.2,strongly_correlated,93065,True,1.0,0.0208091735839843,2379.0,OPTIMAL,0,2,0.0208091735839843,2379.0,0.0,2379.0,0.0208091735839843,OPTIMAL,2379.0,0.0,1.0
gkg_n2_m10_cf0.2_corrstrongly_correlated_rep1.json,2,10,0.2,strongly_correlated,103250,True,1.0,0.0177984237670898,2535.0,OPTIMAL,0,4,0.0268559455871582,2596.0,0.0039277076721191,2596.0,0.0177984237670898,OPTIMAL,2596.0,0.0041024684906005,1.0
gkg_n2_m10_cf0.2_corrstrongly_correlated_rep2.json,2,10,0.2,strongly_correlated,113435,True,1.0,0.0059998035430908,2813.0,OPTIMAL,0,2,0.0107665061950683,2813.0,0.0047667026519775,2813.0,0.0059998035430908,OPTIMAL,2813.0,0.0104777812957763,1.0
gkg_n2_m10_cf0.2_corrstrongly_correlated_rep3.json,2,10,0.2,strongly_correlated,123620,True,1.0,0.0049514770507812,2295.0,OPTIMAL,2,8,0.0207021236419677,2337.0,0.0,2337.0,0.0049514770507812,OPTIMAL,2337.0,0.0,1.0
gkg_n2_m10_cf0.2_corrstrongly_correlated_rep4.json,2,10,0.2,strongly_correlated,133805,True,1.0,0.0181777477264404,2631.0,OPTIMAL,0,2,0.0317413806915283,2631.0,0.0135636329650878,2631.0,0.0181777477264404,OPTIMAL,2631.0,0.0,1.0
gkg_n2_m10_cf0.2_corrstrongly_correlated_rep5.json,2,10,0.2,strongly_correlated,143990,True,1.0,0.0160694122314453,2550.0,OPTIMAL,0,2,0.0160694122314453,2550.0,0.0,2550.0,0.0160694122314453,OPTIMAL,2550.0,0.0209870338439941,1.0
gkg_n2_m10_cf0.2_corrstrongly_correlated_rep6.json,2,10,0.2,strongly_correlated,154175,True,1.0,0.0,2384.0,OPTIMAL,0,2,0.011021614074707,2384.0,0.011021614074707,2384.0,0.0,OPTIMAL,2384.0,0.0,1.0
gkg_n2_m10_cf0.2_corrstrongly_correlated_rep7.json,2,10,0.2,strongly_correlated,164360,True,1.0,0.0160934925079345,2121.0,OPTIMAL,3,10,0.0555932521820068,2261.0,0.0222859382629394,2261.0,0.0160934925079345,OPTIMAL,2261.0,0.0032691955566406,1.0
gkg_n2_m10_cf0.2_corrstrongly_correlated_rep8.json,2,10,0.2,strongly_correlated,174545,True,1.0,0.0109999179840087,2871.0,OPTIMAL,0,2,0.028505802154541,2871.0,0.0159170627593994,2871.0,0.0109999179840087,OPTIMAL,2871.0,0.014467716217041,1.0
gkg_n2_m10_cf0.2_corrstrongly_correlated_rep9.json,2,10,0.2,strongly_correlated,184730,True,1.0,0.0,2756.0,OPTIMAL,0,2,0.0,2756.0,0.0,2756.0,0.0,OPTIMAL,2756.0,0.0157325267791748,1.0
gkg_n2_m10_cf0.2_corruncorrelated_rep0.json,2,10,0.2,uncorrelated,72885,True,1.0,0.0113563537597656,4895.0,OPTIMAL,0,2,0.0173537731170654,4895.0,0.0050804615020751,4895.0,0.0113563537597656,OPTIMAL,4895.0,0.0079646110534667,1.0
gkg_n2_m10_cf0.2_corruncorrelated_rep1.json,2,10,0.2,uncorrelated,83070,True,1.0,0.0093357563018798,4660.0,OPTIMAL,0,2,0.0258445739746093,4660.0,0.0156116485595703,4660.0,0.0093357563018798,OPTIMAL,4660.0,0.0029311180114746,1.0
gkg_n2_m10_cf0.2_corruncorrelated_rep2.json,2,10,0.2,uncorrelated,93255,True,1.0,0.0070838928222656,4232.0,OPTIMAL,0,2,0.0146570205688476,4232.0,0.0059232711791992,4232.0,0.0070838928222656,OPTIMAL,4232.0,0.0040366649627685,1.0
gkg_n2_m10_cf0.2_corruncorrelated_rep3.json,2,10,0.2,uncorrelated,103440,True,1.0,0.006077766418457,3313.0,OPTIMAL,0,6,0.0239384174346923,3704.0,0.0018618106842041,3704.0,0.006077766418457,OPTIMAL,3704.0,0.0,1.0
gkg_n2_m10_cf0.2_corruncorrelated_rep4.json,2,10,0.2,uncorrelated,113625,True,1.0,0.0157725811004638,5357.0,OPTIMAL,0,2,0.0157725811004638,5357.0,0.0,5357.0,0.0157725811004638,OPTIMAL,5357.0,0.0160050392150878,1.0
gkg_n2_m10_cf0.2_corruncorrelated_rep5.json,2,10,0.2,uncorrelated,123810,True,1.0,0.0,3777.0,OPTIMAL,0,4,0.0159549713134765,3827.0,0.0,3827.0,0.0,OPTIMAL,3827.0,0.0,1.0
gkg_n2_m10_cf0.2_corruncorrelated_rep6.json,2,10,0.2,uncorrelated,133995,True,1.0,0.0,3272.0,OPTIMAL,0,4,0.0209724903106689,3427.0,0.0158233642578125,3427.0,0.0,OPTIMAL,3427.0,0.0,1.0
gkg_n2_m10_cf0.2_corruncorrelated_rep7.json,2,10,0.2,uncorrelated,144180,True,1.0,0.0107605457305908,4322.0,OPTIMAL,0,2,0.0170304775238037,4322.0,0.0055909156799316,4322.0,0.0107605457305908,OPTIMAL,4322.0,0.0038831233978271,1.0
gkg_n2_m10_cf0.2_corruncorrelated_rep8.json,2,10,0.2,uncorrelated,154365,True,1.0,0.0075964927673339,3374.0,OPTIMAL,0,2,0.0135548114776611,3374.0,0.0048809051513671,3374.0,0.0075964927673339,OPTIMAL,3374.0,0.0028660297393798,1.0
gkg_n2_m10_cf0.2_corruncorrelated_rep9.json,2,10,0.2,uncorrelated,164550,True,1.0,0.0076820850372314,4563.0,OPTIMAL,0,2,0.0128200054168701,4563.0,0.0041456222534179,4563.0,0.0076820850372314,OPTIMAL,4563.0,0.0030043125152587,1.0
gkg_n2_m10_cf0.2_corrweakly_correlated_rep0.json,2,10,0.2,weakly_correlated,82975,True,1.0,0.0069928169250488,1705.0,OPTIMAL,0,2,0.0069928169250488,1705.0,0.0,1705.0,0.0069928169250488,OPTIMAL,1705.0,0.0163028240203857,1.0
gkg_n2_m10_cf0.2_corrweakly_correlated_rep1.json,2,10,0.2,weakly_correlated,93160,True,1.0,0.0,2527.0,OPTIMAL,0,2,0.0209770202636718,2527.0,0.0189781188964843,2527.0,0.0,OPTIMAL,2527.0,0.0040926933288574,1.0
gkg_n2_m10_cf0.2_corrweakly_correlated_rep2.json,2,10,0.2,weakly_correlated,103345,True,1.0,0.0069079399108886,2009.0,OPTIMAL,0,2,0.0129852294921875,2009.0,0.0050857067108154,2009.0,0.0069079399108886,OPTIMAL,2009.0,0.0040159225463867,1.0
gkg_n2_m10_cf0.2_corrweakly_correlated_rep3.json,2,10,0.2,weakly_correlated,113530,True,1.0,0.0092484951019287,2021.0,OPTIMAL,0,2,0.015277624130249,2021.0,0.004166841506958,2021.0,0.0092484951019287,OPTIMAL,2021.0,0.0049552917480468,1.0
gkg_n2_m10_cf0.2_corrweakly_correlated_rep4.json,2,10,0.2,weakly_correlated,123715,True,1.0,0.0063838958740234,2345.0,OPTIMAL,0,2,0.0121746063232421,2345.0,0.0046195983886718,2345.0,0.0063838958740234,OPTIMAL,2345.0,0.0044353008270263,1.0
gkg_n2_m10_cf0.2_corrweakly_correlated_rep5.json,2,10,0.2,weakly_correlated,133900,True,1.0,0.0070545673370361,2063.0,OPTIMAL,0,2,0.0127301216125488,2063.0,0.0043072700500488,2063.0,0.0070545673370361,OPTIMAL,2063.0,0.0052480697631835,1.0
gkg_n2_m10_cf0.2_corrweakly_correlated_rep6.json,2,10,0.2,weakly_correlated,144085,True,1.0,0.0073096752166748,1976.0,OPTIMAL,0,2,0.0128443241119384,1976.0,0.0045258998870849,1976.0,0.0073096752166748,OPTIMAL,1976.0,0.0040059089660644,1.0
gkg_n2_m10_cf0.2_corrweakly_correlated_rep7.json,2,10,0.2,weakly_correlated,154270,True,1.0,0.0121080875396728,2595.0,OPTIMAL,0,2,0.0223875045776367,2595.0,0.0083963871002197,2595.0,0.0121080875396728,OPTIMAL,2595.0,0.0061509609222412,1.0
gkg_n2_m10_cf0.2_corrweakly_correlated_rep8.json,2,10,0.2,weakly_correlated,164455,True,1.0,0.0130860805511474,2008.0,OPTIMAL,1,6,0.0274865627288818,2035.0,0.0040056705474853,2035.0,0.0130860805511474,OPTIMAL,2035.0,0.0073344707489013,1.0
gkg_n2_m10_cf0.2_corrweakly_correlated_rep9.json,2,10,0.2,weakly_correlated,174640,True,1.0,0.0130186080932617,2120.0,OPTIMAL,0,2,0.0180025100708007,2120.0,0.004983901977539,2120.0,0.0130186080932617,OPTIMAL,2120.0,0.0040268898010253,1.0
gkg_n2_m10_cf0.5_corrstrongly_correlated_rep0.json,2,10,0.5,strongly_correlated,123335,True,1.0,0.0070576667785644,6502.0,OPTIMAL,0,2,0.0157134532928466,6502.0,0.006657600402832,6502.0,0.0070576667785644,OPTIMAL,6502.0,0.0059757232666015,1.0
gkg_n2_m10_cf0.5_corrstrongly_correlated_rep1.json,2,10,0.5,strongly_correlated,133520,True,1.0,0.0065734386444091,5396.0,OPTIMAL,2,8,0.0406522750854492,5505.0,0.0,5505.0,0.0065734386444091,OPTIMAL,5505.0,0.0345208644866943,1.0
gkg_n2_m10_cf0.5_corrstrongly_correlated_rep2.json,2,10,0.5,strongly_correlated,143705,True,1.0,0.0,7009.0,OPTIMAL,0,2,0.018824815750122,7009.0,0.0158438682556152,7009.0,0.0,OPTIMAL,7009.0,0.0,1.0
gkg_n2_m10_cf0.5_corrstrongly_correlated_rep3.json,2,10,0.5,strongly_correlated,153890,True,1.0,0.0150530338287353,5762.0,OPTIMAL,0,4,0.0296275615692138,5840.0,0.0,5840.0,0.0150530338287353,OPTIMAL,5840.0,0.0035235881805419,1.0
gkg_n2_m10_cf0.5_corrstrongly_correlated_rep4.json,2,10,0.5,strongly_correlated,164075,True,1.0,0.0,4967.0,OPTIMAL,5,16,0.0611460208892822,5194.0,0.0061094760894775,5194.0,0.0,OPTIMAL,5194.0,0.021883487701416,1.0
gkg_n2_m10_cf0.5_corrstrongly_correlated_rep5.json,2,10,0.5,strongly_correlated,174260,True,1.0,0.0060980319976806,5083.0,OPTIMAL,4,12,0.0358788967132568,5802.0,0.0,5802.0,0.0060980319976806,OPTIMAL,5802.0,0.0023813247680664,1.0
gkg_n2_m10_cf0.5_corrstrongly_correlated_rep6.json,2,10,0.5,strongly_correlated,184445,True,1.0,0.0137636661529541,7128.0,OPTIMAL,1,6,0.0305545330047607,7218.0,0.0019986629486083,7218.0,0.0137636661529541,OPTIMAL,7218.0,0.0069875717163085,1.0
gkg_n2_m10_cf0.5_corrstrongly_correlated_rep7.json,2,10,0.5,strongly_correlated,194630,True,1.0,0.0069880485534667,6243.0,OPTIMAL,1,8,0.0261311531066894,6425.0,0.0040295124053955,6425.0,0.0069880485534667,OPTIMAL,6425.0,0.0087308883666992,1.0
gkg_n2_m10_cf0.5_corrstrongly_correlated_rep8.json,2,10,0.5,strongly_correlated,204815,True,1.0,0.0,6124.0,OPTIMAL,0,4,0.0346949100494384,6214.0,0.0,6214.0,0.0,OPTIMAL,6214.0,0.0107722282409667,1.0
gkg_n2_m10_cf0.5_corrstrongly_correlated_rep9.json,2,10,0.5,strongly_correlated,215000,True,1.0,0.0035367012023925,4919.0,OPTIMAL,3,12,0.0457992553710937,5044.0,0.004483938217163,5044.0,0.0035367012023925,OPTIMAL,5044.0,0.009653091430664,1.0
gkg_n2_m10_cf0.5_corruncorrelated_rep0.json,2,10,0.5,uncorrelated,103155,True,1.0,0.0,6206.0,OPTIMAL,1,6,0.0263056755065917,6412.0,0.0157315731048584,6412.0,0.0,OPTIMAL,6412.0,0.0,1.0
gkg_n2_m10_cf0.5_corruncorrelated_rep1.json,2,10,0.5,uncorrelated,113340,True,1.0,0.0073487758636474,6610.0,OPTIMAL,0,6,0.023465871810913,7187.0,0.0,7187.0,0.0073487758636474,OPTIMAL,7187.0,0.0137145519256591,1.0
gkg_n2_m10_cf0.5_corruncorrelated_rep2.json,2,10,0.5,uncorrelated,123525,True,1.0,0.0,6180.0,OPTIMAL,0,4,0.021430492401123,6310.0,0.0156621932983398,6310.0,0.0,OPTIMAL,6310.0,0.0040085315704345,1.0
gkg_n2_m10_cf0.5_corruncorrelated_rep3.json,2,10,0.5,uncorrelated,133710,True,1.0,0.0056426525115966,7489.0,OPTIMAL,0,2,0.0056426525115966,7489.0,0.0,7489.0,0.0056426525115966,OPTIMAL,7489.0,0.0126972198486328,1.0
gkg_n2_m10_cf0.5_corruncorrelated_rep4.json,2,10,0.5,uncorrelated,143895,True,1.0,0.0100078582763671,6749.0,OPTIMAL,0,4,0.0207550525665283,7704.0,0.006227970123291,7704.0,0.0100078582763671,OPTIMAL,7704.0,0.0029997825622558,1.0
gkg_n2_m10_cf0.5_corruncorrelated_rep5.json,2,10,0.5,uncorrelated,154080,True,1.0,0.0070006847381591,7529.0,OPTIMAL,0,4,0.0070006847381591,7673.0,0.0,7673.0,0.0070006847381591,OPTIMAL,7673.0,0.0,1.0
gkg_n2_m10_cf0.5_corruncorrelated_rep6.json,2,10,0.5,uncorrelated,164265,True,1.0,0.0160765647888183,7326.0,OPTIMAL,0,2,0.0160765647888183,7326.0,0.0,7326.0,0.0160765647888183,OPTIMAL,7326.0,0.0,1.0
gkg_n2_m10_cf0.5_corruncorrelated_rep7.json,2,10,0.5,uncorrelated,174450,True,1.0,0.0158698558807373,8528.0,OPTIMAL,0,4,0.0158698558807373,8783.0,0.0,8783.0,0.0158698558807373,OPTIMAL,8783.0,0.0,1.0
gkg_n2_m10_cf0.5_corruncorrelated_rep8.json,2,10,0.5,uncorrelated,184635,True,1.0,0.0161323547363281,5556.0,OPTIMAL,3,8,0.0331788063049316,6168.0,0.0040369033813476,6168.0,0.0161323547363281,OPTIMAL,6168.0,0.004091739654541,1.0
gkg_n2_m10_cf0.5_corruncorrelated_rep9.json,2,10,0.5,uncorrelated,194820,True,1.0,0.0070002079010009,7957.0,OPTIMAL,0,2,0.0146389007568359,7957.0,0.0066454410552978,7957.0,0.0070002079010009,OPTIMAL,7957.0,0.0030560493469238,1.0
gkg_n2_m10_cf0.5_corrweakly_correlated_rep0.json,2,10,0.5,weakly_correlated,113245,True,1.0,0.0069999694824218,6128.0,OPTIMAL,0,2,0.0104470252990722,6128.0,0.0034470558166503,6128.0,0.0069999694824218,OPTIMAL,6128.0,0.0,1.0
gkg_n2_m10_cf0.5_corrweakly_correlated_rep1.json,2,10,0.5,weakly_correlated,123430,True,1.0,0.0152852535247802,3892.0,OPTIMAL,1,6,0.0310521125793457,3969.0,0.0,3969.0,0.0152852535247802,OPTIMAL,3969.0,0.0,1.0
gkg_n2_m10_cf0.5_corrweakly_correlated_rep2.json,2,10,0.5,weakly_correlated,133615,True,1.0,0.0,5606.0,OPTIMAL,0,2,0.0161302089691162,5606.0,0.0161302089691162,5606.0,0.0,OPTIMAL,5606.0,0.0,1.0
gkg_n2_m10_cf0.5_corrweakly_correlated_rep3.json,2,10,0.5,weakly_correlated,143800,True,1.0,0.0159993171691894,6490.0,OPTIMAL,0,2,0.0226516723632812,6490.0,0.0066523551940917,6490.0,0.0159993171691894,OPTIMAL,6490.0,0.0089960098266601,1.0
gkg_n2_m10_cf0.5_corrweakly_correlated_rep4.json,2,10,0.5,weakly_correlated,153985,True,1.0,0.0161008834838867,4187.0,OPTIMAL,0,2,0.0161008834838867,4187.0,0.0,4187.0,0.0161008834838867,OPTIMAL,4187.0,0.0120956897735595,1.0
gkg_n2_m10_cf0.5_corrweakly_correlated_rep5.json,2,10,0.5,weakly_correlated,164170,True,1.0,0.0035672187805175,4882.0,OPTIMAL,0,4,0.0354955196380615,4923.0,0.0,4923.0,0.0035672187805175,OPTIMAL,4923.0,0.0,1.0
gkg_n2_m10_cf0.5_corrweakly_correlated_rep6.json,2,10,0.5,weakly_correlated,174355,True,1.0,0.0159828662872314,5808.0,OPTIMAL,0,2,0.0274360179901123,5808.0,0.0114531517028808,5808.0,0.0159828662872314,OPTIMAL,5808.0,0.0044844150543212,1.0
gkg_n2_m10_cf0.5_corrweakly_correlated_rep7.json,2,10,0.5,weakly_correlated,184540,True,1.0,0.0,4656.0,OPTIMAL,0,2,0.0158469676971435,4656.0,0.0158469676971435,4656.0,0.0,OPTIMAL,4656.0,0.0,1.0
gkg_n2_m10_cf0.5_corrweakly_correlated_rep8.json,2,10,0.5,weakly_correlated,194725,True,1.0,0.0156764984130859,5607.0,OPTIMAL,0,2,0.0156764984130859,5607.0,0.0,5607.0,0.0156764984130859,OPTIMAL,5607.0,0.0,1.0
gkg_n2_m10_cf0.5_corrweakly_correlated_rep9.json,2,10,0.5,weakly_correlated,204910,True,1.0,0.0161197185516357,5496.0,OPTIMAL,0,2,0.0161197185516357,5496.0,0.0,5496.0,0.0161197185516357,OPTIMAL,5496.0,0.0160717964172363,1.0
gkg_n2_m15_cf0.2_corrstrongly_correlated_rep0.json,2,15,0.2,strongly_correlated,153605,True,1.0,0.0,3547.0,OPTIMAL,2,6,0.0161168575286865,3627.0,0.0,3627.0,0.0,OPTIMAL,3627.0,0.0159032344818115,1.0
gkg_n2_m15_cf0.2_corrstrongly_correlated_rep1.json,2,15,0.2,strongly_correlated,163790,True,1.0,0.0055246353149414,4002.0,OPTIMAL,0,2,0.0160307884216308,4002.0,0.0,4002.0,0.0055246353149414,OPTIMAL,4002.0,0.0,1.0
gkg_n2_m15_cf0.2_corrstrongly_correlated_rep2.json,2,15,0.2,strongly_correlated,173975,True,1.0,0.0162661075592041,3938.0,OPTIMAL,2,8,0.0313825607299804,4058.0,0.0052440166473388,4058.0,0.0162661075592041,OPTIMAL,4058.0,0.0159089565277099,1.0
gkg_n2_m15_cf0.2_corrstrongly_correlated_rep3.json,2,15,0.2,strongly_correlated,184160,True,1.0,0.0203287601470947,4351.0,OPTIMAL,0,6,0.0674221515655517,4362.0,0.0116493701934814,4362.0,0.0203287601470947,OPTIMAL,4362.0,0.0118978023529052,1.0
gkg_n2_m15_cf0.2_corrstrongly_correlated_rep4.json,2,15,0.2,strongly_correlated,194345,True,1.0,0.0159022808074951,4422.0,OPTIMAL,0,2,0.0252659320831298,4422.0,0.006566047668457,4422.0,0.0159022808074951,OPTIMAL,4422.0,0.0049962997436523,1.0
gkg_n2_m15_cf0.2_corrstrongly_correlated_rep5.json,2,15,0.2,strongly_correlated,204530,True,1.0,0.0077817440032958,3944.0,OPTIMAL,0,2,0.0177912712097167,3944.0,0.0050103664398193,3944.0,0.0077817440032958,OPTIMAL,3944.0,0.000910997390747,1.0
gkg_n2_m15_cf0.2_corrstrongly_correlated_rep6.json,2,15,0.2,strongly_correlated,214715,True,1.0,0.0151529312133789,3776.0,OPTIMAL,0,2,0.0311331748962402,3776.0,0.0,3776.0,0.0151529312133789,OPTIMAL,3776.0,0.0158557891845703,1.0
gkg_n2_m15_cf0.2_corrstrongly_correlated_rep7.json,2,15,0.2,strongly_correlated,224900,True,1.0,0.0,3912.0,OPTIMAL,1,8,0.0437667369842529,3963.0,0.0158131122589111,3963.0,0.0,OPTIMAL,3963.0,0.001307725906372,1.0
gkg_n2_m15_cf0.2_corrstrongly_correlated_rep8.json,2,15,0.2,strongly_correlated,235085,True,1.0,0.0155086517333984,4487.0,OPTIMAL,0,2,0.0386302471160888,4487.0,0.0,4487.0,0.0155086517333984,OPTIMAL,4487.0,0.0083723068237304,1.0
gkg_n2_m15_cf0.2_corrstrongly_correlated_rep9.json,2,15,0.2,strongly_correlated,245270,True,1.0,0.0157854557037353,4642.0,OPTIMAL,0,2,0.0288140773773193,4642.0,0.0,4642.0,0.0157854557037353,OPTIMAL,4642.0,0.015639305114746,1.0
gkg_n2_m15_cf0.2_corruncorrelated_rep0.json,2,15,0.2,uncorrelated,133425,True,1.0,0.0,6790.0,OPTIMAL,2,8,0.0187959671020507,7352.0,0.0137927532196044,7352.0,0.0,OPTIMAL,7352.0,0.0116004943847656,1.0
gkg_n2_m15_cf0.2_corruncorrelated_rep1.json,2,15,0.2,uncorrelated,143610,True,1.0,0.0,6023.0,OPTIMAL,0,2,0.0,6023.0,0.0,6023.0,0.0,OPTIMAL,6023.0,0.0218589305877685,1.0
gkg_n2_m15_cf0.2_corruncorrelated_rep2.json,2,15,0.2,uncorrelated,153795,True,1.0,0.0,7725.0,OPTIMAL,0,2,0.0126399993896484,7725.0,0.0126399993896484,7725.0,0.0,OPTIMAL,7725.0,0.0,1.0
gkg_n2_m15_cf0.2_corruncorrelated_rep3.json,2,15,0.2,uncorrelated,163980,True,1.0,0.0187058448791503,6237.0,OPTIMAL,1,6,0.0360658168792724,6516.0,0.0018494129180908,6516.0,0.0187058448791503,OPTIMAL,6516.0,0.0,1.0
gkg_n2_m15_cf0.2_corruncorrelated_rep4.json,2,15,0.2,uncorrelated,174165,True,1.0,0.0129764080047607,6453.0,OPTIMAL,0,2,0.015359878540039,6453.0,0.0023834705352783,6453.0,0.0129764080047607,OPTIMAL,6453.0,0.0103721618652343,1.0
gkg_n2_m15_cf0.2_corruncorrelated_rep5.json,2,15,0.2,uncorrelated,184350,True,1.0,0.0060110092163085,7224.0,OPTIMAL,0,2,0.0239021778106689,7224.0,0.0178911685943603,7224.0,0.0060110092163085,OPTIMAL,7224.0,0.0113823413848876,1.0
gkg_n2_m15_cf0.2_corruncorrelated_rep6.json,2,15,0.2,uncorrelated,194535,True,1.0,0.0029997825622558,8981.0,OPTIMAL,0,2,0.0146877765655517,8981.0,0.0116879940032958,8981.0,0.0029997825622558,OPTIMAL,8981.0,0.0030055046081542,1.0
gkg_n2_m15_cf0.2_corruncorrelated_rep7.json,2,15,0.2,uncorrelated,204720,True,1.0,0.0010116100311279,6460.0,OPTIMAL,1,6,0.0211918354034423,6640.0,0.011662483215332,6640.0,0.0010116100311279,OPTIMAL,6640.0,0.0040018558502197,1.0
gkg_n2_m15_cf0.2_corruncorrelated_rep8.json,2,15,0.2,uncorrelated,214905,True,1.0,0.0069987773895263,4855.0,OPTIMAL,2,8,0.024087905883789,4869.0,0.005000352859497,4869.0,0.0069987773895263,OPTIMAL,4869.0,0.0039994716644287,1.0
gkg_n2_m15_cf0.2_corruncorrelated_rep9.json,2,15,0.2,uncorrelated,225090,True,1.0,0.0033798217773437,7281.0,OPTIMAL,0,4,0.0033798217773437,7768.0,0.0,7768.0,0.0033798217773437,OPTIMAL,7768.0,0.0156617164611816,1.0
gkg_n2_m15_cf0.2_corrweakly_correlated_rep0.json,2,15,0.2,weakly_correlated,143515,True,1.0,0.0055899620056152,2826.0,OPTIMAL,1,6,0.031461477279663,2856.0,0.0,2856.0,0.0055899620056152,OPTIMAL,2856.0,0.0067296028137207,1.0
gkg_n2_m15_cf0.2_corrweakly_correlated_rep1.json,2,15,0.2,weakly_correlated,153700,True,1.0,0.0091314315795898,2795.0,OPTIMAL,1,4,0.0307075977325439,2795.0,0.0,2795.0,0.0091314315795898,OPTIMAL,2795.0,0.0103614330291748,1.0
gkg_n2_m15_cf0.2_corrweakly_correlated_rep2.json,2,15,0.2,weakly_correlated,163885,True,1.0,0.0,3427.0,OPTIMAL,0,2,0.0264298915863037,3427.0,0.0,3427.0,0.0,OPTIMAL,3427.0,0.0136899948120117,1.0
gkg_n2_m15_cf0.2_corrweakly_correlated_rep3.json,2,15,0.2,weakly_correlated,174070,True,1.0,0.0073888301849365,3315.0,OPTIMAL,0,2,0.0073888301849365,3315.0,0.0,3315.0,0.0073888301849365,OPTIMAL,3315.0,0.0150573253631591,1.0
gkg_n2_m15_cf0.2_corrweakly_correlated_rep4.json,2,15,0.2,weakly_correlated,184255,True,1.0,0.0,3324.0,OPTIMAL,0,2,0.0187478065490722,3324.0,0.0177493095397949,3324.0,0.0,OPTIMAL,3324.0,0.001000165939331,1.0
gkg_n2_m15_cf0.2_corrweakly_correlated_rep5.json,2,15,0.2,weakly_correlated,194440,True,1.0,0.0,3523.0,OPTIMAL,1,6,0.0314900875091552,3547.0,0.0156610012054443,3547.0,0.0,OPTIMAL,3547.0,0.0205323696136474,1.0
gkg_n2_m15_cf0.2_corrweakly_correlated_rep6.json,2,15,0.2,weakly_correlated,204625,True,1.0,0.0,3132.0,OPTIMAL,0,2,0.011153221130371,3132.0,0.011153221130371,3132.0,0.0,OPTIMAL,3132.0,0.0156350135803222,1.0
gkg_n2_m15_cf0.2_corrweakly_correlated_rep7.json,2,15,0.2,weakly_correlated,214810,True,1.0,0.015782356262207,3429.0,OPTIMAL,0,2,0.015782356262207,3429.0,0.0,3429.0,0.015782356262207,OPTIMAL,3429.0,0.0158576965332031,1.0
gkg_n2_m15_cf0.2_corrweakly_correlated_rep8.json,2,15,0.2,weakly_correlated,224995,True,1.0,0.0,3386.0,OPTIMAL,0,2,0.0358946323394775,3386.0,0.0183525085449218,3386.0,0.0,OPTIMAL,3386.0,0.02156662940979,1.0
gkg_n2_m15_cf0.2_corrweakly_correlated_rep9.json,2,15,0.2,weakly_correlated,235180,True,1.0,0.0014445781707763,3489.0,OPTIMAL,0,2,0.0233252048492431,3489.0,0.0,3489.0,0.0014445781707763,OPTIMAL,3489.0,0.0122101306915283,1.0
gkg_n2_m15_cf0.5_corrstrongly_correlated_rep0.json,2,15,0.5,strongly_correlated,183875,True,1.0,0.0167944431304931,8522.0,OPTIMAL,2,10,0.0620789527893066,8613.0,0.0,8613.0,0.0167944431304931,OPTIMAL,8613.0,0.0294959545135498,1.0
gkg_n2_m15_cf0.5_corrstrongly_correlated_rep1.json,2,15,0.5,strongly_correlated,194060,True,1.0,0.0096089839935302,10211.0,OPTIMAL,1,6,0.0478637218475341,10320.0,0.0033199787139892,10320.0,0.0096089839935302,OPTIMAL,10320.0,0.0310478210449218,1.0
gkg_n2_m15_cf0.5_corrstrongly_correlated_rep2.json,2,15,0.5,strongly_correlated,204245,True,1.0,0.0,8980.0,OPTIMAL,0,4,0.0493340492248535,9037.0,0.0140254497528076,9037.0,0.0,OPTIMAL,9037.0,0.0222477912902832,1.0
gkg_n2_m15_cf0.5_corrstrongly_correlated_rep3.json,2,15,0.5,strongly_correlated,214430,True,1.0,0.0068302154541015,7792.0,OPTIMAL,0,4,0.0311040878295898,7898.0,0.0049998760223388,7898.0,0.0068302154541015,OPTIMAL,7898.0,0.0144600868225097,1.0
gkg_n2_m15_cf0.5_corrstrongly_correlated_rep4.json,2,15,0.5,strongly_correlated,224615,True,1.0,0.0069434642791748,9102.0,OPTIMAL,1,8,0.0436751842498779,9215.0,0.0055100917816162,9215.0,0.0069434642791748,OPTIMAL,9215.0,0.023064374923706,1.0
gkg_n2_m15_cf0.5_corrstrongly_correlated_rep5.json,2,15,0.5,strongly_correlated,234800,True,1.0,0.0079069137573242,10056.0,OPTIMAL,0,2,0.0147759914398193,10056.0,0.0039997100830078,10056.0,0.0079069137573242,OPTIMAL,10056.0,0.0058438777923583,1.0
gkg_n2_m15_cf0.5_corrstrongly_correlated_rep6.json,2,15,0.5,strongly_correlated,244985,True,1.0,0.0068373680114746,9291.0,OPTIMAL,2,10,0.0561821460723876,9398.0,0.0050456523895263,9398.0,0.0068373680114746,OPTIMAL,9398.0,0.0405192375183105,1.0
gkg_n2_m15_cf0.5_corrstrongly_correlated_rep7.json,2,15,0.5,strongly_correlated,255170,True,1.0,0.0074689388275146,9386.0,OPTIMAL,1,8,0.0293426513671875,9515.0,0.0052099227905273,9515.0,0.0074689388275146,OPTIMAL,9515.0,0.0105252265930175,1.0
gkg_n2_m15_cf0.5_corrstrongly_correlated_rep8.json,2,15,0.5,strongly_correlated,265355,True,1.0,0.0050652027130126,9140.0,OPTIMAL,1,6,0.0481576919555664,9166.0,0.0,9166.0,0.0050652027130126,OPTIMAL,9166.0,0.0290312767028808,1.0
gkg_n2_m15_cf0.5_corrstrongly_correlated_rep9.json,2,15,0.5,strongly_correlated,275540,True,1.0,0.0085954666137695,9410.0,OPTIMAL,0,4,0.0377578735351562,9417.0,0.0050311088562011,9417.0,0.0085954666137695,OPTIMAL,9417.0,0.022411823272705,1.0
gkg_n2_m15_cf0.5_corruncorrelated_rep0.json,2,15,0.5,uncorrelated,163695,True,1.0,0.0065243244171142,6867.0,OPTIMAL,2,8,0.024397850036621,8288.0,0.0048480033874511,8288.0,0.0065243244171142,OPTIMAL,8288.0,0.0031831264495849,1.0
gkg_n2_m15_cf0.5_corruncorrelated_rep1.json,2,15,0.5,uncorrelated,173880,True,1.0,0.0070126056671142,10290.0,OPTIMAL,0,4,0.0174782276153564,10334.0,0.0054664611816406,10334.0,0.0070126056671142,OPTIMAL,10334.0,0.002432107925415,1.0
gkg_n2_m15_cf0.5_corruncorrelated_rep2.json,2,15,0.5,uncorrelated,184065,True,1.0,0.0061357021331787,9706.0,OPTIMAL,1,8,0.0258231163024902,10395.0,0.0045053958892822,10395.0,0.0061357021331787,OPTIMAL,10395.0,0.0061924457550048,1.0
gkg_n2_m15_cf0.5_corruncorrelated_rep3.json,2,15,0.5,uncorrelated,194250,True,1.0,0.0076909065246582,12095.0,OPTIMAL,2,6,0.022062063217163,14029.0,0.0053365230560302,14029.0,0.0076909065246582,OPTIMAL,14029.0,0.0035309791564941,1.0
gkg_n2_m15_cf0.5_corruncorrelated_rep4.json,2,15,0.5,uncorrelated,204435,True,1.0,0.0073320865631103,10904.0,OPTIMAL,0,4,0.0180037021636962,11014.0,0.0046932697296142,11014.0,0.0073320865631103,OPTIMAL,11014.0,0.0041801929473876,1.0
gkg_n2_m15_cf0.5_corruncorrelated_rep5.json,2,15,0.5,uncorrelated,214620,True,1.0,0.0069324970245361,8972.0,OPTIMAL,6,16,0.0418994426727294,9909.0,0.0050044059753417,9909.0,0.0069324970245361,OPTIMAL,9909.0,0.0065369606018066,1.0
gkg_n2_m15_cf0.5_corruncorrelated_rep6.json,2,15,0.5,uncorrelated,224805,True,1.0,0.0106081962585449,9241.0,OPTIMAL,0,4,0.0203707218170166,9869.0,0.0049986839294433,9869.0,0.0106081962585449,OPTIMAL,9869.0,0.0030004978179931,1.0
gkg_n2_m15_cf0.5_corruncorrelated_rep7.json,2,15,0.5,uncorrelated,234990,True,1.0,0.0070011615753173,12548.0,OPTIMAL,0,2,0.0103275775909423,12548.0,0.003326416015625,12548.0,0.0070011615753173,OPTIMAL,12548.0,0.0,1.0
gkg_n2_m15_cf0.5_corruncorrelated_rep8.json,2,15,0.5,uncorrelated,245175,True,1.0,0.013512372970581,11994.0,OPTIMAL,0,2,0.0239162445068359,11994.0,0.0043563842773437,11994.0,0.013512372970581,OPTIMAL,11994.0,0.0052282810211181,1.0
gkg_n2_m15_cf0.5_corruncorrelated_rep9.json,2,15,0.5,uncorrelated,255360,True,1.0,0.0052452087402343,11388.0,OPTIMAL,1,6,0.0133285522460937,11546.0,0.0,11546.0,0.0052452087402343,OPTIMAL,11546.0,0.0,1.0
gkg_n2_m15_cf0.5_corrweakly_correlated_rep0.json,2,15,0.5,weakly_correlated,173785,True,1.0,0.0198466777801513,8472.0,OPTIMAL,0,2,0.0297496318817138,8472.0,0.0,8472.0,0.0198466777801513,OPTIMAL,8472.0,0.0173816680908203,1.0
gkg_n2_m15_cf0.5_corrweakly_correlated_rep1.json,2,15,0.5,weakly_correlated,183970,True,1.0,0.0073390007019042,8476.0,OPTIMAL,0,4,0.0300571918487548,8496.0,0.0025861263275146,8496.0,0.0073390007019042,OPTIMAL,8496.0,0.0,1.0
gkg_n2_m15_cf0.5_corrweakly_correlated_rep2.json,2,15,0.5,weakly_correlated,194155,True,1.0,0.013636827468872,5968.0,OPTIMAL,5,12,0.0824482440948486,6088.0,0.0,6088.0,0.013636827468872,OPTIMAL,6088.0,0.0292809009552001,1.0
gkg_n2_m15_cf0.5_corrweakly_correlated_rep3.json,2,15,0.5,weakly_correlated,204340,True,1.0,0.0005676746368408,6967.0,OPTIMAL,2,10,0.0589377880096435,7056.0,0.0111947059631347,7056.0,0.0005676746368408,OPTIMAL,7056.0,0.0,1.0
gkg_n2_m15_cf0.5_corrweakly_correlated_rep4.json,2,15,0.5,weakly_correlated,214525,True,1.0,0.0160374641418457,8013.0,OPTIMAL,2,6,0.0319495201110839,8097.0,0.0,8097.0,0.0160374641418457,OPTIMAL,8097.0,0.0094015598297119,1.0
gkg_n2_m15_cf0.5_corrweakly_correlated_rep5.json,2,15,0.5,weakly_correlated,224710,True,1.0,0.0065901279449462,8250.0,OPTIMAL,2,12,0.0381052494049072,8446.0,0.0136451721191406,8446.0,0.0065901279449462,OPTIMAL,8446.0,0.0156788825988769,1.0
gkg_n2_m15_cf0.5_corrweakly_correlated_rep6.json,2,15,0.5,weakly_correlated,234895,True,1.0,0.0,7058.0,OPTIMAL,0,2,0.0161318778991699,7058.0,0.0161318778991699,7058.0,0.0,OPTIMAL,7058.0,0.0318274497985839,1.0
gkg_n2_m15_cf0.5_corrweakly_correlated_rep7.json,2,15,0.5,weakly_correlated,245080,True,1.0,0.0,7743.0,OPTIMAL,2,10,0.0629897117614746,7826.0,0.0160064697265625,7826.0,0.0,OPTIMAL,7826.0,0.036417007446289,1.0
gkg_n2_m15_cf0.5_corrweakly_correlated_rep8.json,2,15,0.5,weakly_correlated,255265,True,1.0,0.0,7106.0,OPTIMAL,0,4,0.0159947872161865,7173.0,0.0,7173.0,0.0,OPTIMAL,7173.0,0.0218429565429687,1.0
gkg_n2_m15_cf0.5_corrweakly_correlated_rep9.json,2,15,0.5,weakly_correlated,265450,True,1.0,0.0100116729736328,7778.0,OPTIMAL,3,10,0.0370969772338867,7937.0,0.0060048103332519,7937.0,0.0100116729736328,OPTIMAL,7937.0,0.0094690322875976,1.0
gkg_n2_m20_cf0.2_corrstrongly_correlated_rep0.json,2,20,0.2,strongly_correlated,214145,True,1.0,0.0075242519378662,5392.0,OPTIMAL,0,4,0.0105271339416503,5563.0,0.0030028820037841,5563.0,0.0075242519378662,OPTIMAL,5563.0,0.0159766674041748,1.0
gkg_n2_m20_cf0.2_corrstrongly_correlated_rep1.json,2,20,0.2,strongly_correlated,224330,True,1.0,0.0,5195.0,OPTIMAL,1,6,0.0353634357452392,5226.0,0.0159704685211181,5226.0,0.0,OPTIMAL,5226.0,0.0121870040893554,1.0
gkg_n2_m20_cf0.2_corrstrongly_correlated_rep2.json,2,20,0.2,strongly_correlated,234515,True,1.0,0.0160377025604248,6051.0,OPTIMAL,2,8,0.0611419677734375,6057.0,0.009765625,6057.0,0.0160377025604248,OPTIMAL,6057.0,0.015852928161621,1.0
gkg_n2_m20_cf0.2_corrstrongly_correlated_rep3.json,2,20,0.2,strongly_correlated,244700,True,1.0,0.0156295299530029,5919.0,OPTIMAL,0,2,0.0156295299530029,5919.0,0.0,5919.0,0.0156295299530029,OPTIMAL,5919.0,0.01607346534729,1.0
gkg_n2_m20_cf0.2_corrstrongly_correlated_rep4.json,2,20,0.2,strongly_correlated,254885,True,1.0,0.0,5120.0,OPTIMAL,0,2,0.0354273319244384,5120.0,0.0161197185516357,5120.0,0.0,OPTIMAL,5120.0,0.0249793529510498,1.0
gkg_n2_m20_cf0.2_corrstrongly_correlated_rep5.json,2,20,0.2,strongly_correlated,265070,True,1.0,0.0,5740.0,OPTIMAL,1,6,0.0456781387329101,5742.0,0.0139164924621582,5742.0,0.0,OPTIMAL,5742.0,0.016404390335083,1.0
gkg_n2_m20_cf0.2_corrstrongly_correlated_rep6.json,2,20,0.2,strongly_correlated,275255,True,1.0,0.0,5376.0,OPTIMAL,2,10,0.047250747680664,5473.0,0.0151300430297851,5473.0,0.0,OPTIMAL,5473.0,0.0276288986206054,1.0
gkg_n2_m20_cf0.2_corrstrongly_correlated_rep7.json,2,20,0.2,strongly_correlated,285440,True,1.0,0.0076105594635009,5232.0,OPTIMAL,0,4,0.0546252727508544,5233.0,0.0049023628234863,5233.0,0.0076105594635009,OPTIMAL,5233.0,0.0377099514007568,1.0
gkg_n2_m20_cf0.2_corrstrongly_correlated_rep8.json,2,20,0.2,strongly_correlated,295625,True,1.0,0.0078132152557373,5725.0,OPTIMAL,0,2,0.0327124595642089,5725.0,0.0050477981567382,5725.0,0.0078132152557373,OPTIMAL,5725.0,0.0442140102386474,1.0
gkg_n2_m20_cf0.2_corrstrongly_correlated_rep9.json,2,20,0.2,strongly_correlated,305810,True,1.0,0.0069804191589355,5543.0,OPTIMAL,2,8,0.027677297592163,5647.0,0.0050404071807861,5647.0,0.0069804191589355,OPTIMAL,5647.0,0.0106773376464843,1.0
gkg_n2_m20_cf0.2_corruncorrelated_rep0.json,2,20,0.2,uncorrelated,193965,True,1.0,0.0070199966430664,8892.0,OPTIMAL,3,10,0.0324885845184326,9345.0,0.0049915313720703,9345.0,0.0070199966430664,OPTIMAL,9345.0,0.0147414207458496,1.0
gkg_n2_m20_cf0.2_corruncorrelated_rep1.json,2,20,0.2,uncorrelated,204150,True,1.0,0.0,9939.0,OPTIMAL,3,8,0.0166108608245849,10416.0,0.0,10416.0,0.0,OPTIMAL,10416.0,0.0226883888244628,1.0
gkg_n2_m20_cf0.2_corruncorrelated_rep2.json,2,20,0.2,uncorrelated,214335,True,1.0,0.015733003616333,9109.0,OPTIMAL,1,6,0.032487154006958,9325.0,0.0,9325.0,0.015733003616333,OPTIMAL,9325.0,0.016538381576538,1.0
gkg_n2_m20_cf0.2_corruncorrelated_rep3.json,2,20,0.2,uncorrelated,224520,True,1.0,0.0,10387.0,OPTIMAL,0,2,0.0186138153076171,10387.0,0.0145552158355712,10387.0,0.0,OPTIMAL,10387.0,0.0,1.0
gkg_n2_m20_cf0.2_corruncorrelated_rep4.json,2,20,0.2,uncorrelated,234705,True,1.0,0.0147485733032226,9750.0,OPTIMAL,0,4,0.0311057567596435,9779.0,0.0,9779.0,0.0147485733032226,OPTIMAL,9779.0,0.0115973949432373,1.0
gkg_n2_m20_cf0.2_corruncorrelated_rep5.json,2,20,0.2,uncorrelated,244890,True,1.0,0.0080058574676513,9116.0,OPTIMAL,4,10,0.0384395122528076,9494.0,0.0049948692321777,9494.0,0.0080058574676513,OPTIMAL,9494.0,0.0076155662536621,1.0
gkg_n2_m20_cf0.2_corruncorrelated_rep6.json,2,20,0.2,uncorrelated,255075,True,1.0,0.0,8420.0,OPTIMAL,2,8,0.0151917934417724,8686.0,0.0151917934417724,8686.0,0.0,OPTIMAL,8686.0,0.0134820938110351,1.0
gkg_n2_m20_cf0.2_corruncorrelated_rep7.json,2,20,0.2,uncorrelated,265260,True,1.0,0.0022759437561035,9022.0,OPTIMAL,0,4,0.0266420841217041,9031.0,0.0,9031.0,0.0022759437561035,OPTIMAL,9031.0,0.0070483684539794,1.0
gkg_n2_m20_cf0.2_corruncorrelated_rep8.json,2,20,0.2,uncorrelated,275445,True,1.0,0.017388105392456,8434.0,OPTIMAL,0,4,0.0476429462432861,8490.0,0.0094225406646728,8490.0,0.017388105392456,OPTIMAL,8490.0,0.0033390522003173,1.0
gkg_n2_m20_cf0.2_corruncorrelated_rep9.json,2,20,0.2,uncorrelated,285630,True,1.0,0.0067262649536132,9110.0,OPTIMAL,0,4,0.0251259803771972,9168.0,0.0108380317687988,9168.0,0.0067262649536132,OPTIMAL,9168.0,0.008446455001831,1.0
gkg_n2_m20_cf0.2_corrweakly_correlated_rep0.json,2,20,0.2,weakly_correlated,204055,True,1.0,0.0,4910.0,OPTIMAL,0,2,0.0200450420379638,4910.0,0.0040111541748046,4910.0,0.0,OPTIMAL,4910.0,0.0257370471954345,1.0
gkg_n2_m20_cf0.2_corrweakly_correlated_rep1.json,2,20,0.2,weakly_correlated,214240,True,1.0,0.015669822692871,4148.0,OPTIMAL,0,4,0.0413565635681152,4159.0,0.0,4159.0,0.015669822692871,OPTIMAL,4159.0,0.0238730907440185,1.0
gkg_n2_m20_cf0.2_corrweakly_correlated_rep2.json,2,20,0.2,weakly_correlated,224425,True,1.0,0.0,5008.0,OPTIMAL,3,8,0.0369420051574707,5096.0,0.0108718872070312,5096.0,0.0,OPTIMAL,5096.0,0.0,1.0
gkg_n2_m20_cf0.2_corrweakly_correlated_rep3.json,2,20,0.2,weakly_correlated,234610,True,1.0,0.0162553787231445,4583.0,OPTIMAL,0,2,0.0326707363128662,4583.0,0.0,4583.0,0.0162553787231445,OPTIMAL,4583.0,0.0,1.0
gkg_n2_m20_cf0.2_corrweakly_correlated_rep4.json,2,20,0.2,weakly_correlated,244795,True,1.0,0.0225195884704589,4338.0,OPTIMAL,0,2,0.0332036018371582,4338.0,0.0,4338.0,0.0225195884704589,OPTIMAL,4338.0,0.0182244777679443,1.0
gkg_n2_m20_cf0.2_corrweakly_correlated_rep5.json,2,20,0.2,weakly_correlated,254980,True,1.0,0.0030062198638916,5140.0,OPTIMAL,0,2,0.0242519378662109,5140.0,0.0,5140.0,0.0030062198638916,OPTIMAL,5140.0,0.0119335651397705,1.0
gkg_n2_m20_cf0.2_corrweakly_correlated_rep6.json,2,20,0.2,weakly_correlated,265165,True,1.0,0.0125677585601806,4567.0,OPTIMAL,0,2,0.0145676136016845,4567.0,0.0019998550415039,4567.0,0.0125677585601806,OPTIMAL,4567.0,0.0183842182159423,1.0
gkg_n2_m20_cf0.2_corrweakly_correlated_rep7.json,2,20,0.2,weakly_correlated,275350,True,1.0,0.0032699108123779,4361.0,OPTIMAL,2,8,0.0260677337646484,4447.0,0.0097501277923583,4447.0,0.0032699108123779,OPTIMAL,4447.0,0.0039992332458496,1.0
gkg_n2_m20_cf0.2_corrweakly_correlated_rep8.json,2,20,0.2,weakly_correlated,285535,True,1.0,0.0070002079010009,3936.0,OPTIMAL,0,2,0.0328752994537353,3936.0,0.0071895122528076,3936.0,0.0070002079010009,OPTIMAL,3936.0,0.0312530994415283,1.0
gkg_n2_m20_cf0.2_corrweakly_correlated_rep9.json,2,20,0.2,weakly_correlated,295720,True,1.0,0.0086071491241455,4053.0,OPTIMAL,0,2,0.0462477207183837,4053.0,0.0,4053.0,0.0086071491241455,OPTIMAL,4053.0,0.0099959373474121,1.0
gkg_n2_m20_cf0.5_corrstrongly_correlated_rep0.json,2,20,0.5,strongly_correlated,244415,True,1.0,0.0,12144.0,OPTIMAL,15,30,0.1237440109252929,12348.0,0.0161669254302978,12348.0,0.0,OPTIMAL,12348.0,0.0541975498199462,1.0
gkg_n2_m20_cf0.5_corrstrongly_correlated_rep1.json,2,20,0.5,strongly_correlated,254600,True,1.0,0.0093610286712646,13043.0,OPTIMAL,1,8,0.0800178050994873,13062.0,0.0039968490600585,13062.0,0.0093610286712646,OPTIMAL,13062.0,0.0446395874023437,1.0
gkg_n2_m20_cf0.5_corrstrongly_correlated_rep2.json,2,20,0.5,strongly_correlated,264785,True,1.0,0.0055296421051025,11443.0,OPTIMAL,4,8,0.057262897491455,11607.0,0.0113604068756103,11607.0,0.0055296421051025,OPTIMAL,11607.0,0.0542919635772705,1.0
gkg_n2_m20_cf0.5_corrstrongly_correlated_rep3.json,2,20,0.5,strongly_correlated,274970,True,1.0,0.0089907646179199,12406.0,OPTIMAL,4,8,0.0588409900665283,12500.0,0.0050024986267089,12500.0,0.0089907646179199,OPTIMAL,12500.0,0.0265648365020751,1.0
gkg_n2_m20_cf0.5_corrstrongly_correlated_rep4.json,2,20,0.5,strongly_correlated,285155,True,1.0,0.0,12039.0,OPTIMAL,4,10,0.0656089782714843,12127.0,0.0117413997650146,12127.0,0.0,OPTIMAL,12127.0,0.0296683311462402,1.0
gkg_n2_m20_cf0.5_corrstrongly_correlated_rep5.json,2,20,0.5,strongly_correlated,295340,True,1.0,0.0020062923431396,12334.0,OPTIMAL,1,6,0.0620248317718505,12440.0,0.0101370811462402,12440.0,0.0020062923431396,OPTIMAL,12440.0,0.050551414489746,1.0
gkg_n2_m20_cf0.5_corrstrongly_correlated_rep6.json,2,20,0.5,strongly_correlated,305525,True,1.0,0.0088274478912353,11397.0,OPTIMAL,8,18,0.0908746719360351,12003.0,0.0023648738861083,12003.0,0.0088274478912353,OPTIMAL,12003.0,0.0346448421478271,1.0
gkg_n2_m20_cf0.5_corrstrongly_correlated_rep7.json,2,20,0.5,strongly_correlated,315710,True,1.0,0.0055997371673583,13032.0,OPTIMAL,2,12,0.050269603729248,13196.0,0.0086622238159179,13196.0,0.0055997371673583,OPTIMAL,13196.0,0.0130736827850341,1.0
gkg_n2_m20_cf0.5_corrstrongly_correlated_rep8.json,2,20,0.5,strongly_correlated,325895,True,1.0,0.0179953575134277,13821.0,OPTIMAL,6,16,0.1059966087341308,13918.0,0.0090985298156738,13918.0,0.0179953575134277,OPTIMAL,13918.0,0.0670371055603027,1.0
gkg_n2_m20_cf0.5_corrstrongly_correlated_rep9.json,2,20,0.5,strongly_correlated,336080,True,1.0,0.0,13324.0,OPTIMAL,7,18,0.0887246131896972,13421.0,0.0121071338653564,13421.0,0.0,OPTIMAL,13421.0,0.0410020351409912,1.0
gkg_n2_m20_cf0.5_corruncorrelated_rep0.json,2,20,0.5,uncorrelated,224235,True,1.0,0.0064053535461425,13211.0,OPTIMAL,3,8,0.0296328067779541,14070.0,0.0,14070.0,0.0064053535461425,OPTIMAL,14070.0,0.0138709545135498,1.0
gkg_n2_m20_cf0.5_corruncorrelated_rep1.json,2,20,0.5,uncorrelated,234420,True,1.0,0.0090634822845458,16767.0,OPTIMAL,1,6,0.0275704860687255,16840.0,0.0052738189697265,16840.0,0.0090634822845458,OPTIMAL,16840.0,0.0069987773895263,1.0
gkg_n2_m20_cf0.5_corruncorrelated_rep2.json,2,20,0.5,uncorrelated,244605,True,1.0,0.0056109428405761,13460.0,OPTIMAL,1,6,0.0254368782043457,13522.0,0.0,13522.0,0.0056109428405761,OPTIMAL,13522.0,0.0087907314300537,1.0
gkg_n2_m20_cf0.5_corruncorrelated_rep3.json,2,20,0.5,uncorrelated,254790,True,1.0,0.0022721290588378,14996.0,OPTIMAL,1,6,0.0179090499877929,15676.0,0.0116279125213623,15676.0,0.0022721290588378,OPTIMAL,15676.0,0.0,1.0
gkg_n2_m20_cf0.5_corruncorrelated_rep4.json,2,20,0.5,uncorrelated,264975,True,1.0,0.0159146785736084,16001.0,OPTIMAL,3,12,0.031987190246582,16767.0,0.0,16767.0,0.0159146785736084,OPTIMAL,16767.0,0.0044167041778564,1.0
gkg_n2_m20_cf0.5_corruncorrelated_rep5.json,2,20,0.5,uncorrelated,275160,True,1.0,0.0089318752288818,13544.0,OPTIMAL,2,6,0.0133302211761474,14589.0,0.0043983459472656,14589.0,0.0089318752288818,OPTIMAL,14589.0,0.0,1.0
gkg_n2_m20_cf0.5_corruncorrelated_rep6.json,2,20,0.5,uncorrelated,285345,True,1.0,0.0158154964447021,14544.0,OPTIMAL,0,2,0.031590461730957,14544.0,0.0,14544.0,0.0158154964447021,OPTIMAL,14544.0,0.0,1.0
gkg_n2_m20_cf0.5_corruncorrelated_rep7.json,2,20,0.5,uncorrelated,295530,True,1.0,0.015965461730957,15306.0,OPTIMAL,3,14,0.0637662410736084,15826.0,0.0,15826.0,0.015965461730957,OPTIMAL,15826.0,0.0,1.0
gkg_n2_m20_cf0.5_corruncorrelated_rep8.json,2,20,0.5,uncorrelated,305715,True,1.0,0.0,14583.0,OPTIMAL,2,6,0.0318901538848876,15194.0,0.0,15194.0,0.0,OPTIMAL,15194.0,0.0160422325134277,1.0
gkg_n2_m20_cf0.5_corruncorrelated_rep9.json,2,20,0.5,uncorrelated,315900,True,1.0,0.0158050060272216,12938.0,OPTIMAL,0,8,0.0316393375396728,13170.0,0.0,13170.0,0.0158050060272216,OPTIMAL,13170.0,0.0047535896301269,1.0
gkg_n2_m20_cf0.5_corrweakly_correlated_rep0.json,2,20,0.5,weakly_correlated,234325,True,1.0,0.0111439228057861,10551.0,OPTIMAL,5,16,0.0763506889343261,10856.0,0.0,10856.0,0.0111439228057861,OPTIMAL,10856.0,0.0300605297088623,1.0
gkg_n2_m20_cf0.5_corrweakly_correlated_rep1.json,2,20,0.5,weakly_correlated,244510,True,1.0,0.0159575939178466,11402.0,OPTIMAL,1,6,0.0319206714630126,11428.0,0.0,11428.0,0.0159575939178466,OPTIMAL,11428.0,0.01589035987854,1.0
gkg_n2_m20_cf0.5_corrweakly_correlated_rep2.json,2,20,0.5,weakly_correlated,254695,True,1.0,0.0,10894.0,OPTIMAL,2,8,0.0231397151947021,10935.0,0.0,10935.0,0.0,OPTIMAL,10935.0,0.0089695453643798,1.0
gkg_n2_m20_cf0.5_corrweakly_correlated_rep3.json,2,20,0.5,weakly_correlated,264880,True,1.0,0.0160510540008544,8800.0,OPTIMAL,9,14,0.0477113723754882,9384.0,0.0,9384.0,0.0160510540008544,OPTIMAL,9384.0,0.0143928527832031,1.0
gkg_n2_m20_cf0.5_corrweakly_correlated_rep4.json,2,20,0.5,weakly_correlated,275065,True,1.0,0.0,9996.0,OPTIMAL,0,2,0.0372235774993896,9996.0,0.0,9996.0,0.0,OPTIMAL,9996.0,0.0097682476043701,1.0
gkg_n2_m20_cf0.5_corrweakly_correlated_rep5.json,2,20,0.5,weakly_correlated,285250,True,1.0,0.015843391418457,10760.0,OPTIMAL,1,8,0.048166275024414,10964.0,0.0161402225494384,10964.0,0.015843391418457,OPTIMAL,10964.0,0.0242350101470947,1.0
gkg_n2_m20_cf0.5_corrweakly_correlated_rep6.json,2,20,0.5,weakly_correlated,295435,True,1.0,0.0,10253.0,OPTIMAL,4,10,0.0292541980743408,10609.0,0.00938081741333,10609.0,0.0,OPTIMAL,10609.0,0.0080175399780273,1.0
gkg_n2_m20_cf0.5_corrweakly_correlated_rep7.json,2,20,0.5,weakly_correlated,305620,True,1.0,0.0057563781738281,9713.0,OPTIMAL,1,6,0.0295557975769042,9828.0,0.0040085315704345,9828.0,0.0057563781738281,OPTIMAL,9828.0,0.0196850299835205,1.0
gkg_n2_m20_cf0.5_corrweakly_correlated_rep8.json,2,20,0.5,weakly_correlated,315805,True,1.0,0.0080211162567138,11600.0,OPTIMAL,2,6,0.0250658988952636,11757.0,0.0060136318206787,11757.0,0.0080211162567138,OPTIMAL,11757.0,0.0050137042999267,1.0
gkg_n2_m20_cf0.5_corrweakly_correlated_rep9.json,2,20,0.5,weakly_correlated,325990,True,1.0,0.0060148239135742,10448.0,OPTIMAL,1,6,0.0478205680847168,10514.0,0.0037498474121093,10514.0,0.0060148239135742,OPTIMAL,10514.0,0.0207681655883789,1.0
gkg_n2_m30_cf0.2_corrstrongly_correlated_rep0.json,2,30,0.2,strongly_correlated,274685,True,1.0,0.0022723674774169,8562.0,OPTIMAL,0,2,0.0291171073913574,8562.0,0.0,8562.0,0.0022723674774169,OPTIMAL,8562.0,0.0126864910125732,1.0
gkg_n2_m30_cf0.2_corrstrongly_correlated_rep1.json,2,30,0.2,strongly_correlated,284870,True,1.0,0.0080072879791259,8258.0,OPTIMAL,4,14,0.0785300731658935,8374.0,0.0,8374.0,0.0080072879791259,OPTIMAL,8374.0,0.0153291225433349,1.0
gkg_n2_m30_cf0.2_corrstrongly_correlated_rep2.json,2,30,0.2,strongly_correlated,295055,True,1.0,0.0,8372.0,OPTIMAL,5,14,0.1002018451690673,8381.0,0.0060031414031982,8381.0,0.0,OPTIMAL,8381.0,0.0518102645874023,1.0
gkg_n2_m30_cf0.2_corrstrongly_correlated_rep3.json,2,30,0.2,strongly_correlated,305240,True,1.0,0.0079982280731201,8447.0,OPTIMAL,3,10,0.0841634273529052,8546.0,0.0017309188842773,8546.0,0.0079982280731201,OPTIMAL,8546.0,0.0534584522247314,1.0
gkg_n2_m30_cf0.2_corrstrongly_correlated_rep4.json,2,30,0.2,strongly_correlated,315425,True,1.0,0.0,8067.0,OPTIMAL,0,2,0.0274751186370849,8067.0,0.01371431350708,8067.0,0.0,OPTIMAL,8067.0,0.021130084991455,1.0
gkg_n2_m30_cf0.2_corrstrongly_correlated_rep5.json,2,30,0.2,strongly_correlated,325610,True,1.0,0.0080184936523437,8738.0,OPTIMAL,5,12,0.1040363311767578,8818.0,0.0070178508758544,8818.0,0.0080184936523437,OPTIMAL,8818.0,0.0332405567169189,1.0
gkg_n2_m30_cf0.2_corrstrongly_correlated_rep6.json,2,30,0.2,strongly_correlated,335795,True,1.0,0.0,7913.0,OPTIMAL,3,10,0.1006104946136474,7940.0,0.0181620121002197,7940.0,0.0,OPTIMAL,7940.0,0.0865595340728759,1.0
gkg_n2_m30_cf0.2_corrstrongly_correlated_rep7.json,2,30,0.2,strongly_correlated,345980,True,1.0,0.0041060447692871,7647.0,OPTIMAL,1,6,0.0434474945068359,7658.0,0.0,7658.0,0.0041060447692871,OPTIMAL,7658.0,0.0268466472625732,1.0
gkg_n2_m30_cf0.2_corrstrongly_correlated_rep8.json,2,30,0.2,strongly_correlated,356165,True,1.0,0.0038402080535888,8465.0,OPTIMAL,0,4,0.0338006019592285,8475.0,0.0,8475.0,0.0038402080535888,OPTIMAL,8475.0,0.0272679328918457,1.0
gkg_n2_m30_cf0.2_corrstrongly_correlated_rep9.json,2,30,0.2,strongly_correlated,366350,True,1.0,0.0036044120788574,9240.0,OPTIMAL,0,2,0.0353076457977294,9240.0,0.0,9240.0,0.0036044120788574,OPTIMAL,9240.0,0.0237834453582763,1.0
gkg_n2_m30_cf0.2_corruncorrelated_rep0.json,2,30,0.2,uncorrelated,254505,True,1.0,0.0060288906097412,13167.0,OPTIMAL,0,2,0.019766092300415,13167.0,0.0097272396087646,13167.0,0.0060288906097412,OPTIMAL,13167.0,0.0083787441253662,1.0
gkg_n2_m30_cf0.2_corruncorrelated_rep1.json,2,30,0.2,uncorrelated,264690,True,1.0,0.0075197219848632,13723.0,OPTIMAL,3,8,0.0388593673706054,14208.0,0.0040080547332763,14208.0,0.0075197219848632,OPTIMAL,14208.0,0.0113852024078369,1.0
gkg_n2_m30_cf0.2_corruncorrelated_rep2.json,2,30,0.2,uncorrelated,274875,True,1.0,0.0028319358825683,12446.0,OPTIMAL,0,6,0.0289306640625,12550.0,0.0,12550.0,0.0028319358825683,OPTIMAL,12550.0,0.0133442878723144,1.0
gkg_n2_m30_cf0.2_corruncorrelated_rep3.json,2,30,0.2,uncorrelated,285060,True,1.0,0.0082905292510986,13280.0,OPTIMAL,2,10,0.0358498096466064,13828.0,0.0049998760223388,13828.0,0.0082905292510986,OPTIMAL,13828.0,0.0098752975463867,1.0
gkg_n2_m30_cf0.2_corruncorrelated_rep4.json,2,30,0.2,uncorrelated,295245,True,1.0,0.0177741050720214,12283.0,OPTIMAL,1,6,0.029543399810791,12533.0,0.006011962890625,12533.0,0.0177741050720214,OPTIMAL,12533.0,0.0,1.0
gkg_n2_m30_cf0.2_corruncorrelated_rep5.json,2,30,0.2,uncorrelated,305430,True,1.0,0.0161330699920654,15495.0,OPTIMAL,1,6,0.0322918891906738,15828.0,0.0,15828.0,0.0161330699920654,OPTIMAL,15828.0,0.0157830715179443,1.0
gkg_n2_m30_cf0.2_corruncorrelated_rep6.json,2,30,0.2,uncorrelated,315615,True,1.0,0.0,16569.0,OPTIMAL,0,2,0.0036571025848388,16569.0,0.0036571025848388,16569.0,0.0,OPTIMAL,16569.0,0.0,1.0
gkg_n2_m30_cf0.2_corruncorrelated_rep7.json,2,30,0.2,uncorrelated,325800,True,1.0,0.0121068954467773,13133.0,OPTIMAL,2,8,0.0279288291931152,13739.0,0.0,13739.0,0.0121068954467773,OPTIMAL,13739.0,0.0,1.0
gkg_n2_m30_cf0.2_corruncorrelated_rep8.json,2,30,0.2,uncorrelated,335985,True,1.0,0.015782356262207,16552.0,OPTIMAL,3,10,0.0315604209899902,16963.0,0.0,16963.0,0.015782356262207,OPTIMAL,16963.0,0.0,1.0
gkg_n2_m30_cf0.2_corruncorrelated_rep9.json,2,30,0.2,uncorrelated,346170,True,1.0,0.0091662406921386,15821.0,OPTIMAL,0,2,0.0158257484436035,15821.0,0.0066595077514648,15821.0,0.0091662406921386,OPTIMAL,15821.0,0.015773057937622,1.0
gkg_n2_m30_cf0.2_corrweakly_correlated_rep0.json,2,30,0.2,weakly_correlated,264595,True,1.0,0.0,7063.0,OPTIMAL,0,2,0.0157790184020996,7063.0,0.0157790184020996,7063.0,0.0,OPTIMAL,7063.0,0.0157811641693115,1.0
gkg_n2_m30_cf0.2_corrweakly_correlated_rep1.json,2,30,0.2,weakly_correlated,274780,True,1.0,0.0,7079.0,OPTIMAL,1,6,0.0521900653839111,7102.0,0.0,7102.0,0.0,OPTIMAL,7102.0,0.0279891490936279,1.0
gkg_n2_m30_cf0.2_corrweakly_correlated_rep2.json,2,30,0.2,weakly_correlated,284965,True,1.0,0.0,7210.0,OPTIMAL,0,4,0.0572254657745361,7223.0,0.0161595344543457,7223.0,0.0,OPTIMAL,7223.0,0.0262525081634521,1.0
gkg_n2_m30_cf0.2_corrweakly_correlated_rep3.json,2,30,0.2,weakly_correlated,295150,True,1.0,0.0,7587.0,OPTIMAL,0,2,0.0378139019012451,7587.0,0.0116956233978271,7587.0,0.0,OPTIMAL,7587.0,0.0378706455230712,1.0
gkg_n2_m30_cf0.2_corrweakly_correlated_rep4.json,2,30,0.2,weakly_correlated,305335,True,1.0,0.0,5908.0,OPTIMAL,1,6,0.0317833423614501,5931.0,0.0,5931.0,0.0,OPTIMAL,5931.0,0.0179755687713623,1.0
gkg_n2_m30_cf0.2_corrweakly_correlated_rep5.json,2,30,0.2,weakly_correlated,315520,True,1.0,0.0,6628.0,OPTIMAL,0,4,0.045569896697998,6641.0,0.0139405727386474,6641.0,0.0,OPTIMAL,6641.0,0.03194260597229,1.0
gkg_n2_m30_cf0.2_corrweakly_correlated_rep6.json,2,30,0.2,weakly_correlated,325705,True,1.0,0.0,6735.0,OPTIMAL,0,6,0.0563952922821044,6781.0,0.0158116817474365,6781.0,0.0,OPTIMAL,6781.0,0.0368025302886962,1.0
gkg_n2_m30_cf0.2_corrweakly_correlated_rep7.json,2,30,0.2,weakly_correlated,335890,True,1.0,0.0015041828155517,6763.0,OPTIMAL,0,4,0.0328350067138671,6766.0,0.0,6766.0,0.0015041828155517,OPTIMAL,6766.0,0.0224509239196777,1.0
gkg_n2_m30_cf0.2_corrweakly_correlated_rep8.json,2,30,0.2,weakly_correlated,346075,True,1.0,0.0,7235.0,OPTIMAL,1,4,0.011486530303955,7235.0,0.0,7235.0,0.0,OPTIMAL,7235.0,0.0131316184997558,1.0
gkg_n2_m30_cf0.2_corrweakly_correlated_rep9.json,2,30,0.2,weakly_correlated,356260,True,1.0,0.0026547908782958,6830.0,OPTIMAL,3,10,0.1203854084014892,6903.0,0.0,6903.0,0.0026547908782958,OPTIMAL,6903.0,0.0338075160980224,1.0
gkg_n2_m30_cf0.5_corrstrongly_correlated_rep0.json,2,30,0.5,strongly_correlated,304955,True,1.0,0.0034189224243164,17898.0,OPTIMAL,4,10,0.0665078163146972,18087.0,0.0,18087.0,0.0034189224243164,OPTIMAL,18087.0,0.0430114269256591,1.0
gkg_n2_m30_cf0.5_corrstrongly_correlated_rep1.json,2,30,0.5,strongly_correlated,315140,True,1.0,0.0047671794891357,17204.0,OPTIMAL,13,20,0.138040542602539,17393.0,0.0158731937408447,17393.0,0.0047671794891357,OPTIMAL,17393.0,0.0607905387878418,1.0
gkg_n2_m30_cf0.5_corrstrongly_correlated_rep2.json,2,30,0.5,strongly_correlated,325325,True,1.0,0.0100927352905273,19986.0,OPTIMAL,10,18,0.1209847927093505,20195.0,0.0,20195.0,0.0100927352905273,OPTIMAL,20195.0,0.0264675617218017,1.0
gkg_n2_m30_cf0.5_corrstrongly_correlated_rep3.json,2,30,0.5,strongly_correlated,335510,True,1.0,0.0055251121520996,16061.0,OPTIMAL,11,26,0.2229366302490234,16278.0,0.0158784389495849,16278.0,0.0055251121520996,OPTIMAL,16278.0,0.100013256072998,1.0
gkg_n2_m30_cf0.5_corrstrongly_correlated_rep4.json,2,30,0.5,strongly_correlated,345695,True,1.0,0.0100669860839843,17493.0,OPTIMAL,29,50,0.2926678657531738,17784.0,0.0,17784.0,0.0100669860839843,OPTIMAL,17784.0,0.0665884017944336,1.0
gkg_n2_m30_cf0.5_corrstrongly_correlated_rep5.json,2,30,0.5,strongly_correlated,355880,True,1.0,0.0103094577789306,19746.0,OPTIMAL,28,42,0.4765396118164062,19945.0,0.0179722309112548,19945.0,0.0103094577789306,OPTIMAL,19945.0,0.0424222946166992,1.0
gkg_n2_m30_cf0.5_corrstrongly_correlated_rep6.json,2,30,0.5,strongly_correlated,366065,True,1.0,0.0099344253540039,19624.0,OPTIMAL,6,24,0.1616594791412353,19734.0,0.0157408714294433,19734.0,0.0099344253540039,OPTIMAL,19734.0,0.0686976909637451,1.0
gkg_n2_m30_cf0.5_corrstrongly_correlated_rep7.json,2,30,0.5,strongly_correlated,376250,True,1.0,0.0080194473266601,16969.0,OPTIMAL,15,22,0.0752971172332763,17439.0,0.0050125122070312,17439.0,0.0080194473266601,OPTIMAL,17439.0,0.0198597908020019,1.0
gkg_n2_m30_cf0.5_corrstrongly_correlated_rep8.json,2,30,0.5,strongly_correlated,386435,True,1.0,0.0,17794.0,OPTIMAL,0,2,0.080446720123291,17794.0,0.0120558738708496,17794.0,0.0,OPTIMAL,17794.0,0.0839569568634033,1.0
gkg_n2_m30_cf0.5_corrstrongly_correlated_rep9.json,2,30,0.5,strongly_correlated,396620,True,1.0,0.0081789493560791,18349.0,OPTIMAL,10,28,0.1707394123077392,18515.0,0.005756139755249,18515.0,0.0081789493560791,OPTIMAL,18515.0,0.0532476902008056,1.0
gkg_n2_m30_cf0.5_corruncorrelated_rep0.json,2,30,0.5,uncorrelated,284775,True,1.0,0.0103118419647216,23016.0,OPTIMAL,6,14,0.0498955249786376,23916.0,0.006014347076416,23916.0,0.0103118419647216,OPTIMAL,23916.0,0.0097622871398925,1.0
gkg_n2_m30_cf0.5_corruncorrelated_rep1.json,2,30,0.5,uncorrelated,294960,True,1.0,0.0085222721099853,20619.0,OPTIMAL,3,12,0.0564088821411132,23093.0,0.0060122013092041,23093.0,0.0085222721099853,OPTIMAL,23093.0,0.0,1.0
gkg_n2_m30_cf0.5_corruncorrelated_rep2.json,2,30,0.5,uncorrelated,305145,True,1.0,0.0157597064971923,25452.0,OPTIMAL,2,8,0.0315058231353759,26092.0,0.0,26092.0,0.0157597064971923,OPTIMAL,26092.0,0.0,1.0
gkg_n2_m30_cf0.5_corruncorrelated_rep3.json,2,30,0.5,uncorrelated,315330,True,1.0,0.0160384178161621,19401.0,OPTIMAL,3,8,0.0494008064270019,20298.0,0.0,20298.0,0.0160384178161621,OPTIMAL,20298.0,0.015864610671997,1.0
gkg_n2_m30_cf0.5_corruncorrelated_rep4.json,2,30,0.5,uncorrelated,325515,True,1.0,0.0,21116.0,OPTIMAL,0,4,0.0139062404632568,21919.0,0.0139062404632568,21919.0,0.0,OPTIMAL,21919.0,0.0,1.0
gkg_n2_m30_cf0.5_corruncorrelated_rep5.json,2,30,0.5,uncorrelated,335700,True,1.0,0.0291340351104736,22380.0,OPTIMAL,1,8,0.0686240196228027,22963.0,0.0080223083496093,22963.0,0.0291340351104736,OPTIMAL,22963.0,0.0137767791748046,1.0
gkg_n2_m30_cf0.5_corruncorrelated_rep6.json,2,30,0.5,uncorrelated,345885,True,1.0,0.0097649097442626,20028.0,OPTIMAL,1,6,0.0413906574249267,20613.0,0.0138137340545654,20613.0,0.0097649097442626,OPTIMAL,20613.0,0.0118286609649658,1.0
gkg_n2_m30_cf0.5_corruncorrelated_rep7.json,2,30,0.5,uncorrelated,356070,True,1.0,0.0266149044036865,21684.0,OPTIMAL,2,8,0.0524466037750244,22187.0,0.0051229000091552,22187.0,0.0266149044036865,OPTIMAL,22187.0,0.0110688209533691,1.0
gkg_n2_m30_cf0.5_corruncorrelated_rep8.json,2,30,0.5,uncorrelated,366255,True,1.0,0.0161430835723876,20284.0,OPTIMAL,5,14,0.0810785293579101,21692.0,0.0160775184631347,21692.0,0.0161430835723876,OPTIMAL,21692.0,0.0093553066253662,1.0
gkg_n2_m30_cf0.5_corruncorrelated_rep9.json,2,30,0.5,uncorrelated,376440,True,1.0,0.0100243091583251,18332.0,OPTIMAL,11,18,0.0532960891723632,19649.0,0.009995698928833,19649.0,0.0100243091583251,OPTIMAL,19649.0,0.0235273838043212,1.0
gkg_n2_m30_cf0.5_corrweakly_correlated_rep0.json,2,30,0.5,weakly_correlated,294865,True,1.0,0.0079138278961181,18348.0,OPTIMAL,0,6,0.0694780349731445,18424.0,0.0157816410064697,18424.0,0.0079138278961181,OPTIMAL,18424.0,0.0412867069244384,1.0
gkg_n2_m30_cf0.5_corrweakly_correlated_rep1.json,2,30,0.5,weakly_correlated,305050,True,1.0,0.0060808658599853,16019.0,OPTIMAL,6,12,0.0846731662750244,16129.0,0.0,16129.0,0.0060808658599853,OPTIMAL,16129.0,0.0236773490905761,1.0
gkg_n2_m30_cf0.5_corrweakly_correlated_rep2.json,2,30,0.5,weakly_correlated,315235,True,1.0,0.0078942775726318,17385.0,OPTIMAL,3,10,0.0892939567565918,17717.0,0.0,17717.0,0.0078942775726318,OPTIMAL,17717.0,0.0519654750823974,1.0
gkg_n2_m30_cf0.5_corrweakly_correlated_rep3.json,2,30,0.5,weakly_correlated,325420,True,1.0,0.007270336151123,18189.0,OPTIMAL,1,8,0.0545482635498046,18273.0,0.0094380378723144,18273.0,0.007270336151123,OPTIMAL,18273.0,0.0377633571624755,1.0
gkg_n2_m30_cf0.5_corrweakly_correlated_rep4.json,2,30,0.5,weakly_correlated,335605,True,1.0,0.0107336044311523,17984.0,OPTIMAL,2,8,0.0400421619415283,18068.0,0.0059096813201904,18068.0,0.0107336044311523,OPTIMAL,18068.0,0.0436389446258544,1.0
gkg_n2_m30_cf0.5_corrweakly_correlated_rep5.json,2,30,0.5,weakly_correlated,345790,True,1.0,0.0038952827453613,20062.0,OPTIMAL,1,6,0.0659098625183105,20099.0,0.0,20099.0,0.0038952827453613,OPTIMAL,20099.0,0.0472886562347412,1.0
gkg_n2_m30_cf0.5_corrweakly_correlated_rep6.json,2,30,0.5,weakly_correlated,355975,True,1.0,0.0092673301696777,14407.0,OPTIMAL,2,8,0.0517923831939697,14555.0,0.0063989162445068,14555.0,0.0092673301696777,OPTIMAL,14555.0,0.0380547046661376,1.0
gkg_n2_m30_cf0.5_corrweakly_correlated_rep7.json,2,30,0.5,weakly_correlated,366160,True,1.0,0.0097427368164062,18778.0,OPTIMAL,3,10,0.0765910148620605,18833.0,0.0060033798217773,18833.0,0.0097427368164062,OPTIMAL,18833.0,0.053755760192871,1.0
gkg_n2_m30_cf0.5_corrweakly_correlated_rep8.json,2,30,0.5,weakly_correlated,376345,True,1.0,0.0061979293823242,17350.0,OPTIMAL,0,4,0.0378279685974121,17394.0,0.0,17394.0,0.0061979293823242,OPTIMAL,17394.0,0.0131511688232421,1.0
gkg_n2_m30_cf0.5_corrweakly_correlated_rep9.json,2,30,0.5,weakly_correlated,386530,True,1.0,0.0084378719329833,18512.0,OPTIMAL,1,6,0.0715003013610839,18527.0,0.0,18527.0,0.0084378719329833,OPTIMAL,18527.0,0.0585458278656005,1.0
gkg_n2_m40_cf0.2_corrstrongly_correlated_rep0.json,2,40,0.2,strongly_correlated,335225,True,1.0,0.0041213035583496,11584.0,OPTIMAL,8,20,0.1216607093811035,11683.0,0.0098161697387695,11683.0,0.0041213035583496,OPTIMAL,11683.0,0.0415980815887451,1.0
gkg_n2_m40_cf0.2_corrstrongly_correlated_rep1.json,2,40,0.2,strongly_correlated,345410,True,1.0,0.0,10923.0,OPTIMAL,0,2,0.0332264900207519,10923.0,0.0138170719146728,10923.0,0.0,OPTIMAL,10923.0,0.0229842662811279,1.0
gkg_n2_m40_cf0.2_corrstrongly_correlated_rep2.json,2,40,0.2,strongly_correlated,355595,True,1.0,0.0137193202972412,11505.0,OPTIMAL,8,14,0.2672772407531738,11605.0,0.007098913192749,11605.0,0.0137193202972412,OPTIMAL,11605.0,0.0368483066558837,1.0
gkg_n2_m40_cf0.2_corrstrongly_correlated_rep3.json,2,40,0.2,strongly_correlated,365780,True,1.0,0.0,11465.0,OPTIMAL,2,10,0.0577893257141113,11481.0,0.0159952640533447,11481.0,0.0,OPTIMAL,11481.0,0.0352318286895751,1.0
gkg_n2_m40_cf0.2_corrstrongly_correlated_rep4.json,2,40,0.2,strongly_correlated,375965,True,1.0,0.002591848373413,12410.0,OPTIMAL,0,2,0.0261986255645751,12410.0,0.0160989761352539,12410.0,0.002591848373413,OPTIMAL,12410.0,0.0083591938018798,1.0
gkg_n2_m40_cf0.2_corrstrongly_correlated_rep5.json,2,40,0.2,strongly_correlated,386150,True,1.0,0.0157439708709716,11488.0,OPTIMAL,0,4,0.0630364418029785,11496.0,0.0156779289245605,11496.0,0.0157439708709716,OPTIMAL,11496.0,0.0158183574676513,1.0
gkg_n2_m40_cf0.2_corrstrongly_correlated_rep6.json,2,40,0.2,strongly_correlated,396335,True,1.0,0.0158238410949707,11191.0,OPTIMAL,4,10,0.0632605552673339,11284.0,0.0158710479736328,11284.0,0.0158238410949707,OPTIMAL,11284.0,0.0157647132873535,1.0
gkg_n2_m40_cf0.2_corrstrongly_correlated_rep7.json,2,40,0.2,strongly_correlated,406520,True,1.0,0.0189363956451416,11799.0,OPTIMAL,2,8,0.1061072349548339,11807.0,0.0059869289398193,11807.0,0.0189363956451416,OPTIMAL,11807.0,0.0198597908020019,1.0
gkg_n2_m40_cf0.2_corrstrongly_correlated_rep8.json,2,40,0.2,strongly_correlated,416705,True,1.0,0.008998155593872,11332.0,OPTIMAL,0,2,0.0494494438171386,11332.0,0.0050013065338134,11332.0,0.008998155593872,OPTIMAL,11332.0,0.0415937900543212,1.0
gkg_n2_m40_cf0.2_corrstrongly_correlated_rep9.json,2,40,0.2,strongly_correlated,426890,True,1.0,0.0121643543243408,11486.0,OPTIMAL,18,36,0.2827589511871338,11684.0,0.0059976577758789,11684.0,0.0121643543243408,OPTIMAL,11684.0,0.0727937221527099,1.0
gkg_n2_m40_cf0.2_corruncorrelated_rep0.json,2,40,0.2,uncorrelated,315045,True,1.0,0.0074391365051269,21599.0,OPTIMAL,0,2,0.0232210159301757,21599.0,0.0060176849365234,21599.0,0.0074391365051269,OPTIMAL,21599.0,0.0117678642272949,1.0
gkg_n2_m40_cf0.2_corruncorrelated_rep1.json,2,40,0.2,uncorrelated,325230,True,1.0,0.0120408535003662,20837.0,OPTIMAL,0,2,0.0282037258148193,20837.0,0.0,20837.0,0.0120408535003662,OPTIMAL,20837.0,0.015838623046875,1.0
gkg_n2_m40_cf0.2_corruncorrelated_rep2.json,2,40,0.2,uncorrelated,335415,True,1.0,0.0159523487091064,22405.0,OPTIMAL,1,6,0.0628516674041748,22655.0,0.0264759063720703,22655.0,0.0159523487091064,OPTIMAL,22655.0,0.0199151039123535,1.0
gkg_n2_m40_cf0.2_corruncorrelated_rep3.json,2,40,0.2,uncorrelated,345600,True,1.0,0.0120449066162109,18254.0,OPTIMAL,2,6,0.0308196544647216,18791.0,0.0,18791.0,0.0120449066162109,OPTIMAL,18791.0,0.0158414840698242,1.0
gkg_n2_m40_cf0.2_corruncorrelated_rep4.json,2,40,0.2,uncorrelated,355785,True,1.0,0.0,17601.0,OPTIMAL,3,8,0.0313153266906738,18640.0,0.0177085399627685,18640.0,0.0,OPTIMAL,18640.0,0.0161564350128173,1.0
gkg_n2_m40_cf0.2_corruncorrelated_rep5.json,2,40,0.2,uncorrelated,365970,True,1.0,0.0073156356811523,20351.0,OPTIMAL,2,8,0.0317022800445556,20846.0,0.0085401535034179,20846.0,0.0073156356811523,OPTIMAL,20846.0,0.0209074020385742,1.0
gkg_n2_m40_cf0.2_corruncorrelated_rep6.json,2,40,0.2,uncorrelated,376155,True,1.0,0.0,20250.0,OPTIMAL,0,2,0.0109460353851318,20250.0,0.0109460353851318,20250.0,0.0,OPTIMAL,20250.0,0.0,1.0
gkg_n2_m40_cf0.2_corruncorrelated_rep7.json,2,40,0.2,uncorrelated,386340,True,1.0,0.0161151885986328,20021.0,OPTIMAL,1,6,0.0355706214904785,20164.0,0.0036671161651611,20164.0,0.0161151885986328,OPTIMAL,20164.0,0.0263679027557373,1.0
gkg_n2_m40_cf0.2_corruncorrelated_rep8.json,2,40,0.2,uncorrelated,396525,True,1.0,0.0125000476837158,19821.0,OPTIMAL,1,6,0.0306131839752197,20367.0,0.002429723739624,20367.0,0.0125000476837158,OPTIMAL,20367.0,0.0,1.0
gkg_n2_m40_cf0.2_corruncorrelated_rep9.json,2,40,0.2,uncorrelated,406710,True,1.0,0.0060768127441406,18574.0,OPTIMAL,0,2,0.0158073902130126,18574.0,0.009730577468872,18574.0,0.0060768127441406,OPTIMAL,18574.0,0.0160121917724609,1.0
gkg_n2_m40_cf0.2_corrweakly_correlated_rep0.json,2,40,0.2,weakly_correlated,325135,True,1.0,0.0,9093.0,OPTIMAL,2,6,0.1089923381805419,9124.0,0.0,9124.0,0.0,OPTIMAL,9124.0,0.1253113746643066,1.0
gkg_n2_m40_cf0.2_corrweakly_correlated_rep1.json,2,40,0.2,weakly_correlated,335320,True,1.0,0.005552053451538,8718.0,OPTIMAL,1,6,0.0203826427459716,8785.0,0.0105414390563964,8785.0,0.005552053451538,OPTIMAL,8785.0,0.0,1.0
gkg_n2_m40_cf0.2_corrweakly_correlated_rep2.json,2,40,0.2,weakly_correlated,345505,True,1.0,0.0317268371582031,9905.0,OPTIMAL,1,6,0.1008024215698242,9939.0,0.0,9939.0,0.0317268371582031,OPTIMAL,9939.0,0.0418639183044433,1.0
gkg_n2_m40_cf0.2_corrweakly_correlated_rep3.json,2,40,0.2,weakly_correlated,355690,True,1.0,0.0,9377.0,OPTIMAL,0,2,0.0241425037384033,9377.0,0.0160162448883056,9377.0,0.0,OPTIMAL,9377.0,0.0165090560913085,1.0
gkg_n2_m40_cf0.2_corrweakly_correlated_rep4.json,2,40,0.2,weakly_correlated,365875,True,1.0,0.0074937343597412,9072.0,OPTIMAL,2,8,0.0638275146484375,9119.0,0.0,9119.0,0.0074937343597412,OPTIMAL,9119.0,0.0450665950775146,1.0
gkg_n2_m40_cf0.2_corrweakly_correlated_rep5.json,2,40,0.2,weakly_correlated,376060,True,1.0,0.0,9232.0,OPTIMAL,4,10,0.0615651607513427,9370.0,0.0154669284820556,9370.0,0.0,OPTIMAL,9370.0,0.0162718296051025,1.0
gkg_n2_m40_cf0.2_corrweakly_correlated_rep6.json,2,40,0.2,weakly_correlated,386245,True,1.0,0.0071754455566406,9077.0,OPTIMAL,2,8,0.1057827472686767,9104.0,0.0086047649383544,9104.0,0.0071754455566406,OPTIMAL,9104.0,0.068314790725708,1.0
gkg_n2_m40_cf0.2_corrweakly_correlated_rep7.json,2,40,0.2,weakly_correlated,396430,True,1.0,0.0,9442.0,OPTIMAL,0,2,0.0298647880554199,9442.0,0.0137233734130859,9442.0,0.0,OPTIMAL,9442.0,0.0241241455078125,1.0
gkg_n2_m40_cf0.2_corrweakly_correlated_rep8.json,2,40,0.2,weakly_correlated,406615,True,1.0,0.0107908248901367,9701.0,OPTIMAL,0,2,0.0315635204315185,9701.0,0.0059001445770263,9701.0,0.0107908248901367,OPTIMAL,9701.0,0.0290608406066894,1.0
gkg_n2_m40_cf0.2_corrweakly_correlated_rep9.json,2,40,0.2,weakly_correlated,416800,True,1.0,0.0039806365966796,9012.0,OPTIMAL,2,8,0.0597314834594726,9055.0,0.0,9055.0,0.0039806365966796,OPTIMAL,9055.0,0.0886163711547851,1.0
gkg_n2_m40_cf0.5_corrstrongly_correlated_rep0.json,2,40,0.5,strongly_correlated,365495,True,1.0,0.0074632167816162,25117.0,OPTIMAL,44,52,0.2942221164703369,25305.0,0.0158143043518066,25305.0,0.0074632167816162,OPTIMAL,25305.0,0.041323184967041,1.0
gkg_n2_m40_cf0.5_corrstrongly_correlated_rep1.json,2,40,0.5,strongly_correlated,375680,True,1.0,0.0103049278259277,25342.0,OPTIMAL,21,34,0.4528524875640869,25543.0,0.0,25543.0,0.0103049278259277,OPTIMAL,25542.0,0.0408849716186523,0.9999608503308148
gkg_n2_m40_cf0.5_corrstrongly_correlated_rep2.json,2,40,0.5,strongly_correlated,385865,True,1.0,0.053879976272583,25917.0,OPTIMAL,5,10,0.2162649631500244,26039.0,0.0235450267791748,26039.0,0.053879976272583,OPTIMAL,26039.0,0.0435836315155029,1.0
gkg_n2_m40_cf0.5_corrstrongly_correlated_rep3.json,2,40,0.5,strongly_correlated,396050,True,1.0,0.0097570419311523,25464.0,OPTIMAL,13,26,0.2285866737365722,25565.0,0.017512559890747,25565.0,0.0097570419311523,OPTIMAL,25565.0,0.0335361957550048,1.0
gkg_n2_m40_cf0.5_corrstrongly_correlated_rep4.json,2,40,0.5,strongly_correlated,406235,True,1.0,0.0222649574279785,25083.0,OPTIMAL,11,26,0.25836181640625,25186.0,0.0076720714569091,25186.0,0.0222649574279785,OPTIMAL,25186.0,0.0325045585632324,1.0
gkg_n2_m40_cf0.5_corrstrongly_correlated_rep5.json,2,40,0.5,strongly_correlated,416420,True,1.0,0.0081574916839599,24882.0,OPTIMAL,3,16,0.1333146095275879,24994.0,0.0,24994.0,0.0081574916839599,OPTIMAL,24994.0,0.0518755912780761,1.0
gkg_n2_m40_cf0.5_corrstrongly_correlated_rep6.json,2,40,0.5,strongly_correlated,426605,True,1.0,0.0027143955230712,26029.0,OPTIMAL,9,14,0.1394078731536865,26203.0,0.0156803131103515,26203.0,0.0027143955230712,OPTIMAL,26203.0,0.022568941116333,1.0
gkg_n2_m40_cf0.5_corrstrongly_correlated_rep7.json,2,40,0.5,strongly_correlated,436790,True,1.0,0.0161030292510986,23138.0,OPTIMAL,3,12,0.1060819625854492,23430.0,0.0187606811523437,23430.0,0.0161030292510986,OPTIMAL,23430.0,0.0336065292358398,1.0
gkg_n2_m40_cf0.5_corrstrongly_correlated_rep8.json,2,40,0.5,strongly_correlated,446975,True,1.0,0.0024573802947998,27028.0,OPTIMAL,33,60,0.67085862159729,27128.0,0.0162055492401123,27128.0,0.0024573802947998,OPTIMAL,27128.0,0.1104488372802734,1.0
gkg_n2_m40_cf0.5_corrstrongly_correlated_rep9.json,2,40,0.5,strongly_correlated,457160,True,1.0,0.0160982608795166,22551.0,OPTIMAL,26,44,0.9443643093109132,22649.0,0.0157673358917236,22649.0,0.0160982608795166,OPTIMAL,22649.0,0.364051342010498,1.0
gkg_n2_m40_cf0.5_corruncorrelated_rep0.json,2,40,0.5,uncorrelated,345315,True,1.0,0.0075111389160156,28324.0,OPTIMAL,1,8,0.0547151565551757,29060.0,0.0156819820404052,29060.0,0.0075111389160156,OPTIMAL,29060.0,0.0,1.0
gkg_n2_m40_cf0.5_corruncorrelated_rep1.json,2,40,0.5,uncorrelated,355500,True,1.0,0.031736135482788,31969.0,OPTIMAL,4,14,0.1112427711486816,32875.0,0.0056777000427246,32875.0,0.031736135482788,OPTIMAL,32875.0,0.0198094844818115,1.0
gkg_n2_m40_cf0.5_corruncorrelated_rep2.json,2,40,0.5,uncorrelated,365685,True,1.0,0.0119249820709228,30540.0,OPTIMAL,13,24,0.1541614532470703,31440.0,0.0,31440.0,0.0119249820709228,OPTIMAL,31440.0,0.0,1.0
gkg_n2_m40_cf0.5_corruncorrelated_rep3.json,2,40,0.5,uncorrelated,375870,True,1.0,0.0221786499023437,27013.0,OPTIMAL,2,6,0.047783613204956,28258.0,0.0096325874328613,28258.0,0.0221786499023437,OPTIMAL,28258.0,0.0158684253692626,1.0
gkg_n2_m40_cf0.5_corruncorrelated_rep4.json,2,40,0.5,uncorrelated,386055,True,1.0,0.0157902240753173,28568.0,OPTIMAL,4,8,0.0789964199066162,29733.0,0.0157997608184814,29733.0,0.0157902240753173,OPTIMAL,29733.0,0.0158517360687255,1.0
gkg_n2_m40_cf0.5_corruncorrelated_rep5.json,2,40,0.5,uncorrelated,396240,True,1.0,0.023130178451538,24769.0,OPTIMAL,3,10,0.0771925449371337,26699.0,0.0069911479949951,26699.0,0.023130178451538,OPTIMAL,26699.0,0.0031158924102783,1.0
gkg_n2_m40_cf0.5_corruncorrelated_rep6.json,2,40,0.5,uncorrelated,406425,True,1.0,0.0158138275146484,30067.0,OPTIMAL,2,8,0.0639715194702148,30978.0,0.0,30978.0,0.0158138275146484,OPTIMAL,30978.0,0.0174300670623779,1.0
gkg_n2_m40_cf0.5_corruncorrelated_rep7.json,2,40,0.5,uncorrelated,416610,True,1.0,0.0,29207.0,OPTIMAL,4,10,0.0475044250488281,29917.0,0.0,29917.0,0.0,OPTIMAL,29917.0,0.0222985744476318,1.0
gkg_n2_m40_cf0.5_corruncorrelated_rep8.json,2,40,0.5,uncorrelated,426795,True,1.0,0.0096776485443115,29536.0,OPTIMAL,2,6,0.0254349708557128,30240.0,0.0,30240.0,0.0096776485443115,OPTIMAL,30240.0,0.0211462974548339,1.0
gkg_n2_m40_cf0.5_corruncorrelated_rep9.json,2,40,0.5,uncorrelated,436980,True,1.0,0.0269887447357177,27218.0,OPTIMAL,5,12,0.10127854347229,28181.0,0.0113012790679931,28181.0,0.0269887447357177,OPTIMAL,28181.0,0.0177705287933349,1.0
gkg_n2_m40_cf0.5_corrweakly_correlated_rep0.json,2,40,0.5,weakly_correlated,355405,True,1.0,0.0141115188598632,19074.0,OPTIMAL,4,8,0.0616538524627685,19411.0,0.015547752380371,19411.0,0.0141115188598632,OPTIMAL,19411.0,0.0149071216583251,1.0
gkg_n2_m40_cf0.5_corrweakly_correlated_rep1.json,2,40,0.5,weakly_correlated,365590,True,1.0,0.0156495571136474,20999.0,OPTIMAL,11,20,0.1607255935668945,21137.0,0.0,21137.0,0.0156495571136474,OPTIMAL,21137.0,0.0894756317138671,1.0
gkg_n2_m40_cf0.5_corrweakly_correlated_rep2.json,2,40,0.5,weakly_correlated,375775,True,1.0,0.0171639919281005,23759.0,OPTIMAL,0,2,0.061230182647705,23759.0,0.0160870552062988,23759.0,0.0171639919281005,OPTIMAL,23759.0,0.0227284431457519,1.0
gkg_n2_m40_cf0.5_corrweakly_correlated_rep3.json,2,40,0.5,weakly_correlated,385960,True,1.0,0.0120079517364501,21374.0,OPTIMAL,1,8,0.088630199432373,21445.0,0.0,21445.0,0.0120079517364501,OPTIMAL,21445.0,0.0335752964019775,1.0
gkg_n2_m40_cf0.5_corrweakly_correlated_rep4.json,2,40,0.5,weakly_correlated,396145,True,1.0,0.0244398117065429,20838.0,OPTIMAL,0,2,0.0687968730926513,20838.0,0.0129992961883544,20838.0,0.0244398117065429,OPTIMAL,20838.0,0.0463693141937255,1.0
gkg_n2_m40_cf0.5_corrweakly_correlated_rep5.json,2,40,0.5,weakly_correlated,406330,True,1.0,0.016031265258789,19423.0,OPTIMAL,11,24,0.1658272743225097,19778.0,0.0,19778.0,0.016031265258789,OPTIMAL,19778.0,0.0086169242858886,1.0
gkg_n2_m40_cf0.5_corrweakly_correlated_rep6.json,2,40,0.5,weakly_correlated,416515,True,1.0,0.0316314697265625,22174.0,OPTIMAL,8,18,0.2053990364074707,22326.0,0.0158534049987792,22326.0,0.0316314697265625,OPTIMAL,22326.0,0.0620684623718261,1.0
gkg_n2_m40_cf0.5_corrweakly_correlated_rep7.json,2,40,0.5,weakly_correlated,426700,True,1.0,0.0018630027770996,21502.0,OPTIMAL,1,8,0.0714766979217529,21556.0,0.0161733627319335,21556.0,0.0018630027770996,OPTIMAL,21556.0,0.0170578956604003,1.0
gkg_n2_m40_cf0.5_corrweakly_correlated_rep8.json,2,40,0.5,weakly_correlated,436885,True,1.0,0.0241668224334716,20324.0,OPTIMAL,9,16,0.1507112979888916,20472.0,0.0,20472.0,0.0241668224334716,OPTIMAL,20472.0,0.0437085628509521,1.0
gkg_n2_m40_cf0.5_corrweakly_correlated_rep9.json,2,40,0.5,weakly_correlated,447070,True,1.0,0.0196237564086914,22091.0,OPTIMAL,4,12,0.1152765750885009,22192.0,0.0157341957092285,22192.0,0.0196237564086914,OPTIMAL,22192.0,0.0944595336914062,1.0
gkg_n2_m50_cf0.2_corrstrongly_correlated_rep0.json,2,50,0.2,strongly_correlated,395765,True,1.0,0.0217237472534179,13785.0,OPTIMAL,4,12,0.1966381072998047,13863.0,0.0193312168121337,13863.0,0.0217237472534179,OPTIMAL,13863.0,0.0571160316467285,1.0
gkg_n2_m50_cf0.2_corrstrongly_correlated_rep1.json,2,50,0.2,strongly_correlated,405950,True,1.0,0.0185832977294921,14560.0,OPTIMAL,0,2,0.0427305698394775,14560.0,0.0078356266021728,14560.0,0.0185832977294921,OPTIMAL,14559.0,0.0325753688812255,0.9999313186813188
gkg_n2_m50_cf0.2_corrstrongly_correlated_rep2.json,2,50,0.2,strongly_correlated,416135,True,1.0,0.0138893127441406,13690.0,OPTIMAL,0,2,0.0295934677124023,13690.0,0.0157041549682617,13690.0,0.0138893127441406,OPTIMAL,13689.0,0.0625958442687988,0.999926953981008
gkg_n2_m50_cf0.2_corrstrongly_correlated_rep3.json,2,50,0.2,strongly_correlated,426320,True,1.0,0.0157876014709472,14138.0,OPTIMAL,3,12,0.1757583618164062,14247.0,0.0157942771911621,14247.0,0.0157876014709472,OPTIMAL,14247.0,0.0999743938446044,1.0
gkg_n2_m50_cf0.2_corrstrongly_correlated_rep4.json,2,50,0.2,strongly_correlated,436505,True,1.0,0.0249826908111572,13232.0,OPTIMAL,10,18,0.152148962020874,13346.0,0.0157725811004638,13346.0,0.0249826908111572,OPTIMAL,13346.0,0.0481376647949218,1.0
gkg_n2_m50_cf0.2_corrstrongly_correlated_rep5.json,2,50,0.2,strongly_correlated,446690,True,1.0,0.0,14306.0,OPTIMAL,6,18,0.1290192604064941,14410.0,0.0150206089019775,14410.0,0.0,OPTIMAL,14409.0,0.0476047992706298,0.9999306037473976
gkg_n2_m50_cf0.2_corrstrongly_correlated_rep6.json,2,50,0.2,strongly_correlated,456875,True,1.0,0.0258021354675292,13802.0,OPTIMAL,0,6,0.1319484710693359,13806.0,0.0,13806.0,0.0258021354675292,OPTIMAL,13805.0,0.0856072902679443,0.999927567724178
gkg_n2_m50_cf0.2_corrstrongly_correlated_rep7.json,2,50,0.2,strongly_correlated,467060,True,1.0,0.0147356986999511,13992.0,OPTIMAL,15,24,0.1958329677581787,14189.0,0.0157711505889892,14189.0,0.0147356986999511,OPTIMAL,14189.0,0.0347125530242919,1.0
gkg_n2_m50_cf0.2_corrstrongly_correlated_rep8.json,2,50,0.2,strongly_correlated,477245,True,1.0,0.016352891921997,13764.0,OPTIMAL,5,10,0.1163487434387207,14011.0,0.0077650547027587,14011.0,0.016352891921997,OPTIMAL,14011.0,0.0473525524139404,1.0
gkg_n2_m50_cf0.2_corrstrongly_correlated_rep9.json,2,50,0.2,strongly_correlated,487430,True,1.0,0.0190508365631103,14800.0,OPTIMAL,1,6,0.1012890338897705,14805.0,0.0097641944885253,14805.0,0.0190508365631103,OPTIMAL,14805.0,0.0369350910186767,1.0
gkg_n2_m50_cf0.2_corruncorrelated_rep0.json,2,50,0.2,uncorrelated,375585,True,1.0,0.0101509094238281,25644.0,OPTIMAL,3,8,0.02587890625,26974.0,0.0,26974.0,0.0101509094238281,OPTIMAL,26974.0,0.0,1.0
gkg_n2_m50_cf0.2_corruncorrelated_rep1.json,2,50,0.2,uncorrelated,385770,True,1.0,0.0183997154235839,24424.0,OPTIMAL,2,6,0.0481548309326171,25271.0,0.0,25271.0,0.0183997154235839,OPTIMAL,25271.0,0.0015270709991455,1.0
gkg_n2_m50_cf0.2_corruncorrelated_rep2.json,2,50,0.2,uncorrelated,395955,True,1.0,0.0152504444122314,26027.0,OPTIMAL,0,2,0.0152504444122314,26027.0,0.0,26027.0,0.0152504444122314,OPTIMAL,26027.0,0.0190246105194091,1.0
gkg_n2_m50_cf0.2_corruncorrelated_rep3.json,2,50,0.2,uncorrelated,406140,True,1.0,0.012963056564331,21199.0,OPTIMAL,0,2,0.0563368797302246,21199.0,0.0159528255462646,21199.0,0.012963056564331,OPTIMAL,21199.0,0.0256311893463134,1.0
gkg_n2_m50_cf0.2_corruncorrelated_rep4.json,2,50,0.2,uncorrelated,416325,True,1.0,0.0100793838500976,23001.0,OPTIMAL,3,8,0.0421066284179687,24364.0,0.0,24364.0,0.0100793838500976,OPTIMAL,24364.0,0.0,1.0
gkg_n2_m50_cf0.2_corruncorrelated_rep5.json,2,50,0.2,uncorrelated,426510,True,1.0,0.0159668922424316,25748.0,OPTIMAL,1,6,0.0600488185882568,27055.0,0.0157315731048584,27055.0,0.0159668922424316,OPTIMAL,27055.0,0.0,1.0
gkg_n2_m50_cf0.2_corruncorrelated_rep6.json,2,50,0.2,uncorrelated,436695,True,1.0,0.0,23625.0,OPTIMAL,1,6,0.0158913135528564,24875.0,0.0,24875.0,0.0,OPTIMAL,24875.0,0.015958547592163,1.0
gkg_n2_m50_cf0.2_corruncorrelated_rep7.json,2,50,0.2,uncorrelated,446880,True,1.0,0.0162205696105957,25454.0,OPTIMAL,1,6,0.0480570793151855,25541.0,0.0,25541.0,0.0162205696105957,OPTIMAL,25541.0,0.0157771110534667,1.0
gkg_n2_m50_cf0.2_corruncorrelated_rep8.json,2,50,0.2,uncorrelated,457065,True,1.0,0.0157668590545654,23042.0,OPTIMAL,2,6,0.0317432880401611,24672.0,0.0,24672.0,0.0157668590545654,OPTIMAL,24672.0,0.0161905288696289,1.0
gkg_n2_m50_cf0.2_corruncorrelated_rep9.json,2,50,0.2,uncorrelated,467250,True,1.0,0.0217831134796142,21986.0,OPTIMAL,2,6,0.0477075576782226,23601.0,0.0101051330566406,23601.0,0.0217831134796142,OPTIMAL,23601.0,0.0290186405181884,1.0
gkg_n2_m50_cf0.2_corrweakly_correlated_rep0.json,2,50,0.2,weakly_correlated,385675,True,1.0,0.0025238990783691,11766.0,OPTIMAL,0,4,0.0340895652770996,11769.0,0.0158452987670898,11769.0,0.0025238990783691,OPTIMAL,11769.0,0.0260696411132812,1.0
gkg_n2_m50_cf0.2_corrweakly_correlated_rep1.json,2,50,0.2,weakly_correlated,395860,True,1.0,0.0058569908142089,12566.0,OPTIMAL,0,2,0.0426058769226074,12566.0,0.0,12566.0,0.0058569908142089,OPTIMAL,12566.0,0.0288681983947753,1.0
gkg_n2_m50_cf0.2_corrweakly_correlated_rep2.json,2,50,0.2,weakly_correlated,406045,True,1.0,0.0,11977.0,OPTIMAL,0,2,0.0161993503570556,11977.0,0.0,11977.0,0.0,OPTIMAL,11977.0,0.0354311466217041,1.0
gkg_n2_m50_cf0.2_corrweakly_correlated_rep3.json,2,50,0.2,weakly_correlated,416230,True,1.0,0.0,11749.0,OPTIMAL,6,12,0.0878479480743408,11816.0,0.0,11816.0,0.0,OPTIMAL,11816.0,0.037017822265625,1.0
gkg_n2_m50_cf0.2_corrweakly_correlated_rep4.json,2,50,0.2,weakly_correlated,426415,True,1.0,0.0,11460.0,OPTIMAL,2,6,0.0533809661865234,11489.0,0.0035102367401123,11489.0,0.0,OPTIMAL,11489.0,0.0435073375701904,1.0
gkg_n2_m50_cf0.2_corrweakly_correlated_rep5.json,2,50,0.2,weakly_correlated,436600,True,1.0,0.0032479763031005,11879.0,OPTIMAL,3,8,0.0658776760101318,11903.0,0.0145099163055419,11903.0,0.0032479763031005,OPTIMAL,11903.0,0.0529689788818359,1.0
gkg_n2_m50_cf0.2_corrweakly_correlated_rep6.json,2,50,0.2,weakly_correlated,446785,True,1.0,0.0,12575.0,OPTIMAL,1,6,0.079308271408081,12626.0,0.0,12626.0,0.0,OPTIMAL,12626.0,0.059213638305664,1.0
gkg_n2_m50_cf0.2_corrweakly_correlated_rep7.json,2,50,0.2,weakly_correlated,456970,True,1.0,0.0036895275115966,12040.0,OPTIMAL,0,2,0.0433278083801269,12040.0,0.0156655311584472,12040.0,0.0036895275115966,OPTIMAL,12040.0,0.0615108013153076,1.0
gkg_n2_m50_cf0.2_corrweakly_correlated_rep8.json,2,50,0.2,weakly_correlated,467155,True,1.0,0.0093336105346679,11411.0,OPTIMAL,2,8,0.0868785381317138,11489.0,0.006014347076416,11489.0,0.0093336105346679,OPTIMAL,11489.0,0.0619192123413085,1.0
gkg_n2_m50_cf0.2_corrweakly_correlated_rep9.json,2,50,0.2,weakly_correlated,477340,True,1.0,0.0,11655.0,OPTIMAL,1,6,0.0904083251953125,11697.0,0.0161535739898681,11697.0,0.0,OPTIMAL,11697.0,0.0711004734039306,1.0
gkg_n2_m50_cf0.5_corrstrongly_correlated_rep0.json,2,50,0.5,strongly_correlated,426035,True,1.0,0.0192756652832031,30044.0,OPTIMAL,15,26,0.2741880416870117,30242.0,0.0120184421539306,30242.0,0.0192756652832031,OPTIMAL,30241.0,0.0730524063110351,0.9999669334038754
gkg_n2_m50_cf0.5_corrstrongly_correlated_rep1.json,2,50,0.5,strongly_correlated,436220,True,1.0,0.0224575996398925,30626.0,OPTIMAL,10,18,0.2033538818359375,30827.0,0.0120303630828857,30827.0,0.0224575996398925,OPTIMAL,30828.0,0.0324659347534179,1.000032439095598
gkg_n2_m50_cf0.5_corrstrongly_correlated_rep2.json,2,50,0.5,strongly_correlated,446405,True,1.0,0.0240461826324462,28308.0,OPTIMAL,32,42,0.4180586338043213,28704.0,0.0093319416046142,28704.0,0.0240461826324462,OPTIMAL,28704.0,0.0635008811950683,1.0
gkg_n2_m50_cf0.5_corrstrongly_correlated_rep3.json,2,50,0.5,strongly_correlated,456590,True,1.0,0.0362498760223388,32864.0,OPTIMAL,0,2,0.060032844543457,32864.0,0.0237829685211181,32864.0,0.0362498760223388,OPTIMAL,32864.0,0.1031491756439209,1.0
gkg_n2_m50_cf0.5_corrstrongly_correlated_rep4.json,2,50,0.5,strongly_correlated,466775,True,1.0,0.0317628383636474,29932.0,OPTIMAL,6,14,0.1888189315795898,30325.0,0.0156784057617187,30325.0,0.0317628383636474,OPTIMAL,30325.0,0.0596210956573486,1.0
gkg_n2_m50_cf0.5_corrstrongly_correlated_rep5.json,2,50,0.5,strongly_correlated,476960,True,1.0,0.0041415691375732,32660.0,OPTIMAL,7,18,0.2239794731140136,32757.0,0.0,32757.0,0.0041415691375732,OPTIMAL,32757.0,0.0471644401550293,1.0
gkg_n2_m50_cf0.5_corrstrongly_correlated_rep6.json,2,50,0.5,strongly_correlated,487145,True,1.0,0.0425906181335449,32202.0,OPTIMAL,9,18,0.2313036918640136,32397.0,0.0169730186462402,32397.0,0.0425906181335449,OPTIMAL,32397.0,0.0314388275146484,1.0
gkg_n2_m50_cf0.5_corrstrongly_correlated_rep7.json,2,50,0.5,strongly_correlated,497330,True,1.0,0.0314826965332031,30742.0,OPTIMAL,6,26,0.6436161994934082,30846.0,0.0159852504730224,30846.0,0.0314826965332031,OPTIMAL,30846.0,0.2365880012512207,1.0
gkg_n2_m50_cf0.5_corrstrongly_correlated_rep8.json,2,50,0.5,strongly_correlated,507515,True,1.0,0.0271625518798828,30791.0,OPTIMAL,24,36,0.4008123874664306,30990.0,0.0139954090118408,30990.0,0.0271625518798828,OPTIMAL,30991.0,0.0899624824523925,1.0000322684737013
gkg_n2_m50_cf0.5_corrstrongly_correlated_rep9.json,2,50,0.5,strongly_correlated,517700,True,1.0,0.0182340145111084,33141.0,OPTIMAL,14,24,0.3322844505310058,33257.0,0.0097649097442626,33257.0,0.0182340145111084,OPTIMAL,33257.0,0.1243422031402587,1.0
gkg_n2_m50_cf0.5_corruncorrelated_rep0.json,2,50,0.5,uncorrelated,405855,True,1.0,0.009674072265625,34566.0,OPTIMAL,11,20,0.1813580989837646,36139.0,0.0156402587890625,36139.0,0.009674072265625,OPTIMAL,36139.0,0.0197725296020507,1.0
gkg_n2_m50_cf0.5_corruncorrelated_rep1.json,2,50,0.5,uncorrelated,416040,True,1.0,0.0127735137939453,34533.0,OPTIMAL,3,10,0.058241844177246,36145.0,0.0073869228363037,36145.0,0.0127735137939453,OPTIMAL,36145.0,0.0160474777221679,1.0
gkg_n2_m50_cf0.5_corruncorrelated_rep2.json,2,50,0.5,uncorrelated,426225,True,1.0,0.0312287807464599,36386.0,OPTIMAL,4,12,0.1105186939239502,38229.0,0.0212173461914062,38229.0,0.0312287807464599,OPTIMAL,38229.0,0.027712345123291,1.0
gkg_n2_m50_cf0.5_corruncorrelated_rep3.json,2,50,0.5,uncorrelated,436410,True,1.0,0.0201156139373779,37100.0,OPTIMAL,1,10,0.1193933486938476,37406.0,0.0223822593688964,37406.0,0.0201156139373779,OPTIMAL,37406.0,0.0157907009124755,1.0
gkg_n2_m50_cf0.5_corruncorrelated_rep4.json,2,50,0.5,uncorrelated,446595,True,1.0,0.0480239391326904,41116.0,OPTIMAL,11,20,0.1964435577392578,42408.0,0.0160348415374755,42408.0,0.0480239391326904,OPTIMAL,42408.0,0.0160083770751953,1.0
gkg_n2_m50_cf0.5_corruncorrelated_rep5.json,2,50,0.5,uncorrelated,456780,True,1.0,0.0161595344543457,37319.0,OPTIMAL,2,8,0.080052375793457,39889.0,0.0,39889.0,0.0161595344543457,OPTIMAL,39889.0,0.0207040309906005,1.0
gkg_n2_m50_cf0.5_corruncorrelated_rep6.json,2,50,0.5,uncorrelated,466965,True,1.0,0.0237812995910644,37032.0,OPTIMAL,12,30,0.2313745021820068,37981.0,0.015805959701538,37981.0,0.0237812995910644,OPTIMAL,37981.0,0.0218868255615234,1.0
gkg_n2_m50_cf0.5_corruncorrelated_rep7.json,2,50,0.5,uncorrelated,477150,True,1.0,0.0100784301757812,32915.0,OPTIMAL,8,18,0.1094293594360351,35506.0,0.0,35506.0,0.0100784301757812,OPTIMAL,35506.0,0.0218591690063476,1.0
gkg_n2_m50_cf0.5_corruncorrelated_rep8.json,2,50,0.5,uncorrelated,487335,True,1.0,0.0060725212097167,37143.0,OPTIMAL,2,14,0.1232235431671142,38510.0,0.0161643028259277,38510.0,0.0060725212097167,OPTIMAL,38510.0,0.029764175415039,1.0
gkg_n2_m50_cf0.5_corruncorrelated_rep9.json,2,50,0.5,uncorrelated,497520,True,1.0,0.0120856761932373,37942.0,OPTIMAL,5,10,0.0787057876586914,39396.0,0.0,39396.0,0.0120856761932373,OPTIMAL,39396.0,0.0173046588897705,1.0
gkg_n2_m50_cf0.5_corrweakly_correlated_rep0.json,2,50,0.5,weakly_correlated,415945,True,1.0,0.0265183448791503,26988.0,OPTIMAL,3,10,0.1148939132690429,27178.0,0.009592056274414,27178.0,0.0265183448791503,OPTIMAL,27178.0,0.0177817344665527,1.0
gkg_n2_m50_cf0.5_corrweakly_correlated_rep1.json,2,50,0.5,weakly_correlated,426130,True,1.0,0.0295484066009521,25096.0,OPTIMAL,5,12,0.1525361537933349,25279.0,0.0160517692565917,25279.0,0.0295484066009521,OPTIMAL,25279.0,0.0176641941070556,1.0
gkg_n2_m50_cf0.5_corrweakly_correlated_rep2.json,2,50,0.5,weakly_correlated,436315,True,1.0,0.0333724021911621,27804.0,OPTIMAL,1,10,0.2751359939575195,27842.0,0.032315969467163,27842.0,0.0333724021911621,OPTIMAL,27842.0,0.1617820262908935,1.0
gkg_n2_m50_cf0.5_corrweakly_correlated_rep3.json,2,50,0.5,weakly_correlated,446500,True,1.0,0.0076546669006347,24115.0,OPTIMAL,4,12,0.1145367622375488,24302.0,0.0103843212127685,24302.0,0.0076546669006347,OPTIMAL,24302.0,0.0396389961242675,1.0
gkg_n2_m50_cf0.5_corrweakly_correlated_rep4.json,2,50,0.5,weakly_correlated,456685,True,1.0,0.0252020359039306,26580.0,OPTIMAL,8,16,0.2042853832244873,26724.0,0.0104694366455078,26724.0,0.0252020359039306,OPTIMAL,26724.0,0.0479853153228759,1.0
gkg_n2_m50_cf0.5_corrweakly_correlated_rep5.json,2,50,0.5,weakly_correlated,466870,True,1.0,0.0221664905548095,28700.0,OPTIMAL,21,32,0.4142313003540039,28864.0,0.0159254074096679,28864.0,0.0221664905548095,OPTIMAL,28864.0,0.0484228134155273,1.0
gkg_n2_m50_cf0.5_corrweakly_correlated_rep6.json,2,50,0.5,weakly_correlated,477055,True,1.0,0.0,25750.0,OPTIMAL,4,18,0.1864535808563232,25836.0,0.0,25836.0,0.0,OPTIMAL,25836.0,0.0817523002624511,1.0
gkg_n2_m50_cf0.5_corrweakly_correlated_rep7.json,2,50,0.5,weakly_correlated,487240,True,1.0,0.0174517631530761,27531.0,OPTIMAL,11,18,0.1931068897247314,27787.0,0.0094528198242187,27787.0,0.0174517631530761,OPTIMAL,27787.0,0.0436172485351562,1.0
gkg_n2_m50_cf0.5_corrweakly_correlated_rep8.json,2,50,0.5,weakly_correlated,497425,True,1.0,0.026698350906372,26722.0,OPTIMAL,2,8,0.183528184890747,26782.0,0.0117602348327636,26782.0,0.026698350906372,OPTIMAL,26782.0,0.065690279006958,1.0
gkg_n2_m50_cf0.5_corrweakly_correlated_rep9.json,2,50,0.5,weakly_correlated,507610,True,1.0,0.0302050113677978,24217.0,OPTIMAL,13,20,0.2388525009155273,24491.0,0.0177791118621826,24491.0,0.0302050113677978,OPTIMAL,24491.0,0.0754892826080322,1.0
gkg_n2_m5_cf0.2_corrstrongly_correlated_rep0.json,2,5,0.2,strongly_correlated,32525,True,1.0,0.0,986.0,OPTIMAL,0,2,0.0,986.0,0.0,986.0,0.0,OPTIMAL,986.0,0.0160067081451416,1.0
gkg_n2_m5_cf0.2_corrstrongly_correlated_rep1.json,2,5,0.2,strongly_correlated,42710,True,1.0,0.0,1088.0,OPTIMAL,0,2,0.0,1088.0,0.0,1088.0,0.0,OPTIMAL,1088.0,0.0,1.0
gkg_n2_m5_cf0.2_corrstrongly_correlated_rep2.json,2,5,0.2,strongly_correlated,52895,True,1.0,0.0158290863037109,920.0,OPTIMAL,0,2,0.0158290863037109,920.0,0.0,920.0,0.0158290863037109,OPTIMAL,920.0,0.0,1.0
gkg_n2_m5_cf0.2_corrstrongly_correlated_rep3.json,2,5,0.2,strongly_correlated,63080,True,1.0,0.0157067775726318,869.0,OPTIMAL,0,2,0.0218088626861572,869.0,0.0061020851135253,869.0,0.0157067775726318,OPTIMAL,869.0,0.0,1.0
gkg_n2_m5_cf0.2_corrstrongly_correlated_rep4.json,2,5,0.2,strongly_correlated,73265,True,1.0,0.0101077556610107,1191.0,OPTIMAL,0,2,0.0157749652862548,1191.0,0.0056672096252441,1191.0,0.0101077556610107,OPTIMAL,1191.0,0.0014939308166503,1.0
gkg_n2_m5_cf0.2_corrstrongly_correlated_rep5.json,2,5,0.2,strongly_correlated,83450,True,1.0,0.0027337074279785,839.0,OPTIMAL,0,2,0.0083391666412353,839.0,0.0056054592132568,839.0,0.0027337074279785,OPTIMAL,839.0,0.0,1.0
gkg_n2_m5_cf0.2_corrstrongly_correlated_rep6.json,2,5,0.2,strongly_correlated,93635,True,1.0,0.0,991.0,OPTIMAL,0,2,0.015787124633789,991.0,0.015787124633789,991.0,0.0,OPTIMAL,991.0,0.0,1.0
gkg_n2_m5_cf0.2_corrstrongly_correlated_rep7.json,2,5,0.2,strongly_correlated,103820,True,1.0,0.0,1090.0,OPTIMAL,0,2,0.0,1090.0,0.0,1090.0,0.0,OPTIMAL,1090.0,0.0160658359527587,1.0
gkg_n2_m5_cf0.2_corrstrongly_correlated_rep8.json,2,5,0.2,strongly_correlated,114005,True,1.0,0.0,1172.0,OPTIMAL,0,2,0.0,1172.0,0.0,1172.0,0.0,OPTIMAL,1172.0,0.0,1.0
gkg_n2_m5_cf0.2_corrstrongly_correlated_rep9.json,2,5,0.2,strongly_correlated,124190,True,1.0,0.0160977840423584,669.0,OPTIMAL,0,2,0.0160977840423584,669.0,0.0,669.0,0.0160977840423584,OPTIMAL,669.0,0.0,1.0
gkg_n2_m5_cf0.2_corruncorrelated_rep0.json,2,5,0.2,uncorrelated,12345,True,1.0,0.0159046649932861,1977.0,OPTIMAL,0,2,0.0159046649932861,1977.0,0.0,1977.0,0.0159046649932861,OPTIMAL,1977.0,0.0,1.0
gkg_n2_m5_cf0.2_corruncorrelated_rep1.json,2,5,0.2,uncorrelated,22530,True,1.0,0.0158362388610839,1147.0,OPTIMAL,0,2,0.0158362388610839,1147.0,0.0,1147.0,0.0158362388610839,OPTIMAL,1147.0,0.0,1.0
gkg_n2_m5_cf0.2_corruncorrelated_rep2.json,2,5,0.2,uncorrelated,32715,True,1.0,0.0161247253417968,1486.0,OPTIMAL,0,2,0.0161247253417968,1486.0,0.0,1486.0,0.0161247253417968,OPTIMAL,1486.0,0.015970230102539,1.0
gkg_n2_m5_cf0.2_corruncorrelated_rep3.json,2,5,0.2,uncorrelated,42900,True,1.0,0.0071189403533935,2118.0,OPTIMAL,0,2,0.0121402740478515,2118.0,0.0040271282196044,2118.0,0.0071189403533935,OPTIMAL,2118.0,0.0009794235229492,1.0
gkg_n2_m5_cf0.2_corruncorrelated_rep4.json,2,5,0.2,uncorrelated,53085,True,1.0,0.0063121318817138,1996.0,OPTIMAL,0,2,0.0063121318817138,1996.0,0.0,1996.0,0.0063121318817138,OPTIMAL,1996.0,0.0,1.0
gkg_n2_m5_cf0.2_corruncorrelated_rep5.json,2,5,0.2,uncorrelated,63270,True,1.0,0.0,3050.0,OPTIMAL,0,2,0.017963171005249,3050.0,0.017963171005249,3050.0,0.0,OPTIMAL,3050.0,0.0020785331726074,1.0
gkg_n2_m5_cf0.2_corruncorrelated_rep6.json,2,5,0.2,uncorrelated,73455,True,1.0,0.0016720294952392,1985.0,OPTIMAL,0,2,0.0016720294952392,1985.0,0.0,1985.0,0.0016720294952392,OPTIMAL,1985.0,0.0,1.0
gkg_n2_m5_cf0.2_corruncorrelated_rep7.json,2,5,0.2,uncorrelated,83640,True,1.0,0.0060122013092041,1971.0,OPTIMAL,0,2,0.0110120773315429,1971.0,0.0039999485015869,1971.0,0.0060122013092041,OPTIMAL,1971.0,0.0019996166229248,1.0
gkg_n2_m5_cf0.2_corruncorrelated_rep8.json,2,5,0.2,uncorrelated,93825,True,1.0,0.0059778690338134,540.0,OPTIMAL,0,4,0.0139734745025634,592.0,0.004995584487915,592.0,0.0059778690338134,OPTIMAL,592.0,0.0020003318786621,1.0
gkg_n2_m5_cf0.2_corruncorrelated_rep9.json,2,5,0.2,uncorrelated,104010,True,1.0,0.0065863132476806,1540.0,OPTIMAL,0,2,0.0110485553741455,1540.0,0.0044622421264648,1540.0,0.0065863132476806,OPTIMAL,1540.0,0.0009999275207519,1.0
gkg_n2_m5_cf0.2_corrweakly_correlated_rep0.json,2,5,0.2,weakly_correlated,22435,True,1.0,0.0063793659210205,478.0,OPTIMAL,1,6,0.0178861618041992,867.0,0.0044677257537841,867.0,0.0063793659210205,OPTIMAL,867.0,0.000633955001831,1.0
gkg_n2_m5_cf0.2_corrweakly_correlated_rep1.json,2,5,0.2,weakly_correlated,32620,True,1.0,0.0062203407287597,801.0,OPTIMAL,0,2,0.0105383396148681,801.0,0.0043179988861083,801.0,0.0062203407287597,OPTIMAL,801.0,0.0010004043579101,1.0
gkg_n2_m5_cf0.2_corrweakly_correlated_rep2.json,2,5,0.2,weakly_correlated,42805,True,1.0,0.005833625793457,861.0,OPTIMAL,0,2,0.0106973648071289,861.0,0.003864049911499,861.0,0.005833625793457,OPTIMAL,861.0,0.001000165939331,1.0
gkg_n2_m5_cf0.2_corrweakly_correlated_rep3.json,2,5,0.2,weakly_correlated,52990,True,1.0,0.0060000419616699,851.0,OPTIMAL,0,2,0.0123026371002197,851.0,0.0050046443939208,851.0,0.0060000419616699,OPTIMAL,851.0,0.003997802734375,1.0
gkg_n2_m5_cf0.2_corrweakly_correlated_rep4.json,2,5,0.2,weakly_correlated,63175,True,1.0,0.0105988979339599,630.0,OPTIMAL,0,2,0.0105988979339599,630.0,0.0,630.0,0.0105988979339599,OPTIMAL,630.0,0.0,1.0
gkg_n2_m5_cf0.2_corrweakly_correlated_rep5.json,2,5,0.2,weakly_correlated,73360,True,1.0,0.0153384208679199,650.0,OPTIMAL,0,2,0.0153384208679199,650.0,0.0,650.0,0.0153384208679199,OPTIMAL,650.0,0.0,1.0
gkg_n2_m5_cf0.2_corrweakly_correlated_rep6.json,2,5,0.2,weakly_correlated,83545,True,1.0,0.0159368515014648,298.0,OPTIMAL,0,4,0.0159368515014648,607.0,0.0,607.0,0.0159368515014648,OPTIMAL,607.0,0.0,1.0
gkg_n2_m5_cf0.2_corrweakly_correlated_rep7.json,2,5,0.2,weakly_correlated,93730,True,1.0,0.0158724784851074,785.0,OPTIMAL,0,2,0.0158724784851074,785.0,0.0,785.0,0.0158724784851074,OPTIMAL,785.0,0.0,1.0
gkg_n2_m5_cf0.2_corrweakly_correlated_rep8.json,2,5,0.2,weakly_correlated,103915,True,1.0,0.0,575.0,OPTIMAL,0,2,0.01589035987854,575.0,0.01589035987854,575.0,0.0,OPTIMAL,575.0,0.0,1.0
gkg_n2_m5_cf0.2_corrweakly_correlated_rep9.json,2,5,0.2,weakly_correlated,114100,True,1.0,0.0,777.0,OPTIMAL,0,2,0.0158524513244628,777.0,0.0158524513244628,777.0,0.0,OPTIMAL,777.0,0.0,1.0
gkg_n2_m5_cf0.5_corrstrongly_correlated_rep0.json,2,5,0.5,strongly_correlated,62795,True,1.0,0.0,2273.0,OPTIMAL,0,2,0.0159125328063964,2273.0,0.0159125328063964,2273.0,0.0,OPTIMAL,2273.0,0.0,1.0
gkg_n2_m5_cf0.5_corrstrongly_correlated_rep1.json,2,5,0.5,strongly_correlated,72980,True,1.0,0.0,3463.0,OPTIMAL,0,2,0.0,3463.0,0.0,3463.0,0.0,OPTIMAL,3463.0,0.0156402587890625,1.0
gkg_n2_m5_cf0.5_corrstrongly_correlated_rep2.json,2,5,0.5,strongly_correlated,83165,True,1.0,0.0,2479.0,OPTIMAL,0,4,0.0207767486572265,2541.0,0.0187633037567138,2541.0,0.0,OPTIMAL,2541.0,0.0076189041137695,1.0
gkg_n2_m5_cf0.5_corrstrongly_correlated_rep3.json,2,5,0.5,strongly_correlated,93350,True,1.0,0.0158319473266601,2979.0,OPTIMAL,0,2,0.0158319473266601,2979.0,0.0,2979.0,0.0158319473266601,OPTIMAL,2979.0,0.0,1.0
gkg_n2_m5_cf0.5_corrstrongly_correlated_rep4.json,2,5,0.5,strongly_correlated,103535,True,1.0,0.0180504322052001,3140.0,OPTIMAL,0,2,0.0327887535095214,3140.0,0.0147383213043212,3140.0,0.0180504322052001,OPTIMAL,3140.0,0.0,1.0
gkg_n2_m5_cf0.5_corrstrongly_correlated_rep5.json,2,5,0.5,strongly_correlated,113720,True,1.0,0.0,2866.0,OPTIMAL,1,6,0.023200511932373,2927.0,0.0153517723083496,2927.0,0.0,OPTIMAL,2927.0,0.0,1.0
gkg_n2_m5_cf0.5_corrstrongly_correlated_rep6.json,2,5,0.5,strongly_correlated,123905,True,1.0,0.0079338550567626,2392.0,OPTIMAL,0,4,0.0238182544708251,2680.0,0.0,2680.0,0.0079338550567626,OPTIMAL,2680.0,0.0,1.0
gkg_n2_m5_cf0.5_corrstrongly_correlated_rep7.json,2,5,0.5,strongly_correlated,134090,True,1.0,0.015817642211914,2901.0,OPTIMAL,0,2,0.015817642211914,2901.0,0.0,2901.0,0.015817642211914,OPTIMAL,2901.0,0.0,1.0
gkg_n2_m5_cf0.5_corrstrongly_correlated_rep8.json,2,5,0.5,strongly_correlated,144275,True,1.0,0.0157496929168701,2695.0,OPTIMAL,0,2,0.0316576957702636,2695.0,0.0159080028533935,2695.0,0.0157496929168701,OPTIMAL,2695.0,0.0037450790405273,1.0
gkg_n2_m5_cf0.5_corrstrongly_correlated_rep9.json,2,5,0.5,strongly_correlated,154460,True,1.0,0.0,2338.0,OPTIMAL,0,6,0.0193126201629638,2554.0,0.0114390850067138,2554.0,0.0,OPTIMAL,2554.0,0.0029981136322021,1.0
gkg_n2_m5_cf0.5_corruncorrelated_rep0.json,2,5,0.5,uncorrelated,42615,True,1.0,0.0137312412261962,3584.0,OPTIMAL,0,4,0.0187320709228515,3900.0,0.0050008296966552,3900.0,0.0137312412261962,OPTIMAL,3900.0,0.0,1.0
gkg_n2_m5_cf0.5_corruncorrelated_rep1.json,2,5,0.5,uncorrelated,52800,True,1.0,0.0157287120819091,3518.0,OPTIMAL,0,2,0.0157287120819091,3518.0,0.0,3518.0,0.0157287120819091,OPTIMAL,3518.0,0.0,1.0
gkg_n2_m5_cf0.5_corruncorrelated_rep2.json,2,5,0.5,uncorrelated,62985,True,1.0,0.0157673358917236,3217.0,OPTIMAL,0,2,0.0157673358917236,3217.0,0.0,3217.0,0.0157673358917236,OPTIMAL,3217.0,0.0,1.0
gkg_n2_m5_cf0.5_corruncorrelated_rep3.json,2,5,0.5,uncorrelated,73170,True,1.0,0.0157797336578369,3885.0,OPTIMAL,0,2,0.0157797336578369,3885.0,0.0,3885.0,0.0157797336578369,OPTIMAL,3885.0,0.0,1.0
gkg_n2_m5_cf0.5_corruncorrelated_rep4.json,2,5,0.5,uncorrelated,83355,True,1.0,0.0159227848052978,2412.0,OPTIMAL,0,4,0.0159227848052978,2974.0,0.0,2974.0,0.0159227848052978,OPTIMAL,2974.0,0.0,1.0
gkg_n2_m5_cf0.5_corruncorrelated_rep5.json,2,5,0.5,uncorrelated,93540,True,1.0,0.0174710750579834,3166.0,OPTIMAL,0,4,0.0174710750579834,3210.0,0.0,3210.0,0.0174710750579834,OPTIMAL,3210.0,0.0,1.0
gkg_n2_m5_cf0.5_corruncorrelated_rep6.json,2,5,0.5,uncorrelated,103725,True,1.0,0.0141663551330566,2189.0,OPTIMAL,0,4,0.0141663551330566,2561.0,0.0,2561.0,0.0141663551330566,OPTIMAL,2561.0,0.0,1.0
gkg_n2_m5_cf0.5_corruncorrelated_rep7.json,2,5,0.5,uncorrelated,113910,True,1.0,0.0161285400390625,4529.0,OPTIMAL,0,2,0.0161285400390625,4529.0,0.0,4529.0,0.0161285400390625,OPTIMAL,4529.0,0.0,1.0
gkg_n2_m5_cf0.5_corruncorrelated_rep8.json,2,5,0.5,uncorrelated,124095,True,1.0,0.0159311294555664,4029.0,OPTIMAL,0,2,0.0159311294555664,4029.0,0.0,4029.0,0.0159311294555664,OPTIMAL,4029.0,0.0,1.0
gkg_n2_m5_cf0.5_corruncorrelated_rep9.json,2,5,0.5,uncorrelated,134280,True,1.0,0.0,2772.0,OPTIMAL,0,4,0.0,3656.0,0.0,3656.0,0.0,OPTIMAL,3656.0,0.0,1.0
gkg_n2_m5_cf0.5_corrweakly_correlated_rep0.json,2,5,0.5,weakly_correlated,52705,True,1.0,0.0159854888916015,2780.0,OPTIMAL,0,2,0.0159854888916015,2780.0,0.0,2780.0,0.0159854888916015,OPTIMAL,2780.0,0.0,1.0
gkg_n2_m5_cf0.5_corrweakly_correlated_rep1.json,2,5,0.5,weakly_correlated,62890,True,1.0,0.0059249401092529,2611.0,OPTIMAL,0,2,0.016045331954956,2611.0,0.0101203918457031,2611.0,0.0059249401092529,OPTIMAL,2611.0,0.0,1.0
gkg_n2_m5_cf0.5_corrweakly_correlated_rep2.json,2,5,0.5,weakly_correlated,73075,True,1.0,0.0159056186676025,3289.0,OPTIMAL,0,4,0.0319025516510009,3384.0,0.0,3384.0,0.0159056186676025,OPTIMAL,3384.0,0.0,1.0
gkg_n2_m5_cf0.5_corrweakly_correlated_rep3.json,2,5,0.5,weakly_correlated,83260,True,1.0,0.0,2411.0,OPTIMAL,0,2,0.0,2411.0,0.0,2411.0,0.0,OPTIMAL,2411.0,0.0159337520599365,1.0
gkg_n2_m5_cf0.5_corrweakly_correlated_rep4.json,2,5,0.5,weakly_correlated,93445,True,1.0,0.0,2509.0,OPTIMAL,0,2,0.0157384872436523,2509.0,0.0157384872436523,2509.0,0.0,OPTIMAL,2509.0,0.0,1.0
gkg_n2_m5_cf0.5_corrweakly_correlated_rep5.json,2,5,0.5,weakly_correlated,103630,True,1.0,0.0159327983856201,1947.0,OPTIMAL,0,4,0.0263457298278808,1952.0,0.0104129314422607,1952.0,0.0159327983856201,OPTIMAL,1952.0,0.0056681632995605,1.0
gkg_n2_m5_cf0.5_corrweakly_correlated_rep6.json,2,5,0.5,weakly_correlated,113815,True,1.0,0.0,2511.0,OPTIMAL,0,2,0.0,2511.0,0.0,2511.0,0.0,OPTIMAL,2511.0,0.0,1.0
gkg_n2_m5_cf0.5_corrweakly_correlated_rep7.json,2,5,0.5,weakly_correlated,124000,True,1.0,0.0159239768981933,2431.0,OPTIMAL,0,4,0.0159239768981933,2572.0,0.0,2572.0,0.0159239768981933,OPTIMAL,2572.0,0.0,1.0
gkg_n2_m5_cf0.5_corrweakly_correlated_rep8.json,2,5,0.5,weakly_correlated,134185,True,1.0,0.0158886909484863,2406.0,OPTIMAL,0,2,0.0158886909484863,2406.0,0.0,2406.0,0.0158886909484863,OPTIMAL,2406.0,0.0,1.0
gkg_n2_m5_cf0.5_corrweakly_correlated_rep9.json,2,5,0.5,weakly_correlated,144370,True,1.0,0.0160670280456542,2150.0,OPTIMAL,0,2,0.0160670280456542,2150.0,0.0,2150.0,0.0160670280456542,OPTIMAL,2150.0,0.0,1.0
gkg_n3_m10_cf0.2_corrstrongly_correlated_rep0.json,3,10,0.2,strongly_correlated,516845,True,1.0,0.0306437015533447,4038.0,OPTIMAL,0,6,0.0468113422393798,4069.0,0.0080242156982421,4069.0,0.0306437015533447,OPTIMAL,4069.0,0.0161399841308593,1.0
gkg_n3_m10_cf0.2_corrstrongly_correlated_rep1.json,3,10,0.2,strongly_correlated,527030,True,1.0,0.0161395072937011,4809.0,OPTIMAL,0,3,0.0322480201721191,4809.0,0.0,4809.0,0.0161395072937011,OPTIMAL,4809.0,0.0,1.0
gkg_n3_m10_cf0.2_corrstrongly_correlated_rep2.json,3,10,0.2,strongly_correlated,537215,True,1.0,0.0157904624938964,4274.0,OPTIMAL,0,6,0.0342986583709716,4280.0,0.0185081958770751,4280.0,0.0157904624938964,OPTIMAL,4280.0,0.0203008651733398,1.0
gkg_n3_m10_cf0.2_corrstrongly_correlated_rep3.json,3,10,0.2,strongly_correlated,547400,True,1.0,0.010075569152832,3532.0,OPTIMAL,0,3,0.0136618614196777,3532.0,0.0035862922668457,3532.0,0.010075569152832,OPTIMAL,3532.0,0.0098235607147216,1.0
gkg_n3_m10_cf0.2_corrstrongly_correlated_rep4.json,3,10,0.2,strongly_correlated,557585,True,1.0,0.005643606185913,4144.0,OPTIMAL,1,9,0.0619428157806396,4181.0,0.0,4181.0,0.005643606185913,OPTIMAL,4181.0,0.0145931243896484,1.0
gkg_n3_m10_cf0.2_corrstrongly_correlated_rep5.json,3,10,0.2,strongly_correlated,567770,True,1.0,0.0,4100.0,OPTIMAL,0,6,0.0305283069610595,4105.0,0.0196249485015869,4105.0,0.0,OPTIMAL,4105.0,0.0069987773895263,1.0
gkg_n3_m10_cf0.2_corrstrongly_correlated_rep6.json,3,10,0.2,strongly_correlated,577955,True,1.0,0.0081796646118164,3956.0,OPTIMAL,0,3,0.0081796646118164,3956.0,0.0,3956.0,0.0081796646118164,OPTIMAL,3956.0,0.0159356594085693,1.0
gkg_n3_m10_cf0.2_corrstrongly_correlated_rep7.json,3,10,0.2,strongly_correlated,588140,True,1.0,0.0,4129.0,OPTIMAL,2,12,0.0477635860443115,4218.0,0.0160226821899414,4218.0,0.0,OPTIMAL,4218.0,0.0,1.0
gkg_n3_m10_cf0.2_corrstrongly_correlated_rep8.json,3,10,0.2,strongly_correlated,598325,True,1.0,0.0160181522369384,4180.0,OPTIMAL,0,6,0.0357654094696044,4188.0,0.0,4188.0,0.0160181522369384,OPTIMAL,4188.0,0.0,1.0
gkg_n3_m10_cf0.2_corrstrongly_correlated_rep9.json,3,10,0.2,strongly_correlated,608510,True,1.0,0.0059695243835449,3954.0,OPTIMAL,1,9,0.0316181182861328,4012.0,0.009880781173706,4012.0,0.0059695243835449,OPTIMAL,4012.0,0.0071086883544921,1.0
gkg_n3_m10_cf0.2_corruncorrelated_rep0.json,3,10,0.2,uncorrelated,496665,True,1.0,0.0089883804321289,6513.0,OPTIMAL,0,6,0.0250716209411621,6725.0,0.0,6725.0,0.0089883804321289,OPTIMAL,6725.0,0.0,1.0
gkg_n3_m10_cf0.2_corruncorrelated_rep1.json,3,10,0.2,uncorrelated,506850,True,1.0,0.0158889293670654,6035.0,OPTIMAL,2,12,0.0319054126739501,7031.0,0.0,7031.0,0.0158889293670654,OPTIMAL,7031.0,0.0158774852752685,1.0
gkg_n3_m10_cf0.2_corruncorrelated_rep2.json,3,10,0.2,uncorrelated,517035,True,1.0,0.0098114013671875,5499.0,OPTIMAL,0,6,0.0156505107879638,5582.0,0.0058391094207763,5582.0,0.0098114013671875,OPTIMAL,5582.0,0.0159897804260253,1.0
gkg_n3_m10_cf0.2_corruncorrelated_rep3.json,3,10,0.2,uncorrelated,527220,True,1.0,0.0157821178436279,6033.0,OPTIMAL,1,9,0.0430467128753662,6986.0,0.0096325874328613,6986.0,0.0157821178436279,OPTIMAL,6986.0,0.0037493705749511,1.0
gkg_n3_m10_cf0.2_corruncorrelated_rep4.json,3,10,0.2,uncorrelated,537405,True,1.0,0.0156497955322265,5717.0,OPTIMAL,0,3,0.0310752391815185,5717.0,0.0154254436492919,5717.0,0.0156497955322265,OPTIMAL,5717.0,0.0157432556152343,1.0
gkg_n3_m10_cf0.2_corruncorrelated_rep5.json,3,10,0.2,uncorrelated,547590,True,1.0,0.0101571083068847,8042.0,OPTIMAL,0,3,0.0138087272644042,8042.0,0.0036516189575195,8042.0,0.0101571083068847,OPTIMAL,8042.0,0.0,1.0
gkg_n3_m10_cf0.2_corruncorrelated_rep6.json,3,10,0.2,uncorrelated,557775,True,1.0,0.0160574913024902,5197.0,OPTIMAL,0,3,0.0160574913024902,5197.0,0.0,5197.0,0.0160574913024902,OPTIMAL,5197.0,0.0157411098480224,1.0
gkg_n3_m10_cf0.2_corruncorrelated_rep7.json,3,10,0.2,uncorrelated,567960,True,1.0,0.0,7084.0,OPTIMAL,0,3,0.0161547660827636,7084.0,0.0161547660827636,7084.0,0.0,OPTIMAL,7084.0,0.0,1.0
gkg_n3_m10_cf0.2_corruncorrelated_rep8.json,3,10,0.2,uncorrelated,578145,True,1.0,0.0206069946289062,6266.0,OPTIMAL,4,15,0.0477542877197265,7484.0,0.0,7484.0,0.0206069946289062,OPTIMAL,7484.0,0.0,1.0
gkg_n3_m10_cf0.2_corruncorrelated_rep9.json,3,10,0.2,uncorrelated,588330,True,1.0,0.022700548171997,5102.0,OPTIMAL,0,3,0.0298545360565185,5102.0,0.0051493644714355,5102.0,0.022700548171997,OPTIMAL,5102.0,0.0,1.0
gkg_n3_m10_cf0.2_corrweakly_correlated_rep0.json,3,10,0.2,weakly_correlated,506755,True,1.0,0.0,3111.0,OPTIMAL,0,3,0.0,3111.0,0.0,3111.0,0.0,OPTIMAL,3111.0,0.0159897804260253,1.0
gkg_n3_m10_cf0.2_corrweakly_correlated_rep1.json,3,10,0.2,weakly_correlated,516940,True,1.0,0.0091969966888427,2949.0,OPTIMAL,1,9,0.0316777229309082,2981.0,0.0066261291503906,2981.0,0.0091969966888427,OPTIMAL,2981.0,0.0,1.0
gkg_n3_m10_cf0.2_corrweakly_correlated_rep2.json,3,10,0.2,weakly_correlated,527125,True,1.0,0.0160455703735351,3562.0,OPTIMAL,0,3,0.0160455703735351,3562.0,0.0,3562.0,0.0160455703735351,OPTIMAL,3562.0,0.0157794952392578,1.0
gkg_n3_m10_cf0.2_corrweakly_correlated_rep3.json,3,10,0.2,weakly_correlated,537310,True,1.0,0.0,2769.0,OPTIMAL,2,9,0.0339200496673584,2829.0,0.0161361694335937,2829.0,0.0,OPTIMAL,2829.0,0.0061018466949462,1.0
gkg_n3_m10_cf0.2_corrweakly_correlated_rep4.json,3,10,0.2,weakly_correlated,547495,True,1.0,0.0216517448425292,3346.0,OPTIMAL,0,3,0.0316765308380126,3346.0,0.0060148239135742,3346.0,0.0216517448425292,OPTIMAL,3346.0,0.0037369728088378,1.0
gkg_n3_m10_cf0.2_corrweakly_correlated_rep5.json,3,10,0.2,weakly_correlated,557680,True,1.0,0.0,3208.0,OPTIMAL,1,9,0.015836477279663,3272.0,0.0,3272.0,0.0,OPTIMAL,3272.0,0.0,1.0
gkg_n3_m10_cf0.2_corrweakly_correlated_rep6.json,3,10,0.2,weakly_correlated,567865,True,1.0,0.0159673690795898,3602.0,OPTIMAL,0,3,0.0159673690795898,3602.0,0.0,3602.0,0.0159673690795898,OPTIMAL,3602.0,0.0158913135528564,1.0
gkg_n3_m10_cf0.2_corrweakly_correlated_rep7.json,3,10,0.2,weakly_correlated,578050,True,1.0,0.0033276081085205,3545.0,OPTIMAL,0,6,0.0195226669311523,3559.0,0.0142872333526611,3559.0,0.0033276081085205,OPTIMAL,3559.0,0.0,1.0
gkg_n3_m10_cf0.2_corrweakly_correlated_rep8.json,3,10,0.2,weakly_correlated,588235,True,1.0,0.0125136375427246,3559.0,OPTIMAL,0,3,0.0283365249633789,3559.0,0.0158228874206542,3559.0,0.0125136375427246,OPTIMAL,3559.0,0.0,1.0
gkg_n3_m10_cf0.2_corrweakly_correlated_rep9.json,3,10,0.2,weakly_correlated,598420,True,1.0,0.016106367111206,2637.0,OPTIMAL,0,3,0.016106367111206,2637.0,0.0,2637.0,0.016106367111206,OPTIMAL,2637.0,0.0208170413970947,1.0
gkg_n3_m10_cf0.5_corrstrongly_correlated_rep0.json,3,10,0.5,strongly_correlated,547115,True,1.0,0.0111627578735351,7961.0,OPTIMAL,1,18,0.0519719123840332,8624.0,0.0077438354492187,8624.0,0.0111627578735351,OPTIMAL,8624.0,0.0310893058776855,1.0
gkg_n3_m10_cf0.5_corrstrongly_correlated_rep1.json,3,10,0.5,strongly_correlated,557300,True,1.0,0.0,8339.0,OPTIMAL,15,39,0.1237058639526367,9173.0,0.0160520076751709,9173.0,0.0,OPTIMAL,9173.0,0.0263371467590332,1.0
gkg_n3_m10_cf0.5_corrstrongly_correlated_rep2.json,3,10,0.5,strongly_correlated,567485,True,1.0,0.0160033702850341,8722.0,OPTIMAL,6,21,0.0636992454528808,8929.0,0.0,8929.0,0.0160033702850341,OPTIMAL,8929.0,0.0475766658782959,1.0
gkg_n3_m10_cf0.5_corrstrongly_correlated_rep3.json,3,10,0.5,strongly_correlated,577670,True,1.0,0.0161867141723632,9149.0,OPTIMAL,1,12,0.0776588916778564,9208.0,0.016099214553833,9208.0,0.0161867141723632,OPTIMAL,9208.0,0.0020029544830322,1.0
gkg_n3_m10_cf0.5_corrstrongly_correlated_rep4.json,3,10,0.5,strongly_correlated,587855,True,1.0,0.0161244869232177,8753.0,OPTIMAL,0,3,0.0573899745941162,8753.0,0.0160646438598632,8753.0,0.0161244869232177,OPTIMAL,8753.0,0.0206439495086669,1.0
gkg_n3_m10_cf0.5_corrstrongly_correlated_rep5.json,3,10,0.5,strongly_correlated,598040,True,1.0,0.0132849216461181,9217.0,OPTIMAL,1,9,0.0317161083221435,9277.0,0.0026092529296875,9277.0,0.0132849216461181,OPTIMAL,9277.0,0.0159294605255126,1.0
gkg_n3_m10_cf0.5_corrstrongly_correlated_rep6.json,3,10,0.5,strongly_correlated,608225,True,1.0,0.0158100128173828,8505.0,OPTIMAL,0,3,0.0427191257476806,8505.0,0.0160543918609619,8505.0,0.0158100128173828,OPTIMAL,8505.0,0.0051522254943847,1.0
gkg_n3_m10_cf0.5_corrstrongly_correlated_rep7.json,3,10,0.5,strongly_correlated,618410,True,1.0,0.0177648067474365,9541.0,OPTIMAL,2,12,0.0484225749969482,9721.0,0.0,9721.0,0.0177648067474365,OPTIMAL,9721.0,0.0322420597076416,1.0
gkg_n3_m10_cf0.5_corrstrongly_correlated_rep8.json,3,10,0.5,strongly_correlated,628595,True,1.0,0.0320932865142822,9671.0,OPTIMAL,0,6,0.0614032745361328,9686.0,0.0028157234191894,9686.0,0.0320932865142822,OPTIMAL,9686.0,0.0319135189056396,1.0
gkg_n3_m10_cf0.5_corrstrongly_correlated_rep9.json,3,10,0.5,strongly_correlated,638780,True,1.0,0.0159604549407959,9183.0,OPTIMAL,5,30,0.1269042491912841,9411.0,0.0159947872161865,9411.0,0.0159604549407959,OPTIMAL,9411.0,0.0480258464813232,1.0
gkg_n3_m10_cf0.5_corruncorrelated_rep0.json,3,10,0.5,uncorrelated,526935,True,1.0,0.0159482955932617,8307.0,OPTIMAL,0,12,0.0480332374572753,9174.0,0.0162532329559326,9174.0,0.0159482955932617,OPTIMAL,9174.0,0.0,1.0
gkg_n3_m10_cf0.5_corruncorrelated_rep1.json,3,10,0.5,uncorrelated,537120,True,1.0,0.0191740989685058,11539.0,OPTIMAL,2,12,0.0338034629821777,11961.0,0.0,11961.0,0.0191740989685058,OPTIMAL,11961.0,0.0185444355010986,1.0
gkg_n3_m10_cf0.5_corruncorrelated_rep2.json,3,10,0.5,uncorrelated,547305,True,1.0,0.0100758075714111,9206.0,OPTIMAL,2,15,0.028865098953247,10040.0,0.0038623809814453,10040.0,0.0100758075714111,OPTIMAL,10040.0,0.0159120559692382,1.0
gkg_n3_m10_cf0.5_corruncorrelated_rep3.json,3,10,0.5,uncorrelated,557490,True,1.0,0.0214648246765136,9763.0,OPTIMAL,0,6,0.0364220142364501,9891.0,0.0,9891.0,0.0214648246765136,OPTIMAL,9891.0,0.0106401443481445,1.0
gkg_n3_m10_cf0.5_corruncorrelated_rep4.json,3,10,0.5,uncorrelated,567675,True,1.0,0.0,9364.0,OPTIMAL,1,15,0.0482337474822998,10778.0,0.0162057876586914,10778.0,0.0,OPTIMAL,10778.0,0.0,1.0
gkg_n3_m10_cf0.5_corruncorrelated_rep5.json,3,10,0.5,uncorrelated,577860,True,1.0,0.0178165435791015,10655.0,OPTIMAL,3,21,0.0479297637939453,11172.0,0.0,11172.0,0.0178165435791015,OPTIMAL,11172.0,0.017820119857788,1.0
gkg_n3_m10_cf0.5_corruncorrelated_rep6.json,3,10,0.5,uncorrelated,588045,True,1.0,0.0138452053070068,10890.0,OPTIMAL,1,9,0.0297961235046386,10913.0,0.0159509181976318,10913.0,0.0138452053070068,OPTIMAL,10913.0,0.0206289291381835,1.0
gkg_n3_m10_cf0.5_corruncorrelated_rep7.json,3,10,0.5,uncorrelated,598230,True,1.0,0.010491132736206,8119.0,OPTIMAL,2,9,0.0262892246246337,9210.0,0.0,9210.0,0.010491132736206,OPTIMAL,9210.0,0.0,1.0
gkg_n3_m10_cf0.5_corruncorrelated_rep8.json,3,10,0.5,uncorrelated,608415,True,1.0,0.0158283710479736,8837.0,OPTIMAL,1,9,0.0317652225494384,9343.0,0.0,9343.0,0.0158283710479736,OPTIMAL,9343.0,0.0,1.0
gkg_n3_m10_cf0.5_corruncorrelated_rep9.json,3,10,0.5,uncorrelated,618600,True,1.0,0.0156481266021728,6019.0,OPTIMAL,0,9,0.0313441753387451,8281.0,0.0,8281.0,0.0156481266021728,OPTIMAL,8281.0,0.0161232948303222,1.0
gkg_n3_m10_cf0.5_corrweakly_correlated_rep0.json,3,10,0.5,weakly_correlated,537025,True,1.0,0.0052595138549804,9478.0,OPTIMAL,0,3,0.0158569812774658,9478.0,0.0105974674224853,9478.0,0.0052595138549804,OPTIMAL,9478.0,0.0,1.0
gkg_n3_m10_cf0.5_corrweakly_correlated_rep1.json,3,10,0.5,weakly_correlated,547210,True,1.0,0.016106367111206,9609.0,OPTIMAL,0,6,0.0507009029388427,9694.0,0.0159127712249755,9694.0,0.016106367111206,OPTIMAL,9694.0,0.0127866268157958,1.0
gkg_n3_m10_cf0.5_corrweakly_correlated_rep2.json,3,10,0.5,weakly_correlated,557395,True,1.0,0.0158901214599609,8547.0,OPTIMAL,0,6,0.033003807067871,8618.0,0.0061240196228027,8618.0,0.0158901214599609,OPTIMAL,8618.0,0.0171575546264648,1.0
gkg_n3_m10_cf0.5_corrweakly_correlated_rep3.json,3,10,0.5,weakly_correlated,567580,True,1.0,0.0,7521.0,OPTIMAL,0,9,0.0478296279907226,7672.0,0.0158631801605224,7672.0,0.0,OPTIMAL,7672.0,0.0349206924438476,1.0
gkg_n3_m10_cf0.5_corrweakly_correlated_rep4.json,3,10,0.5,weakly_correlated,577765,True,1.0,0.0,7439.0,OPTIMAL,1,12,0.0450048446655273,7486.0,0.0132925510406494,7486.0,0.0,OPTIMAL,7486.0,0.0,1.0
gkg_n3_m10_cf0.5_corrweakly_correlated_rep5.json,3,10,0.5,weakly_correlated,587950,True,1.0,0.0158705711364746,7290.0,OPTIMAL,3,18,0.0634338855743408,7523.0,0.0,7523.0,0.0158705711364746,OPTIMAL,7523.0,0.0160408020019531,1.0
gkg_n3_m10_cf0.5_corrweakly_correlated_rep6.json,3,10,0.5,weakly_correlated,598135,True,1.0,0.0,8844.0,OPTIMAL,2,12,0.050124168395996,8997.0,0.0160155296325683,8997.0,0.0,OPTIMAL,8997.0,0.0171630382537841,1.0
gkg_n3_m10_cf0.5_corrweakly_correlated_rep7.json,3,10,0.5,weakly_correlated,608320,True,1.0,0.0020058155059814,8432.0,OPTIMAL,1,9,0.0274326801300048,8900.0,0.0096166133880615,8900.0,0.0020058155059814,OPTIMAL,8900.0,0.0,1.0
gkg_n3_m10_cf0.5_corrweakly_correlated_rep8.json,3,10,0.5,weakly_correlated,618505,True,1.0,0.0157318115234375,6653.0,OPTIMAL,0,3,0.0634741783142089,6653.0,0.015932559967041,6653.0,0.0157318115234375,OPTIMAL,6653.0,0.0224149227142334,1.0
gkg_n3_m10_cf0.5_corrweakly_correlated_rep9.json,3,10,0.5,weakly_correlated,628690,True,1.0,0.0087161064147949,7751.0,OPTIMAL,0,9,0.0647175312042236,7841.0,0.0178184509277343,7841.0,0.0087161064147949,OPTIMAL,7841.0,0.0075876712799072,1.0
gkg_n3_m15_cf0.2_corrstrongly_correlated_rep0.json,3,15,0.2,strongly_correlated,577385,True,1.0,0.0106151103973388,5905.0,OPTIMAL,1,9,0.0451657772064209,5985.0,0.0066215991973876,5985.0,0.0106151103973388,OPTIMAL,5985.0,0.0131380558013916,1.0
gkg_n3_m15_cf0.2_corrstrongly_correlated_rep1.json,3,15,0.2,strongly_correlated,587570,True,1.0,0.0115635395050048,6931.0,OPTIMAL,0,3,0.0443155765533447,6931.0,0.0059947967529296,6931.0,0.0115635395050048,OPTIMAL,6931.0,0.0350332260131835,1.0
gkg_n3_m15_cf0.2_corrstrongly_correlated_rep2.json,3,15,0.2,strongly_correlated,597755,True,1.0,0.0024018287658691,6207.0,OPTIMAL,4,15,0.063950777053833,6302.0,0.0,6302.0,0.0024018287658691,OPTIMAL,6302.0,0.0182154178619384,1.0
gkg_n3_m15_cf0.2_corrstrongly_correlated_rep3.json,3,15,0.2,strongly_correlated,607940,True,1.0,0.0049951076507568,6577.0,OPTIMAL,0,3,0.0207948684692382,6577.0,0.0,6577.0,0.0049951076507568,OPTIMAL,6577.0,0.0158030986785888,1.0
gkg_n3_m15_cf0.2_corrstrongly_correlated_rep4.json,3,15,0.2,strongly_correlated,618125,True,1.0,0.0158853530883789,6394.0,OPTIMAL,0,6,0.0316653251647949,6401.0,0.0066735744476318,6401.0,0.0158853530883789,OPTIMAL,6401.0,0.0318500995635986,1.0
gkg_n3_m15_cf0.2_corrstrongly_correlated_rep5.json,3,15,0.2,strongly_correlated,628310,True,1.0,0.0147097110748291,6923.0,OPTIMAL,0,3,0.0458734035491943,6923.0,0.0,6923.0,0.0147097110748291,OPTIMAL,6923.0,0.0440874099731445,1.0
gkg_n3_m15_cf0.2_corrstrongly_correlated_rep6.json,3,15,0.2,strongly_correlated,638495,True,1.0,0.0036969184875488,6454.0,OPTIMAL,0,3,0.055711030960083,6454.0,0.0161559581756591,6454.0,0.0036969184875488,OPTIMAL,6454.0,0.0356349945068359,1.0
gkg_n3_m15_cf0.2_corrstrongly_correlated_rep7.json,3,15,0.2,strongly_correlated,648680,True,1.0,0.0085432529449462,5663.0,OPTIMAL,1,9,0.024611473083496,5747.0,0.0,5747.0,0.0085432529449462,OPTIMAL,5747.0,0.0156993865966796,1.0
gkg_n3_m15_cf0.2_corrstrongly_correlated_rep8.json,3,15,0.2,strongly_correlated,658865,True,1.0,0.0161254405975341,5894.0,OPTIMAL,2,12,0.0643763542175293,6023.0,0.0204582214355468,6023.0,0.0161254405975341,OPTIMAL,6023.0,0.0116729736328125,1.0
gkg_n3_m15_cf0.2_corrstrongly_correlated_rep9.json,3,15,0.2,strongly_correlated,669050,True,1.0,0.0201659202575683,5993.0,OPTIMAL,0,3,0.0556695461273193,5993.0,0.0157074928283691,5993.0,0.0201659202575683,OPTIMAL,5993.0,0.0185229778289794,1.0
gkg_n3_m15_cf0.2_corruncorrelated_rep0.json,3,15,0.2,uncorrelated,557205,True,1.0,0.0091707706451416,9522.0,OPTIMAL,0,3,0.02494478225708,9522.0,0.0,9522.0,0.0091707706451416,OPTIMAL,9522.0,0.0,1.0
gkg_n3_m15_cf0.2_corruncorrelated_rep1.json,3,15,0.2,uncorrelated,567390,True,1.0,0.0159711837768554,11560.0,OPTIMAL,0,3,0.0319204330444335,11560.0,0.0,11560.0,0.0159711837768554,OPTIMAL,11560.0,0.0,1.0
gkg_n3_m15_cf0.2_corruncorrelated_rep2.json,3,15,0.2,uncorrelated,577575,True,1.0,0.0160262584686279,7308.0,OPTIMAL,2,12,0.0480163097381591,8445.0,0.0,8445.0,0.0160262584686279,OPTIMAL,8445.0,0.0,1.0
gkg_n3_m15_cf0.2_corruncorrelated_rep3.json,3,15,0.2,uncorrelated,587760,True,1.0,0.016165018081665,10469.0,OPTIMAL,0,3,0.0320477485656738,10469.0,0.0158827304840087,10469.0,0.016165018081665,OPTIMAL,10469.0,0.0,1.0
gkg_n3_m15_cf0.2_corruncorrelated_rep4.json,3,15,0.2,uncorrelated,597945,True,1.0,0.0158824920654296,10563.0,OPTIMAL,1,9,0.046004295349121,10973.0,0.0118176937103271,10973.0,0.0158824920654296,OPTIMAL,10973.0,0.0,1.0
gkg_n3_m15_cf0.2_corruncorrelated_rep5.json,3,15,0.2,uncorrelated,608130,True,1.0,0.0165300369262695,9705.0,OPTIMAL,0,3,0.029416799545288,9705.0,0.0128867626190185,9705.0,0.0165300369262695,OPTIMAL,9705.0,0.0221014022827148,1.0
gkg_n3_m15_cf0.2_corruncorrelated_rep6.json,3,15,0.2,uncorrelated,618315,True,1.0,0.0096135139465332,10002.0,OPTIMAL,0,3,0.0096135139465332,10002.0,0.0,10002.0,0.0096135139465332,OPTIMAL,10002.0,0.0,1.0
gkg_n3_m15_cf0.2_corruncorrelated_rep7.json,3,15,0.2,uncorrelated,628500,True,1.0,0.0160825252532959,10380.0,OPTIMAL,1,9,0.0430893898010253,11127.0,0.0073828697204589,11127.0,0.0160825252532959,OPTIMAL,11127.0,0.0072720050811767,1.0
gkg_n3_m15_cf0.2_corruncorrelated_rep8.json,3,15,0.2,uncorrelated,638685,True,1.0,0.0110108852386474,8182.0,OPTIMAL,2,9,0.0301568508148193,9366.0,0.0029971599578857,9366.0,0.0110108852386474,OPTIMAL,9366.0,0.0,1.0
gkg_n3_m15_cf0.2_corruncorrelated_rep9.json,3,15,0.2,uncorrelated,648870,True,1.0,0.016880989074707,9693.0,OPTIMAL,0,3,0.0387494564056396,9693.0,0.0,9693.0,0.016880989074707,OPTIMAL,9693.0,0.0133814811706542,1.0
gkg_n3_m15_cf0.2_corrweakly_correlated_rep0.json,3,15,0.2,weakly_correlated,567295,True,1.0,0.0110909938812255,5056.0,OPTIMAL,0,3,0.0460126399993896,5056.0,0.0157678127288818,5056.0,0.0110909938812255,OPTIMAL,5056.0,0.0280454158782959,1.0
gkg_n3_m15_cf0.2_corrweakly_correlated_rep1.json,3,15,0.2,weakly_correlated,577480,True,1.0,0.0160956382751464,4814.0,OPTIMAL,0,3,0.0521333217620849,4814.0,0.0,4814.0,0.0160956382751464,OPTIMAL,4814.0,0.0294201374053955,1.0
gkg_n3_m15_cf0.2_corrweakly_correlated_rep2.json,3,15,0.2,weakly_correlated,587665,True,1.0,0.0137948989868164,5076.0,OPTIMAL,3,9,0.0656454563140869,5104.0,0.0,5104.0,0.0137948989868164,OPTIMAL,5104.0,0.027620792388916,1.0
gkg_n3_m15_cf0.2_corrweakly_correlated_rep3.json,3,15,0.2,weakly_correlated,597850,True,1.0,0.015989065170288,5519.0,OPTIMAL,0,3,0.0353477001190185,5519.0,0.0156614780426025,5519.0,0.015989065170288,OPTIMAL,5519.0,0.0,1.0
gkg_n3_m15_cf0.2_corrweakly_correlated_rep4.json,3,15,0.2,weakly_correlated,608035,True,1.0,0.0121572017669677,4976.0,OPTIMAL,2,9,0.0438401699066162,5069.0,0.0158007144927978,5069.0,0.0121572017669677,OPTIMAL,5069.0,0.0144357681274414,1.0
gkg_n3_m15_cf0.2_corrweakly_correlated_rep5.json,3,15,0.2,weakly_correlated,618220,True,1.0,0.0114624500274658,5015.0,OPTIMAL,0,3,0.0353643894195556,5015.0,0.007380723953247,5015.0,0.0114624500274658,OPTIMAL,5015.0,0.0292892456054687,1.0
gkg_n3_m15_cf0.2_corrweakly_correlated_rep6.json,3,15,0.2,weakly_correlated,628405,True,1.0,0.0117433071136474,5292.0,OPTIMAL,0,3,0.0495147705078125,5292.0,0.0174264907836914,5292.0,0.0117433071136474,OPTIMAL,5292.0,0.0217282772064209,1.0
gkg_n3_m15_cf0.2_corrweakly_correlated_rep7.json,3,15,0.2,weakly_correlated,638590,True,1.0,0.0112602710723876,4892.0,OPTIMAL,0,3,0.0284404754638671,4892.0,0.006272554397583,4892.0,0.0112602710723876,OPTIMAL,4892.0,0.014237642288208,1.0
gkg_n3_m15_cf0.2_corrweakly_correlated_rep8.json,3,15,0.2,weakly_correlated,648775,True,1.0,0.0131857395172119,5100.0,OPTIMAL,0,3,0.0400023460388183,5100.0,0.0060241222381591,5100.0,0.0131857395172119,OPTIMAL,5100.0,0.0280256271362304,1.0
gkg_n3_m15_cf0.2_corrweakly_correlated_rep9.json,3,15,0.2,weakly_correlated,658960,True,1.0,0.0133514404296875,4192.0,OPTIMAL,0,3,0.0364613533020019,4192.0,0.0069401264190673,4192.0,0.0133514404296875,OPTIMAL,4192.0,0.0177583694458007,1.0
gkg_n3_m15_cf0.5_corrstrongly_correlated_rep0.json,3,15,0.5,strongly_correlated,607655,True,1.0,0.011523962020874,14182.0,OPTIMAL,3,18,0.1446287631988525,14331.0,0.007322072982788,14331.0,0.011523962020874,OPTIMAL,14331.0,0.0701532363891601,1.0
gkg_n3_m15_cf0.5_corrstrongly_correlated_rep1.json,3,15,0.5,strongly_correlated,617840,True,1.0,0.0052053928375244,14890.0,OPTIMAL,7,21,0.0928494930267334,15125.0,0.0070211887359619,15125.0,0.0052053928375244,OPTIMAL,15125.0,0.0315937995910644,1.0
gkg_n3_m15_cf0.5_corrstrongly_correlated_rep2.json,3,15,0.5,strongly_correlated,628025,True,1.0,0.0105829238891601,14346.0,OPTIMAL,3,21,0.1205031871795654,14609.0,0.0068781375885009,14609.0,0.0105829238891601,OPTIMAL,14609.0,0.050469160079956,1.0
gkg_n3_m15_cf0.5_corrstrongly_correlated_rep3.json,3,15,0.5,strongly_correlated,638210,True,1.0,0.0120956897735595,14215.0,OPTIMAL,7,21,0.1146953105926513,14307.0,0.0075130462646484,14307.0,0.0120956897735595,OPTIMAL,14307.0,0.0363936424255371,1.0
gkg_n3_m15_cf0.5_corrstrongly_correlated_rep4.json,3,15,0.5,strongly_correlated,648395,True,1.0,0.010157823562622,11368.0,OPTIMAL,24,66,0.2198500633239746,13052.0,0.0065517425537109,13052.0,0.010157823562622,OPTIMAL,13052.0,0.0528678894042968,1.0
gkg_n3_m15_cf0.5_corrstrongly_correlated_rep5.json,3,15,0.5,strongly_correlated,658580,True,1.0,0.0110890865325927,12962.0,OPTIMAL,16,48,0.1954846382141113,13298.0,0.0059976577758789,13298.0,0.0110890865325927,OPTIMAL,13298.0,0.0574753284454345,1.0
gkg_n3_m15_cf0.5_corrstrongly_correlated_rep6.json,3,15,0.5,strongly_correlated,668765,True,1.0,0.0105288028717041,12854.0,OPTIMAL,1,12,0.1052732467651367,12875.0,0.0,12875.0,0.0105288028717041,OPTIMAL,12875.0,0.0499470233917236,1.0
gkg_n3_m15_cf0.5_corrstrongly_correlated_rep7.json,3,15,0.5,strongly_correlated,678950,True,1.0,0.0,13006.0,OPTIMAL,8,51,0.177990436553955,14566.0,0.0137219429016113,14566.0,0.0,OPTIMAL,14566.0,0.0744228363037109,1.0
gkg_n3_m15_cf0.5_corrstrongly_correlated_rep8.json,3,15,0.5,strongly_correlated,689135,True,1.0,0.0081405639648437,12176.0,OPTIMAL,0,9,0.0813517570495605,12329.0,0.0,12329.0,0.0081405639648437,OPTIMAL,12329.0,0.0575969219207763,1.0
gkg_n3_m15_cf0.5_corrstrongly_correlated_rep9.json,3,15,0.5,strongly_correlated,699320,True,1.0,0.0,12764.0,OPTIMAL,18,42,0.1481735706329345,13799.0,0.0,13799.0,0.0,OPTIMAL,13799.0,0.0508122444152832,1.0
gkg_n3_m15_cf0.5_corruncorrelated_rep0.json,3,15,0.5,uncorrelated,587475,True,1.0,0.0055584907531738,14259.0,OPTIMAL,8,24,0.0533623695373535,15518.0,0.0,15518.0,0.0055584907531738,OPTIMAL,15518.0,0.0,1.0
gkg_n3_m15_cf0.5_corruncorrelated_rep1.json,3,15,0.5,uncorrelated,597660,True,1.0,0.016003131866455,16594.0,OPTIMAL,8,27,0.095790147781372,18025.0,0.0160984992980957,18025.0,0.016003131866455,OPTIMAL,18025.0,0.0277018547058105,1.0
gkg_n3_m15_cf0.5_corruncorrelated_rep2.json,3,15,0.5,uncorrelated,607845,True,1.0,0.0039536952972412,14463.0,OPTIMAL,10,33,0.0802559852600097,15584.0,0.0161836147308349,15584.0,0.0039536952972412,OPTIMAL,15584.0,0.0,1.0
gkg_n3_m15_cf0.5_corruncorrelated_rep3.json,3,15,0.5,uncorrelated,618030,True,1.0,0.0159854888916015,15622.0,OPTIMAL,1,9,0.0318479537963867,16323.0,0.0,16323.0,0.0159854888916015,OPTIMAL,16323.0,0.0158004760742187,1.0
gkg_n3_m15_cf0.5_corruncorrelated_rep4.json,3,15,0.5,uncorrelated,628215,True,1.0,0.016169786453247,13820.0,OPTIMAL,1,9,0.0350880622863769,14961.0,0.0,14961.0,0.016169786453247,OPTIMAL,14961.0,0.0176107883453369,1.0
gkg_n3_m15_cf0.5_corruncorrelated_rep5.json,3,15,0.5,uncorrelated,638400,True,1.0,0.010833740234375,13761.0,OPTIMAL,4,15,0.0423755645751953,14775.0,0.0,14775.0,0.010833740234375,OPTIMAL,14775.0,0.0157396793365478,1.0
gkg_n3_m15_cf0.5_corruncorrelated_rep6.json,3,15,0.5,uncorrelated,648585,True,1.0,0.0204379558563232,15875.0,OPTIMAL,5,12,0.0460443496704101,17714.0,0.0,17714.0,0.0204379558563232,OPTIMAL,17714.0,0.0,1.0
gkg_n3_m15_cf0.5_corruncorrelated_rep7.json,3,15,0.5,uncorrelated,658770,True,1.0,0.0157651901245117,14676.0,OPTIMAL,2,12,0.0317623615264892,16191.0,0.0,16191.0,0.0157651901245117,OPTIMAL,16191.0,0.0159587860107421,1.0
gkg_n3_m15_cf0.5_corruncorrelated_rep8.json,3,15,0.5,uncorrelated,668955,True,1.0,0.0145621299743652,15449.0,OPTIMAL,4,12,0.0558164119720459,16308.0,0.0100302696228027,16308.0,0.0145621299743652,OPTIMAL,16308.0,0.0118970870971679,1.0
gkg_n3_m15_cf0.5_corruncorrelated_rep9.json,3,15,0.5,uncorrelated,679140,True,1.0,0.0151607990264892,13767.0,OPTIMAL,0,6,0.0309233665466308,16794.0,0.0,16794.0,0.0151607990264892,OPTIMAL,16794.0,0.008744478225708,1.0
gkg_n3_m15_cf0.5_corrweakly_correlated_rep0.json,3,15,0.5,weakly_correlated,597565,True,1.0,0.0072710514068603,10336.0,OPTIMAL,0,9,0.0541334152221679,10454.0,0.0156779289245605,10454.0,0.0072710514068603,OPTIMAL,10454.0,0.0096123218536376,1.0
gkg_n3_m15_cf0.5_corrweakly_correlated_rep1.json,3,15,0.5,weakly_correlated,607750,True,1.0,0.005199909210205,12875.0,OPTIMAL,0,3,0.0371677875518798,12875.0,0.0161933898925781,12875.0,0.005199909210205,OPTIMAL,12875.0,0.0478949546813964,1.0
gkg_n3_m15_cf0.5_corrweakly_correlated_rep2.json,3,15,0.5,weakly_correlated,617935,True,1.0,0.0,12075.0,OPTIMAL,0,3,0.0523169040679931,12075.0,0.0157544612884521,12075.0,0.0,OPTIMAL,12075.0,0.0558667182922363,1.0
gkg_n3_m15_cf0.5_corrweakly_correlated_rep3.json,3,15,0.5,weakly_correlated,628120,True,1.0,0.0028326511383056,11020.0,OPTIMAL,2,15,0.0824463367462158,11236.0,0.0157041549682617,11236.0,0.0028326511383056,OPTIMAL,11236.0,0.0353386402130126,1.0
gkg_n3_m15_cf0.5_corrweakly_correlated_rep4.json,3,15,0.5,weakly_correlated,638305,True,1.0,0.0124652385711669,12420.0,OPTIMAL,2,12,0.1029443740844726,12477.0,0.015864610671997,12477.0,0.0124652385711669,OPTIMAL,12477.0,0.0532500743865966,1.0
gkg_n3_m15_cf0.5_corrweakly_correlated_rep5.json,3,15,0.5,weakly_correlated,648490,True,1.0,0.0,12314.0,OPTIMAL,3,15,0.0897383689880371,12531.0,0.0169274806976318,12531.0,0.0,OPTIMAL,12531.0,0.0234456062316894,1.0
gkg_n3_m15_cf0.5_corrweakly_correlated_rep6.json,3,15,0.5,weakly_correlated,658675,True,1.0,0.0102114677429199,10589.0,OPTIMAL,1,12,0.1036264896392822,10648.0,0.0216560363769531,10648.0,0.0102114677429199,OPTIMAL,10648.0,0.0522336959838867,1.0
gkg_n3_m15_cf0.5_corrweakly_correlated_rep7.json,3,15,0.5,weakly_correlated,668860,True,1.0,0.0111479759216308,13264.0,OPTIMAL,2,12,0.0701162815093994,13355.0,0.0158135890960693,13355.0,0.0111479759216308,OPTIMAL,13355.0,0.016984224319458,1.0
gkg_n3_m15_cf0.5_corrweakly_correlated_rep8.json,3,15,0.5,weakly_correlated,679045,True,1.0,0.0038797855377197,12319.0,OPTIMAL,6,18,0.0907316207885742,12547.0,0.0091316699981689,12547.0,0.0038797855377197,OPTIMAL,12547.0,0.0319702625274658,1.0
gkg_n3_m15_cf0.5_corrweakly_correlated_rep9.json,3,15,0.5,weakly_correlated,689230,True,1.0,0.0080549716949462,12134.0,OPTIMAL,1,9,0.0582284927368164,12209.0,0.0,12209.0,0.0080549716949462,OPTIMAL,12209.0,0.0293502807617187,1.0
gkg_n3_m20_cf0.2_corrstrongly_correlated_rep0.json,3,20,0.2,strongly_correlated,637925,True,1.0,0.0160205364227294,8316.0,OPTIMAL,0,6,0.0592169761657714,8386.0,0.0,8386.0,0.0160205364227294,OPTIMAL,8386.0,0.018176794052124,1.0
gkg_n3_m20_cf0.2_corrstrongly_correlated_rep1.json,3,20,0.2,strongly_correlated,648110,True,1.0,0.0030620098114013,7935.0,OPTIMAL,2,9,0.1098365783691406,7972.0,0.0157675743103027,7972.0,0.0030620098114013,OPTIMAL,7972.0,0.0682663917541503,1.0
gkg_n3_m20_cf0.2_corrstrongly_correlated_rep2.json,3,20,0.2,strongly_correlated,658295,True,1.0,0.0128381252288818,7864.0,OPTIMAL,0,3,0.0385797023773193,7864.0,0.0,7864.0,0.0128381252288818,OPTIMAL,7864.0,0.0241668224334716,1.0
gkg_n3_m20_cf0.2_corrstrongly_correlated_rep3.json,3,20,0.2,strongly_correlated,668480,True,1.0,0.0140280723571777,7846.0,OPTIMAL,1,9,0.0880060195922851,7955.0,0.0,7955.0,0.0140280723571777,OPTIMAL,7955.0,0.0414721965789794,1.0
gkg_n3_m20_cf0.2_corrstrongly_correlated_rep4.json,3,20,0.2,strongly_correlated,678665,True,1.0,0.0111198425292968,8293.0,OPTIMAL,8,27,0.1027219295501709,8496.0,0.0,8496.0,0.0111198425292968,OPTIMAL,8496.0,0.037684679031372,1.0
gkg_n3_m20_cf0.2_corrstrongly_correlated_rep5.json,3,20,0.2,strongly_correlated,688850,True,1.0,0.0127851963043212,7853.0,OPTIMAL,1,12,0.0416736602783203,7960.0,0.0,7960.0,0.0127851963043212,OPTIMAL,7960.0,0.0159063339233398,1.0
gkg_n3_m20_cf0.2_corrstrongly_correlated_rep6.json,3,20,0.2,strongly_correlated,699035,True,1.0,0.0161304473876953,7852.0,OPTIMAL,9,27,0.1451854705810547,8029.0,0.0,8029.0,0.0161304473876953,OPTIMAL,8029.0,0.0360925197601318,1.0
gkg_n3_m20_cf0.2_corrstrongly_correlated_rep7.json,3,20,0.2,strongly_correlated,709220,True,1.0,0.0101079940795898,7608.0,OPTIMAL,2,12,0.0938777923583984,7678.0,0.0097532272338867,7678.0,0.0101079940795898,OPTIMAL,7678.0,0.0406594276428222,1.0
gkg_n3_m20_cf0.2_corrstrongly_correlated_rep8.json,3,20,0.2,strongly_correlated,719405,True,1.0,0.0109438896179199,8129.0,OPTIMAL,4,18,0.1013894081115722,8141.0,0.0057535171508789,8141.0,0.0109438896179199,OPTIMAL,8141.0,0.0657119750976562,1.0
gkg_n3_m20_cf0.2_corrstrongly_correlated_rep9.json,3,20,0.2,strongly_correlated,729590,True,1.0,0.0076644420623779,8117.0,OPTIMAL,4,21,0.1116321086883544,8212.0,0.0,8212.0,0.0076644420623779,OPTIMAL,8212.0,0.0346126556396484,1.0
gkg_n3_m20_cf0.2_corruncorrelated_rep0.json,3,20,0.2,uncorrelated,617745,True,1.0,0.0038487911224365,14549.0,OPTIMAL,4,21,0.0847165584564209,14762.0,0.0157265663146972,14762.0,0.0038487911224365,OPTIMAL,14762.0,0.0117783546447753,1.0
gkg_n3_m20_cf0.2_corruncorrelated_rep1.json,3,20,0.2,uncorrelated,627930,True,1.0,0.0100276470184326,13023.0,OPTIMAL,1,12,0.041856050491333,13345.0,0.0077605247497558,13345.0,0.0100276470184326,OPTIMAL,13345.0,0.0091042518615722,1.0
gkg_n3_m20_cf0.2_corruncorrelated_rep2.json,3,20,0.2,uncorrelated,638115,True,1.0,0.0124435424804687,12553.0,OPTIMAL,1,9,0.0367491245269775,12909.0,0.0080175399780273,12909.0,0.0124435424804687,OPTIMAL,12909.0,0.004960298538208,1.0
gkg_n3_m20_cf0.2_corruncorrelated_rep3.json,3,20,0.2,uncorrelated,648300,True,1.0,0.016648530960083,13481.0,OPTIMAL,3,21,0.0590267181396484,14877.0,0.0069990158081054,14877.0,0.016648530960083,OPTIMAL,14877.0,0.0130829811096191,1.0
gkg_n3_m20_cf0.2_corruncorrelated_rep4.json,3,20,0.2,uncorrelated,658485,True,1.0,0.0127427577972412,12373.0,OPTIMAL,2,9,0.0342862606048584,12868.0,0.0077607631683349,12868.0,0.0127427577972412,OPTIMAL,12868.0,0.006519079208374,1.0
gkg_n3_m20_cf0.2_corruncorrelated_rep5.json,3,20,0.2,uncorrelated,668670,True,1.0,0.0095257759094238,13477.0,OPTIMAL,1,9,0.0333259105682373,13970.0,0.0060131549835205,13970.0,0.0095257759094238,OPTIMAL,13970.0,0.0060150623321533,1.0
gkg_n3_m20_cf0.2_corruncorrelated_rep6.json,3,20,0.2,uncorrelated,678855,True,1.0,0.009765625,13569.0,OPTIMAL,0,3,0.0270450115203857,13569.0,0.0080177783966064,13569.0,0.009765625,OPTIMAL,13569.0,0.0115904808044433,1.0
gkg_n3_m20_cf0.2_corruncorrelated_rep7.json,3,20,0.2,uncorrelated,689040,True,1.0,0.0102672576904296,12266.0,OPTIMAL,4,21,0.0594136714935302,13453.0,0.0057315826416015,13453.0,0.0102672576904296,OPTIMAL,13453.0,0.0066678524017333,1.0
gkg_n3_m20_cf0.2_corruncorrelated_rep8.json,3,20,0.2,uncorrelated,699225,True,1.0,0.0163962841033935,14359.0,OPTIMAL,0,3,0.0303068161010742,14359.0,0.0091173648834228,14359.0,0.0163962841033935,OPTIMAL,14359.0,0.0069642066955566,1.0
gkg_n3_m20_cf0.2_corruncorrelated_rep9.json,3,20,0.2,uncorrelated,709410,True,1.0,0.0112979412078857,13864.0,OPTIMAL,2,15,0.0468988418579101,14146.0,0.0058362483978271,14146.0,0.0112979412078857,OPTIMAL,14146.0,0.0136003494262695,1.0
gkg_n3_m20_cf0.2_corrweakly_correlated_rep0.json,3,20,0.2,weakly_correlated,627835,True,1.0,0.0102186203002929,6314.0,OPTIMAL,0,6,0.0657796859741211,6326.0,0.0078859329223632,6326.0,0.0102186203002929,OPTIMAL,6326.0,0.0468144416809082,1.0
gkg_n3_m20_cf0.2_corrweakly_correlated_rep1.json,3,20,0.2,weakly_correlated,638020,True,1.0,0.0,7932.0,OPTIMAL,0,3,0.0219464302062988,7932.0,0.0066101551055908,7932.0,0.0,OPTIMAL,7932.0,0.0119011402130126,1.0
gkg_n3_m20_cf0.2_corrweakly_correlated_rep2.json,3,20,0.2,weakly_correlated,648205,True,1.0,0.0100288391113281,6944.0,OPTIMAL,0,6,0.049889326095581,6947.0,0.0070204734802246,6947.0,0.0100288391113281,OPTIMAL,6947.0,0.0371313095092773,1.0
gkg_n3_m20_cf0.2_corrweakly_correlated_rep3.json,3,20,0.2,weakly_correlated,658390,True,1.0,0.0127646923065185,6839.0,OPTIMAL,0,3,0.0473036766052246,6839.0,0.0030755996704101,6839.0,0.0127646923065185,OPTIMAL,6839.0,0.0347890853881835,1.0
gkg_n3_m20_cf0.2_corrweakly_correlated_rep4.json,3,20,0.2,weakly_correlated,668575,True,1.0,0.0,6700.0,OPTIMAL,1,12,0.0711696147918701,6735.0,0.0,6735.0,0.0,OPTIMAL,6735.0,0.0459473133087158,1.0
gkg_n3_m20_cf0.2_corrweakly_correlated_rep5.json,3,20,0.2,weakly_correlated,678760,True,1.0,0.0097880363464355,6333.0,OPTIMAL,0,3,0.0415687561035156,6333.0,0.0,6333.0,0.0097880363464355,OPTIMAL,6333.0,0.0386302471160888,1.0
gkg_n3_m20_cf0.2_corrweakly_correlated_rep6.json,3,20,0.2,weakly_correlated,688945,True,1.0,0.008441686630249,7049.0,OPTIMAL,4,18,0.0762999057769775,7151.0,0.0,7151.0,0.008441686630249,OPTIMAL,7151.0,0.0186593532562255,1.0
gkg_n3_m20_cf0.2_corrweakly_correlated_rep7.json,3,20,0.2,weakly_correlated,699130,True,1.0,0.0100047588348388,6657.0,OPTIMAL,0,3,0.0520408153533935,6657.0,0.0,6657.0,0.0100047588348388,OPTIMAL,6657.0,0.0343890190124511,1.0
gkg_n3_m20_cf0.2_corrweakly_correlated_rep8.json,3,20,0.2,weakly_correlated,709315,True,1.0,0.0040361881256103,6976.0,OPTIMAL,2,15,0.1130955219268798,7043.0,0.0136044025421142,7043.0,0.0040361881256103,OPTIMAL,7043.0,0.0598702430725097,1.0
gkg_n3_m20_cf0.2_corrweakly_correlated_rep9.json,3,20,0.2,weakly_correlated,719500,True,1.0,0.0032906532287597,7328.0,OPTIMAL,0,3,0.0547900199890136,7328.0,0.0158972740173339,7328.0,0.0032906532287597,OPTIMAL,7328.0,0.0667164325714111,1.0
gkg_n3_m20_cf0.5_corrstrongly_correlated_rep0.json,3,20,0.5,strongly_correlated,668195,True,1.0,0.0113735198974609,17061.0,OPTIMAL,10,30,0.1820101737976074,17371.0,0.0080142021179199,17371.0,0.0113735198974609,OPTIMAL,17371.0,0.0974502563476562,1.0
gkg_n3_m20_cf0.5_corrstrongly_correlated_rep1.json,3,20,0.5,strongly_correlated,678380,True,1.0,0.001739501953125,17616.0,OPTIMAL,12,33,0.1587111949920654,18427.0,0.0156874656677246,18427.0,0.001739501953125,OPTIMAL,18427.0,0.049753189086914,1.0
gkg_n3_m20_cf0.5_corrstrongly_correlated_rep2.json,3,20,0.5,strongly_correlated,688565,True,1.0,0.0,17662.0,OPTIMAL,5,30,0.2301051616668701,17903.0,0.0025944709777832,17903.0,0.0,OPTIMAL,17903.0,0.1133785247802734,1.0
gkg_n3_m20_cf0.5_corrstrongly_correlated_rep3.json,3,20,0.5,strongly_correlated,698750,True,1.0,0.0054202079772949,19479.0,OPTIMAL,8,30,0.1554832458496093,19743.0,0.015737771987915,19743.0,0.0054202079772949,OPTIMAL,19743.0,0.0399515628814697,1.0
gkg_n3_m20_cf0.5_corrstrongly_correlated_rep4.json,3,20,0.5,strongly_correlated,708935,True,1.0,0.0092823505401611,17078.0,OPTIMAL,2,15,0.1325623989105224,17358.0,0.0065100193023681,17358.0,0.0092823505401611,OPTIMAL,17358.0,0.0995926856994628,1.0
gkg_n3_m20_cf0.5_corrstrongly_correlated_rep5.json,3,20,0.5,strongly_correlated,719120,True,1.0,0.0061070919036865,16493.0,OPTIMAL,18,63,0.2953476905822754,17006.0,0.0,17006.0,0.0061070919036865,OPTIMAL,17006.0,0.1094286441802978,1.0
gkg_n3_m20_cf0.5_corrstrongly_correlated_rep6.json,3,20,0.5,strongly_correlated,729305,True,1.0,0.0040023326873779,19792.0,OPTIMAL,4,15,0.0512909889221191,19906.0,0.0158171653747558,19906.0,0.0040023326873779,OPTIMAL,19906.0,0.0331757068634033,1.0
gkg_n3_m20_cf0.5_corrstrongly_correlated_rep7.json,3,20,0.5,strongly_correlated,739490,True,1.0,0.0,18404.0,OPTIMAL,10,39,0.1765832901000976,18598.0,0.0,18598.0,0.0,OPTIMAL,18598.0,0.0906858444213867,1.0
gkg_n3_m20_cf0.5_corrstrongly_correlated_rep8.json,3,20,0.5,strongly_correlated,749675,True,1.0,0.0119426250457763,17563.0,OPTIMAL,8,36,0.1612875461578369,18324.0,0.0025591850280761,18324.0,0.0119426250457763,OPTIMAL,18324.0,0.0451605319976806,1.0
gkg_n3_m20_cf0.5_corrstrongly_correlated_rep9.json,3,20,0.5,strongly_correlated,759860,True,1.0,0.0138206481933593,18618.0,OPTIMAL,3,15,0.1058509349822998,18700.0,0.0,18700.0,0.0138206481933593,OPTIMAL,18700.0,0.0587503910064697,1.0
gkg_n3_m20_cf0.5_corruncorrelated_rep0.json,3,20,0.5,uncorrelated,648015,True,1.0,0.0053579807281494,17957.0,OPTIMAL,3,15,0.0469937324523925,21358.0,0.0,21358.0,0.0053579807281494,OPTIMAL,21358.0,0.0106933116912841,1.0
gkg_n3_m20_cf0.5_corruncorrelated_rep1.json,3,20,0.5,uncorrelated,658200,True,1.0,0.0051290988922119,19565.0,OPTIMAL,6,21,0.0528950691223144,21403.0,0.01326584815979,21403.0,0.0051290988922119,OPTIMAL,21403.0,0.0,1.0
gkg_n3_m20_cf0.5_corruncorrelated_rep2.json,3,20,0.5,uncorrelated,668385,True,1.0,0.01609468460083,20394.0,OPTIMAL,3,18,0.0877792835235595,21101.0,0.0,21101.0,0.01609468460083,OPTIMAL,21101.0,0.0119991302490234,1.0
gkg_n3_m20_cf0.5_corruncorrelated_rep3.json,3,20,0.5,uncorrelated,678570,True,1.0,0.0,21045.0,OPTIMAL,1,18,0.0477063655853271,21803.0,0.0161271095275878,21803.0,0.0,OPTIMAL,21803.0,0.0239055156707763,1.0
gkg_n3_m20_cf0.5_corruncorrelated_rep4.json,3,20,0.5,uncorrelated,688755,True,1.0,0.008181095123291,17797.0,OPTIMAL,4,15,0.0558612346649169,19063.0,0.0,19063.0,0.008181095123291,OPTIMAL,19063.0,0.0,1.0
gkg_n3_m20_cf0.5_corruncorrelated_rep5.json,3,20,0.5,uncorrelated,698940,True,1.0,0.0160553455352783,20634.0,OPTIMAL,1,9,0.0269718170166015,22724.0,0.0,22724.0,0.0160553455352783,OPTIMAL,22724.0,0.0157997608184814,1.0
gkg_n3_m20_cf0.5_corruncorrelated_rep6.json,3,20,0.5,uncorrelated,709125,True,1.0,0.0161240100860595,17215.0,OPTIMAL,1,12,0.047781229019165,19743.0,0.0,19743.0,0.0161240100860595,OPTIMAL,19743.0,0.0108206272125244,1.0
gkg_n3_m20_cf0.5_corruncorrelated_rep7.json,3,20,0.5,uncorrelated,719310,True,1.0,0.0211124420166015,21856.0,OPTIMAL,4,15,0.0528640747070312,23680.0,0.0,23680.0,0.0211124420166015,OPTIMAL,23680.0,0.022613525390625,1.0
gkg_n3_m20_cf0.5_corruncorrelated_rep8.json,3,20,0.5,uncorrelated,729495,True,1.0,0.0110340118408203,18968.0,OPTIMAL,5,18,0.0506339073181152,20616.0,0.0060150623321533,20616.0,0.0110340118408203,OPTIMAL,20616.0,0.0143342018127441,1.0
gkg_n3_m20_cf0.5_corruncorrelated_rep9.json,3,20,0.5,uncorrelated,739680,True,1.0,0.0119640827178955,23910.0,OPTIMAL,4,21,0.0686244964599609,25230.0,0.0092103481292724,25230.0,0.0119640827178955,OPTIMAL,25230.0,0.0217921733856201,1.0
gkg_n3_m20_cf0.5_corrweakly_correlated_rep0.json,3,20,0.5,weakly_correlated,658105,True,1.0,0.0057668685913085,17543.0,OPTIMAL,1,21,0.1233839988708496,17580.0,0.0157358646392822,17580.0,0.0057668685913085,OPTIMAL,17580.0,0.0828917026519775,1.0
gkg_n3_m20_cf0.5_corrweakly_correlated_rep1.json,3,20,0.5,weakly_correlated,668290,True,1.0,0.003871202468872,15157.0,OPTIMAL,15,45,0.2151122093200683,16476.0,0.0157668590545654,16476.0,0.003871202468872,OPTIMAL,16476.0,0.0783362388610839,1.0
gkg_n3_m20_cf0.5_corrweakly_correlated_rep2.json,3,20,0.5,weakly_correlated,678475,True,1.0,0.0158755779266357,17669.0,OPTIMAL,1,9,0.0787265300750732,17955.0,0.0158073902130126,17955.0,0.0158755779266357,OPTIMAL,17955.0,0.0157356262207031,1.0
gkg_n3_m20_cf0.5_corrweakly_correlated_rep3.json,3,20,0.5,weakly_correlated,688660,True,1.0,0.0161280632019042,15756.0,OPTIMAL,7,24,0.1436059474945068,15993.0,0.0,15993.0,0.0161280632019042,OPTIMAL,15993.0,0.0329926013946533,1.0
gkg_n3_m20_cf0.5_corrweakly_correlated_rep4.json,3,20,0.5,weakly_correlated,698845,True,1.0,0.010258674621582,14597.0,OPTIMAL,3,15,0.0889999866485595,14822.0,0.0157475471496582,14822.0,0.010258674621582,OPTIMAL,14822.0,0.0399115085601806,1.0
gkg_n3_m20_cf0.5_corrweakly_correlated_rep5.json,3,20,0.5,weakly_correlated,709030,True,1.0,0.0081956386566162,14891.0,OPTIMAL,1,15,0.1489515304565429,14934.0,0.0129191875457763,14934.0,0.0081956386566162,OPTIMAL,14934.0,0.0816302299499511,1.0
gkg_n3_m20_cf0.5_corrweakly_correlated_rep6.json,3,20,0.5,weakly_correlated,719215,True,1.0,0.0,18148.0,OPTIMAL,0,3,0.0238387584686279,18148.0,0.0065968036651611,18148.0,0.0,OPTIMAL,18148.0,0.0152657032012939,1.0
gkg_n3_m20_cf0.5_corrweakly_correlated_rep7.json,3,20,0.5,weakly_correlated,729400,True,1.0,0.008533239364624,15437.0,OPTIMAL,0,9,0.0898520946502685,15461.0,0.0,15461.0,0.008533239364624,OPTIMAL,15461.0,0.0594472885131835,1.0
gkg_n3_m20_cf0.5_corrweakly_correlated_rep8.json,3,20,0.5,weakly_correlated,739585,True,1.0,0.0,16529.0,OPTIMAL,28,60,0.2457218170166015,16965.0,0.0161094665527343,16965.0,0.0,OPTIMAL,16965.0,0.0791316032409668,1.0
gkg_n3_m20_cf0.5_corrweakly_correlated_rep9.json,3,20,0.5,weakly_correlated,749770,True,1.0,0.0114967823028564,16101.0,OPTIMAL,2,12,0.0546817779541015,16318.0,0.0,16318.0,0.0114967823028564,OPTIMAL,16318.0,0.04315185546875,1.0
gkg_n3_m30_cf0.2_corrstrongly_correlated_rep0.json,3,30,0.2,strongly_correlated,698465,True,1.0,0.0092439651489257,12056.0,OPTIMAL,5,12,0.0899765491485595,12219.0,0.0111966133117675,12219.0,0.0092439651489257,OPTIMAL,12219.0,0.0220637321472167,1.0
gkg_n3_m30_cf0.2_corrstrongly_correlated_rep1.json,3,30,0.2,strongly_correlated,708650,True,1.0,0.0,12994.0,OPTIMAL,0,3,0.0404980182647705,12994.0,0.0,12994.0,0.0,OPTIMAL,12994.0,0.054509162902832,1.0
gkg_n3_m30_cf0.2_corrstrongly_correlated_rep2.json,3,30,0.2,strongly_correlated,718835,True,1.0,0.0122215747833251,12343.0,OPTIMAL,6,24,0.2013294696807861,12531.0,0.0062417984008789,12531.0,0.0122215747833251,OPTIMAL,12531.0,0.0690255165100097,1.0
gkg_n3_m30_cf0.2_corrstrongly_correlated_rep3.json,3,30,0.2,strongly_correlated,729020,True,1.0,0.0117599964141845,13124.0,OPTIMAL,4,15,0.1742997169494629,13137.0,0.0080146789550781,13137.0,0.0117599964141845,OPTIMAL,13137.0,0.1282923221588134,1.0
gkg_n3_m30_cf0.2_corrstrongly_correlated_rep4.json,3,30,0.2,strongly_correlated,739205,True,1.0,0.0044405460357666,12716.0,OPTIMAL,0,3,0.1013574600219726,12716.0,0.0157322883605957,12716.0,0.0044405460357666,OPTIMAL,12716.0,0.0735771656036377,1.0
gkg_n3_m30_cf0.2_corrstrongly_correlated_rep5.json,3,30,0.2,strongly_correlated,749390,True,1.0,0.0050904750823974,12085.0,OPTIMAL,0,3,0.0195395946502685,12085.0,0.014449119567871,12085.0,0.0050904750823974,OPTIMAL,12085.0,0.0720047950744628,1.0
gkg_n3_m30_cf0.2_corrstrongly_correlated_rep6.json,3,30,0.2,strongly_correlated,759575,True,1.0,0.0138702392578125,13029.0,OPTIMAL,4,18,0.1503911018371582,13125.0,0.0096712112426757,13125.0,0.0138702392578125,OPTIMAL,13125.0,0.0505948066711425,1.0
gkg_n3_m30_cf0.2_corrstrongly_correlated_rep7.json,3,30,0.2,strongly_correlated,769760,True,1.0,0.0120365619659423,13085.0,OPTIMAL,5,15,0.1416652202606201,13297.0,0.0,13297.0,0.0120365619659423,OPTIMAL,13297.0,0.0818455219268798,1.0
gkg_n3_m30_cf0.2_corrstrongly_correlated_rep8.json,3,30,0.2,strongly_correlated,779945,True,1.0,0.0096411705017089,12520.0,OPTIMAL,13,33,0.2535796165466308,12714.0,0.0,12714.0,0.0096411705017089,OPTIMAL,12714.0,0.0835433006286621,1.0
gkg_n3_m30_cf0.2_corrstrongly_correlated_rep9.json,3,30,0.2,strongly_correlated,790130,True,1.0,0.0118649005889892,12615.0,OPTIMAL,6,18,0.1371126174926757,12702.0,0.0080161094665527,12702.0,0.0118649005889892,OPTIMAL,12702.0,0.041428804397583,1.0
gkg_n3_m30_cf0.2_corruncorrelated_rep0.json,3,30,0.2,uncorrelated,678285,True,1.0,0.0078639984130859,21414.0,OPTIMAL,1,9,0.0469667911529541,21838.0,0.0,21838.0,0.0078639984130859,OPTIMAL,21838.0,0.0181100368499755,1.0
gkg_n3_m30_cf0.2_corruncorrelated_rep1.json,3,30,0.2,uncorrelated,688470,True,1.0,0.0166018009185791,18393.0,OPTIMAL,6,15,0.0464448928833007,19494.000024311925,0.0072097778320312,19494.0,0.0166018009185791,OPTIMAL,19494.0,0.0252535343170166,1.0
gkg_n3_m30_cf0.2_corruncorrelated_rep2.json,3,30,0.2,uncorrelated,698655,True,1.0,0.0227229595184326,23779.0,OPTIMAL,2,12,0.0724482536315918,24513.0,0.0,24513.0,0.0227229595184326,OPTIMAL,24513.0,0.0296828746795654,1.0
gkg_n3_m30_cf0.2_corruncorrelated_rep3.json,3,30,0.2,uncorrelated,708840,True,1.0,0.0,23724.0,OPTIMAL,0,6,0.0340421199798584,23828.0,0.0159931182861328,23828.0,0.0,OPTIMAL,23828.0,0.0197639465332031,1.0
gkg_n3_m30_cf0.2_corruncorrelated_rep4.json,3,30,0.2,uncorrelated,719025,True,1.0,0.0158650875091552,19590.0,OPTIMAL,3,18,0.0868351459503173,19897.0,0.0077579021453857,19897.0,0.0158650875091552,OPTIMAL,19897.0,0.0133922100067138,1.0
gkg_n3_m30_cf0.2_corruncorrelated_rep5.json,3,30,0.2,uncorrelated,729210,True,1.0,0.0023736953735351,22476.0,OPTIMAL,1,9,0.0385940074920654,22766.0,0.0,22766.0,0.0023736953735351,OPTIMAL,22766.0,0.0176310539245605,1.0
gkg_n3_m30_cf0.2_corruncorrelated_rep6.json,3,30,0.2,uncorrelated,739395,True,1.0,0.0184834003448486,21206.0,OPTIMAL,1,9,0.0510921478271484,21235.0,0.0021383762359619,21235.0,0.0184834003448486,OPTIMAL,21235.0,0.0211682319641113,1.0
gkg_n3_m30_cf0.2_corruncorrelated_rep7.json,3,30,0.2,uncorrelated,749580,True,1.0,0.0137782096862792,19391.0,OPTIMAL,6,15,0.0650379657745361,20752.0,0.0,20752.0,0.0137782096862792,OPTIMAL,20752.0,0.0185294151306152,1.0
gkg_n3_m30_cf0.2_corruncorrelated_rep8.json,3,30,0.2,uncorrelated,759765,True,1.0,0.0119988918304443,19647.0,OPTIMAL,3,15,0.0590946674346923,20181.0,0.0156795978546142,20181.0,0.0119988918304443,OPTIMAL,20181.0,0.0331850051879882,1.0
gkg_n3_m30_cf0.2_corruncorrelated_rep9.json,3,30,0.2,uncorrelated,769950,True,1.0,0.0142946243286132,19911.0,OPTIMAL,4,12,0.0459704399108886,21176.0,0.0,21176.0,0.0142946243286132,OPTIMAL,21176.0,0.0157909393310546,1.0
gkg_n3_m30_cf0.2_corrweakly_correlated_rep0.json,3,30,0.2,weakly_correlated,688375,True,1.0,0.0159907341003417,10096.0,OPTIMAL,2,12,0.0638179779052734,10171.0,0.0158462524414062,10171.0,0.0159907341003417,OPTIMAL,10171.0,0.029632568359375,1.0
gkg_n3_m30_cf0.2_corrweakly_correlated_rep1.json,3,30,0.2,weakly_correlated,698560,True,1.0,0.0,10560.0,OPTIMAL,6,24,0.1368367671966552,10696.0,0.015812873840332,10696.0,0.0,OPTIMAL,10696.0,0.0831944942474365,1.0
gkg_n3_m30_cf0.2_corrweakly_correlated_rep2.json,3,30,0.2,weakly_correlated,708745,True,1.0,0.0113155841827392,10749.0,OPTIMAL,0,6,0.0670909881591796,10753.0,0.0056085586547851,10753.0,0.0113155841827392,OPTIMAL,10753.0,0.0949125289916992,1.0
gkg_n3_m30_cf0.2_corrweakly_correlated_rep3.json,3,30,0.2,weakly_correlated,718930,True,1.0,0.0117695331573486,10069.0,OPTIMAL,2,12,0.1188383102416992,10112.0,0.0077588558197021,10112.0,0.0117695331573486,OPTIMAL,10112.0,0.0329399108886718,1.0
gkg_n3_m30_cf0.2_corrweakly_correlated_rep4.json,3,30,0.2,weakly_correlated,729115,True,1.0,0.0059034824371337,9380.0,OPTIMAL,1,9,0.0567131042480468,9440.0,0.0159666538238525,9440.0,0.0059034824371337,OPTIMAL,9440.0,0.0604057312011718,1.0
gkg_n3_m30_cf0.2_corrweakly_correlated_rep5.json,3,30,0.2,weakly_correlated,739300,True,1.0,0.0,10068.0,OPTIMAL,0,6,0.0708250999450683,10088.0,0.01585054397583,10088.0,0.0,OPTIMAL,10088.0,0.0389301776885986,1.0
gkg_n3_m30_cf0.2_corrweakly_correlated_rep6.json,3,30,0.2,weakly_correlated,749485,True,1.0,0.0035624504089355,9375.0,OPTIMAL,0,6,0.1303603649139404,9383.0,0.0157287120819091,9383.0,0.0035624504089355,OPTIMAL,9383.0,0.1201639175415039,1.0
gkg_n3_m30_cf0.2_corrweakly_correlated_rep7.json,3,30,0.2,weakly_correlated,759670,True,1.0,0.0039203166961669,10042.0,OPTIMAL,0,6,0.0601100921630859,10059.0,0.0050349235534667,10059.0,0.0039203166961669,OPTIMAL,10059.0,0.048619270324707,1.0
gkg_n3_m30_cf0.2_corrweakly_correlated_rep8.json,3,30,0.2,weakly_correlated,769855,True,1.0,0.0111048221588134,9912.0,OPTIMAL,2,12,0.0737669467926025,10015.0,0.0,10015.0,0.0111048221588134,OPTIMAL,10015.0,0.0636522769927978,1.0
gkg_n3_m30_cf0.2_corrweakly_correlated_rep9.json,3,30,0.2,weakly_correlated,780040,True,1.0,0.0,10624.0,OPTIMAL,4,18,0.1217966079711914,10677.0,0.0,10677.0,0.0,OPTIMAL,10677.0,0.0961382389068603,1.0
gkg_n3_m30_cf0.5_corrstrongly_correlated_rep0.json,3,30,0.5,strongly_correlated,728735,True,1.0,0.0040149688720703,27852.0,OPTIMAL,26,84,7.243910312652588,28485.0,0.020310640335083,28485.0,0.0040149688720703,OPTIMAL,28485.0,3.345198631286621,1.0
gkg_n3_m30_cf0.5_corrstrongly_correlated_rep1.json,3,30,0.5,strongly_correlated,738920,True,1.0,0.0,28114.0,OPTIMAL,14,48,0.6179053783416748,28412.0,0.0,28412.0,0.0,OPTIMAL,28412.0,0.225562572479248,1.0
gkg_n3_m30_cf0.5_corrstrongly_correlated_rep2.json,3,30,0.5,strongly_correlated,749105,True,1.0,0.025867223739624,27359.0,OPTIMAL,5,57,18.018136501312256,29113.0,0.0080189704895019,29113.0,0.025867223739624,OPTIMAL,29113.0,13.1419997215271,1.0
gkg_n3_m30_cf0.5_corrstrongly_correlated_rep3.json,3,30,0.5,strongly_correlated,759290,True,1.0,0.0096383094787597,27395.0,OPTIMAL,93,177,1.2014329433441162,27869.0,0.0157480239868164,27869.0,0.0096383094787597,OPTIMAL,27869.0,0.3762414455413818,1.0
gkg_n3_m30_cf0.5_corrstrongly_correlated_rep4.json,3,30,0.5,strongly_correlated,769475,True,1.0,0.0202009677886962,26159.0,OPTIMAL,37,99,1.171494722366333,28213.0,0.0262699127197265,28213.0,0.0202009677886962,OPTIMAL,28213.0,1.0751872062683103,1.0
gkg_n3_m30_cf0.5_corrstrongly_correlated_rep5.json,3,30,0.5,strongly_correlated,779660,True,1.0,0.0371060371398925,28512.0,OPTIMAL,15,54,0.8441369533538818,28709.0,0.0,28709.0,0.0371060371398925,OPTIMAL,28709.0,0.0811767578125,1.0
gkg_n3_m30_cf0.5_corrstrongly_correlated_rep6.json,3,30,0.5,strongly_correlated,789845,True,1.0,0.0236594676971435,25368.0,OPTIMAL,23,72,4.904728889465332,27929.0,0.0179100036621093,27929.0,0.0236594676971435,OPTIMAL,27929.0,2.438883781433105,1.0
gkg_n3_m30_cf0.5_corrstrongly_correlated_rep7.json,3,30,0.5,strongly_correlated,800030,True,1.0,0.0037989616394042,27053.0,OPTIMAL,4,15,0.0984604358673095,27345.0,0.0155467987060546,27345.0,0.0037989616394042,OPTIMAL,27345.0,0.065150499343872,1.0
gkg_n3_m30_cf0.5_corrstrongly_correlated_rep8.json,3,30,0.5,strongly_correlated,810215,True,1.0,0.0118768215179443,24826.0,OPTIMAL,27,75,0.3778789043426513,27258.0,0.0,27258.0,0.0118768215179443,OPTIMAL,27258.0,0.1044471263885498,1.0
gkg_n3_m30_cf0.5_corrstrongly_correlated_rep9.json,3,30,0.5,strongly_correlated,820400,True,1.0,0.0111095905303955,27663.0,OPTIMAL,46,84,1.0888307094573977,27863.0,0.0,27863.0,0.0111095905303955,OPTIMAL,27863.0,0.4777989387512207,1.0
gkg_n3_m30_cf0.5_corruncorrelated_rep0.json,3,30,0.5,uncorrelated,708555,True,1.0,0.0157411098480224,32317.0,OPTIMAL,3,18,0.0629806518554687,35001.0,0.0,35001.0,0.0157411098480224,OPTIMAL,35001.0,0.021134614944458,1.0
gkg_n3_m30_cf0.5_corruncorrelated_rep1.json,3,30,0.5,uncorrelated,718740,True,1.0,0.0108165740966796,30372.0,OPTIMAL,4,12,0.059844970703125,31435.0,0.0159940719604492,31435.0,0.0108165740966796,OPTIMAL,31435.0,0.0,1.0
gkg_n3_m30_cf0.5_corruncorrelated_rep2.json,3,30,0.5,uncorrelated,728925,True,1.0,0.0224027633666992,28444.0,OPTIMAL,5,15,0.0577204227447509,30753.0,0.0081455707550048,30753.0,0.0224027633666992,OPTIMAL,30753.0,0.0160484313964843,1.0
gkg_n3_m30_cf0.5_corruncorrelated_rep3.json,3,30,0.5,uncorrelated,739110,True,1.0,0.0160219669342041,32131.0,OPTIMAL,3,15,0.0637426376342773,32852.0,0.015726089477539,32852.0,0.0160219669342041,OPTIMAL,32852.0,0.0204815864562988,1.0
gkg_n3_m30_cf0.5_corruncorrelated_rep4.json,3,30,0.5,uncorrelated,749295,True,1.0,0.0115177631378173,29055.0,OPTIMAL,1,9,0.0438382625579834,32015.0,0.0,32015.0,0.0115177631378173,OPTIMAL,32015.0,0.0159914493560791,1.0
gkg_n3_m30_cf0.5_corruncorrelated_rep5.json,3,30,0.5,uncorrelated,759480,True,1.0,0.0,30033.0,OPTIMAL,5,18,0.0483341217041015,33324.0,0.0,33324.0,0.0,OPTIMAL,33324.0,0.0271117687225341,1.0
gkg_n3_m30_cf0.5_corruncorrelated_rep6.json,3,30,0.5,uncorrelated,769665,True,1.0,0.0047566890716552,30014.0,OPTIMAL,10,24,0.1000542640686035,32425.0,0.01585054397583,32425.0,0.0047566890716552,OPTIMAL,32425.0,0.0208549499511718,1.0
gkg_n3_m30_cf0.5_corruncorrelated_rep7.json,3,30,0.5,uncorrelated,779850,True,1.0,0.0058786869049072,30951.0,OPTIMAL,2,9,0.0375998020172119,33113.0,0.0159199237823486,33113.0,0.0058786869049072,OPTIMAL,33113.0,0.0192954540252685,1.0
gkg_n3_m30_cf0.5_corruncorrelated_rep8.json,3,30,0.5,uncorrelated,790035,True,1.0,0.0121691226959228,33559.0,OPTIMAL,4,15,0.0600645542144775,35794.0,0.0100982189178466,35794.0,0.0121691226959228,OPTIMAL,35794.0,0.015918493270874,1.0
gkg_n3_m30_cf0.5_corruncorrelated_rep9.json,3,30,0.5,uncorrelated,800220,True,1.0,0.015946626663208,32428.0,OPTIMAL,3,12,0.0679008960723877,33559.0,0.0,33559.0,0.015946626663208,OPTIMAL,33559.0,0.0227353572845459,1.0
gkg_n3_m30_cf0.5_corrweakly_correlated_rep0.json,3,30,0.5,weakly_correlated,718645,True,1.0,0.0048582553863525,22087.0,OPTIMAL,4,21,0.13216233253479,22228.0,0.0160074234008789,22228.0,0.0048582553863525,OPTIMAL,22228.0,0.0830874443054199,1.0
gkg_n3_m30_cf0.5_corrweakly_correlated_rep1.json,3,30,0.5,weakly_correlated,728830,True,1.0,0.0137281417846679,19658.0,OPTIMAL,15,36,0.2535853385925293,22066.0,0.0108532905578613,22066.0,0.0137281417846679,OPTIMAL,22066.0,0.1292145252227783,1.0
gkg_n3_m30_cf0.5_corrweakly_correlated_rep2.json,3,30,0.5,weakly_correlated,739015,True,1.0,0.0068097114562988,24397.0,OPTIMAL,4,15,0.1223108768463134,24656.0,0.0160219669342041,24656.0,0.0068097114562988,OPTIMAL,24656.0,0.0850844383239746,1.0
gkg_n3_m30_cf0.5_corrweakly_correlated_rep3.json,3,30,0.5,weakly_correlated,749200,True,1.0,0.0,22167.0,OPTIMAL,1,9,0.0478172302246093,22226.0,0.0,22226.0,0.0,OPTIMAL,22226.0,0.079484224319458,1.0
gkg_n3_m30_cf0.5_corrweakly_correlated_rep4.json,3,30,0.5,weakly_correlated,759385,True,1.0,0.0,21883.0,OPTIMAL,5,21,0.1134314537048339,22127.0,0.0,22127.0,0.0,OPTIMAL,22127.0,0.0692863464355468,1.0
gkg_n3_m30_cf0.5_corrweakly_correlated_rep5.json,3,30,0.5,weakly_correlated,769570,True,1.0,0.0081498622894287,25727.0,OPTIMAL,12,24,0.206289529800415,26388.0,0.0157575607299804,26388.0,0.0081498622894287,OPTIMAL,26388.0,0.0909731388092041,1.0
gkg_n3_m30_cf0.5_corrweakly_correlated_rep6.json,3,30,0.5,weakly_correlated,779755,True,1.0,0.0016200542449951,23652.0,OPTIMAL,6,21,0.1764464378356933,23889.0,0.0,23889.0,0.0016200542449951,OPTIMAL,23889.0,0.098931074142456,1.0
gkg_n3_m30_cf0.5_corrweakly_correlated_rep7.json,3,30,0.5,weakly_correlated,789940,True,1.0,0.0127234458923339,21961.0,OPTIMAL,7,24,0.0917339324951171,22327.0,0.0,22327.0,0.0127234458923339,OPTIMAL,22327.0,0.0424225330352783,1.0
gkg_n3_m30_cf0.5_corrweakly_correlated_rep8.json,3,30,0.5,weakly_correlated,800125,True,1.0,0.0,24764.0,OPTIMAL,29,54,0.274925947189331,26929.0,0.0,26929.0,0.0,OPTIMAL,26929.0,0.0950593948364257,1.0
gkg_n3_m30_cf0.5_corrweakly_correlated_rep9.json,3,30,0.5,weakly_correlated,810310,True,1.0,0.0081138610839843,23078.0,OPTIMAL,28,69,0.3836822509765625,23489.0,0.0156846046447753,23489.0,0.0081138610839843,OPTIMAL,23489.0,0.0773849487304687,1.0
gkg_n3_m40_cf0.2_corrstrongly_correlated_rep0.json,3,40,0.2,strongly_correlated,759005,True,1.0,0.0133359432220458,16019.0,OPTIMAL,7,27,0.2030882835388183,16119.0,0.0,16119.0,0.0133359432220458,OPTIMAL,16119.0,0.0996677875518798,1.0
gkg_n3_m40_cf0.2_corrstrongly_correlated_rep1.json,3,40,0.2,strongly_correlated,769190,True,1.0,0.0062634944915771,16117.0,OPTIMAL,8,36,0.4783599376678467,16215.0,0.0,16215.0,0.0062634944915771,OPTIMAL,16215.0,0.2649047374725342,1.0
gkg_n3_m40_cf0.2_corrstrongly_correlated_rep2.json,3,40,0.2,strongly_correlated,779375,True,1.0,0.0118396282196044,16744.0,OPTIMAL,8,18,0.1266713142395019,16917.0,0.0,16917.0,0.0118396282196044,OPTIMAL,16917.0,0.0326294898986816,1.0
gkg_n3_m40_cf0.2_corrstrongly_correlated_rep3.json,3,40,0.2,strongly_correlated,789560,True,1.0,0.0103588104248046,16687.0,OPTIMAL,12,39,0.273303747177124,16885.0,0.015956163406372,16885.0,0.0103588104248046,OPTIMAL,16885.0,0.1696207523345947,1.0
gkg_n3_m40_cf0.2_corrstrongly_correlated_rep4.json,3,40,0.2,strongly_correlated,799745,True,1.0,0.0099048614501953,16760.0,OPTIMAL,20,54,0.4546871185302734,16969.0,0.0157229900360107,16969.0,0.0099048614501953,OPTIMAL,16969.0,0.0767667293548584,1.0
gkg_n3_m40_cf0.2_corrstrongly_correlated_rep5.json,3,40,0.2,strongly_correlated,809930,True,1.0,0.0094115734100341,16310.0,OPTIMAL,5,15,0.1166725158691406,16497.0,0.0081024169921875,16497.0,0.0094115734100341,OPTIMAL,16497.0,0.0435867309570312,1.0
gkg_n3_m40_cf0.2_corrstrongly_correlated_rep6.json,3,40,0.2,strongly_correlated,820115,True,1.0,0.0157978534698486,16541.0,OPTIMAL,8,21,0.1423373222351074,16717.0,0.0,16717.0,0.0157978534698486,OPTIMAL,16717.0,0.0418133735656738,1.0
gkg_n3_m40_cf0.2_corrstrongly_correlated_rep7.json,3,40,0.2,strongly_correlated,830300,True,1.0,0.0059030055999755,16456.0,OPTIMAL,10,36,0.2065644264221191,16880.0,0.0157597064971923,16880.0,0.0059030055999755,OPTIMAL,16880.0,0.0733125209808349,1.0
gkg_n3_m40_cf0.2_corrstrongly_correlated_rep8.json,3,40,0.2,strongly_correlated,840485,True,1.0,0.0157980918884277,17458.0,OPTIMAL,3,21,0.1903769969940185,17474.0,0.0,17474.0,0.0157980918884277,OPTIMAL,17473.0,0.0755603313446044,0.9999427721185762
gkg_n3_m40_cf0.2_corrstrongly_correlated_rep9.json,3,40,0.2,strongly_correlated,850670,True,1.0,0.0136609077453613,16483.0,OPTIMAL,14,39,0.2224986553192138,16691.0,0.0086481571197509,16691.0,0.0136609077453613,OPTIMAL,16691.0,0.1124522686004638,1.0
gkg_n3_m40_cf0.2_corruncorrelated_rep0.json,3,40,0.2,uncorrelated,738825,True,1.0,0.0212588310241699,28315.0,OPTIMAL,4,18,0.0895133018493652,28645.0,0.0076663494110107,28645.0,0.0212588310241699,OPTIMAL,28645.0,0.0198352336883544,1.0
gkg_n3_m40_cf0.2_corruncorrelated_rep1.json,3,40,0.2,uncorrelated,749010,True,1.0,0.0121192932128906,29361.0,OPTIMAL,2,9,0.0498831272125244,30268.0,0.0,30268.0,0.0121192932128906,OPTIMAL,30268.0,0.0269677639007568,1.0
gkg_n3_m40_cf0.2_corruncorrelated_rep2.json,3,40,0.2,uncorrelated,759195,True,1.0,0.0150966644287109,28441.0,OPTIMAL,7,33,0.1437165737152099,29915.0,0.0167052745819091,29915.0,0.0150966644287109,OPTIMAL,29915.0,0.0309474468231201,1.0
gkg_n3_m40_cf0.2_corruncorrelated_rep3.json,3,40,0.2,uncorrelated,769380,True,1.0,0.0121054649353027,26553.0,OPTIMAL,6,21,0.1050076484680175,26957.0,0.0080142021179199,26957.0,0.0121054649353027,OPTIMAL,26957.0,0.0210907459259033,1.0
gkg_n3_m40_cf0.2_corruncorrelated_rep4.json,3,40,0.2,uncorrelated,779565,True,1.0,0.0106194019317626,24392.0,OPTIMAL,13,27,0.0979537963867187,25886.0,0.0,25886.0,0.0106194019317626,OPTIMAL,25886.0,0.0291810035705566,1.0
gkg_n3_m40_cf0.2_corruncorrelated_rep5.json,3,40,0.2,uncorrelated,789750,True,1.0,0.0106499195098876,29620.0,OPTIMAL,7,18,0.0722804069519043,30350.0,0.0,30350.0,0.0106499195098876,OPTIMAL,30350.0,0.0216479301452636,1.0
gkg_n3_m40_cf0.2_corruncorrelated_rep6.json,3,40,0.2,uncorrelated,799935,True,1.0,0.0140893459320068,30332.0,OPTIMAL,3,12,0.0516624450683593,31412.0,0.0077579021453857,31412.0,0.0140893459320068,OPTIMAL,31412.0,0.0117404460906982,1.0
gkg_n3_m40_cf0.2_corruncorrelated_rep7.json,3,40,0.2,uncorrelated,810120,True,1.0,0.0161983966827392,28956.0,OPTIMAL,10,30,0.1422879695892334,30860.0,0.0157604217529296,30860.0,0.0161983966827392,OPTIMAL,30860.0,0.0313992500305175,1.0
gkg_n3_m40_cf0.2_corruncorrelated_rep8.json,3,40,0.2,uncorrelated,820305,True,1.0,0.0070753097534179,30388.0,OPTIMAL,2,18,0.0711190700531005,31069.0,0.0135743618011474,31069.0,0.0070753097534179,OPTIMAL,31069.0,0.0293104648590087,1.0
gkg_n3_m40_cf0.2_corruncorrelated_rep9.json,3,40,0.2,uncorrelated,830490,True,1.0,0.0145404338836669,29559.0,OPTIMAL,4,12,0.0460913181304931,31198.0,0.0080163478851318,31198.0,0.0145404338836669,OPTIMAL,31198.0,0.0112121105194091,1.0
gkg_n3_m40_cf0.2_corrweakly_correlated_rep0.json,3,40,0.2,weakly_correlated,748915,True,1.0,0.0046195983886718,13618.0,OPTIMAL,0,3,0.041914939880371,13618.0,0.0156540870666503,13618.0,0.0046195983886718,OPTIMAL,13618.0,0.0131828784942626,1.0
gkg_n3_m40_cf0.2_corrweakly_correlated_rep1.json,3,40,0.2,weakly_correlated,759100,True,1.0,0.0130009651184082,13085.0,OPTIMAL,3,15,0.1118953227996826,13220.0,0.0,13220.0,0.0130009651184082,OPTIMAL,13220.0,0.0829055309295654,1.0
gkg_n3_m40_cf0.2_corrweakly_correlated_rep2.json,3,40,0.2,weakly_correlated,769285,True,1.0,0.0079030990600585,13247.0,OPTIMAL,2,12,0.1523201465606689,13294.0,0.0156545639038085,13294.0,0.0079030990600585,OPTIMAL,13294.0,0.1063737869262695,1.0
gkg_n3_m40_cf0.2_corrweakly_correlated_rep3.json,3,40,0.2,weakly_correlated,779470,True,1.0,0.0111136436462402,14775.0,OPTIMAL,0,6,0.1234524250030517,14784.0,0.0042653083801269,14784.0,0.0111136436462402,OPTIMAL,14784.0,0.1280877590179443,1.0
gkg_n3_m40_cf0.2_corrweakly_correlated_rep4.json,3,40,0.2,weakly_correlated,789655,True,1.0,0.0115840435028076,13729.0,OPTIMAL,2,9,0.092233657836914,13787.0,0.0,13787.0,0.0115840435028076,OPTIMAL,13787.0,0.0605230331420898,1.0
gkg_n3_m40_cf0.2_corrweakly_correlated_rep5.json,3,40,0.2,weakly_correlated,799840,True,1.0,0.0029492378234863,13277.0,OPTIMAL,0,12,0.1685833930969238,13307.0,0.015770673751831,13307.0,0.0029492378234863,OPTIMAL,13307.0,0.1089961528778076,1.0
gkg_n3_m40_cf0.2_corrweakly_correlated_rep6.json,3,40,0.2,weakly_correlated,810025,True,1.0,0.0137829780578613,13743.0,OPTIMAL,5,18,0.121232271194458,13921.0,0.0070540904998779,13921.0,0.0137829780578613,OPTIMAL,13921.0,0.0886023044586181,1.0
gkg_n3_m40_cf0.2_corrweakly_correlated_rep7.json,3,40,0.2,weakly_correlated,820210,True,1.0,0.0116105079650878,14979.0,OPTIMAL,5,18,0.1776716709136963,15057.0,0.0,15057.0,0.0116105079650878,OPTIMAL,15057.0,0.0734400749206543,1.0
gkg_n3_m40_cf0.2_corrweakly_correlated_rep8.json,3,40,0.2,weakly_correlated,830395,True,1.0,0.0058376789093017,14683.0,OPTIMAL,0,3,0.0879759788513183,14683.0,0.0157034397125244,14683.0,0.0058376789093017,OPTIMAL,14683.0,0.0958132743835449,1.0
gkg_n3_m40_cf0.2_corrweakly_correlated_rep9.json,3,40,0.2,weakly_correlated,840580,True,1.0,0.0099756717681884,14230.0,OPTIMAL,2,15,0.1129257678985595,14303.0,0.0160713195800781,14303.0,0.0099756717681884,OPTIMAL,14303.0,0.0837240219116211,1.0
gkg_n3_m40_cf0.5_corrstrongly_correlated_rep0.json,3,40,0.5,strongly_correlated,789275,True,1.0,0.0069127082824707,33418.0,OPTIMAL,14,75,7.581238746643066,36402.0,0.0156846046447753,36402.0,0.0069127082824707,OPTIMAL,36402.0,0.9078102111816406,1.0
gkg_n3_m40_cf0.5_corrstrongly_correlated_rep1.json,3,40,0.5,strongly_correlated,799460,True,1.0,0.0925586223602294,37948.0,OPTIMAL,57,108,2.046893835067749,38250.0,0.0144884586334228,38250.0,0.0925586223602294,OPTIMAL,38250.0,0.8662569522857666,1.0
gkg_n3_m40_cf0.5_corrstrongly_correlated_rep2.json,3,40,0.5,strongly_correlated,809645,True,1.0,0.0348377227783203,35418.0,OPTIMAL,27,54,10.35018229484558,36097.0,0.0229256153106689,36097.0,0.0348377227783203,OPTIMAL,36097.0,7.291321754455566,1.0
gkg_n3_m40_cf0.5_corrstrongly_correlated_rep3.json,3,40,0.5,strongly_correlated,819830,True,1.0,0.0304954051971435,36305.0,OPTIMAL,13,60,2.246611356735229,38211.0,0.0090012550354003,38211.0,0.0304954051971435,OPTIMAL,38211.0,3.209503650665283,1.0
gkg_n3_m40_cf0.5_corrstrongly_correlated_rep4.json,3,40,0.5,strongly_correlated,830015,True,1.0,0.0316672325134277,39386.0,OPTIMAL,89,162,2.694326162338257,40205.0,0.0263030529022216,40205.0,0.0316672325134277,OPTIMAL,40205.0,0.5678873062133789,1.0
gkg_n3_m40_cf0.5_corrstrongly_correlated_rep5.json,3,40,0.5,strongly_correlated,840200,True,1.0,0.0160894393920898,32699.0,OPTIMAL,32,78,1.5132977962493896,34158.0,0.0158042907714843,34158.0,0.0160894393920898,OPTIMAL,34158.0,0.7598836421966553,1.0
gkg_n3_m40_cf0.5_corrstrongly_correlated_rep6.json,3,40,0.5,strongly_correlated,850385,True,1.0,0.0316212177276611,32008.0,OPTIMAL,47,153,19.95416235923767,35065.0,0.0,35065.0,0.0316212177276611,OPTIMAL,35062.0,4.215346813201904,0.9999144446028804
gkg_n3_m40_cf0.5_corrstrongly_correlated_rep7.json,3,40,0.5,strongly_correlated,860570,True,1.0,0.0477790832519531,37234.0,OPTIMAL,6,21,0.491671085357666,37417.0,0.0209424495697021,37417.0,0.0477790832519531,OPTIMAL,37417.0,0.2340815067291259,1.0
gkg_n3_m40_cf0.5_corrstrongly_correlated_rep8.json,3,40,0.5,strongly_correlated,870755,True,1.0,0.0235233306884765,33151.0,OPTIMAL,41,102,14.710001945495604,36469.0,0.0197744369506835,36469.0,0.0235233306884765,OPTIMAL,36469.0,6.533164739608765,1.0
gkg_n3_m40_cf0.5_corrstrongly_correlated_rep9.json,3,40,0.5,strongly_correlated,880940,True,1.0,0.0446846485137939,35536.0,OPTIMAL,46,96,5.759867906570435,38488.0,0.0140087604522705,38488.0,0.0446846485137939,OPTIMAL,38487.0,0.5256133079528809,0.9999740178757016
gkg_n3_m40_cf0.5_corruncorrelated_rep0.json,3,40,0.5,uncorrelated,769095,True,1.0,0.0159852504730224,44511.0,OPTIMAL,16,33,0.2228703498840332,47888.0,0.0,47888.0,0.0159852504730224,OPTIMAL,47888.0,0.0158610343933105,1.0
gkg_n3_m40_cf0.5_corruncorrelated_rep1.json,3,40,0.5,uncorrelated,779280,True,1.0,0.0320148468017578,43314.0,OPTIMAL,5,15,0.1353352069854736,47606.0,0.0161619186401367,47606.0,0.0320148468017578,OPTIMAL,47606.0,0.0390787124633789,1.0
gkg_n3_m40_cf0.5_corruncorrelated_rep2.json,3,40,0.5,uncorrelated,789465,True,1.0,0.0237178802490234,38344.0,OPTIMAL,4,15,0.0872800350189209,41183.0,0.0,41183.0,0.0237178802490234,OPTIMAL,41183.0,0.02947998046875,1.0
gkg_n3_m40_cf0.5_corruncorrelated_rep3.json,3,40,0.5,uncorrelated,799650,True,1.0,0.0189604759216308,39808.0,OPTIMAL,8,18,0.1003479957580566,43255.0,0.0,43255.0,0.0189604759216308,OPTIMAL,43255.0,0.015087604522705,1.0
gkg_n3_m40_cf0.5_corruncorrelated_rep4.json,3,40,0.5,uncorrelated,809835,True,1.0,0.0319347381591796,44625.0,OPTIMAL,4,21,0.1099541187286377,45632.0,0.0,45632.0,0.0319347381591796,OPTIMAL,45632.0,0.0332307815551757,1.0
gkg_n3_m40_cf0.5_corruncorrelated_rep5.json,3,40,0.5,uncorrelated,820020,True,1.0,0.0221667289733886,37707.0,OPTIMAL,4,15,0.0757191181182861,42267.0,0.0060257911682128,42267.0,0.0221667289733886,OPTIMAL,42267.0,0.0267655849456787,1.0
gkg_n3_m40_cf0.5_corruncorrelated_rep6.json,3,40,0.5,uncorrelated,830205,True,1.0,0.0158884525299072,40248.0,OPTIMAL,15,39,0.1751143932342529,44162.0,0.0160427093505859,44162.0,0.0158884525299072,OPTIMAL,44162.0,0.0473065376281738,1.0
gkg_n3_m40_cf0.5_corruncorrelated_rep7.json,3,40,0.5,uncorrelated,840390,True,1.0,0.0159511566162109,34787.0,OPTIMAL,8,21,0.0794980525970459,40796.0,0.0,40796.0,0.0159511566162109,OPTIMAL,40796.0,0.0159530639648437,1.0
gkg_n3_m40_cf0.5_corruncorrelated_rep8.json,3,40,0.5,uncorrelated,850575,True,1.0,0.0329489707946777,41357.0,OPTIMAL,9,21,0.0975558757781982,44810.0,0.010744571685791,44810.0,0.0329489707946777,OPTIMAL,44810.0,0.025580883026123,1.0
gkg_n3_m40_cf0.5_corruncorrelated_rep9.json,3,40,0.5,uncorrelated,860760,True,1.0,0.0223660469055175,39039.0,OPTIMAL,53,87,0.323784589767456,42110.0,0.0157985687255859,42110.0,0.0223660469055175,OPTIMAL,42110.0,0.0348174571990966,1.0
gkg_n3_m40_cf0.5_corrweakly_correlated_rep0.json,3,40,0.5,weakly_correlated,779185,True,1.0,0.0288615226745605,32377.0,OPTIMAL,7,21,0.1722757816314697,32600.0,0.0,32600.0,0.0288615226745605,OPTIMAL,32600.0,0.1267397403717041,1.0
gkg_n3_m40_cf0.5_corrweakly_correlated_rep1.json,3,40,0.5,weakly_correlated,789370,True,1.0,0.0159289836883544,29284.0,OPTIMAL,2,12,0.0996921062469482,29829.0,0.0157949924468994,29829.0,0.0159289836883544,OPTIMAL,29829.0,0.0403032302856445,1.0
gkg_n3_m40_cf0.5_corrweakly_correlated_rep2.json,3,40,0.5,weakly_correlated,799555,True,1.0,0.0232095718383789,33509.0,OPTIMAL,2,12,0.2175891399383545,33533.0,0.0281784534454345,33533.0,0.0232095718383789,OPTIMAL,33533.0,0.1274936199188232,1.0
gkg_n3_m40_cf0.5_corrweakly_correlated_rep3.json,3,40,0.5,weakly_correlated,809740,True,1.0,0.0314457416534423,29206.0,OPTIMAL,59,120,0.627495527267456,32609.0,0.0126018524169921,32609.0,0.0314457416534423,OPTIMAL,32609.0,0.1779398918151855,1.0
gkg_n3_m40_cf0.5_corrweakly_correlated_rep4.json,3,40,0.5,weakly_correlated,819925,True,1.0,0.0109698772430419,30071.0,OPTIMAL,32,63,0.3273131847381592,30707.0,0.0156788825988769,30707.0,0.0109698772430419,OPTIMAL,30707.0,0.0945522785186767,1.0
gkg_n3_m40_cf0.5_corrweakly_correlated_rep5.json,3,40,0.5,weakly_correlated,830110,True,1.0,0.0161268711090087,32193.0,OPTIMAL,6,27,0.1837377548217773,32275.0,0.0,32275.0,0.0161268711090087,OPTIMAL,32275.0,0.0870447158813476,1.0
gkg_n3_m40_cf0.5_corrweakly_correlated_rep6.json,3,40,0.5,weakly_correlated,840295,True,1.0,0.0136828422546386,31267.0,OPTIMAL,8,24,0.1528794765472412,31380.0,0.0158112049102783,31380.0,0.0136828422546386,OPTIMAL,31380.0,0.1032710075378418,1.0
gkg_n3_m40_cf0.5_corrweakly_correlated_rep7.json,3,40,0.5,weakly_correlated,850480,True,1.0,0.0214993953704834,29310.0,OPTIMAL,10,24,0.2270464897155761,29801.0,0.0030152797698974,29801.0,0.0214993953704834,OPTIMAL,29801.0,0.110508918762207,1.0
gkg_n3_m40_cf0.5_corrweakly_correlated_rep8.json,3,40,0.5,weakly_correlated,860665,True,1.0,0.0327875614166259,32401.0,OPTIMAL,4,15,0.1309125423431396,32606.0,0.0111143589019775,32606.0,0.0327875614166259,OPTIMAL,32606.0,0.0613660812377929,1.0
gkg_n3_m40_cf0.5_corrweakly_correlated_rep9.json,3,40,0.5,weakly_correlated,870850,True,1.0,0.0399765968322753,33756.0,OPTIMAL,6,18,0.288825511932373,34123.0,0.0203611850738525,34123.0,0.0399765968322753,OPTIMAL,34123.0,0.1310572624206543,1.0
gkg_n3_m50_cf0.2_corrstrongly_correlated_rep0.json,3,50,0.2,strongly_correlated,819545,True,1.0,0.0196924209594726,20821.0,OPTIMAL,75,120,1.1484835147857666,21114.0,0.0112249851226806,21114.0,0.0196924209594726,OPTIMAL,21114.0,0.1309220790863037,1.0
gkg_n3_m50_cf0.2_corrstrongly_correlated_rep1.json,3,50,0.2,strongly_correlated,829730,True,1.0,0.0103223323822021,21426.0,OPTIMAL,12,33,0.418379545211792,21627.0,0.0220398902893066,21627.0,0.0103223323822021,OPTIMAL,21626.0,0.1982688903808593,0.9999537615018264
gkg_n3_m50_cf0.2_corrstrongly_correlated_rep2.json,3,50,0.2,strongly_correlated,839915,True,1.0,0.0140631198883056,19779.0,OPTIMAL,11,36,0.4017651081085205,19979.0,0.0317330360412597,19979.0,0.0140631198883056,OPTIMAL,19979.0,0.111401081085205,1.0
gkg_n3_m50_cf0.2_corrstrongly_correlated_rep3.json,3,50,0.2,strongly_correlated,850100,True,1.0,0.0155112743377685,20704.0,OPTIMAL,28,66,0.5883526802062988,20812.0,0.0157215595245361,20812.0,0.0155112743377685,OPTIMAL,20811.0,0.1059374809265136,0.9999519507976168
gkg_n3_m50_cf0.2_corrstrongly_correlated_rep4.json,3,50,0.2,strongly_correlated,860285,True,1.0,0.0177745819091796,21112.0,OPTIMAL,11,33,0.3815701007843017,21211.0,0.0157661437988281,21211.0,0.0177745819091796,OPTIMAL,21210.0,0.2967417240142822,0.9999528546508888
gkg_n3_m50_cf0.2_corrstrongly_correlated_rep5.json,3,50,0.2,strongly_correlated,870470,True,1.0,0.0205729007720947,22190.0,OPTIMAL,1,9,0.1343305110931396,22199.0,0.0159118175506591,22199.0,0.0205729007720947,OPTIMAL,22198.0,0.0694193840026855,0.9999549529258076
gkg_n3_m50_cf0.2_corrstrongly_correlated_rep6.json,3,50,0.2,strongly_correlated,880655,True,1.0,0.0263867378234863,21283.0,OPTIMAL,18,39,0.3579404354095459,21553.0,0.0319180488586425,21553.0,0.0263867378234863,OPTIMAL,21553.0,0.1119987964630127,1.0
gkg_n3_m50_cf0.2_corrstrongly_correlated_rep7.json,3,50,0.2,strongly_correlated,890840,True,1.0,0.0371425151824951,21303.0,OPTIMAL,19,42,0.7693901062011719,21772.0,0.0137863159179687,21772.0,0.0371425151824951,OPTIMAL,21772.0,0.1484761238098144,1.0
gkg_n3_m50_cf0.2_corrstrongly_correlated_rep8.json,3,50,0.2,strongly_correlated,901025,True,1.0,0.0217254161834716,21840.0,OPTIMAL,37,66,0.8405649662017822,22129.0,0.0080218315124511,22129.0,0.0217254161834716,OPTIMAL,22129.0,0.0966157913208007,1.0
gkg_n3_m50_cf0.2_corrstrongly_correlated_rep9.json,3,50,0.2,strongly_correlated,911210,True,1.0,0.0064043998718261,19548.0,OPTIMAL,14,45,0.4865419864654541,19746.0,0.0,19746.0,0.0064043998718261,OPTIMAL,19746.0,0.2136147022247314,1.0
gkg_n3_m50_cf0.2_corruncorrelated_rep0.json,3,50,0.2,uncorrelated,799365,True,1.0,0.022005558013916,35266.0,OPTIMAL,7,24,0.1477477550506591,35991.0,0.0301401615142822,35991.0,0.022005558013916,OPTIMAL,35991.0,0.0342998504638671,1.0
gkg_n3_m50_cf0.2_corruncorrelated_rep1.json,3,50,0.2,uncorrelated,809550,True,1.0,0.0125017166137695,36067.0,OPTIMAL,0,3,0.0331861972808837,36067.0,0.0080888271331787,36067.0,0.0125017166137695,OPTIMAL,36067.0,0.0110929012298583,1.0
gkg_n3_m50_cf0.2_corruncorrelated_rep2.json,3,50,0.2,uncorrelated,819735,True,1.0,0.014005422592163,37406.0,OPTIMAL,3,15,0.0615670680999755,37901.0,0.0,37901.0,0.014005422592163,OPTIMAL,37901.0,0.0224394798278808,1.0
gkg_n3_m50_cf0.2_corruncorrelated_rep3.json,3,50,0.2,uncorrelated,829920,True,1.0,0.0092253684997558,34030.0,OPTIMAL,5,15,0.073071002960205,35319.0,0.016167402267456,35319.0,0.0092253684997558,OPTIMAL,35319.0,0.0102486610412597,1.0
gkg_n3_m50_cf0.2_corruncorrelated_rep4.json,3,50,0.2,uncorrelated,840105,True,1.0,0.015697956085205,35675.0,OPTIMAL,10,33,0.1461772918701172,36675.00000482894,0.0085463523864746,36675.0,0.015697956085205,OPTIMAL,36675.0,0.0257787704467773,1.0
gkg_n3_m50_cf0.2_corruncorrelated_rep5.json,3,50,0.2,uncorrelated,850290,True,1.0,0.0138897895812988,36138.0,OPTIMAL,5,24,0.109567642211914,37161.0,0.0161612033843994,37161.0,0.0138897895812988,OPTIMAL,37161.0,0.0398378372192382,1.0
gkg_n3_m50_cf0.2_corruncorrelated_rep6.json,3,50,0.2,uncorrelated,860475,True,1.0,0.0076253414154052,34659.0,OPTIMAL,3,12,0.0553994178771972,36103.0,0.0157647132873535,36103.0,0.0076253414154052,OPTIMAL,36103.0,0.0269942283630371,1.0
gkg_n3_m50_cf0.2_corruncorrelated_rep7.json,3,50,0.2,uncorrelated,870660,True,1.0,0.0047004222869873,33637.0,OPTIMAL,17,39,0.1363441944122314,35972.0,0.0160079002380371,35972.0,0.0047004222869873,OPTIMAL,35972.0,0.0338137149810791,1.0
gkg_n3_m50_cf0.2_corruncorrelated_rep8.json,3,50,0.2,uncorrelated,880845,True,1.0,0.0138328075408935,35021.0,OPTIMAL,0,6,0.0698935985565185,35112.0,0.0159034729003906,35112.0,0.0138328075408935,OPTIMAL,35112.0,0.0277309417724609,1.0
gkg_n3_m50_cf0.2_corruncorrelated_rep9.json,3,50,0.2,uncorrelated,891030,True,1.0,0.0120191574096679,36676.0,OPTIMAL,9,36,0.1398189067840576,37858.0,0.0,37858.0,0.0120191574096679,OPTIMAL,37858.0,0.0192103385925292,1.0
gkg_n3_m50_cf0.2_corrweakly_correlated_rep0.json,3,50,0.2,weakly_correlated,809455,True,1.0,0.0120339393615722,16980.0,OPTIMAL,5,15,0.1389014720916748,17053.0,0.0157842636108398,17053.0,0.0120339393615722,OPTIMAL,17053.0,0.058345079421997,1.0
gkg_n3_m50_cf0.2_corrweakly_correlated_rep1.json,3,50,0.2,weakly_correlated,819640,True,1.0,0.0044794082641601,17108.0,OPTIMAL,6,24,0.1630434989929199,17163.0,0.0157160758972167,17163.0,0.0044794082641601,OPTIMAL,17163.0,0.1082079410552978,1.0
gkg_n3_m50_cf0.2_corrweakly_correlated_rep2.json,3,50,0.2,weakly_correlated,829825,True,1.0,0.0,17688.0,OPTIMAL,13,33,0.1938982009887695,17824.0,0.0,17824.0,0.0,OPTIMAL,17824.0,0.1120429039001464,1.0
gkg_n3_m50_cf0.2_corrweakly_correlated_rep3.json,3,50,0.2,weakly_correlated,840010,True,1.0,0.0141708850860595,17636.0,OPTIMAL,13,27,0.2295882701873779,17860.0,0.0,17860.0,0.0141708850860595,OPTIMAL,17860.0,0.1224610805511474,1.0
gkg_n3_m50_cf0.2_corrweakly_correlated_rep4.json,3,50,0.2,weakly_correlated,850195,True,1.0,0.0087456703186035,16475.0,OPTIMAL,17,30,0.2879793643951416,16776.0,0.0159962177276611,16776.0,0.0087456703186035,OPTIMAL,16776.0,0.1544892787933349,1.0
gkg_n3_m50_cf0.2_corrweakly_correlated_rep5.json,3,50,0.2,weakly_correlated,860380,True,1.0,0.026907205581665,17089.0,OPTIMAL,2,9,0.1533949375152588,17121.0,0.0079717636108398,17121.0,0.026907205581665,OPTIMAL,17121.0,0.1528077125549316,1.0
gkg_n3_m50_cf0.2_corrweakly_correlated_rep6.json,3,50,0.2,weakly_correlated,870565,True,1.0,0.0159456729888916,16573.0,OPTIMAL,2,12,0.1726305484771728,16625.0,0.0158681869506835,16625.0,0.0159456729888916,OPTIMAL,16625.0,0.1604337692260742,1.0
gkg_n3_m50_cf0.2_corrweakly_correlated_rep7.json,3,50,0.2,weakly_correlated,880750,True,1.0,0.0298378467559814,17750.0,OPTIMAL,0,3,0.096644639968872,17750.0,0.0298242568969726,17750.0,0.0298378467559814,OPTIMAL,17750.0,0.0498051643371582,1.0
gkg_n3_m50_cf0.2_corrweakly_correlated_rep8.json,3,50,0.2,weakly_correlated,890935,True,1.0,0.0100171566009521,18983.0,OPTIMAL,2,15,0.1484394073486328,19026.0,0.0156607627868652,19026.0,0.0100171566009521,OPTIMAL,19026.0,0.1106765270233154,1.0
gkg_n3_m50_cf0.2_corrweakly_correlated_rep9.json,3,50,0.2,weakly_correlated,901120,True,1.0,0.021738052368164,17954.0,OPTIMAL,0,6,0.1125342845916748,17960.0,0.0160675048828125,17960.0,0.021738052368164,OPTIMAL,17960.0,0.1324548721313476,1.0
gkg_n3_m50_cf0.5_corrstrongly_correlated_rep0.json,3,50,0.5,strongly_correlated,849815,True,1.0,0.041856050491333,45322.0,OPTIMAL,100,162,12.394826412200928,45730.0,0.0159013271331787,45730.0,0.041856050491333,OPTIMAL,45729.0,1.2070393562316897,0.9999781325169472
gkg_n3_m50_cf0.5_corrstrongly_correlated_rep1.json,3,50,0.5,strongly_correlated,860000,True,1.0,0.0279269218444824,43970.0,OPTIMAL,130,204,2.793729066848755,44692.0,0.0158870220184326,44692.0,0.0279269218444824,OPTIMAL,44693.0,0.2478971481323242,1.0000223753691937
gkg_n3_m50_cf0.5_corrstrongly_correlated_rep2.json,3,50,0.5,strongly_correlated,870185,True,1.0,0.0392596721649169,45948.0,OPTIMAL,195,276,4.420955181121826,46448.0,0.0226137638092041,46448.0,0.0392596721649169,OPTIMAL,46447.0,2.344249963760376,0.9999784705477092
gkg_n3_m50_cf0.5_corrstrongly_correlated_rep3.json,3,50,0.5,strongly_correlated,880370,True,1.0,0.063467264175415,50418.0,OPTIMAL,88,123,3.257315158843994,50984.0,0.0958106517791748,50984.0,0.063467264175415,OPTIMAL,50984.0,1.1701526641845703,1.0
gkg_n3_m50_cf0.5_corrstrongly_correlated_rep4.json,3,50,0.5,strongly_correlated,890555,True,1.0,0.0548176765441894,45687.0,OPTIMAL,78,129,1.8075454235076904,46274.0,0.0245189666748046,46274.0,0.0548176765441894,OPTIMAL,46274.0,0.2268428802490234,1.0
gkg_n3_m50_cf0.5_corrstrongly_correlated_rep5.json,3,50,0.5,strongly_correlated,900740,True,1.0,0.0497283935546875,44937.0,OPTIMAL,20,63,1.521306037902832,45249.0,0.0163638591766357,45249.0,0.0497283935546875,OPTIMAL,45249.0,2.0712428092956543,1.0
gkg_n3_m50_cf0.5_corrstrongly_correlated_rep6.json,3,50,0.5,strongly_correlated,910925,True,1.0,0.1045553684234619,43781.0,OPTIMAL,75,120,515.3724937438965,44430.0,0.056131362915039,44430.0,0.1045553684234619,OPTIMAL,44429.0,2.997558832168579,0.9999774926851228
gkg_n3_m50_cf0.5_corrstrongly_correlated_rep7.json,3,50,0.5,strongly_correlated,921110,True,1.0,0.0440921783447265,44766.0,OPTIMAL,393,501,44.58381175994873,45467.0,0.0086004734039306,45467.0,0.0440921783447265,OPTIMAL,45467.0,7.631735324859619,1.0
gkg_n3_m50_cf0.5_corrstrongly_correlated_rep8.json,3,50,0.5,strongly_correlated,931295,True,1.0,0.0627706050872802,44570.0,OPTIMAL,23,60,2.652328968048096,47308.0,0.0323126316070556,47308.0,0.0627706050872802,OPTIMAL,47308.0,0.4965791702270508,1.0
gkg_n3_m50_cf0.5_corrstrongly_correlated_rep9.json,3,50,0.5,strongly_correlated,941480,True,1.0,0.0732150077819824,44915.0,OPTIMAL,11,45,2.795771360397339,46817.0,0.0,46817.0,0.0732150077819824,OPTIMAL,46817.0,1.7463784217834473,1.0
gkg_n3_m50_cf0.5_corruncorrelated_rep0.json,3,50,0.5,uncorrelated,829635,True,1.0,0.0547001361846923,44990.0,OPTIMAL,7,21,0.1457486152648925,49875.0,0.0020806789398193,49875.0,0.0547001361846923,OPTIMAL,49875.0,0.0157561302185058,1.0
gkg_n3_m50_cf0.5_corruncorrelated_rep1.json,3,50,0.5,uncorrelated,839820,True,1.0,0.0318961143493652,53040.0,OPTIMAL,11,24,0.2660946846008301,55136.0,0.0318472385406494,55136.0,0.0318961143493652,OPTIMAL,55136.0,0.0732526779174804,1.0
gkg_n3_m50_cf0.5_corruncorrelated_rep2.json,3,50,0.5,uncorrelated,850005,True,1.0,0.0221998691558837,56572.0,OPTIMAL,7,15,0.1202239990234375,59004.0,0.011977195739746,59004.0,0.0221998691558837,OPTIMAL,59004.0,0.0404534339904785,1.0
gkg_n3_m50_cf0.5_corruncorrelated_rep3.json,3,50,0.5,uncorrelated,860190,True,1.0,0.0234684944152832,49417.0,OPTIMAL,17,33,0.1819639205932617,55497.0,0.0157663822174072,55497.0,0.0234684944152832,OPTIMAL,55497.0,0.0316801071166992,1.0
gkg_n3_m50_cf0.5_corruncorrelated_rep4.json,3,50,0.5,uncorrelated,870375,True,1.0,0.0476841926574707,53036.0,OPTIMAL,5,15,0.1752095222473144,55733.0,0.0319437980651855,55733.0,0.0476841926574707,OPTIMAL,55733.0,0.0456531047821044,1.0
gkg_n3_m50_cf0.5_corruncorrelated_rep5.json,3,50,0.5,uncorrelated,880560,True,1.0,0.0478112697601318,57313.0,OPTIMAL,16,39,0.4150314331054687,59603.0,0.0316674709320068,59603.0,0.0478112697601318,OPTIMAL,59603.0,0.0629050731658935,1.0
gkg_n3_m50_cf0.5_corruncorrelated_rep6.json,3,50,0.5,uncorrelated,890745,True,1.0,0.0434799194335937,54921.0,OPTIMAL,4,18,0.2771685123443603,59026.0,0.0315315723419189,59026.0,0.0434799194335937,OPTIMAL,59026.0,0.0630772113800048,1.0
gkg_n3_m50_cf0.5_corruncorrelated_rep7.json,3,50,0.5,uncorrelated,900930,True,1.0,0.0159687995910644,54629.0,OPTIMAL,21,42,0.3175191879272461,56990.0,0.0158357620239257,56990.0,0.0159687995910644,OPTIMAL,56990.0,0.0356645584106445,1.0
gkg_n3_m50_cf0.5_corruncorrelated_rep8.json,3,50,0.5,uncorrelated,911115,True,1.0,0.0117452144622802,48959.0,OPTIMAL,11,24,0.1857411861419677,53932.0,0.0067667961120605,53932.0,0.0117452144622802,OPTIMAL,53932.0,0.0611543655395507,1.0
gkg_n3_m50_cf0.5_corruncorrelated_rep9.json,3,50,0.5,uncorrelated,921300,True,1.0,0.018012523651123,45392.0,OPTIMAL,15,39,0.2244606018066406,49460.0,0.0159385204315185,49460.0,0.018012523651123,OPTIMAL,49460.0,0.0356056690216064,1.0
gkg_n3_m50_cf0.5_corrweakly_correlated_rep0.json,3,50,0.5,weakly_correlated,839725,True,1.0,0.0441677570343017,39574.0,OPTIMAL,25,57,0.936016321182251,39793.0,0.0158479213714599,39793.0,0.0441677570343017,OPTIMAL,39793.0,0.2901520729064941,1.0
gkg_n3_m50_cf0.5_corrweakly_correlated_rep1.json,3,50,0.5,weakly_correlated,849910,True,1.0,0.0409598350524902,39640.0,OPTIMAL,20,42,0.7122597694396973,39931.0,0.0162222385406494,39931.0,0.0409598350524902,OPTIMAL,39931.0,0.1822679042816162,1.0
gkg_n3_m50_cf0.5_corrweakly_correlated_rep2.json,3,50,0.5,weakly_correlated,860095,True,1.0,0.0957393646240234,39327.0,OPTIMAL,13,36,0.647364616394043,39595.0,0.0597100257873535,39595.0,0.0957393646240234,OPTIMAL,39595.0,0.1281476020812988,1.0
gkg_n3_m50_cf0.5_corrweakly_correlated_rep3.json,3,50,0.5,weakly_correlated,870280,True,1.0,0.0398869514465332,40643.0,OPTIMAL,4,15,0.2619979381561279,40752.0,0.0318186283111572,40752.0,0.0398869514465332,OPTIMAL,40752.0,0.1125242710113525,1.0
gkg_n3_m50_cf0.5_corrweakly_correlated_rep4.json,3,50,0.5,weakly_correlated,880465,True,1.0,0.0770003795623779,43738.0,OPTIMAL,18,33,0.5453341007232666,44058.0,0.0324571132659912,44058.0,0.0770003795623779,OPTIMAL,44058.0,0.1245911121368408,1.0
gkg_n3_m50_cf0.5_corrweakly_correlated_rep5.json,3,50,0.5,weakly_correlated,890650,True,1.0,0.0499885082244873,40675.0,OPTIMAL,28,51,0.7258396148681641,41074.0,0.0134763717651367,41074.0,0.0499885082244873,OPTIMAL,41074.0,0.0535409450531005,1.0
gkg_n3_m50_cf0.5_corrweakly_correlated_rep6.json,3,50,0.5,weakly_correlated,900835,True,1.0,0.0469667911529541,41383.0,OPTIMAL,31,57,0.9415910243988036,41737.0,0.0315468311309814,41737.0,0.0469667911529541,OPTIMAL,41737.0,0.3022506237030029,1.0
gkg_n3_m50_cf0.5_corrweakly_correlated_rep7.json,3,50,0.5,weakly_correlated,911020,True,1.0,0.063889741897583,39320.0,OPTIMAL,62,102,1.4980080127716064,39890.0,0.0476264953613281,39890.0,0.063889741897583,OPTIMAL,39890.0,0.1670455932617187,1.0
gkg_n3_m50_cf0.5_corrweakly_correlated_rep8.json,3,50,0.5,weakly_correlated,921205,True,1.0,0.0407533645629882,42181.0,OPTIMAL,53,117,1.756397008895874,42476.0,0.0157420635223388,42476.0,0.0407533645629882,OPTIMAL,42476.0,0.212073802947998,1.0
gkg_n3_m50_cf0.5_corrweakly_correlated_rep9.json,3,50,0.5,weakly_correlated,931390,True,1.0,0.0215821266174316,40180.0,OPTIMAL,35,69,0.7782723903656006,41729.0,0.0111174583435058,41729.0,0.0215821266174316,OPTIMAL,41729.0,0.1580829620361328,1.0
gkg_n3_m5_cf0.2_corrstrongly_correlated_rep0.json,3,5,0.2,strongly_correlated,456305,True,1.0,0.0,1269.0,OPTIMAL,0,3,0.0158371925354003,1269.0,0.0158371925354003,1269.0,0.0,OPTIMAL,1269.0,0.0,1.0
gkg_n3_m5_cf0.2_corrstrongly_correlated_rep1.json,3,5,0.2,strongly_correlated,466490,True,1.0,0.0160255432128906,1325.0,OPTIMAL,0,6,0.0297627449035644,1342.0,0.0,1342.0,0.0160255432128906,OPTIMAL,1342.0,0.0020666122436523,1.0
gkg_n3_m5_cf0.2_corrstrongly_correlated_rep2.json,3,5,0.2,strongly_correlated,476675,True,1.0,0.0102739334106445,1695.0,OPTIMAL,0,3,0.016719102859497,1695.0,0.0064451694488525,1695.0,0.0102739334106445,OPTIMAL,1695.0,0.0011215209960937,1.0
gkg_n3_m5_cf0.2_corrstrongly_correlated_rep3.json,3,5,0.2,strongly_correlated,486860,True,1.0,0.0093080997467041,2149.0,OPTIMAL,0,3,0.0143408775329589,2149.0,0.0050327777862548,2149.0,0.0093080997467041,OPTIMAL,2149.0,0.0,1.0
gkg_n3_m5_cf0.2_corrstrongly_correlated_rep4.json,3,5,0.2,strongly_correlated,497045,True,1.0,0.0,1801.0,OPTIMAL,0,3,0.0159893035888671,1801.0,0.0159893035888671,1801.0,0.0,OPTIMAL,1801.0,0.0,1.0
gkg_n3_m5_cf0.2_corrstrongly_correlated_rep5.json,3,5,0.2,strongly_correlated,507230,True,1.0,0.0157661437988281,1397.0,OPTIMAL,0,3,0.0157661437988281,1397.0,0.0,1397.0,0.0157661437988281,OPTIMAL,1397.0,0.0,1.0
gkg_n3_m5_cf0.2_corrstrongly_correlated_rep6.json,3,5,0.2,strongly_correlated,517415,True,1.0,0.0157277584075927,1401.0,OPTIMAL,0,3,0.0157277584075927,1401.0,0.0,1401.0,0.0157277584075927,OPTIMAL,1401.0,0.0,1.0
gkg_n3_m5_cf0.2_corrstrongly_correlated_rep7.json,3,5,0.2,strongly_correlated,527600,True,1.0,0.015702486038208,1466.0,OPTIMAL,0,3,0.031545877456665,1466.0,0.0,1466.0,0.015702486038208,OPTIMAL,1466.0,0.0,1.0
gkg_n3_m5_cf0.2_corrstrongly_correlated_rep8.json,3,5,0.2,strongly_correlated,537785,True,1.0,0.0,1812.0,OPTIMAL,0,3,0.0158109664916992,1812.0,0.0158109664916992,1812.0,0.0,OPTIMAL,1812.0,0.0,1.0
gkg_n3_m5_cf0.2_corrstrongly_correlated_rep9.json,3,5,0.2,strongly_correlated,547970,True,1.0,0.015817642211914,1001.0,OPTIMAL,0,3,0.0241451263427734,1001.0,0.0073206424713134,1001.0,0.015817642211914,OPTIMAL,1001.0,0.0020015239715576,1.0
gkg_n3_m5_cf0.2_corruncorrelated_rep0.json,3,5,0.2,uncorrelated,436125,True,1.0,0.0103766918182373,2083.0,OPTIMAL,0,3,0.0175147056579589,2083.0,0.0071380138397216,2083.0,0.0103766918182373,OPTIMAL,2083.0,0.0008885860443115,1.0
gkg_n3_m5_cf0.2_corruncorrelated_rep1.json,3,5,0.2,uncorrelated,446310,True,1.0,0.0101604461669921,2785.0,OPTIMAL,0,6,0.0221598148345947,3020.0,0.0060007572174072,3020.0,0.0101604461669921,OPTIMAL,3020.0,0.0020093917846679,1.0
gkg_n3_m5_cf0.2_corruncorrelated_rep2.json,3,5,0.2,uncorrelated,456495,True,1.0,0.0092334747314453,3742.0,OPTIMAL,0,3,0.0162327289581298,3742.0,0.0059995651245117,3742.0,0.0092334747314453,OPTIMAL,3742.0,0.0020005702972412,1.0
gkg_n3_m5_cf0.2_corruncorrelated_rep3.json,3,5,0.2,uncorrelated,466680,True,1.0,0.0,3447.0,OPTIMAL,0,3,0.0158147811889648,3447.0,0.0158147811889648,3447.0,0.0,OPTIMAL,3447.0,0.0,1.0
gkg_n3_m5_cf0.2_corruncorrelated_rep4.json,3,5,0.2,uncorrelated,476865,True,1.0,0.0,2813.0,OPTIMAL,0,3,0.015862226486206,2813.0,0.015862226486206,2813.0,0.0,OPTIMAL,2813.0,0.0,1.0
gkg_n3_m5_cf0.2_corruncorrelated_rep5.json,3,5,0.2,uncorrelated,487050,True,1.0,0.0158233642578125,2877.0,OPTIMAL,0,3,0.0158233642578125,2877.0,0.0,2877.0,0.0158233642578125,OPTIMAL,2877.0,0.0,1.0
gkg_n3_m5_cf0.2_corruncorrelated_rep6.json,3,5,0.2,uncorrelated,497235,True,1.0,0.0161759853363037,2418.0,OPTIMAL,0,6,0.0319538116455078,2585.0,0.0,2585.0,0.0161759853363037,OPTIMAL,2585.0,0.0,1.0
gkg_n3_m5_cf0.2_corruncorrelated_rep7.json,3,5,0.2,uncorrelated,507420,True,1.0,0.0,2476.0,OPTIMAL,0,3,0.0157942771911621,2476.0,0.0157942771911621,2476.0,0.0,OPTIMAL,2476.0,0.0,1.0
gkg_n3_m5_cf0.2_corruncorrelated_rep8.json,3,5,0.2,uncorrelated,517605,True,1.0,0.0158472061157226,1803.0,OPTIMAL,0,3,0.0158472061157226,1803.0,0.0,1803.0,0.0158472061157226,OPTIMAL,1803.0,0.0,1.0
gkg_n3_m5_cf0.2_corruncorrelated_rep9.json,3,5,0.2,uncorrelated,527790,True,1.0,0.0159213542938232,3133.0,OPTIMAL,0,3,0.0159213542938232,3133.0,0.0,3133.0,0.0159213542938232,OPTIMAL,3133.0,0.0159399509429931,1.0
gkg_n3_m5_cf0.2_corrweakly_correlated_rep0.json,3,5,0.2,weakly_correlated,446215,True,1.0,0.0,901.0,OPTIMAL,0,3,0.0158154964447021,901.0,0.0158154964447021,901.0,0.0,OPTIMAL,901.0,0.0,1.0
gkg_n3_m5_cf0.2_corrweakly_correlated_rep1.json,3,5,0.2,weakly_correlated,456400,True,1.0,0.0,1083.0,OPTIMAL,0,3,0.0198583602905273,1083.0,0.0198583602905273,1083.0,0.0,OPTIMAL,1083.0,0.0,1.0
gkg_n3_m5_cf0.2_corrweakly_correlated_rep2.json,3,5,0.2,weakly_correlated,466585,True,1.0,0.0121233463287353,1070.0,OPTIMAL,0,3,0.0121233463287353,1070.0,0.0,1070.0,0.0121233463287353,OPTIMAL,1070.0,0.0,1.0
gkg_n3_m5_cf0.2_corrweakly_correlated_rep3.json,3,5,0.2,weakly_correlated,476770,True,1.0,0.015826940536499,1213.0,OPTIMAL,0,6,0.0317628383636474,1280.0,0.0,1280.0,0.015826940536499,OPTIMAL,1280.0,0.0,1.0
gkg_n3_m5_cf0.2_corrweakly_correlated_rep4.json,3,5,0.2,weakly_correlated,486955,True,1.0,0.0,824.0,OPTIMAL,0,6,0.0158257484436035,1106.0,0.0158257484436035,1106.0,0.0,OPTIMAL,1106.0,0.0,1.0
gkg_n3_m5_cf0.2_corrweakly_correlated_rep5.json,3,5,0.2,weakly_correlated,497140,True,1.0,0.0158185958862304,1058.0,OPTIMAL,0,6,0.0324084758758544,1100.0,0.0136597156524658,1100.0,0.0158185958862304,OPTIMAL,1100.0,0.0,1.0
gkg_n3_m5_cf0.2_corrweakly_correlated_rep6.json,3,5,0.2,weakly_correlated,507325,True,1.0,0.0152623653411865,1091.0,OPTIMAL,0,3,0.0152623653411865,1091.0,0.0,1091.0,0.0152623653411865,OPTIMAL,1091.0,0.0,1.0
gkg_n3_m5_cf0.2_corrweakly_correlated_rep7.json,3,5,0.2,weakly_correlated,517510,True,1.0,0.0159142017364501,875.0,OPTIMAL,0,3,0.0159142017364501,875.0,0.0,875.0,0.0159142017364501,OPTIMAL,875.0,0.0,1.0
gkg_n3_m5_cf0.2_corrweakly_correlated_rep8.json,3,5,0.2,weakly_correlated,527695,True,1.0,0.0157904624938964,1382.0,OPTIMAL,0,6,0.0315685272216796,1461.0,0.0,1461.0,0.0157904624938964,OPTIMAL,1461.0,0.0,1.0
gkg_n3_m5_cf0.2_corrweakly_correlated_rep9.json,3,5,0.2,weakly_correlated,537880,True,1.0,0.0158660411834716,1317.0,OPTIMAL,0,3,0.0158660411834716,1317.0,0.0,1317.0,0.0158660411834716,OPTIMAL,1317.0,0.0,1.0
gkg_n3_m5_cf0.5_corrstrongly_correlated_rep0.json,3,5,0.5,strongly_correlated,486575,True,1.0,0.015796422958374,2347.0,OPTIMAL,1,9,0.0393192768096923,2962.0,0.0,2962.0,0.015796422958374,OPTIMAL,2962.0,0.0039930343627929,1.0
gkg_n3_m5_cf0.5_corrstrongly_correlated_rep1.json,3,5,0.5,strongly_correlated,496760,True,1.0,0.0032405853271484,5267.0,OPTIMAL,0,3,0.018946886062622,5267.0,0.0157063007354736,5267.0,0.0032405853271484,OPTIMAL,5267.0,0.0,1.0
gkg_n3_m5_cf0.5_corrstrongly_correlated_rep2.json,3,5,0.5,strongly_correlated,506945,True,1.0,0.0157725811004638,3790.0,OPTIMAL,2,15,0.0477166175842285,4225.0,0.0,4225.0,0.0157725811004638,OPTIMAL,4225.0,0.0158417224884033,1.0
gkg_n3_m5_cf0.5_corrstrongly_correlated_rep3.json,3,5,0.5,strongly_correlated,517130,True,1.0,0.0126173496246337,5328.0,OPTIMAL,0,3,0.0126173496246337,5328.0,0.0,5328.0,0.0126173496246337,OPTIMAL,5328.0,0.0158371925354003,1.0
gkg_n3_m5_cf0.5_corrstrongly_correlated_rep4.json,3,5,0.5,strongly_correlated,527315,True,1.0,0.0174176692962646,4761.0,OPTIMAL,0,9,0.0308837890625,4851.0,0.0064172744750976,4851.0,0.0174176692962646,OPTIMAL,4851.0,0.0,1.0
gkg_n3_m5_cf0.5_corrstrongly_correlated_rep5.json,3,5,0.5,strongly_correlated,537500,True,1.0,0.0203218460083007,4031.0,OPTIMAL,0,6,0.0343844890594482,4230.0,0.0070626735687255,4230.0,0.0203218460083007,OPTIMAL,4230.0,0.0055129528045654,1.0
gkg_n3_m5_cf0.5_corrstrongly_correlated_rep6.json,3,5,0.5,strongly_correlated,547685,True,1.0,0.0099997520446777,3705.0,OPTIMAL,0,6,0.0239999294281005,3798.0,0.0069999694824218,3798.0,0.0099997520446777,OPTIMAL,3798.0,0.002000093460083,1.0
gkg_n3_m5_cf0.5_corrstrongly_correlated_rep7.json,3,5,0.5,strongly_correlated,557870,True,1.0,0.0019996166229248,3967.0,OPTIMAL,0,3,0.0177159309387207,3967.0,0.0,3967.0,0.0019996166229248,OPTIMAL,3967.0,0.0,1.0
gkg_n3_m5_cf0.5_corrstrongly_correlated_rep8.json,3,5,0.5,strongly_correlated,568055,True,1.0,0.0,3597.0,OPTIMAL,0,12,0.0358614921569824,4164.0,0.0221393108367919,4164.0,0.0,OPTIMAL,4164.0,0.0115149021148681,1.0
gkg_n3_m5_cf0.5_corrstrongly_correlated_rep9.json,3,5,0.5,strongly_correlated,578240,True,1.0,0.0060770511627197,4541.0,OPTIMAL,1,9,0.0304126739501953,4973.0,0.0101597309112548,4973.0,0.0060770511627197,OPTIMAL,4973.0,0.0007588863372802,1.0
gkg_n3_m5_cf0.5_corruncorrelated_rep0.json,3,5,0.5,uncorrelated,466395,True,1.0,0.0150129795074462,4182.0,OPTIMAL,0,3,0.0307345390319824,4182.0,0.0157215595245361,4182.0,0.0150129795074462,OPTIMAL,4182.0,0.0,1.0
gkg_n3_m5_cf0.5_corruncorrelated_rep1.json,3,5,0.5,uncorrelated,476580,True,1.0,0.0159962177276611,3985.0,OPTIMAL,0,6,0.0369715690612793,4148.0,0.0,4148.0,0.0159962177276611,OPTIMAL,4148.0,0.0019924640655517,1.0
gkg_n3_m5_cf0.5_corruncorrelated_rep2.json,3,5,0.5,uncorrelated,486765,True,1.0,0.0106928348541259,4487.0,OPTIMAL,0,6,0.023029088973999,4950.0,0.0064413547515869,4950.0,0.0106928348541259,OPTIMAL,4950.0,0.003000259399414,1.0
gkg_n3_m5_cf0.5_corruncorrelated_rep3.json,3,5,0.5,uncorrelated,496950,True,1.0,0.0187103748321533,3165.0,OPTIMAL,2,9,0.0506036281585693,4086.0,0.0160541534423828,4086.0,0.0187103748321533,OPTIMAL,4086.0,0.0,1.0
gkg_n3_m5_cf0.5_corruncorrelated_rep4.json,3,5,0.5,uncorrelated,507135,True,1.0,0.0157923698425292,3385.0,OPTIMAL,0,3,0.0317749977111816,3385.0,0.0159826278686523,3385.0,0.0157923698425292,OPTIMAL,3385.0,0.0,1.0
gkg_n3_m5_cf0.5_corruncorrelated_rep5.json,3,5,0.5,uncorrelated,517320,True,1.0,0.01593017578125,5045.0,OPTIMAL,0,3,0.01593017578125,5045.0,0.0,5045.0,0.01593017578125,OPTIMAL,5045.0,0.0,1.0
gkg_n3_m5_cf0.5_corruncorrelated_rep6.json,3,5,0.5,uncorrelated,527505,True,1.0,0.0158417224884033,4563.0,OPTIMAL,0,3,0.0158417224884033,4563.0,0.0,4563.0,0.0158417224884033,OPTIMAL,4563.0,0.0157959461212158,1.0
gkg_n3_m5_cf0.5_corruncorrelated_rep7.json,3,5,0.5,uncorrelated,537690,True,1.0,0.0,5107.0,OPTIMAL,0,3,0.0158190727233886,5107.0,0.0158190727233886,5107.0,0.0,OPTIMAL,5107.0,0.0,1.0
gkg_n3_m5_cf0.5_corruncorrelated_rep8.json,3,5,0.5,uncorrelated,547875,True,1.0,0.0158259868621826,4406.0,OPTIMAL,0,6,0.0158259868621826,5624.0,0.0,5624.0,0.0158259868621826,OPTIMAL,5624.0,0.0166792869567871,1.0
gkg_n3_m5_cf0.5_corruncorrelated_rep9.json,3,5,0.5,uncorrelated,558060,True,1.0,0.0,4895.0,OPTIMAL,0,3,0.0156128406524658,4895.0,0.0156128406524658,4895.0,0.0,OPTIMAL,4895.0,0.0049145221710205,1.0
gkg_n3_m5_cf0.5_corrweakly_correlated_rep0.json,3,5,0.5,weakly_correlated,476485,True,1.0,0.0111153125762939,4234.0,OPTIMAL,0,3,0.0195448398590087,4234.0,0.0063400268554687,4234.0,0.0111153125762939,OPTIMAL,4234.0,0.0058948993682861,1.0
gkg_n3_m5_cf0.5_corrweakly_correlated_rep1.json,3,5,0.5,weakly_correlated,486670,True,1.0,0.0090010166168212,3844.0,OPTIMAL,0,3,0.0090010166168212,3844.0,0.0,3844.0,0.0090010166168212,OPTIMAL,3844.0,0.0157270431518554,1.0
gkg_n3_m5_cf0.5_corrweakly_correlated_rep2.json,3,5,0.5,weakly_correlated,496855,True,1.0,0.0,2956.0,OPTIMAL,0,3,0.0158226490020751,2956.0,0.0158226490020751,2956.0,0.0,OPTIMAL,2956.0,0.0,1.0
gkg_n3_m5_cf0.5_corrweakly_correlated_rep3.json,3,5,0.5,weakly_correlated,507040,True,1.0,0.0158066749572753,4098.0,OPTIMAL,0,3,0.0158066749572753,4098.0,0.0,4098.0,0.0158066749572753,OPTIMAL,4098.0,0.0158028602600097,1.0
gkg_n3_m5_cf0.5_corrweakly_correlated_rep4.json,3,5,0.5,weakly_correlated,517225,True,1.0,0.0,3236.0,OPTIMAL,0,6,0.0157806873321533,3500.0,0.0157806873321533,3500.0,0.0,OPTIMAL,3500.0,0.0,1.0
gkg_n3_m5_cf0.5_corrweakly_correlated_rep5.json,3,5,0.5,weakly_correlated,527410,True,1.0,0.0159180164337158,2663.0,OPTIMAL,1,9,0.0318427085876464,3067.0,0.0,3067.0,0.0159180164337158,OPTIMAL,3067.0,0.0,1.0
gkg_n3_m5_cf0.5_corrweakly_correlated_rep6.json,3,5,0.5,weakly_correlated,537595,True,1.0,0.0158145427703857,3540.0,OPTIMAL,0,3,0.0316131114959716,3540.0,0.0,3540.0,0.0158145427703857,OPTIMAL,3540.0,0.0021061897277832,1.0
gkg_n3_m5_cf0.5_corrweakly_correlated_rep7.json,3,5,0.5,weakly_correlated,547780,True,1.0,0.0141384601593017,3222.0,OPTIMAL,0,6,0.0461618900299072,3405.0,0.0158331394195556,3405.0,0.0141384601593017,OPTIMAL,3405.0,0.0,1.0
gkg_n3_m5_cf0.5_corrweakly_correlated_rep8.json,3,5,0.5,weakly_correlated,557965,True,1.0,0.0158202648162841,2919.0,OPTIMAL,0,3,0.0316498279571533,2919.0,0.0158295631408691,2919.0,0.0158202648162841,OPTIMAL,2919.0,0.0,1.0
gkg_n3_m5_cf0.5_corrweakly_correlated_rep9.json,3,5,0.5,weakly_correlated,568150,True,1.0,0.0158321857452392,4723.0,OPTIMAL,0,3,0.0225064754486084,4723.0,0.0066742897033691,4723.0,0.0158321857452392,OPTIMAL,4723.0,0.0091145038604736,1.0
gkg_n4_m10_cf0.2_corrstrongly_correlated_rep0.json,4,10,0.2,strongly_correlated,940625,True,1.0,0.0,4921.0,OPTIMAL,2,20,0.0316126346588134,5343.0,0.0,5343.0,0.0,OPTIMAL,5343.0,0.0316379070281982,1.0
gkg_n4_m10_cf0.2_corrstrongly_correlated_rep1.json,4,10,0.2,strongly_correlated,950810,True,1.0,0.0158197879791259,5341.0,OPTIMAL,0,8,0.0316579341888427,5450.0,0.0,5450.0,0.0158197879791259,OPTIMAL,5450.0,0.0158462524414062,1.0
gkg_n4_m10_cf0.2_corrstrongly_correlated_rep2.json,4,10,0.2,strongly_correlated,960995,True,1.0,0.0,5107.0,OPTIMAL,0,8,0.0159211158752441,5231.0,0.0,5231.0,0.0,OPTIMAL,5231.0,0.015857458114624,1.0
gkg_n4_m10_cf0.2_corrstrongly_correlated_rep3.json,4,10,0.2,strongly_correlated,971180,True,1.0,0.0159013271331787,5203.0,OPTIMAL,0,4,0.0175063610076904,5203.0,0.0016050338745117,5203.0,0.0159013271331787,OPTIMAL,5203.0,0.0225422382354736,1.0
gkg_n4_m10_cf0.2_corrstrongly_correlated_rep4.json,4,10,0.2,strongly_correlated,981365,True,1.0,0.0153493881225585,5239.0,OPTIMAL,0,12,0.0544872283935546,5278.0,0.0088741779327392,5278.0,0.0153493881225585,OPTIMAL,5278.0,0.0085291862487792,1.0
gkg_n4_m10_cf0.2_corrstrongly_correlated_rep5.json,4,10,0.2,strongly_correlated,991550,True,1.0,0.0316865444183349,5197.0,OPTIMAL,0,4,0.0316865444183349,5197.0,0.0,5197.0,0.0316865444183349,OPTIMAL,5197.0,0.015775442123413,1.0
gkg_n4_m10_cf0.2_corrstrongly_correlated_rep6.json,4,10,0.2,strongly_correlated,1001735,True,1.0,0.015949010848999,5833.0,OPTIMAL,0,8,0.0479321479797363,5869.0,0.0158116817474365,5869.0,0.015949010848999,OPTIMAL,5869.0,0.0179324150085449,1.0
gkg_n4_m10_cf0.2_corrstrongly_correlated_rep7.json,4,10,0.2,strongly_correlated,1011920,True,1.0,0.0136196613311767,5406.0,OPTIMAL,2,16,0.0452461242675781,5472.0,0.0,5472.0,0.0136196613311767,OPTIMAL,5472.0,0.0238051414489746,1.0
gkg_n4_m10_cf0.2_corrstrongly_correlated_rep8.json,4,10,0.2,strongly_correlated,1022105,True,1.0,0.0154633522033691,5662.0,OPTIMAL,0,4,0.0285859107971191,5662.0,0.0090045928955078,5662.0,0.0154633522033691,OPTIMAL,5662.0,0.0140004158020019,1.0
gkg_n4_m10_cf0.2_corrstrongly_correlated_rep9.json,4,10,0.2,strongly_correlated,1032290,True,1.0,0.0160169601440429,5147.0,OPTIMAL,0,8,0.0317282676696777,5327.0,0.0,5327.0,0.0160169601440429,OPTIMAL,5327.0,0.0158324241638183,1.0
gkg_n4_m10_cf0.2_corruncorrelated_rep0.json,4,10,0.2,uncorrelated,920445,True,1.0,0.0,7886.0,OPTIMAL,5,32,0.1109101772308349,8290.0,0.0230185985565185,8290.0,0.0,OPTIMAL,8290.0,0.0176203250885009,1.0
gkg_n4_m10_cf0.2_corruncorrelated_rep1.json,4,10,0.2,uncorrelated,930630,True,1.0,0.0141162872314453,8292.0,OPTIMAL,0,4,0.029893159866333,8292.0,0.0157768726348876,8292.0,0.0141162872314453,OPTIMAL,8292.0,0.0,1.0
gkg_n4_m10_cf0.2_corruncorrelated_rep2.json,4,10,0.2,uncorrelated,940815,True,1.0,0.0159733295440673,10944.0,OPTIMAL,0,8,0.0317661762237548,11050.0,0.0157928466796875,11050.0,0.0159733295440673,OPTIMAL,11050.0,0.0179488658905029,1.0
gkg_n4_m10_cf0.2_corruncorrelated_rep3.json,4,10,0.2,uncorrelated,951000,True,1.0,0.0141181945800781,6687.0,OPTIMAL,1,20,0.0618386268615722,7091.0,0.0158298015594482,7091.0,0.0141181945800781,OPTIMAL,7091.0,0.0,1.0
gkg_n4_m10_cf0.2_corruncorrelated_rep4.json,4,10,0.2,uncorrelated,961185,True,1.0,0.0158066749572753,9444.0,OPTIMAL,0,8,0.0477156639099121,9513.0,0.022768497467041,9513.0,0.0158066749572753,OPTIMAL,9513.0,0.0,1.0
gkg_n4_m10_cf0.2_corruncorrelated_rep5.json,4,10,0.2,uncorrelated,971370,True,1.0,0.0316531658172607,7484.0,OPTIMAL,0,8,0.0474247932434082,7816.0,0.0,7816.0,0.0316531658172607,OPTIMAL,7816.0,0.0,1.0
gkg_n4_m10_cf0.2_corruncorrelated_rep6.json,4,10,0.2,uncorrelated,981555,True,1.0,0.0161550045013427,6345.0,OPTIMAL,0,8,0.0477380752563476,6654.0,0.0111629962921142,6654.0,0.0161550045013427,OPTIMAL,6654.0,0.0,1.0
gkg_n4_m10_cf0.2_corruncorrelated_rep7.json,4,10,0.2,uncorrelated,991740,True,1.0,0.0316848754882812,9090.0,OPTIMAL,2,12,0.0632760524749755,9962.0,0.0158185958862304,9962.0,0.0316848754882812,OPTIMAL,9962.0,0.0,1.0
gkg_n4_m10_cf0.2_corruncorrelated_rep8.json,4,10,0.2,uncorrelated,1001925,True,1.0,0.0258088111877441,7599.0,OPTIMAL,4,20,0.0773477554321289,8261.0,0.0041120052337646,8261.0,0.0258088111877441,OPTIMAL,8261.0,0.0160503387451171,1.0
gkg_n4_m10_cf0.2_corruncorrelated_rep9.json,4,10,0.2,uncorrelated,1012110,True,1.0,0.0158455371856689,7958.0,OPTIMAL,1,8,0.0449991226196289,7958.0,0.0,7958.0,0.0158455371856689,OPTIMAL,7958.0,0.0050978660583496,1.0
gkg_n4_m10_cf0.2_corrweakly_correlated_rep0.json,4,10,0.2,weakly_correlated,930535,True,1.0,0.0185739994049072,3976.0,OPTIMAL,0,8,0.0517113208770751,3979.0,0.0144555568695068,3979.0,0.0185739994049072,OPTIMAL,3979.0,0.015723705291748,1.0
gkg_n4_m10_cf0.2_corrweakly_correlated_rep1.json,4,10,0.2,weakly_correlated,940720,True,1.0,0.0159487724304199,4579.0,OPTIMAL,0,8,0.0317592620849609,4594.0,0.015810489654541,4594.0,0.0159487724304199,OPTIMAL,4594.0,0.0,1.0
gkg_n4_m10_cf0.2_corrweakly_correlated_rep2.json,4,10,0.2,weakly_correlated,950905,True,1.0,0.0214512348175048,4775.0,OPTIMAL,0,4,0.0309600830078125,4775.0,0.0095088481903076,4775.0,0.0214512348175048,OPTIMAL,4775.0,0.0176601409912109,1.0
gkg_n4_m10_cf0.2_corrweakly_correlated_rep3.json,4,10,0.2,weakly_correlated,961090,True,1.0,0.0138993263244628,3932.0,OPTIMAL,1,12,0.0298094749450683,3981.0,0.0,3981.0,0.0138993263244628,OPTIMAL,3981.0,0.0,1.0
gkg_n4_m10_cf0.2_corrweakly_correlated_rep4.json,4,10,0.2,weakly_correlated,971275,True,1.0,0.0156853199005126,4467.0,OPTIMAL,0,4,0.0395424365997314,4467.0,0.0208532810211181,4467.0,0.0156853199005126,OPTIMAL,4467.0,0.010000467300415,1.0
gkg_n4_m10_cf0.2_corrweakly_correlated_rep5.json,4,10,0.2,weakly_correlated,981460,True,1.0,0.0156095027923583,4401.0,OPTIMAL,0,8,0.0347871780395507,4463.0,0.0081772804260253,4463.0,0.0156095027923583,OPTIMAL,4463.0,0.0158979892730712,1.0
gkg_n4_m10_cf0.2_corrweakly_correlated_rep6.json,4,10,0.2,weakly_correlated,991645,True,1.0,0.0,4772.0,OPTIMAL,0,12,0.0319466590881347,4836.0,0.0,4836.0,0.0,OPTIMAL,4836.0,0.0178554058074951,1.0
gkg_n4_m10_cf0.2_corrweakly_correlated_rep7.json,4,10,0.2,weakly_correlated,1001830,True,1.0,0.0194571018218994,4100.0,OPTIMAL,0,4,0.0233416557312011,4100.0,0.0038845539093017,4100.0,0.0194571018218994,OPTIMAL,4100.0,0.0,1.0
gkg_n4_m10_cf0.2_corrweakly_correlated_rep8.json,4,10,0.2,weakly_correlated,1012015,True,1.0,0.0317509174346923,4113.0,OPTIMAL,0,4,0.0482378005981445,4113.0,0.0097324848175048,4113.0,0.0317509174346923,OPTIMAL,4113.0,0.0146758556365966,1.0
gkg_n4_m10_cf0.2_corrweakly_correlated_rep9.json,4,10,0.2,weakly_correlated,1022200,True,1.0,0.0157170295715332,4781.0,OPTIMAL,1,12,0.0318961143493652,4866.0,0.0,4866.0,0.0157170295715332,OPTIMAL,4866.0,0.0158934593200683,1.0
gkg_n4_m10_cf0.5_corrstrongly_correlated_rep0.json,4,10,0.5,strongly_correlated,970895,True,1.0,0.0157968997955322,12007.0,OPTIMAL,1,16,0.0939793586730957,12325.0,0.0011179447174072,12325.0,0.0157968997955322,OPTIMAL,12325.0,0.0640730857849121,1.0
gkg_n4_m10_cf0.5_corrstrongly_correlated_rep1.json,4,10,0.5,strongly_correlated,981080,True,1.0,0.015794038772583,12596.0,OPTIMAL,0,4,0.0868918895721435,12596.0,0.0311357975006103,12596.0,0.015794038772583,OPTIMAL,12596.0,0.0310871601104736,1.0
gkg_n4_m10_cf0.5_corrstrongly_correlated_rep2.json,4,10,0.5,strongly_correlated,991265,True,1.0,0.031679630279541,13082.0,OPTIMAL,0,8,0.0997457504272461,13097.0,0.0041918754577636,13097.0,0.031679630279541,OPTIMAL,13097.0,0.0753204822540283,1.0
gkg_n4_m10_cf0.5_corrstrongly_correlated_rep3.json,4,10,0.5,strongly_correlated,1001450,True,1.0,0.0158967971801757,12592.0,OPTIMAL,6,36,0.1907839775085449,12776.0,0.0,12776.0,0.0158967971801757,OPTIMAL,12776.0,0.1058669090270996,1.0
gkg_n4_m10_cf0.5_corrstrongly_correlated_rep4.json,4,10,0.5,strongly_correlated,1011635,True,1.0,0.0104367733001708,10576.0,OPTIMAL,10,60,0.215907335281372,12564.0,0.0157649517059326,12564.0,0.0104367733001708,OPTIMAL,12564.0,0.04791259765625,1.0
gkg_n4_m10_cf0.5_corrstrongly_correlated_rep5.json,4,10,0.5,strongly_correlated,1021820,True,1.0,0.0,9659.0,OPTIMAL,5,40,0.1423642635345459,10672.0,0.0158948898315429,10672.0,0.0,OPTIMAL,10672.0,0.0694415569305419,1.0
gkg_n4_m10_cf0.5_corrstrongly_correlated_rep6.json,4,10,0.5,strongly_correlated,1032005,True,1.0,0.0097768306732177,11971.0,OPTIMAL,6,36,0.1250932216644287,12748.0,0.015761375427246,12748.0,0.0097768306732177,OPTIMAL,12748.0,0.0872833728790283,1.0
gkg_n4_m10_cf0.5_corrstrongly_correlated_rep7.json,4,10,0.5,strongly_correlated,1042190,True,1.0,0.013324499130249,12045.0,OPTIMAL,3,16,0.0599737167358398,12831.0,0.0040132999420166,12831.0,0.013324499130249,OPTIMAL,12831.0,0.0270149707794189,1.0
gkg_n4_m10_cf0.5_corrstrongly_correlated_rep8.json,4,10,0.5,strongly_correlated,1052375,True,1.0,0.0097568035125732,9413.0,OPTIMAL,28,108,0.3025410175323486,10863.0,0.0161311626434326,10863.0,0.0097568035125732,OPTIMAL,10863.0,0.1112201213836669,1.0
gkg_n4_m10_cf0.5_corrstrongly_correlated_rep9.json,4,10,0.5,strongly_correlated,1062560,True,1.0,0.0106160640716552,11494.0,OPTIMAL,2,24,0.1200678348541259,11862.0,0.0161259174346923,11862.0,0.0106160640716552,OPTIMAL,11862.0,0.0495991706848144,1.0
gkg_n4_m10_cf0.5_corruncorrelated_rep0.json,4,10,0.5,uncorrelated,950715,True,1.0,0.0137605667114257,14325.0,OPTIMAL,1,12,0.0295882225036621,15080.0,0.0,15080.0,0.0137605667114257,OPTIMAL,15080.0,0.0158352851867675,1.0
gkg_n4_m10_cf0.5_corruncorrelated_rep1.json,4,10,0.5,uncorrelated,960900,True,1.0,0.0161099433898925,12681.0,OPTIMAL,0,4,0.0383670330047607,12681.0,0.0158648490905761,12681.0,0.0161099433898925,OPTIMAL,12681.0,0.0,1.0
gkg_n4_m10_cf0.5_corruncorrelated_rep2.json,4,10,0.5,uncorrelated,971085,True,1.0,0.025397777557373,13160.0,OPTIMAL,3,20,0.0729560852050781,14379.0,0.0,14379.0,0.025397777557373,OPTIMAL,14379.0,0.0158483982086181,1.0
gkg_n4_m10_cf0.5_corruncorrelated_rep3.json,4,10,0.5,uncorrelated,981270,True,1.0,0.0158751010894775,11305.0,OPTIMAL,7,24,0.0639066696166992,12488.0,0.0,12488.0,0.0158751010894775,OPTIMAL,12488.0,0.0,1.0
gkg_n4_m10_cf0.5_corruncorrelated_rep4.json,4,10,0.5,uncorrelated,991455,True,1.0,0.0158760547637939,12229.0,OPTIMAL,2,20,0.0635032653808593,13207.0,0.016019582748413,13207.0,0.0158760547637939,OPTIMAL,13207.0,0.0,1.0
gkg_n4_m10_cf0.5_corruncorrelated_rep5.json,4,10,0.5,uncorrelated,1001640,True,1.0,0.0281980037689209,13358.0,OPTIMAL,4,24,0.0913138389587402,14181.0,0.016542911529541,14181.0,0.0281980037689209,OPTIMAL,14181.0,0.0158462524414062,1.0
gkg_n4_m10_cf0.5_corruncorrelated_rep6.json,4,10,0.5,uncorrelated,1011825,True,1.0,0.0159997940063476,11018.0,OPTIMAL,6,24,0.0792741775512695,11805.0,0.0158324241638183,11805.0,0.0159997940063476,OPTIMAL,11805.0,0.0,1.0
gkg_n4_m10_cf0.5_corruncorrelated_rep7.json,4,10,0.5,uncorrelated,1022010,True,1.0,0.0322089195251464,13555.0,OPTIMAL,1,12,0.0631673336029052,14708.0,0.0,14708.0,0.0322089195251464,OPTIMAL,14708.0,0.0134088993072509,1.0
gkg_n4_m10_cf0.5_corruncorrelated_rep8.json,4,10,0.5,uncorrelated,1032195,True,1.0,0.0146286487579345,11293.0,OPTIMAL,5,32,0.0852601528167724,12568.0,0.0072088241577148,12568.0,0.0146286487579345,OPTIMAL,12568.0,0.0316741466522216,1.0
gkg_n4_m10_cf0.5_corruncorrelated_rep9.json,4,10,0.5,uncorrelated,1042380,True,1.0,0.0156552791595459,11837.0,OPTIMAL,1,20,0.0472772121429443,13465.0,0.0,13465.0,0.0156552791595459,OPTIMAL,13465.0,0.0182390213012695,1.0
gkg_n4_m10_cf0.5_corrweakly_correlated_rep0.json,4,10,0.5,weakly_correlated,960805,True,1.0,0.0131707191467285,10171.0,OPTIMAL,3,20,0.0607359409332275,10453.0,0.0071465969085693,10453.0,0.0131707191467285,OPTIMAL,10453.0,0.0319852828979492,1.0
gkg_n4_m10_cf0.5_corrweakly_correlated_rep1.json,4,10,0.5,weakly_correlated,970990,True,1.0,0.0,9337.0,OPTIMAL,0,16,0.0319037437438964,9765.0,0.0,9765.0,0.0,OPTIMAL,9765.0,0.0256445407867431,1.0
gkg_n4_m10_cf0.5_corrweakly_correlated_rep2.json,4,10,0.5,weakly_correlated,981175,True,1.0,0.0056977272033691,10546.0,OPTIMAL,4,32,0.1332173347473144,10697.0,0.0157015323638916,10697.0,0.0056977272033691,OPTIMAL,10697.0,0.0472347736358642,1.0
gkg_n4_m10_cf0.5_corrweakly_correlated_rep3.json,4,10,0.5,weakly_correlated,991360,True,1.0,0.0160536766052246,9254.0,OPTIMAL,12,40,0.110957384109497,11235.0,0.0156974792480468,11235.0,0.0160536766052246,OPTIMAL,11235.0,0.0475149154663085,1.0
gkg_n4_m10_cf0.5_corrweakly_correlated_rep4.json,4,10,0.5,weakly_correlated,1001545,True,1.0,0.0160377025604248,9506.0,OPTIMAL,6,20,0.0628235340118408,9822.0,0.0156331062316894,9822.0,0.0160377025604248,OPTIMAL,9822.0,0.0322098731994628,1.0
gkg_n4_m10_cf0.5_corrweakly_correlated_rep5.json,4,10,0.5,weakly_correlated,1011730,True,1.0,0.0020620822906494,9898.0,OPTIMAL,1,16,0.0491795539855957,10003.0,0.0057330131530761,10003.0,0.0020620822906494,OPTIMAL,10003.0,0.0160727500915527,1.0
gkg_n4_m10_cf0.5_corrweakly_correlated_rep6.json,4,10,0.5,weakly_correlated,1021915,True,1.0,0.0268888473510742,8885.0,OPTIMAL,1,12,0.0628941059112548,8989.0,0.0043721199035644,8989.0,0.0268888473510742,OPTIMAL,8989.0,0.0263760089874267,1.0
gkg_n4_m10_cf0.5_corrweakly_correlated_rep7.json,4,10,0.5,weakly_correlated,1032100,True,1.0,0.0171127319335937,11674.0,OPTIMAL,2,16,0.0581192970275878,11728.0,0.008108377456665,11728.0,0.0171127319335937,OPTIMAL,11728.0,0.031644582748413,1.0
gkg_n4_m10_cf0.5_corrweakly_correlated_rep8.json,4,10,0.5,weakly_correlated,1042285,True,1.0,0.0159168243408203,7855.0,OPTIMAL,10,36,0.1583085060119629,9380.0,0.0156042575836181,9380.0,0.0159168243408203,OPTIMAL,9380.0,0.0599164962768554,1.0
gkg_n4_m10_cf0.5_corrweakly_correlated_rep9.json,4,10,0.5,weakly_correlated,1052470,True,1.0,0.0101113319396972,6960.0,OPTIMAL,6,32,0.0736868381500244,8329.0,0.0,8329.0,0.0101113319396972,OPTIMAL,8329.0,0.0157814025878906,1.0
gkg_n4_m15_cf0.2_corrstrongly_correlated_rep0.json,4,15,0.2,strongly_correlated,1001165,True,1.0,0.0309522151947021,8704.0,OPTIMAL,0,4,0.0467042922973632,8704.0,0.0157520771026611,8704.0,0.0309522151947021,OPTIMAL,8704.0,0.0318744182586669,1.0
gkg_n4_m15_cf0.2_corrstrongly_correlated_rep1.json,4,15,0.2,strongly_correlated,1011350,True,1.0,0.0278577804565429,8318.0,OPTIMAL,0,8,0.07749605178833,8518.0,0.0176630020141601,8518.0,0.0278577804565429,OPTIMAL,8518.0,0.0156388282775878,1.0
gkg_n4_m15_cf0.2_corrstrongly_correlated_rep2.json,4,15,0.2,strongly_correlated,1021535,True,1.0,0.016075849533081,8368.0,OPTIMAL,4,16,0.1257300376892089,8547.0,0.0203416347503662,8547.0,0.016075849533081,OPTIMAL,8547.0,0.0909128189086914,1.0
gkg_n4_m15_cf0.2_corrstrongly_correlated_rep3.json,4,15,0.2,strongly_correlated,1031720,True,1.0,0.0137174129486083,8141.0,OPTIMAL,2,20,0.1096642017364502,8202.0,0.0157675743103027,8202.0,0.0137174129486083,OPTIMAL,8202.0,0.0771613121032714,1.0
gkg_n4_m15_cf0.2_corrstrongly_correlated_rep4.json,4,15,0.2,strongly_correlated,1041905,True,1.0,0.0305128097534179,8592.0,OPTIMAL,0,4,0.0370092391967773,8592.0,0.0064964294433593,8592.0,0.0305128097534179,OPTIMAL,8592.0,0.0316581726074218,1.0
gkg_n4_m15_cf0.2_corrstrongly_correlated_rep5.json,4,15,0.2,strongly_correlated,1052090,True,1.0,0.0157842636108398,8664.0,OPTIMAL,2,16,0.1184163093566894,8769.0,0.0158736705780029,8769.0,0.0157842636108398,OPTIMAL,8769.0,0.0722153186798095,1.0
gkg_n4_m15_cf0.2_corrstrongly_correlated_rep6.json,4,15,0.2,strongly_correlated,1062275,True,1.0,0.0161159038543701,8063.0,OPTIMAL,13,44,0.1952807903289795,8409.0,0.0159487724304199,8409.0,0.0161159038543701,OPTIMAL,8409.0,0.0570802688598632,1.0
gkg_n4_m15_cf0.2_corrstrongly_correlated_rep7.json,4,15,0.2,strongly_correlated,1072460,True,1.0,0.0104651451110839,7439.0,OPTIMAL,5,20,0.1149396896362304,7540.0,0.0,7540.0,0.0104651451110839,OPTIMAL,7540.0,0.0673489570617675,1.0
gkg_n4_m15_cf0.2_corrstrongly_correlated_rep8.json,4,15,0.2,strongly_correlated,1082645,True,1.0,0.0219748020172119,8119.0,OPTIMAL,0,4,0.0641901493072509,8119.0,0.0080130100250244,8119.0,0.0219748020172119,OPTIMAL,8119.0,0.0440585613250732,1.0
gkg_n4_m15_cf0.2_corrstrongly_correlated_rep9.json,4,15,0.2,strongly_correlated,1092830,True,1.0,0.0140802860260009,8281.0,OPTIMAL,2,16,0.0838167667388916,8556.0,0.0,8556.0,0.0140802860260009,OPTIMAL,8556.0,0.0520577430725097,1.0
gkg_n4_m15_cf0.2_corruncorrelated_rep0.json,4,15,0.2,uncorrelated,980985,True,1.0,0.0118613243103027,12214.0,OPTIMAL,1,12,0.0516812801361084,12702.0,0.0197179317474365,12702.0,0.0118613243103027,OPTIMAL,12702.0,0.0166630744934082,1.0
gkg_n4_m15_cf0.2_corruncorrelated_rep1.json,4,15,0.2,uncorrelated,991170,True,1.0,0.0109994411468505,15202.0,OPTIMAL,0,4,0.0268831253051757,15202.0,0.0158836841583251,15202.0,0.0109994411468505,OPTIMAL,15202.0,0.0156352519989013,1.0
gkg_n4_m15_cf0.2_corruncorrelated_rep2.json,4,15,0.2,uncorrelated,1001355,True,1.0,0.0337452888488769,15586.0,OPTIMAL,2,12,0.066575288772583,15923.0,0.0059046745300292,15923.0,0.0337452888488769,OPTIMAL,15923.0,0.02191162109375,1.0
gkg_n4_m15_cf0.2_corruncorrelated_rep3.json,4,15,0.2,uncorrelated,1011540,True,1.0,0.0068681240081787,12813.0,OPTIMAL,5,24,0.0543432235717773,13707.0,0.0158216953277587,13707.0,0.0068681240081787,OPTIMAL,13707.0,0.0,1.0
gkg_n4_m15_cf0.2_corruncorrelated_rep4.json,4,15,0.2,uncorrelated,1021725,True,1.0,0.0319111347198486,11331.0,OPTIMAL,3,20,0.0799400806427002,11751.0,0.0161821842193603,11751.0,0.0319111347198486,OPTIMAL,11751.0,0.0159025192260742,1.0
gkg_n4_m15_cf0.2_corruncorrelated_rep5.json,4,15,0.2,uncorrelated,1031910,True,1.0,0.0318052768707275,13799.0,OPTIMAL,1,12,0.0638267993927002,14162.0,0.0159575939178466,14162.0,0.0318052768707275,OPTIMAL,14162.0,0.0158853530883789,1.0
gkg_n4_m15_cf0.2_corruncorrelated_rep6.json,4,15,0.2,uncorrelated,1042095,True,1.0,0.0315752029418945,15689.0,OPTIMAL,0,4,0.0597357749938964,15689.0,0.0159382820129394,15689.0,0.0315752029418945,OPTIMAL,15689.0,0.0194239616394042,1.0
gkg_n4_m15_cf0.2_corruncorrelated_rep7.json,4,15,0.2,uncorrelated,1052280,True,1.0,0.0190422534942626,14234.0,OPTIMAL,0,4,0.0513045787811279,14234.0,0.0125670433044433,14234.0,0.0190422534942626,OPTIMAL,14234.0,0.0299794673919677,1.0
gkg_n4_m15_cf0.2_corruncorrelated_rep8.json,4,15,0.2,uncorrelated,1062465,True,1.0,0.0137820243835449,13149.0,OPTIMAL,3,20,0.0697431564331054,13530.0,0.01572847366333,13530.0,0.0137820243835449,OPTIMAL,13530.0,0.0,1.0
gkg_n4_m15_cf0.2_corruncorrelated_rep9.json,4,15,0.2,uncorrelated,1072650,True,1.0,0.0157539844512939,11363.0,OPTIMAL,1,16,0.0960104465484619,11610.0,0.0157840251922607,11610.0,0.0157539844512939,OPTIMAL,11610.0,0.0320625305175781,1.0
gkg_n4_m15_cf0.2_corrweakly_correlated_rep0.json,4,15,0.2,weakly_correlated,991075,True,1.0,0.0148124694824218,6224.0,OPTIMAL,0,8,0.0851480960845947,6226.0,0.0179545879364013,6226.0,0.0148124694824218,OPTIMAL,6226.0,0.0720548629760742,1.0
gkg_n4_m15_cf0.2_corrweakly_correlated_rep1.json,4,15,0.2,weakly_correlated,1001260,True,1.0,0.0156049728393554,6964.0,OPTIMAL,1,16,0.0806872844696044,7124.0,0.0171008110046386,7124.0,0.0156049728393554,OPTIMAL,7124.0,0.0471842288970947,1.0
gkg_n4_m15_cf0.2_corrweakly_correlated_rep2.json,4,15,0.2,weakly_correlated,1011445,True,1.0,0.0240280628204345,7198.0,OPTIMAL,1,16,0.079714298248291,7266.0,0.0077605247497558,7266.0,0.0240280628204345,OPTIMAL,7266.0,0.031447410583496,1.0
gkg_n4_m15_cf0.2_corrweakly_correlated_rep3.json,4,15,0.2,weakly_correlated,1021630,True,1.0,0.0179054737091064,6496.0,OPTIMAL,0,12,0.0774347782135009,6530.0,0.0100252628326416,6530.0,0.0179054737091064,OPTIMAL,6530.0,0.0664539337158203,1.0
gkg_n4_m15_cf0.2_corrweakly_correlated_rep4.json,4,15,0.2,weakly_correlated,1031815,True,1.0,0.0123510360717773,6528.0,OPTIMAL,0,8,0.0601222515106201,6532.0,0.0161244869232177,6532.0,0.0123510360717773,OPTIMAL,6532.0,0.0582330226898193,1.0
gkg_n4_m15_cf0.2_corrweakly_correlated_rep5.json,4,15,0.2,weakly_correlated,1042000,True,1.0,0.0165362358093261,6993.0,OPTIMAL,0,4,0.0507130622863769,6993.0,0.0176455974578857,6993.0,0.0165362358093261,OPTIMAL,6993.0,0.0263516902923584,1.0
gkg_n4_m15_cf0.2_corrweakly_correlated_rep6.json,4,15,0.2,weakly_correlated,1052185,True,1.0,0.0051453113555908,7366.0,OPTIMAL,0,4,0.0209429264068603,7366.0,0.0157976150512695,7366.0,0.0051453113555908,OPTIMAL,7366.0,0.0158419609069824,1.0
gkg_n4_m15_cf0.2_corrweakly_correlated_rep7.json,4,15,0.2,weakly_correlated,1062370,True,1.0,0.0158023834228515,6868.0,OPTIMAL,0,4,0.0445587635040283,6868.0,0.0158102512359619,6868.0,0.0158023834228515,OPTIMAL,6868.0,0.0185463428497314,1.0
gkg_n4_m15_cf0.2_corrweakly_correlated_rep8.json,4,15,0.2,weakly_correlated,1072555,True,1.0,0.021291971206665,6552.0,OPTIMAL,0,4,0.0782399177551269,6552.0,0.0037577152252197,6552.0,0.021291971206665,OPTIMAL,6552.0,0.0564846992492675,1.0
gkg_n4_m15_cf0.2_corrweakly_correlated_rep9.json,4,15,0.2,weakly_correlated,1082740,True,1.0,0.0129392147064208,6937.0,OPTIMAL,0,4,0.0534682273864746,6937.0,0.0,6937.0,0.0129392147064208,OPTIMAL,6937.0,0.0384354591369628,1.0
gkg_n4_m15_cf0.5_corrstrongly_correlated_rep0.json,4,15,0.5,strongly_correlated,1031435,True,1.0,0.0307991504669189,15181.0,OPTIMAL,27,108,0.3984861373901367,17553.0,0.0011260509490966,17553.0,0.0307991504669189,OPTIMAL,17553.0,0.1750116348266601,1.0
gkg_n4_m15_cf0.5_corrstrongly_correlated_rep1.json,4,15,0.5,strongly_correlated,1041620,True,1.0,0.0140309333801269,19051.0,OPTIMAL,3,40,0.1567311286926269,19604.0,0.0,19604.0,0.0140309333801269,OPTIMAL,19604.0,0.1010732650756836,1.0
gkg_n4_m15_cf0.5_corrstrongly_correlated_rep2.json,4,15,0.5,strongly_correlated,1051805,True,1.0,0.0183372497558593,17545.0,OPTIMAL,11,48,0.3601200580596924,19540.0,0.0080251693725585,19540.0,0.0183372497558593,OPTIMAL,19540.0,0.1833741664886474,1.0
gkg_n4_m15_cf0.5_corrstrongly_correlated_rep3.json,4,15,0.5,strongly_correlated,1061990,True,1.0,0.012021780014038,17326.0,OPTIMAL,9,52,0.2783441543579101,17975.0,0.0,17975.0,0.012021780014038,OPTIMAL,17975.0,0.1337666511535644,1.0
gkg_n4_m15_cf0.5_corrstrongly_correlated_rep4.json,4,15,0.5,strongly_correlated,1072175,True,1.0,0.0160942077636718,18962.0,OPTIMAL,0,4,0.1013507843017578,18962.0,0.0091605186462402,18962.0,0.0160942077636718,OPTIMAL,18962.0,0.1338684558868408,1.0
gkg_n4_m15_cf0.5_corrstrongly_correlated_rep5.json,4,15,0.5,strongly_correlated,1082360,True,1.0,0.0151193141937255,20490.0,OPTIMAL,4,36,0.344844102859497,20780.0,0.0086486339569091,20780.0,0.0151193141937255,OPTIMAL,20780.0,0.1842555999755859,1.0
gkg_n4_m15_cf0.5_corrstrongly_correlated_rep6.json,4,15,0.5,strongly_correlated,1092545,True,1.0,0.0151758193969726,20384.0,OPTIMAL,3,48,0.4955644607543945,20651.0,0.0091357231140136,20651.0,0.0151758193969726,OPTIMAL,20651.0,0.2515625953674316,1.0
gkg_n4_m15_cf0.5_corrstrongly_correlated_rep7.json,4,15,0.5,strongly_correlated,1102730,True,1.0,0.0150845050811767,17687.0,OPTIMAL,14,60,0.2893788814544678,18447.0,0.0080645084381103,18447.0,0.0150845050811767,OPTIMAL,18447.0,0.1723487377166748,1.0
gkg_n4_m15_cf0.5_corrstrongly_correlated_rep8.json,4,15,0.5,strongly_correlated,1112915,True,1.0,0.015416145324707,18094.0,OPTIMAL,26,108,0.4555838108062744,19385.0,0.0080828666687011,19385.0,0.015416145324707,OPTIMAL,19385.0,0.2762324810028076,1.0
gkg_n4_m15_cf0.5_corrstrongly_correlated_rep9.json,4,15,0.5,strongly_correlated,1123100,True,1.0,0.0149989128112792,18284.0,OPTIMAL,2,20,0.1328005790710449,18377.0,0.0090980529785156,18377.0,0.0149989128112792,OPTIMAL,18377.0,0.0784778594970703,1.0
gkg_n4_m15_cf0.5_corruncorrelated_rep0.json,4,15,0.5,uncorrelated,1011255,True,1.0,0.0140137672424316,18855.0,OPTIMAL,4,20,0.0597162246704101,20325.0,0.0085163116455078,20325.0,0.0140137672424316,OPTIMAL,20325.0,0.0161454677581787,1.0
gkg_n4_m15_cf0.5_corruncorrelated_rep1.json,4,15,0.5,uncorrelated,1021440,True,1.0,0.0141241550445556,17845.0,OPTIMAL,4,24,0.0632345676422119,20067.0,0.0081458091735839,20067.0,0.0141241550445556,OPTIMAL,20067.0,0.0111339092254638,1.0
gkg_n4_m15_cf0.5_corruncorrelated_rep2.json,4,15,0.5,uncorrelated,1031625,True,1.0,0.0243928432464599,18518.0,OPTIMAL,7,28,0.0878887176513671,21516.0,0.0118041038513183,21516.0,0.0243928432464599,OPTIMAL,21516.0,0.0160906314849853,1.0
gkg_n4_m15_cf0.5_corruncorrelated_rep3.json,4,15,0.5,uncorrelated,1041810,True,1.0,0.0211043357849121,18883.0,OPTIMAL,1,20,0.0766921043395996,20011.0,0.0081832408905029,20011.0,0.0211043357849121,OPTIMAL,20011.0,0.0150024890899658,1.0
gkg_n4_m15_cf0.5_corruncorrelated_rep4.json,4,15,0.5,uncorrelated,1051995,True,1.0,0.0141279697418212,20614.0,OPTIMAL,2,20,0.0658576488494873,21718.0,0.0089991092681884,21718.0,0.0141279697418212,OPTIMAL,21718.0,0.0322163105010986,1.0
gkg_n4_m15_cf0.5_corruncorrelated_rep5.json,4,15,0.5,uncorrelated,1062180,True,1.0,0.0161817073822021,20727.0,OPTIMAL,0,8,0.0343995094299316,21467.0,0.0082178115844726,21467.0,0.0161817073822021,OPTIMAL,21467.0,0.0052061080932617,1.0
gkg_n4_m15_cf0.5_corruncorrelated_rep6.json,4,15,0.5,uncorrelated,1072365,True,1.0,0.0141041278839111,18075.0,OPTIMAL,6,40,0.0987281799316406,19274.0,0.009000539779663,19274.0,0.0141041278839111,OPTIMAL,19274.0,0.0157113075256347,1.0
gkg_n4_m15_cf0.5_corruncorrelated_rep7.json,4,15,0.5,uncorrelated,1082550,True,1.0,0.015148639678955,19556.0,OPTIMAL,10,24,0.09330415725708,21578.0,0.0091121196746826,21578.0,0.015148639678955,OPTIMAL,21578.0,0.0110001564025878,1.0
gkg_n4_m15_cf0.5_corruncorrelated_rep8.json,4,15,0.5,uncorrelated,1092735,True,1.0,0.0220999717712402,21044.0,OPTIMAL,2,20,0.064490795135498,21821.0,0.0089988708496093,21821.0,0.0220999717712402,OPTIMAL,21821.0,0.0090034008026123,1.0
gkg_n4_m15_cf0.5_corruncorrelated_rep9.json,4,15,0.5,uncorrelated,1102920,True,1.0,0.0160939693450927,15417.0,OPTIMAL,4,28,0.0823757648468017,17743.0,0.0158231258392334,17743.0,0.0160939693450927,OPTIMAL,17743.0,0.02681565284729,1.0
gkg_n4_m15_cf0.5_corrweakly_correlated_rep0.json,4,15,0.5,weakly_correlated,1021345,True,1.0,0.018223762512207,14720.0,OPTIMAL,31,104,0.3681986331939697,15523.0,0.0,15523.0,0.018223762512207,OPTIMAL,15523.0,0.1022036075592041,1.0
gkg_n4_m15_cf0.5_corrweakly_correlated_rep1.json,4,15,0.5,weakly_correlated,1031530,True,1.0,0.0100021362304687,13282.0,OPTIMAL,7,48,0.1743955612182617,13618.0,0.0140535831451416,13618.0,0.0100021362304687,OPTIMAL,13618.0,0.0843245983123779,1.0
gkg_n4_m15_cf0.5_corrweakly_correlated_rep2.json,4,15,0.5,weakly_correlated,1041715,True,1.0,0.0039994716644287,14562.0,OPTIMAL,12,40,0.1471271514892578,14906.0,0.0157194137573242,14906.0,0.0039994716644287,OPTIMAL,14906.0,0.0892703533172607,1.0
gkg_n4_m15_cf0.5_corrweakly_correlated_rep3.json,4,15,0.5,weakly_correlated,1051900,True,1.0,0.0058057308197021,13714.0,OPTIMAL,8,28,0.1326560974121093,13893.0,0.0237202644348144,13893.0,0.0058057308197021,OPTIMAL,13893.0,0.0630514621734619,1.0
gkg_n4_m15_cf0.5_corrweakly_correlated_rep4.json,4,15,0.5,weakly_correlated,1062085,True,1.0,0.0161631107330322,15314.0,OPTIMAL,3,16,0.1016237735748291,15371.0,0.0180099010467529,15371.0,0.0161631107330322,OPTIMAL,15371.0,0.0659968852996826,1.0
gkg_n4_m15_cf0.5_corrweakly_correlated_rep5.json,4,15,0.5,weakly_correlated,1072270,True,1.0,0.006519079208374,14302.0,OPTIMAL,1,32,0.1353607177734375,14949.0,0.0156989097595214,14949.0,0.006519079208374,OPTIMAL,14949.0,0.0641572475433349,1.0
gkg_n4_m15_cf0.5_corrweakly_correlated_rep6.json,4,15,0.5,weakly_correlated,1082455,True,1.0,0.0157778263092041,12770.0,OPTIMAL,18,68,0.2058377265930175,14695.0,0.0,14695.0,0.0157778263092041,OPTIMAL,14695.0,0.0595767498016357,1.0
gkg_n4_m15_cf0.5_corrweakly_correlated_rep7.json,4,15,0.5,weakly_correlated,1092640,True,1.0,0.0036213397979736,15734.0,OPTIMAL,1,16,0.1182825565338134,15796.0,0.0,15796.0,0.0036213397979736,OPTIMAL,15796.0,0.1070704460144043,1.0
gkg_n4_m15_cf0.5_corrweakly_correlated_rep8.json,4,15,0.5,weakly_correlated,1102825,True,1.0,0.0159814357757568,17401.0,OPTIMAL,8,36,0.219705581665039,17663.0,0.0,17663.0,0.0159814357757568,OPTIMAL,17663.0,0.1480746269226074,1.0
gkg_n4_m15_cf0.5_corrweakly_correlated_rep9.json,4,15,0.5,weakly_correlated,1113010,True,1.0,0.0163118839263916,15995.0,OPTIMAL,12,40,0.186755895614624,16347.0,0.0097641944885253,16347.0,0.0163118839263916,OPTIMAL,16347.0,0.1287012100219726,1.0
gkg_n4_m20_cf0.2_corrstrongly_correlated_rep0.json,4,20,0.2,strongly_correlated,1061705,True,1.0,0.0140259265899658,11004.0,OPTIMAL,2,12,0.0590629577636718,11102.0,0.0,11102.0,0.0140259265899658,OPTIMAL,11102.0,0.0315055847167968,1.0
gkg_n4_m20_cf0.2_corrstrongly_correlated_rep1.json,4,20,0.2,strongly_correlated,1071890,True,1.0,0.0157766342163085,12128.0,OPTIMAL,7,28,0.2940864562988281,12299.0,0.0157113075256347,12299.0,0.0157766342163085,OPTIMAL,12299.0,0.1573991775512695,1.0
gkg_n4_m20_cf0.2_corrstrongly_correlated_rep2.json,4,20,0.2,strongly_correlated,1082075,True,1.0,0.0160579681396484,11072.0,OPTIMAL,8,24,0.1883232593536377,11263.0,0.0095880031585693,11263.0,0.0160579681396484,OPTIMAL,11263.0,0.1303377151489257,1.0
gkg_n4_m20_cf0.2_corrstrongly_correlated_rep3.json,4,20,0.2,strongly_correlated,1092260,True,1.0,0.0156998634338378,11812.0,OPTIMAL,0,4,0.0497524738311767,11812.0,0.0,11812.0,0.0156998634338378,OPTIMAL,11812.0,0.0370345115661621,1.0
gkg_n4_m20_cf0.2_corrstrongly_correlated_rep4.json,4,20,0.2,strongly_correlated,1102445,True,1.0,0.0079314708709716,11211.0,OPTIMAL,3,24,0.102783203125,11252.0,0.0158371925354003,11252.0,0.0079314708709716,OPTIMAL,11251.0,0.04768967628479,0.9999111269107714
gkg_n4_m20_cf0.2_corrstrongly_correlated_rep5.json,4,20,0.2,strongly_correlated,1112630,True,1.0,0.0172595977783203,10594.0,OPTIMAL,7,36,0.2305440902709961,10660.0,0.0120317935943603,10660.0,0.0172595977783203,OPTIMAL,10660.0,0.0758678913116455,1.0
gkg_n4_m20_cf0.2_corrstrongly_correlated_rep6.json,4,20,0.2,strongly_correlated,1122815,True,1.0,0.0067877769470214,11089.0,OPTIMAL,0,4,0.0596137046813964,11089.0,0.0157208442687988,11089.0,0.0067877769470214,OPTIMAL,11089.0,0.0728485584259033,1.0
gkg_n4_m20_cf0.2_corrstrongly_correlated_rep7.json,4,20,0.2,strongly_correlated,1133000,True,1.0,0.0150673389434814,10528.0,OPTIMAL,4,16,0.3035969734191894,10632.0,0.0157930850982666,10632.0,0.0150673389434814,OPTIMAL,10632.0,0.0938293933868408,1.0
gkg_n4_m20_cf0.2_corrstrongly_correlated_rep8.json,4,20,0.2,strongly_correlated,1143185,True,1.0,0.0158543586730957,10711.0,OPTIMAL,9,56,0.3211407661437988,10993.0,0.0113904476165771,10993.0,0.0158543586730957,OPTIMAL,10993.0,0.1458475589752197,1.0
gkg_n4_m20_cf0.2_corrstrongly_correlated_rep9.json,4,20,0.2,strongly_correlated,1153370,True,1.0,0.0120959281921386,9926.0,OPTIMAL,9,40,0.1967024803161621,10151.0,0.0158717632293701,10151.0,0.0120959281921386,OPTIMAL,10151.0,0.135571002960205,1.0
gkg_n4_m20_cf0.2_corruncorrelated_rep0.json,4,20,0.2,uncorrelated,1041525,True,1.0,0.012049913406372,17484.0,OPTIMAL,3,16,0.05918550491333,17807.0,0.0,17807.0,0.012049913406372,OPTIMAL,17807.0,0.0371289253234863,1.0
gkg_n4_m20_cf0.2_corruncorrelated_rep1.json,4,20,0.2,uncorrelated,1051710,True,1.0,0.0122146606445312,17127.0,OPTIMAL,5,28,0.1176140308380127,19365.0,0.0141153335571289,19365.0,0.0122146606445312,OPTIMAL,19365.0,0.0364634990692138,1.0
gkg_n4_m20_cf0.2_corruncorrelated_rep2.json,4,20,0.2,uncorrelated,1061895,True,1.0,0.0041146278381347,14758.0,OPTIMAL,5,20,0.0584950447082519,16654.0,0.0160739421844482,16654.0,0.0041146278381347,OPTIMAL,16654.0,0.0253200531005859,1.0
gkg_n4_m20_cf0.2_corruncorrelated_rep3.json,4,20,0.2,uncorrelated,1072080,True,1.0,0.0157945156097412,17696.0,OPTIMAL,3,16,0.0740811824798584,18274.0,0.0157837867736816,18274.0,0.0157945156097412,OPTIMAL,18274.0,0.0360403060913085,1.0
gkg_n4_m20_cf0.2_corruncorrelated_rep4.json,4,20,0.2,uncorrelated,1082265,True,1.0,0.0215907096862792,21126.0,OPTIMAL,1,16,0.0662157535552978,21401.0,0.0104548931121826,21401.0,0.0215907096862792,OPTIMAL,21401.0,0.0271999835968017,1.0
gkg_n4_m20_cf0.2_corruncorrelated_rep5.json,4,20,0.2,uncorrelated,1092450,True,1.0,0.0202453136444091,17674.0,OPTIMAL,2,12,0.0621845722198486,18018.0,0.0159804821014404,18018.0,0.0202453136444091,OPTIMAL,18018.0,0.0221259593963623,1.0
gkg_n4_m20_cf0.2_corruncorrelated_rep6.json,4,20,0.2,uncorrelated,1102635,True,1.0,0.0160484313964843,18342.0,OPTIMAL,0,4,0.0395319461822509,18342.0,0.0,18342.0,0.0160484313964843,OPTIMAL,18342.0,0.0163848400115966,1.0
gkg_n4_m20_cf0.2_corruncorrelated_rep7.json,4,20,0.2,uncorrelated,1112820,True,1.0,0.0145907402038574,16138.0,OPTIMAL,4,20,0.0689921379089355,16618.0,0.0066754817962646,16618.0,0.0145907402038574,OPTIMAL,16618.0,0.0250940322875976,1.0
gkg_n4_m20_cf0.2_corruncorrelated_rep8.json,4,20,0.2,uncorrelated,1123005,True,1.0,0.0104622840881347,18312.0,OPTIMAL,0,4,0.0337035655975341,18312.0,0.0115332603454589,18312.0,0.0104622840881347,OPTIMAL,18312.0,0.0255196094512939,1.0
gkg_n4_m20_cf0.2_corruncorrelated_rep9.json,4,20,0.2,uncorrelated,1133190,True,1.0,0.0139214992523193,15861.0,OPTIMAL,2,16,0.0671777725219726,16546.0,0.0157573223114013,16546.0,0.0139214992523193,OPTIMAL,16546.0,0.0314884185791015,1.0
gkg_n4_m20_cf0.2_corrweakly_correlated_rep0.json,4,20,0.2,weakly_correlated,1051615,True,1.0,0.0191192626953125,8663.0,OPTIMAL,1,20,0.0980727672576904,8737.0,0.0,8737.0,0.0191192626953125,OPTIMAL,8737.0,0.0788352489471435,1.0
gkg_n4_m20_cf0.2_corrweakly_correlated_rep1.json,4,20,0.2,weakly_correlated,1061800,True,1.0,0.0160818099975585,9287.0,OPTIMAL,0,4,0.0467894077301025,9287.0,0.0,9287.0,0.0160818099975585,OPTIMAL,9287.0,0.0359911918640136,1.0
gkg_n4_m20_cf0.2_corrweakly_correlated_rep2.json,4,20,0.2,weakly_correlated,1071985,True,1.0,0.0121159553527832,8849.0,OPTIMAL,3,16,0.0784928798675537,8950.0,0.0157637596130371,8950.0,0.0121159553527832,OPTIMAL,8950.0,0.0444164276123046,1.0
gkg_n4_m20_cf0.2_corrweakly_correlated_rep3.json,4,20,0.2,weakly_correlated,1082170,True,1.0,0.0156672000885009,8755.0,OPTIMAL,0,8,0.0832343101501464,8781.0,0.0,8781.0,0.0156672000885009,OPTIMAL,8781.0,0.0726246833801269,1.0
gkg_n4_m20_cf0.2_corrweakly_correlated_rep4.json,4,20,0.2,weakly_correlated,1092355,True,1.0,0.0035459995269775,9151.0,OPTIMAL,2,12,0.0514752864837646,9239.0,0.0,9239.0,0.0035459995269775,OPTIMAL,9239.0,0.067237377166748,1.0
gkg_n4_m20_cf0.2_corrweakly_correlated_rep5.json,4,20,0.2,weakly_correlated,1102540,True,1.0,0.0119049549102783,9179.0,OPTIMAL,0,8,0.0908493995666503,9189.0,0.0157129764556884,9189.0,0.0119049549102783,OPTIMAL,9189.0,0.1049020290374755,1.0
gkg_n4_m20_cf0.2_corrweakly_correlated_rep6.json,4,20,0.2,weakly_correlated,1112725,True,1.0,0.0057375431060791,9531.0,OPTIMAL,2,16,0.1202266216278076,9584.0,0.0158083438873291,9584.0,0.0057375431060791,OPTIMAL,9584.0,0.1030631065368652,1.0
gkg_n4_m20_cf0.2_corrweakly_correlated_rep7.json,4,20,0.2,weakly_correlated,1122910,True,1.0,0.0077786445617675,8569.0,OPTIMAL,4,16,0.1052203178405761,8664.0,0.0314280986785888,8664.0,0.0077786445617675,OPTIMAL,8664.0,0.0914058685302734,1.0
gkg_n4_m20_cf0.2_corrweakly_correlated_rep8.json,4,20,0.2,weakly_correlated,1133095,True,1.0,0.001744270324707,9824.0,OPTIMAL,2,12,0.064965009689331,9890.0,0.0,9890.0,0.001744270324707,OPTIMAL,9890.0,0.0855371952056884,1.0
gkg_n4_m20_cf0.2_corrweakly_correlated_rep9.json,4,20,0.2,weakly_correlated,1143280,True,1.0,0.0099785327911376,9505.0,OPTIMAL,1,16,0.0888173580169677,9579.0,0.0157337188720703,9579.0,0.0099785327911376,OPTIMAL,9579.0,0.1050794124603271,1.0
gkg_n4_m20_cf0.5_corrstrongly_correlated_rep0.json,4,20,0.5,strongly_correlated,1091975,True,1.0,0.0095934867858886,23742.0,OPTIMAL,15,32,0.5399088859558105,24110.0,0.0157999992370605,24110.0,0.0095934867858886,OPTIMAL,24110.0,0.195331335067749,1.0
gkg_n4_m20_cf0.5_corrstrongly_correlated_rep1.json,4,20,0.5,strongly_correlated,1102160,True,1.0,0.0161161422729492,27183.0,OPTIMAL,15,44,0.2283620834350586,28056.0,0.0,28056.0,0.0161161422729492,OPTIMAL,28056.0,0.1074545383453369,1.0
gkg_n4_m20_cf0.5_corrstrongly_correlated_rep2.json,4,20,0.5,strongly_correlated,1112345,True,1.0,0.0171782970428466,24193.0,OPTIMAL,37,116,2.235125064849853,26831.0,0.0,26831.0,0.0171782970428466,OPTIMAL,26831.0,1.464380979537964,1.0
gkg_n4_m20_cf0.5_corrstrongly_correlated_rep3.json,4,20,0.5,strongly_correlated,1122530,True,1.0,0.0,24973.0,OPTIMAL,8,24,0.1718928813934326,25367.0,0.0036354064941406,25367.0,0.0,OPTIMAL,25367.0,0.1163766384124755,1.0
gkg_n4_m20_cf0.5_corrstrongly_correlated_rep4.json,4,20,0.5,strongly_correlated,1132715,True,1.0,0.0139806270599365,23910.0,OPTIMAL,39,100,0.9353113174438475,24552.0,0.0120258331298828,24552.0,0.0139806270599365,OPTIMAL,24552.0,0.3529338836669922,1.0
gkg_n4_m20_cf0.5_corrstrongly_correlated_rep5.json,4,20,0.5,strongly_correlated,1142900,True,1.0,0.0100049972534179,23546.0,OPTIMAL,5,28,0.1999390125274658,23967.0,0.0167450904846191,23967.0,0.0100049972534179,OPTIMAL,23967.0,0.0697743892669677,1.0
gkg_n4_m20_cf0.5_corrstrongly_correlated_rep6.json,4,20,0.5,strongly_correlated,1153085,True,1.0,0.0020062923431396,24596.0,OPTIMAL,10,36,0.2255277633666992,24947.0,0.0,24947.0,0.0020062923431396,OPTIMAL,24947.0,0.139261245727539,1.0
gkg_n4_m20_cf0.5_corrstrongly_correlated_rep7.json,4,20,0.5,strongly_correlated,1163270,True,1.0,0.0015134811401367,22438.0,OPTIMAL,23,88,1.8537282943725584,24449.0,0.0,24449.0,0.0015134811401367,OPTIMAL,24449.0,0.5448822975158691,1.0
gkg_n4_m20_cf0.5_corrstrongly_correlated_rep8.json,4,20,0.5,strongly_correlated,1173455,True,1.0,0.0157432556152343,23036.0,OPTIMAL,26,104,0.9685113430023192,24340.0,0.0158851146697998,24340.0,0.0157432556152343,OPTIMAL,24340.0,0.2809562683105469,1.0
gkg_n4_m20_cf0.5_corrstrongly_correlated_rep9.json,4,20,0.5,strongly_correlated,1183640,True,1.0,0.0167593955993652,25322.0,OPTIMAL,16,48,0.4251008033752441,25937.0,0.0158963203430175,25937.0,0.0167593955993652,OPTIMAL,25937.0,0.2285666465759277,1.0
gkg_n4_m20_cf0.5_corruncorrelated_rep0.json,4,20,0.5,uncorrelated,1071795,True,1.0,0.0050046443939208,28735.0,OPTIMAL,4,32,0.1220045089721679,29444.0,0.0157282352447509,29444.0,0.0050046443939208,OPTIMAL,29444.0,0.024604320526123,1.0
gkg_n4_m20_cf0.5_corruncorrelated_rep1.json,4,20,0.5,uncorrelated,1081980,True,1.0,0.0318562984466552,25724.0,OPTIMAL,9,48,0.2000467777252197,27587.0,0.0,27587.0,0.0318562984466552,OPTIMAL,27587.0,0.0233488082885742,1.0
gkg_n4_m20_cf0.5_corruncorrelated_rep2.json,4,20,0.5,uncorrelated,1092165,True,1.0,0.0137088298797607,27500.0,OPTIMAL,2,12,0.0456266403198242,29975.0,0.0,29975.0,0.0137088298797607,OPTIMAL,29975.0,0.0254161357879638,1.0
gkg_n4_m20_cf0.5_corruncorrelated_rep3.json,4,20,0.5,uncorrelated,1102350,True,1.0,0.0219933986663818,27649.0,OPTIMAL,4,20,0.0700399875640869,28060.0,0.0,28060.0,0.0219933986663818,OPTIMAL,28060.0,0.0419092178344726,1.0
gkg_n4_m20_cf0.5_corruncorrelated_rep4.json,4,20,0.5,uncorrelated,1112535,True,1.0,0.0056650638580322,25671.0,OPTIMAL,8,36,0.1081392765045166,28448.0,0.0297667980194091,28448.0,0.0056650638580322,OPTIMAL,28448.0,0.0193707942962646,1.0
gkg_n4_m20_cf0.5_corruncorrelated_rep5.json,4,20,0.5,uncorrelated,1122720,True,1.0,0.0022540092468261,23455.0,OPTIMAL,7,20,0.0495641231536865,25847.0,0.015730857849121,25847.0,0.0022540092468261,OPTIMAL,25847.0,0.0131611824035644,1.0
gkg_n4_m20_cf0.5_corruncorrelated_rep6.json,4,20,0.5,uncorrelated,1132905,True,1.0,0.0202229022979736,25963.0,OPTIMAL,6,28,0.0909206867218017,29521.0,0.0086503028869628,29521.0,0.0202229022979736,OPTIMAL,29521.0,0.0247104167938232,1.0
gkg_n4_m20_cf0.5_corruncorrelated_rep7.json,4,20,0.5,uncorrelated,1143090,True,1.0,0.007192850112915,25716.0,OPTIMAL,9,36,0.0865764617919921,28887.0,0.0161278247833251,28887.0,0.007192850112915,OPTIMAL,28887.0,0.0280842781066894,1.0
gkg_n4_m20_cf0.5_corruncorrelated_rep8.json,4,20,0.5,uncorrelated,1153275,True,1.0,0.0153408050537109,29964.0,OPTIMAL,3,20,0.1860959529876709,31738.0,0.1015315055847168,31738.0,0.0153408050537109,OPTIMAL,31738.0,0.0260367393493652,1.0
gkg_n4_m20_cf0.5_corruncorrelated_rep9.json,4,20,0.5,uncorrelated,1163460,True,1.0,0.0157516002655029,25051.0,OPTIMAL,5,28,0.079052448272705,26884.0,0.0159168243408203,26884.0,0.0157516002655029,OPTIMAL,26884.0,0.04046630859375,1.0
gkg_n4_m20_cf0.5_corrweakly_correlated_rep0.json,4,20,0.5,weakly_correlated,1081885,True,1.0,0.0150165557861328,22376.0,OPTIMAL,13,40,0.28704833984375,22683.0,0.0085885524749755,22683.0,0.0150165557861328,OPTIMAL,22683.0,0.1750328540802002,1.0
gkg_n4_m20_cf0.5_corrweakly_correlated_rep1.json,4,20,0.5,weakly_correlated,1092070,True,1.0,0.0043883323669433,22411.0,OPTIMAL,15,52,0.2895305156707763,23331.0,0.0,23331.0,0.0043883323669433,OPTIMAL,23331.0,0.1903774738311767,1.0
gkg_n4_m20_cf0.5_corrweakly_correlated_rep2.json,4,20,0.5,weakly_correlated,1102255,True,1.0,0.0058956146240234,21655.0,OPTIMAL,4,32,0.2271873950958252,21764.0,0.0157661437988281,21764.0,0.0058956146240234,OPTIMAL,21764.0,0.1194100379943847,1.0
gkg_n4_m20_cf0.5_corrweakly_correlated_rep3.json,4,20,0.5,weakly_correlated,1112440,True,1.0,0.0127921104431152,24146.0,OPTIMAL,4,24,0.2279126644134521,24419.0,0.0100159645080566,24419.0,0.0127921104431152,OPTIMAL,24419.0,0.1462247371673584,1.0
gkg_n4_m20_cf0.5_corrweakly_correlated_rep4.json,4,20,0.5,weakly_correlated,1122625,True,1.0,0.0160183906555175,22054.0,OPTIMAL,1,20,0.2804346084594726,22168.0,0.0210647583007812,22168.0,0.0160183906555175,OPTIMAL,22168.0,0.127150297164917,1.0
gkg_n4_m20_cf0.5_corrweakly_correlated_rep5.json,4,20,0.5,weakly_correlated,1132810,True,1.0,0.005023717880249,23174.0,OPTIMAL,10,56,0.3364014625549316,23410.0,0.0157115459442138,23410.0,0.005023717880249,OPTIMAL,23410.0,0.1729388236999511,1.0
gkg_n4_m20_cf0.5_corrweakly_correlated_rep6.json,4,20,0.5,weakly_correlated,1142995,True,1.0,0.0160145759582519,20178.0,OPTIMAL,8,24,0.1534299850463867,20561.0,0.0034675598144531,20561.0,0.0160145759582519,OPTIMAL,20561.0,0.0642733573913574,1.0
gkg_n4_m20_cf0.5_corrweakly_correlated_rep7.json,4,20,0.5,weakly_correlated,1153180,True,1.0,0.00677490234375,21936.0,OPTIMAL,2,16,0.1079545021057128,22039.0,0.0159039497375488,22039.0,0.00677490234375,OPTIMAL,22039.0,0.0709409713745117,1.0
gkg_n4_m20_cf0.5_corrweakly_correlated_rep8.json,4,20,0.5,weakly_correlated,1163365,True,1.0,0.0022215843200683,21422.0,OPTIMAL,15,44,0.2098233699798584,22720.0,0.0034317970275878,22720.0,0.0022215843200683,OPTIMAL,22720.0,0.1405520439147949,1.0
gkg_n4_m20_cf0.5_corrweakly_correlated_rep9.json,4,20,0.5,weakly_correlated,1173550,True,1.0,0.0018153190612792,23317.0,OPTIMAL,1,12,0.1126074790954589,23359.0,0.0,23359.0,0.0018153190612792,OPTIMAL,23359.0,0.1297996044158935,1.0
gkg_n4_m30_cf0.2_corrstrongly_correlated_rep0.json,4,30,0.2,strongly_correlated,1122245,True,1.0,0.0123817920684814,16782.0,OPTIMAL,3,16,0.3571741580963135,17023.0,0.0195415019989013,17023.0,0.0123817920684814,OPTIMAL,17023.0,0.177070140838623,1.0
gkg_n4_m30_cf0.2_corrstrongly_correlated_rep1.json,4,30,0.2,strongly_correlated,1132430,True,1.0,0.0079374313354492,16894.0,OPTIMAL,5,24,0.2742848396301269,17025.0,0.0157654285430908,17025.0,0.0079374313354492,OPTIMAL,17025.0,0.2291970252990722,1.0
gkg_n4_m30_cf0.2_corrstrongly_correlated_rep2.json,4,30,0.2,strongly_correlated,1142615,True,1.0,0.0125617980957031,16157.0,OPTIMAL,12,52,0.4314649105072021,16375.0,0.0161590576171875,16375.0,0.0125617980957031,OPTIMAL,16375.0,0.265589952468872,1.0
gkg_n4_m30_cf0.2_corrstrongly_correlated_rep3.json,4,30,0.2,strongly_correlated,1152800,True,1.0,0.0156705379486084,16751.0,OPTIMAL,12,28,0.2330710887908935,17042.0,0.0157420635223388,17042.0,0.0156705379486084,OPTIMAL,17042.0,0.1332652568817138,1.0
gkg_n4_m30_cf0.2_corrstrongly_correlated_rep4.json,4,30,0.2,strongly_correlated,1162985,True,1.0,0.0138518810272216,16238.0,OPTIMAL,6,20,0.1407647132873535,16480.0,0.0157725811004638,16480.0,0.0138518810272216,OPTIMAL,16480.0,0.1484088897705078,1.0
gkg_n4_m30_cf0.2_corrstrongly_correlated_rep5.json,4,30,0.2,strongly_correlated,1173170,True,1.0,0.0092999935150146,17313.0,OPTIMAL,7,24,0.387139081954956,17398.0,0.0158600807189941,17398.0,0.0092999935150146,OPTIMAL,17398.0,0.1382391452789306,1.0
gkg_n4_m30_cf0.2_corrstrongly_correlated_rep6.json,4,30,0.2,strongly_correlated,1183355,True,1.0,0.0160250663757324,16841.0,OPTIMAL,4,20,0.1259908676147461,17009.0,0.0,17009.0,0.0160250663757324,OPTIMAL,17009.0,0.0434088706970214,1.0
gkg_n4_m30_cf0.2_corrstrongly_correlated_rep7.json,4,30,0.2,strongly_correlated,1193540,True,1.0,0.009251594543457,16542.0,OPTIMAL,6,20,0.1352031230926513,16613.0,0.0125913619995117,16613.0,0.009251594543457,OPTIMAL,16613.0,0.0792813301086425,1.0
gkg_n4_m30_cf0.2_corrstrongly_correlated_rep8.json,4,30,0.2,strongly_correlated,1203725,True,1.0,0.0156960487365722,16798.0,OPTIMAL,40,104,1.021501064300537,17137.0,0.01593017578125,17137.0,0.0156960487365722,OPTIMAL,17137.0,0.1554343700408935,1.0
gkg_n4_m30_cf0.2_corrstrongly_correlated_rep9.json,4,30,0.2,strongly_correlated,1213910,True,1.0,0.0137786865234375,17356.0,OPTIMAL,5,28,0.1563210487365722,17542.0,0.0157558917999267,17542.0,0.0137786865234375,OPTIMAL,17542.0,0.0631320476531982,1.0
gkg_n4_m30_cf0.2_corruncorrelated_rep0.json,4,30,0.2,uncorrelated,1102065,True,1.0,0.0160808563232421,27665.0,OPTIMAL,1,12,0.0722668170928955,27934.0,0.0,27934.0,0.0160808563232421,OPTIMAL,27934.0,0.0373194217681884,1.0
gkg_n4_m30_cf0.2_corruncorrelated_rep1.json,4,30,0.2,uncorrelated,1112250,True,1.0,0.0178415775299072,26263.0,OPTIMAL,10,40,0.1279916763305664,26711.0,0.0100221633911132,26711.0,0.0178415775299072,OPTIMAL,26711.0,0.0381145477294921,1.0
gkg_n4_m30_cf0.2_corruncorrelated_rep2.json,4,30,0.2,uncorrelated,1122435,True,1.0,0.01399827003479,29713.0,OPTIMAL,0,4,0.0534117221832275,29713.0,0.0156893730163574,29713.0,0.01399827003479,OPTIMAL,29713.0,0.0256712436676025,1.0
gkg_n4_m30_cf0.2_corruncorrelated_rep3.json,4,30,0.2,uncorrelated,1132620,True,1.0,0.0137267112731933,26349.0,OPTIMAL,3,16,0.0612990856170654,27036.0,0.0158929824829101,27036.0,0.0137267112731933,OPTIMAL,27036.0,0.0353221893310546,1.0
gkg_n4_m30_cf0.2_corruncorrelated_rep4.json,4,30,0.2,uncorrelated,1142805,True,1.0,0.019909381866455,30550.0,OPTIMAL,4,16,0.067883014678955,30982.0,0.0097663402557373,30982.0,0.019909381866455,OPTIMAL,30982.0,0.0181212425231933,1.0
gkg_n4_m30_cf0.2_corruncorrelated_rep5.json,4,30,0.2,uncorrelated,1152990,True,1.0,0.0136342048645019,30105.0,OPTIMAL,7,20,0.0769743919372558,31785.0,0.0157315731048584,31785.0,0.0136342048645019,OPTIMAL,31785.0,0.0161778926849365,1.0
gkg_n4_m30_cf0.2_corruncorrelated_rep6.json,4,30,0.2,uncorrelated,1163175,True,1.0,0.0161161422729492,27302.0,OPTIMAL,13,28,0.0860841274261474,28811.0,0.0,28811.0,0.0161161422729492,OPTIMAL,28811.0,0.0332667827606201,1.0
gkg_n4_m30_cf0.2_corruncorrelated_rep7.json,4,30,0.2,uncorrelated,1173360,True,1.0,0.0137555599212646,28237.0,OPTIMAL,3,20,0.0614738464355468,28729.0,0.0158684253692626,28729.0,0.0137555599212646,OPTIMAL,28729.0,0.0160746574401855,1.0
gkg_n4_m30_cf0.2_corruncorrelated_rep8.json,4,30,0.2,uncorrelated,1183545,True,1.0,0.0160627365112304,28837.0,OPTIMAL,5,20,0.075599193572998,29286.0,0.0,29286.0,0.0160627365112304,OPTIMAL,29286.0,0.0207226276397705,1.0
gkg_n4_m30_cf0.2_corruncorrelated_rep9.json,4,30,0.2,uncorrelated,1193730,True,1.0,0.0158877372741699,28180.0,OPTIMAL,5,20,0.0790479183197021,28721.0,0.0,28721.0,0.0158877372741699,OPTIMAL,28721.0,0.0241224765777587,1.0
gkg_n4_m30_cf0.2_corrweakly_correlated_rep0.json,4,30,0.2,weakly_correlated,1112155,True,1.0,0.005627155303955,13008.0,OPTIMAL,6,28,0.1699872016906738,13085.0,0.0158336162567138,13085.0,0.005627155303955,OPTIMAL,13086.0,0.1092276573181152,1.000076423385556
gkg_n4_m30_cf0.2_corrweakly_correlated_rep1.json,4,30,0.2,weakly_correlated,1122340,True,1.0,0.0157957077026367,14428.0,OPTIMAL,1,12,0.1292152404785156,14501.0,0.0038115978240966,14501.0,0.0157957077026367,OPTIMAL,14501.0,0.1262788772583007,1.0
gkg_n4_m30_cf0.2_corrweakly_correlated_rep2.json,4,30,0.2,weakly_correlated,1132525,True,1.0,0.0138294696807861,12933.0,OPTIMAL,8,40,0.3387000560760498,13033.0,0.0157797336578369,13033.0,0.0138294696807861,OPTIMAL,13033.0,0.1706094741821289,1.0
gkg_n4_m30_cf0.2_corrweakly_correlated_rep3.json,4,30,0.2,weakly_correlated,1142710,True,1.0,0.003594160079956,12980.0,OPTIMAL,0,4,0.078742504119873,12980.0,0.0,12980.0,0.003594160079956,OPTIMAL,12980.0,0.0909392833709716,1.0
gkg_n4_m30_cf0.2_corrweakly_correlated_rep4.json,4,30,0.2,weakly_correlated,1152895,True,1.0,0.0096628665924072,13359.0,OPTIMAL,6,24,0.2018501758575439,13596.0,0.0157859325408935,13596.0,0.0096628665924072,OPTIMAL,13596.0,0.1124119758605957,1.0
gkg_n4_m30_cf0.2_corrweakly_correlated_rep5.json,4,30,0.2,weakly_correlated,1163080,True,1.0,0.0116329193115234,14151.0,OPTIMAL,1,12,0.0817470550537109,14207.0,0.0157325267791748,14207.0,0.0116329193115234,OPTIMAL,14207.0,0.0340247154235839,1.0
gkg_n4_m30_cf0.2_corrweakly_correlated_rep6.json,4,30,0.2,weakly_correlated,1173265,True,1.0,0.0221970081329345,14016.0,OPTIMAL,5,28,0.1908738613128662,14079.0,0.0070257186889648,14079.0,0.0221970081329345,OPTIMAL,14079.0,0.095508337020874,1.0
gkg_n4_m30_cf0.2_corrweakly_correlated_rep7.json,4,30,0.2,weakly_correlated,1183450,True,1.0,0.0120277404785156,14079.0,OPTIMAL,6,36,0.208575963973999,14213.0,0.0161325931549072,14213.0,0.0120277404785156,OPTIMAL,14213.0,0.1152360439300537,1.0
gkg_n4_m30_cf0.2_corrweakly_correlated_rep8.json,4,30,0.2,weakly_correlated,1193635,True,1.0,0.0141122341156005,13771.0,OPTIMAL,4,16,0.1075010299682617,13852.0,0.0135958194732666,13852.0,0.0141122341156005,OPTIMAL,13852.0,0.1088600158691406,1.0
gkg_n4_m30_cf0.2_corrweakly_correlated_rep9.json,4,30,0.2,weakly_correlated,1203820,True,1.0,0.0017454624176025,15025.0,OPTIMAL,0,4,0.0589733123779296,15025.0,0.0,15025.0,0.0017454624176025,OPTIMAL,15025.0,0.0648443698883056,1.0
gkg_n4_m30_cf0.5_corrstrongly_correlated_rep0.json,4,30,0.5,strongly_correlated,1152515,True,1.0,0.0203855037689209,34570.0,OPTIMAL,20,100,133.66790771484375,37558.0,0.0,37558.0,0.0203855037689209,OPTIMAL,37558.0,69.79475688934326,1.0
gkg_n4_m30_cf0.5_corrstrongly_correlated_rep1.json,4,30,0.5,strongly_correlated,1162700,True,1.0,0.0319180488586425,37743.0,OPTIMAL,125,248,6.9797234535217285,38302.0,0.0160284042358398,38302.0,0.0319180488586425,OPTIMAL,38302.0,3.498872756958008,1.0
gkg_n4_m30_cf0.5_corrstrongly_correlated_rep2.json,4,30,0.5,strongly_correlated,1172885,True,1.0,0.0256097316741943,31689.0,OPTIMAL,53,172,22.434685707092285,34834.0,0.0165743827819824,34834.0,0.0256097316741943,OPTIMAL,34836.0,37.30167603492737,1.0000574151690875
gkg_n4_m30_cf0.5_corrstrongly_correlated_rep3.json,4,30,0.5,strongly_correlated,1183070,True,1.0,0.0278840065002441,36179.0,OPTIMAL,18,88,1.7524938583374023,37139.0,0.015730857849121,37139.0,0.0278840065002441,OPTIMAL,37139.0,10.542436361312866,1.0
gkg_n4_m30_cf0.5_corrstrongly_correlated_rep4.json,4,30,0.5,strongly_correlated,1193255,True,1.0,0.0472629070281982,32412.0,OPTIMAL,2,52,0.3724043369293213,33724.0,0.0316009521484375,33724.0,0.0472629070281982,OPTIMAL,33724.0,0.193537950515747,1.0
gkg_n4_m30_cf0.5_corrstrongly_correlated_rep5.json,4,30,0.5,strongly_correlated,1203440,True,1.0,0.0237374305725097,39643.0,OPTIMAL,52,108,1.7158949375152588,40195.0,0.0087740421295166,40195.0,0.0237374305725097,OPTIMAL,40195.0,0.7109897136688232,1.0
gkg_n4_m30_cf0.5_corrstrongly_correlated_rep6.json,4,30,0.5,strongly_correlated,1213625,True,1.0,0.0298914909362792,34554.0,OPTIMAL,19,100,571.4171030521393,38018.0,0.0158255100250244,38018.0,0.0298914909362792,OPTIMAL,38018.0,27.665266036987305,1.0
gkg_n4_m30_cf0.5_corrstrongly_correlated_rep7.json,4,30,0.5,strongly_correlated,1223810,True,1.0,0.0319421291351318,34581.0,OPTIMAL,37,108,139.38649940490723,38053.0,0.0158042907714843,38053.0,0.0319421291351318,OPTIMAL,38053.0,147.53382229804993,1.0
gkg_n4_m30_cf0.5_corrstrongly_correlated_rep8.json,4,30,0.5,strongly_correlated,1233995,True,1.0,0.0628943443298339,35101.0,OPTIMAL,76,200,2.8727943897247314,37849.0,0.0117595195770263,37849.0,0.0628943443298339,OPTIMAL,37849.0,1.5450613498687744,1.0
gkg_n4_m30_cf0.5_corrstrongly_correlated_rep9.json,4,30,0.5,strongly_correlated,1244180,True,1.0,0.0638206005096435,36344.0,OPTIMAL,7,32,6.095338582992554,39240.0,0.0,39240.0,0.0638206005096435,OPTIMAL,39240.0,2.8219757080078125,1.0
gkg_n4_m30_cf0.5_corruncorrelated_rep0.json,4,30,0.5,uncorrelated,1132335,True,1.0,0.0187721252441406,34547.0,OPTIMAL,10,32,0.1552863121032714,40535.0,0.0093576908111572,40535.0,0.0187721252441406,OPTIMAL,40535.0,0.0321226119995117,1.0
gkg_n4_m30_cf0.5_corruncorrelated_rep1.json,4,30,0.5,uncorrelated,1142520,True,1.0,0.0161464214324951,38403.0,OPTIMAL,25,96,0.3013811111450195,42625.0,0.0,42625.0,0.0161464214324951,OPTIMAL,42625.0,0.0409154891967773,1.0
gkg_n4_m30_cf0.5_corruncorrelated_rep2.json,4,30,0.5,uncorrelated,1152705,True,1.0,0.0063633918762207,41201.0,OPTIMAL,10,36,0.1174635887145996,46464.0,0.0158004760742187,46464.0,0.0063633918762207,OPTIMAL,46464.0,0.0207533836364746,1.0
gkg_n4_m30_cf0.5_corruncorrelated_rep3.json,4,30,0.5,uncorrelated,1162890,True,1.0,0.0111835002899169,36835.0,OPTIMAL,9,28,0.1072127819061279,41898.0,0.0162498950958251,41898.0,0.0111835002899169,OPTIMAL,41898.0,0.0479037761688232,1.0
gkg_n4_m30_cf0.5_corruncorrelated_rep4.json,4,30,0.5,uncorrelated,1173075,True,1.0,0.0159885883331298,41948.0,OPTIMAL,10,36,0.1906158924102783,42987.0,0.015826940536499,42987.0,0.0159885883331298,OPTIMAL,42987.0,0.0668792724609375,1.0
gkg_n4_m30_cf0.5_corruncorrelated_rep5.json,4,30,0.5,uncorrelated,1183260,True,1.0,0.0315186977386474,40797.0,OPTIMAL,8,28,0.1274797916412353,42949.0,0.0,42949.0,0.0315186977386474,OPTIMAL,42949.0,0.0491230487823486,1.0
gkg_n4_m30_cf0.5_corruncorrelated_rep6.json,4,30,0.5,uncorrelated,1193445,True,1.0,0.0302767753601074,44906.0,OPTIMAL,11,44,0.2056827545166015,45521.0,0.0157756805419921,45521.0,0.0302767753601074,OPTIMAL,45521.0,0.0950508117675781,1.0
gkg_n4_m30_cf0.5_corruncorrelated_rep7.json,4,30,0.5,uncorrelated,1203630,True,1.0,0.015859842300415,39087.0,OPTIMAL,15,36,0.1831674575805664,41375.0,0.0160889625549316,41375.0,0.015859842300415,OPTIMAL,41375.0,0.0578088760375976,1.0
gkg_n4_m30_cf0.5_corruncorrelated_rep8.json,4,30,0.5,uncorrelated,1213815,True,1.0,0.0200302600860595,42345.0,OPTIMAL,0,8,0.0435757637023925,46216.0,0.0097651481628417,46216.0,0.0200302600860595,OPTIMAL,46216.0,0.0119173526763916,1.0
gkg_n4_m30_cf0.5_corruncorrelated_rep9.json,4,30,0.5,uncorrelated,1224000,True,1.0,0.0321722030639648,38643.0,OPTIMAL,14,52,0.1744461059570312,40707.0,0.0159285068511962,40707.0,0.0321722030639648,OPTIMAL,40707.0,0.0313351154327392,1.0
gkg_n4_m30_cf0.5_corrweakly_correlated_rep0.json,4,30,0.5,weakly_correlated,1142425,True,1.0,0.0315146446228027,32076.0,OPTIMAL,19,60,0.5131082534790039,32425.0,0.0157289505004882,32425.0,0.0315146446228027,OPTIMAL,32425.0,0.3017504215240478,1.0
gkg_n4_m30_cf0.5_corrweakly_correlated_rep1.json,4,30,0.5,weakly_correlated,1152610,True,1.0,0.015824556350708,31258.0,OPTIMAL,26,72,0.4996023178100586,31669.0,0.015763521194458,31669.0,0.015824556350708,OPTIMAL,31669.0,0.268233060836792,1.0
gkg_n4_m30_cf0.5_corrweakly_correlated_rep2.json,4,30,0.5,weakly_correlated,1162795,True,1.0,0.0052504539489746,31572.0,OPTIMAL,38,92,0.562716007232666,32164.0,0.0099961757659912,32164.0,0.0052504539489746,OPTIMAL,32164.0,0.3680586814880371,1.0
gkg_n4_m30_cf0.5_corrweakly_correlated_rep3.json,4,30,0.5,weakly_correlated,1172980,True,1.0,0.0093903541564941,33383.0,OPTIMAL,4,40,0.4339962005615234,33648.0,0.0157084465026855,33648.0,0.0093903541564941,OPTIMAL,33648.0,0.3094043731689453,1.0
gkg_n4_m30_cf0.5_corrweakly_correlated_rep4.json,4,30,0.5,weakly_correlated,1183165,True,1.0,0.0117383003234863,28082.0,OPTIMAL,33,60,0.5535845756530762,28788.0,0.0157856941223144,28788.0,0.0117383003234863,OPTIMAL,28788.0,0.3230793476104736,1.0
gkg_n4_m30_cf0.5_corrweakly_correlated_rep5.json,4,30,0.5,weakly_correlated,1193350,True,1.0,0.0091445446014404,30716.0,OPTIMAL,6,36,0.3238523006439209,30939.0,0.0172431468963623,30939.0,0.0091445446014404,OPTIMAL,30939.0,0.211493968963623,1.0
gkg_n4_m30_cf0.5_corrweakly_correlated_rep6.json,4,30,0.5,weakly_correlated,1203535,True,1.0,0.015275239944458,32214.0,OPTIMAL,19,48,0.4645862579345703,32620.0,0.0161349773406982,32620.0,0.015275239944458,OPTIMAL,32620.0,0.2810776233673095,1.0
gkg_n4_m30_cf0.5_corrweakly_correlated_rep7.json,4,30,0.5,weakly_correlated,1213720,True,1.0,0.0121207237243652,32773.0,OPTIMAL,16,60,0.3743112087249756,33105.0,0.0178020000457763,33105.0,0.0121207237243652,OPTIMAL,33105.0,0.1338453292846679,1.0
gkg_n4_m30_cf0.5_corrweakly_correlated_rep8.json,4,30,0.5,weakly_correlated,1223905,True,1.0,0.022639513015747,32047.0,OPTIMAL,19,76,0.4927518367767334,32421.0,0.0167233943939209,32421.0,0.022639513015747,OPTIMAL,32421.0,0.1881256103515625,1.0
gkg_n4_m30_cf0.5_corrweakly_correlated_rep9.json,4,30,0.5,weakly_correlated,1234090,True,1.0,0.0040047168731689,32174.0,OPTIMAL,42,108,0.9654269218444824,32858.0,0.0158760547637939,32858.0,0.0040047168731689,OPTIMAL,32858.0,0.1583926677703857,1.0
gkg_n4_m40_cf0.2_corrstrongly_correlated_rep0.json,4,40,0.2,strongly_correlated,1182785,True,1.0,0.0067248344421386,23253.0,OPTIMAL,16,52,0.5015408992767334,23351.0,0.0,23351.0,0.0067248344421386,OPTIMAL,23351.0,0.0886881351470947,1.0
gkg_n4_m40_cf0.2_corrstrongly_correlated_rep1.json,4,40,0.2,strongly_correlated,1192970,True,1.0,0.0059878826141357,21591.0,OPTIMAL,70,136,1.3582360744476318,21982.0,0.0,21982.0,0.0059878826141357,OPTIMAL,21982.0,0.3299376964569092,1.0
gkg_n4_m40_cf0.2_corrstrongly_correlated_rep2.json,4,40,0.2,strongly_correlated,1203155,True,1.0,0.0268449783325195,22617.0,OPTIMAL,0,12,0.233572244644165,22629.0,0.0015206336975097,22629.0,0.0268449783325195,OPTIMAL,22629.0,0.1327893733978271,1.0
gkg_n4_m40_cf0.2_corrstrongly_correlated_rep3.json,4,40,0.2,strongly_correlated,1213340,True,1.0,0.0045826435089111,21945.0,OPTIMAL,35,92,1.708155393600464,22287.0,0.0,22287.0,0.0045826435089111,OPTIMAL,22287.0,1.3956584930419922,1.0
gkg_n4_m40_cf0.2_corrstrongly_correlated_rep4.json,4,40,0.2,strongly_correlated,1223525,True,1.0,0.020869493484497,21782.0,OPTIMAL,16,44,0.6730120182037354,21970.0,0.0100002288818359,21970.0,0.020869493484497,OPTIMAL,21970.0,0.4231753349304199,1.0
gkg_n4_m40_cf0.2_corrstrongly_correlated_rep5.json,4,40,0.2,strongly_correlated,1233710,True,1.0,0.0273008346557617,23014.0,OPTIMAL,9,28,0.400890588760376,23258.0,0.0227124691009521,23258.0,0.0273008346557617,OPTIMAL,23258.0,0.0981535911560058,1.0
gkg_n4_m40_cf0.2_corrstrongly_correlated_rep6.json,4,40,0.2,strongly_correlated,1243895,True,1.0,0.0292448997497558,22843.0,OPTIMAL,0,4,0.291867733001709,22843.0,0.0102548599243164,22843.0,0.0292448997497558,OPTIMAL,22842.0,0.2718052864074707,0.9999562229129274
gkg_n4_m40_cf0.2_corrstrongly_correlated_rep7.json,4,40,0.2,strongly_correlated,1254080,True,1.0,0.0190811157226562,22979.0,OPTIMAL,20,44,0.9834232330322266,23207.0,0.0224816799163818,23207.0,0.0190811157226562,OPTIMAL,23207.0,0.1343839168548584,1.0
gkg_n4_m40_cf0.2_corrstrongly_correlated_rep8.json,4,40,0.2,strongly_correlated,1264265,True,1.0,0.0303070545196533,22166.0,OPTIMAL,19,40,0.373223066329956,22541.00146398547,0.0106403827667236,22541.0,0.0303070545196533,OPTIMAL,22541.0,0.0613799095153808,1.0
gkg_n4_m40_cf0.2_corrstrongly_correlated_rep9.json,4,40,0.2,strongly_correlated,1274450,True,1.0,0.0182001590728759,22543.0,OPTIMAL,1,20,0.2635841369628906,22656.0,0.0111434459686279,22656.0,0.0182001590728759,OPTIMAL,22656.0,0.2094907760620117,1.0
gkg_n4_m40_cf0.2_corruncorrelated_rep0.json,4,40,0.2,uncorrelated,1162605,True,1.0,0.0180027484893798,38605.0,OPTIMAL,5,16,0.0765855312347412,39911.0,0.0101881027221679,39911.0,0.0180027484893798,OPTIMAL,39911.0,0.0440144538879394,1.0
gkg_n4_m40_cf0.2_corruncorrelated_rep1.json,4,40,0.2,uncorrelated,1172790,True,1.0,0.0188808441162109,36722.0,OPTIMAL,4,16,0.0729780197143554,37568.0,0.0097963809967041,37568.0,0.0188808441162109,OPTIMAL,37568.0,0.0412054061889648,1.0
gkg_n4_m40_cf0.2_corruncorrelated_rep2.json,4,40,0.2,uncorrelated,1182975,True,1.0,0.0181043148040771,35384.0,OPTIMAL,16,48,0.2085368633270263,37003.0,0.0172061920166015,37003.0,0.0181043148040771,OPTIMAL,37003.0,0.0597877502441406,1.0
gkg_n4_m40_cf0.2_corruncorrelated_rep3.json,4,40,0.2,uncorrelated,1193160,True,1.0,0.020158052444458,35919.0,OPTIMAL,5,16,0.1009526252746582,37806.0,0.0100009441375732,37806.0,0.020158052444458,OPTIMAL,37806.0,0.0484657287597656,1.0
gkg_n4_m40_cf0.2_corruncorrelated_rep4.json,4,40,0.2,uncorrelated,1203345,True,1.0,0.0176553726196289,34612.0,OPTIMAL,5,28,0.1172513961791992,35795.0,0.0130023956298828,35795.0,0.0176553726196289,OPTIMAL,35795.0,0.0265254974365234,1.0
gkg_n4_m40_cf0.2_corruncorrelated_rep5.json,4,40,0.2,uncorrelated,1213530,True,1.0,0.0170047283172607,36953.0,OPTIMAL,3,16,0.088205337524414,37246.0,0.0102982521057128,37246.0,0.0170047283172607,OPTIMAL,37246.0,0.046675682067871,1.0
gkg_n4_m40_cf0.2_corruncorrelated_rep6.json,4,40,0.2,uncorrelated,1223715,True,1.0,0.007796287536621,37432.0,OPTIMAL,10,28,0.1204123497009277,38808.0,0.0025818347930908,38808.0,0.007796287536621,OPTIMAL,38808.0,0.0518925189971923,1.0
gkg_n4_m40_cf0.2_corruncorrelated_rep7.json,4,40,0.2,uncorrelated,1233900,True,1.0,0.0138092041015625,38418.0,OPTIMAL,12,44,0.2108240127563476,39564.0,0.0161945819854736,39564.0,0.0138092041015625,OPTIMAL,39564.0,0.0517222881317138,1.0
gkg_n4_m40_cf0.2_corruncorrelated_rep8.json,4,40,0.2,uncorrelated,1244085,True,1.0,0.0056219100952148,41308.0,OPTIMAL,6,16,0.0732054710388183,42976.0,0.0,42976.0,0.0056219100952148,OPTIMAL,42976.0,0.0290343761444091,1.0
gkg_n4_m40_cf0.2_corruncorrelated_rep9.json,4,40,0.2,uncorrelated,1254270,True,1.0,0.0139026641845703,39020.0,OPTIMAL,14,52,0.2102096080780029,39834.0,0.015798807144165,39834.0,0.0139026641845703,OPTIMAL,39834.0,0.0596895217895507,1.0
gkg_n4_m40_cf0.2_corrweakly_correlated_rep0.json,4,40,0.2,weakly_correlated,1172695,True,1.0,0.0039093494415283,18988.0,OPTIMAL,1,20,0.165137767791748,19018.0,0.0,19018.0,0.0039093494415283,OPTIMAL,19018.0,0.125119924545288,1.0
gkg_n4_m40_cf0.2_corrweakly_correlated_rep1.json,4,40,0.2,weakly_correlated,1182880,True,1.0,0.0184602737426757,18797.0,OPTIMAL,13,36,0.2541146278381347,19080.0,0.0070111751556396,19080.0,0.0184602737426757,OPTIMAL,19080.0,0.1229097843170166,1.0
gkg_n4_m40_cf0.2_corrweakly_correlated_rep2.json,4,40,0.2,weakly_correlated,1193065,True,1.0,0.0114428997039794,18225.0,OPTIMAL,12,32,0.2167608737945556,18424.0,0.0157277584075927,18424.0,0.0114428997039794,OPTIMAL,18424.0,0.1148502826690673,1.0
gkg_n4_m40_cf0.2_corrweakly_correlated_rep3.json,4,40,0.2,weakly_correlated,1203250,True,1.0,0.0135393142700195,19571.0,OPTIMAL,1,12,0.165083646774292,19608.0,0.0157537460327148,19608.0,0.0135393142700195,OPTIMAL,19608.0,0.1709191799163818,1.0
gkg_n4_m40_cf0.2_corrweakly_correlated_rep4.json,4,40,0.2,weakly_correlated,1213435,True,1.0,0.0194001197814941,17655.0,OPTIMAL,0,12,0.2038567066192627,17691.0,0.0,17691.0,0.0194001197814941,OPTIMAL,17691.0,0.2374658584594726,1.0
gkg_n4_m40_cf0.2_corrweakly_correlated_rep5.json,4,40,0.2,weakly_correlated,1223620,True,1.0,0.0083165168762207,18713.0,OPTIMAL,3,20,0.2559785842895508,18786.0,0.0156750679016113,18786.0,0.0083165168762207,OPTIMAL,18786.0,0.2240297794342041,1.0
gkg_n4_m40_cf0.2_corrweakly_correlated_rep6.json,4,40,0.2,weakly_correlated,1233805,True,1.0,0.0194141864776611,17745.0,OPTIMAL,6,32,0.3866231441497803,17860.0,0.0100288391113281,17860.0,0.0194141864776611,OPTIMAL,17860.0,0.2150106430053711,1.0
gkg_n4_m40_cf0.2_corrweakly_correlated_rep7.json,4,40,0.2,weakly_correlated,1243990,True,1.0,0.0164961814880371,18131.0,OPTIMAL,8,32,0.3467955589294433,18261.0,0.0099997520446777,18261.0,0.0164961814880371,OPTIMAL,18261.0,0.2160370349884033,1.0
gkg_n4_m40_cf0.2_corrweakly_correlated_rep8.json,4,40,0.2,weakly_correlated,1254175,True,1.0,0.0129005908966064,18193.0,OPTIMAL,2,16,0.232712984085083,18210.0,0.0,18210.0,0.0129005908966064,OPTIMAL,18210.0,0.1300973892211914,1.0
gkg_n4_m40_cf0.2_corrweakly_correlated_rep9.json,4,40,0.2,weakly_correlated,1264360,True,1.0,0.0119655132293701,18337.0,OPTIMAL,3,16,0.1406950950622558,18444.0,0.0,18444.0,0.0119655132293701,OPTIMAL,18444.0,0.1170501708984375,1.0
gkg_n4_m40_cf0.5_corrstrongly_correlated_rep0.json,4,40,0.5,strongly_correlated,1213055,True,1.0,0.0338642597198486,44318.0,OPTIMAL,16,96,141.95009899139404,47821.0,0.0208079814910888,47821.0,0.0338642597198486,OPTIMAL,47823.0,45.24471354484558,1.0000418226302252
gkg_n4_m40_cf0.5_corrstrongly_correlated_rep1.json,4,40,0.5,strongly_correlated,1223240,True,1.0,0.0629909038543701,46001.0,OPTIMAL,39,136,62.34460067749024,49850.0,0.0801448822021484,49850.0,0.0629909038543701,OPTIMAL,49854.0,5.788820505142212,1.0000802407221665
gkg_n4_m40_cf0.5_corrstrongly_correlated_rep2.json,4,40,0.5,strongly_correlated,1233425,True,1.0,0.0318405628204345,48612.0,OPTIMAL,23,76,17.8463716506958,48972.0,0.0162105560302734,48972.0,0.0318405628204345,OPTIMAL,48974.0,5.758279085159302,1.0000408396634812
gkg_n4_m40_cf0.5_corrstrongly_correlated_rep3.json,4,40,0.5,strongly_correlated,1243610,True,1.0,0.0568575859069824,46225.0,OPTIMAL,15,84,19.55371046066284,48261.0,0.0264825820922851,48261.0,0.0568575859069824,OPTIMAL,48261.0,18.73384094238281,1.0
gkg_n4_m40_cf0.5_corrstrongly_correlated_rep4.json,4,40,0.5,strongly_correlated,1253795,True,1.0,0.0423882007598876,44380.0,OPTIMAL,74,176,14.94500494003296,47846.0,0.0157907009124755,47846.0,0.0423882007598876,OPTIMAL,47846.0,5.244795799255371,1.0
gkg_n4_m40_cf0.5_corrstrongly_correlated_rep5.json,4,40,0.5,strongly_correlated,1263980,True,1.0,0.0448064804077148,47991.0,OPTIMAL,46,116,3.597548484802246,48405.0,0.0794625282287597,48405.0,0.0448064804077148,OPTIMAL,48405.0,2.425166606903076,1.0
gkg_n4_m40_cf0.5_corrstrongly_correlated_rep6.json,4,40,0.5,strongly_correlated,1274165,True,1.0,0.0418753623962402,48011.0,OPTIMAL,7,64,4.663514137268066,48610.0,0.0158321857452392,48610.0,0.0418753623962402,OPTIMAL,48610.0,2.333402156829834,1.0
gkg_n4_m40_cf0.5_corrstrongly_correlated_rep7.json,4,40,0.5,strongly_correlated,1284350,True,1.0,0.0599315166473388,45764.0,OPTIMAL,11,96,68.84757399559021,48589.0,0.0317890644073486,48589.0,0.0599315166473388,OPTIMAL,48589.0,173.47473287582395,1.0
gkg_n4_m40_cf0.5_corrstrongly_correlated_rep8.json,4,40,0.5,strongly_correlated,1294535,True,1.0,0.0415189266204834,47461.0,OPTIMAL,56,168,3.405867338180542,50363.0,0.016036033630371,50363.0,0.0415189266204834,OPTIMAL,50363.0,36.40056467056274,1.0
gkg_n4_m40_cf0.5_corrstrongly_correlated_rep9.json,4,40,0.5,strongly_correlated,1304720,True,1.0,0.0793676376342773,50032.0,OPTIMAL,112,268,4.931022882461548,52549.0,0.0315561294555664,52549.0,0.0793676376342773,OPTIMAL,52549.0,0.4574136734008789,1.0
gkg_n4_m40_cf0.5_corruncorrelated_rep0.json,4,40,0.5,uncorrelated,1192875,True,1.0,0.0101222991943359,53873.0,OPTIMAL,11,28,0.1563992500305175,57485.0,0.0216522216796875,57485.0,0.0101222991943359,OPTIMAL,57485.0,0.0484683513641357,1.0
gkg_n4_m40_cf0.5_corruncorrelated_rep1.json,4,40,0.5,uncorrelated,1203060,True,1.0,0.0216913223266601,49147.0,OPTIMAL,11,36,0.164823293685913,53278.0,0.0158305168151855,53278.0,0.0216913223266601,OPTIMAL,53278.0,0.0333929061889648,1.0
gkg_n4_m40_cf0.5_corruncorrelated_rep2.json,4,40,0.5,uncorrelated,1213245,True,1.0,0.045170783996582,48122.0,OPTIMAL,4,16,0.1090168952941894,52449.0,0.0161387920379638,52449.0,0.045170783996582,OPTIMAL,52449.0,0.0218617916107177,1.0
gkg_n4_m40_cf0.5_corruncorrelated_rep3.json,4,40,0.5,uncorrelated,1223430,True,1.0,0.0335805416107177,46190.0,OPTIMAL,11,44,0.1637470722198486,52486.0,0.0100212097167968,52486.0,0.0335805416107177,OPTIMAL,52486.0,0.0401954650878906,1.0
gkg_n4_m40_cf0.5_corruncorrelated_rep4.json,4,40,0.5,uncorrelated,1233615,True,1.0,0.0300836563110351,52297.0,OPTIMAL,15,36,0.2052841186523437,56849.0,0.0159106254577636,56849.0,0.0300836563110351,OPTIMAL,56849.0,0.0699124336242675,1.0
gkg_n4_m40_cf0.5_corruncorrelated_rep5.json,4,40,0.5,uncorrelated,1243800,True,1.0,0.0320785045623779,52552.0,OPTIMAL,25,88,0.3828771114349365,57644.0,0.0159573554992675,57644.0,0.0320785045623779,OPTIMAL,57644.0,0.0618751049041748,1.0
gkg_n4_m40_cf0.5_corruncorrelated_rep6.json,4,40,0.5,uncorrelated,1253985,True,1.0,0.0295150279998779,49913.0,OPTIMAL,4,16,0.0789117813110351,55001.0,0.0158417224884033,55001.0,0.0295150279998779,OPTIMAL,55001.0,0.0152227878570556,1.0
gkg_n4_m40_cf0.5_corruncorrelated_rep7.json,4,40,0.5,uncorrelated,1264170,True,1.0,0.0152080059051513,53660.0,OPTIMAL,7,24,0.1176073551177978,58989.0,0.0,58989.0,0.0152080059051513,OPTIMAL,58989.0,0.064500093460083,1.0
gkg_n4_m40_cf0.5_corruncorrelated_rep8.json,4,40,0.5,uncorrelated,1274355,True,1.0,0.0194628238677978,55461.0,OPTIMAL,7,28,0.143679141998291,57978.0,0.0158107280731201,57978.0,0.0194628238677978,OPTIMAL,57978.0,0.0403957366943359,1.0
gkg_n4_m40_cf0.5_corruncorrelated_rep9.json,4,40,0.5,uncorrelated,1284540,True,1.0,0.0321948528289794,46250.0,OPTIMAL,7,24,0.1499922275543213,50779.0,0.0198748111724853,50779.0,0.0321948528289794,OPTIMAL,50779.0,0.0345728397369384,1.0
gkg_n4_m40_cf0.5_corrweakly_correlated_rep0.json,4,40,0.5,weakly_correlated,1202965,True,1.0,0.0458207130432128,44625.0,OPTIMAL,18,48,0.434880256652832,45050.0,0.0131280422210693,45050.0,0.0458207130432128,OPTIMAL,45050.0,0.2536466121673584,1.0
gkg_n4_m40_cf0.5_corrweakly_correlated_rep1.json,4,40,0.5,weakly_correlated,1213150,True,1.0,0.01326584815979,41566.0,OPTIMAL,77,144,0.8333430290222168,42515.0,0.0157442092895507,42515.0,0.01326584815979,OPTIMAL,42515.0,0.2968080043792724,1.0
gkg_n4_m40_cf0.5_corrweakly_correlated_rep2.json,4,40,0.5,weakly_correlated,1223335,True,1.0,0.0485370159149169,41775.0,OPTIMAL,26,72,0.5069458484649658,42283.0,0.0158214569091796,42283.0,0.0485370159149169,OPTIMAL,42283.0,0.2400343418121338,1.0
gkg_n4_m40_cf0.5_corrweakly_correlated_rep3.json,4,40,0.5,weakly_correlated,1233520,True,1.0,0.0133247375488281,40093.0,OPTIMAL,37,92,0.6769187450408936,40703.0,0.015733003616333,40703.0,0.0133247375488281,OPTIMAL,40703.0,0.2185025215148925,1.0
gkg_n4_m40_cf0.5_corrweakly_correlated_rep4.json,4,40,0.5,weakly_correlated,1243705,True,1.0,0.021388292312622,42549.0,OPTIMAL,25,52,0.3780956268310547,43050.0,0.0157544612884521,43050.0,0.021388292312622,OPTIMAL,43050.0,0.2841064929962158,1.0
gkg_n4_m40_cf0.5_corrweakly_correlated_rep5.json,4,40,0.5,weakly_correlated,1253890,True,1.0,0.0280413627624511,44392.0,OPTIMAL,21,60,0.6238822937011719,44750.0,0.0218167304992675,44750.0,0.0280413627624511,OPTIMAL,44750.0,0.337071418762207,1.0
gkg_n4_m40_cf0.5_corrweakly_correlated_rep6.json,4,40,0.5,weakly_correlated,1264075,True,1.0,0.0476603507995605,43585.0,OPTIMAL,60,120,1.522321701049805,44064.0,0.0157811641693115,44064.0,0.0476603507995605,OPTIMAL,44064.0,0.4256744384765625,1.0
gkg_n4_m40_cf0.5_corrweakly_correlated_rep7.json,4,40,0.5,weakly_correlated,1274260,True,1.0,0.0239796638488769,38935.0,OPTIMAL,26,68,0.6076507568359375,39652.0,0.0,39652.0,0.0239796638488769,OPTIMAL,39652.0,0.4452495574951172,1.0
gkg_n4_m40_cf0.5_corrweakly_correlated_rep8.json,4,40,0.5,weakly_correlated,1284445,True,1.0,0.0270655155181884,42041.0,OPTIMAL,7,20,0.2197883129119873,42575.0,0.0474143028259277,42575.0,0.0270655155181884,OPTIMAL,42575.0,0.1404840946197509,1.0
gkg_n4_m40_cf0.5_corrweakly_correlated_rep9.json,4,40,0.5,weakly_correlated,1294630,True,1.0,0.029672622680664,44425.0,OPTIMAL,14,56,0.5841593742370605,44860.0,0.0,44860.0,0.029672622680664,OPTIMAL,44860.0,0.1735997200012207,1.0
gkg_n4_m50_cf0.2_corrstrongly_correlated_rep0.json,4,50,0.2,strongly_correlated,1243325,True,1.0,0.0573596954345703,27377.0,OPTIMAL,30,72,1.2585649490356443,27876.0,0.0156741142272949,27876.0,0.0573596954345703,OPTIMAL,27876.0,0.8593757152557373,1.0
gkg_n4_m50_cf0.2_corrstrongly_correlated_rep1.json,4,50,0.2,strongly_correlated,1253510,True,1.0,0.0136938095092773,28185.0,OPTIMAL,32,92,1.013368844985962,28493.0,0.0160386562347412,28493.0,0.0136938095092773,OPTIMAL,28493.0,0.3367953300476074,1.0
gkg_n4_m50_cf0.2_corrstrongly_correlated_rep2.json,4,50,0.2,strongly_correlated,1263695,True,1.0,0.0550458431243896,27272.0,OPTIMAL,44,112,1.9316394329071045,27565.0,0.0348303318023681,27565.0,0.0550458431243896,OPTIMAL,27565.0,0.4783847332000732,1.0
gkg_n4_m50_cf0.2_corrstrongly_correlated_rep3.json,4,50,0.2,strongly_correlated,1273880,True,1.0,0.031564712524414,28401.0,OPTIMAL,7,48,0.6843414306640625,28499.0,0.013108491897583,28499.0,0.031564712524414,OPTIMAL,28499.0,0.3291878700256347,1.0
gkg_n4_m50_cf0.2_corrstrongly_correlated_rep4.json,4,50,0.2,strongly_correlated,1284065,True,1.0,0.0179972648620605,27266.0,OPTIMAL,17,64,0.9651980400085448,27561.0,0.015937328338623,27561.0,0.0179972648620605,OPTIMAL,27561.0,0.516380786895752,1.0
gkg_n4_m50_cf0.2_corrstrongly_correlated_rep5.json,4,50,0.2,strongly_correlated,1294250,True,1.0,0.0158393383026123,28028.0,OPTIMAL,40,88,0.6551525592803955,28395.0,0.0158262252807617,28395.0,0.0158393383026123,OPTIMAL,28395.0,0.3439047336578369,1.0
gkg_n4_m50_cf0.2_corrstrongly_correlated_rep6.json,4,50,0.2,strongly_correlated,1304435,True,1.0,0.0350453853607177,26931.0,OPTIMAL,38,72,0.9303159713745116,27518.0,0.0131299495697021,27518.0,0.0350453853607177,OPTIMAL,27518.0,0.0678596496582031,1.0
gkg_n4_m50_cf0.2_corrstrongly_correlated_rep7.json,4,50,0.2,strongly_correlated,1314620,True,1.0,0.0159370899200439,28129.0,OPTIMAL,12,52,0.6005511283874512,28425.0,0.0,28425.0,0.0159370899200439,OPTIMAL,28425.0,0.3378193378448486,1.0
gkg_n4_m50_cf0.2_corrstrongly_correlated_rep8.json,4,50,0.2,strongly_correlated,1324805,True,1.0,0.0111668109893798,27826.0,OPTIMAL,65,160,8.01383924484253,28133.0,0.0157594680786132,28133.0,0.0111668109893798,OPTIMAL,28133.0,2.0580697059631348,1.0
gkg_n4_m50_cf0.2_corrstrongly_correlated_rep9.json,4,50,0.2,strongly_correlated,1334990,True,1.0,0.0481970310211181,26752.0,OPTIMAL,41,136,2.52742862701416,27052.0,0.0257859230041503,27052.0,0.0481970310211181,OPTIMAL,27052.0,0.9530069828033448,1.0
gkg_n4_m50_cf0.2_corruncorrelated_rep0.json,4,50,0.2,uncorrelated,1223145,True,1.0,0.0225675106048584,51294.0,OPTIMAL,6,20,0.1040358543395996,52712.0,0.0159306526184082,52712.0,0.0225675106048584,OPTIMAL,52712.0,0.0612740516662597,1.0
gkg_n4_m50_cf0.2_corruncorrelated_rep1.json,4,50,0.2,uncorrelated,1233330,True,1.0,0.0157496929168701,45755.0,OPTIMAL,18,48,0.2061374187469482,49579.0,0.0194628238677978,49579.0,0.0157496929168701,OPTIMAL,49579.0,0.0476140975952148,1.0
gkg_n4_m50_cf0.2_corruncorrelated_rep2.json,4,50,0.2,uncorrelated,1243515,True,1.0,0.0149049758911132,48476.0,OPTIMAL,5,16,0.0814874172210693,51120.0,0.0157468318939209,51120.0,0.0149049758911132,OPTIMAL,51120.0,0.0320768356323242,1.0
gkg_n4_m50_cf0.2_corruncorrelated_rep3.json,4,50,0.2,uncorrelated,1253700,True,1.0,0.020059585571289,43910.0,OPTIMAL,11,32,0.1380910873413086,46412.0,0.0069401264190673,46412.0,0.020059585571289,OPTIMAL,46412.0,0.0460808277130126,1.0
gkg_n4_m50_cf0.2_corruncorrelated_rep4.json,4,50,0.2,uncorrelated,1263885,True,1.0,0.0159909725189209,45083.0,OPTIMAL,4,12,0.0795648097991943,46964.0,0.0,46964.0,0.0159909725189209,OPTIMAL,46964.0,0.0471198558807373,1.0
gkg_n4_m50_cf0.2_corruncorrelated_rep5.json,4,50,0.2,uncorrelated,1274070,True,1.0,0.0157175064086914,48217.0,OPTIMAL,28,68,0.3185336589813232,50948.0,0.0177888870239257,50948.0,0.0157175064086914,OPTIMAL,50948.0,0.070674180984497,1.0
gkg_n4_m50_cf0.2_corruncorrelated_rep6.json,4,50,0.2,uncorrelated,1284255,True,1.0,0.0123069286346435,45925.0,OPTIMAL,18,68,0.3021228313446045,48207.0,0.0,48207.0,0.0123069286346435,OPTIMAL,48207.0,0.0470530986785888,1.0
gkg_n4_m50_cf0.2_corruncorrelated_rep7.json,4,50,0.2,uncorrelated,1294440,True,1.0,0.0158839225769042,45793.0,OPTIMAL,28,68,0.282059907913208,48103.0,0.0158255100250244,48103.0,0.0158839225769042,OPTIMAL,48103.0,0.0393459796905517,1.0
gkg_n4_m50_cf0.2_corruncorrelated_rep8.json,4,50,0.2,uncorrelated,1304625,True,1.0,0.0240511894226074,45781.0,OPTIMAL,17,48,0.2943065166473388,47255.0,0.0264551639556884,47255.0,0.0240511894226074,OPTIMAL,47255.0,0.1083970069885253,1.0
gkg_n4_m50_cf0.2_corruncorrelated_rep9.json,4,50,0.2,uncorrelated,1314810,True,1.0,0.0156807899475097,45816.0,OPTIMAL,26,84,0.3450617790222168,47612.0,0.0158336162567138,47612.0,0.0156807899475097,OPTIMAL,47612.0,0.0790493488311767,1.0
gkg_n4_m50_cf0.2_corrweakly_correlated_rep0.json,4,50,0.2,weakly_correlated,1233235,True,1.0,0.020888328552246,22750.0,OPTIMAL,9,40,0.3955078125,22869.0,0.0,22869.0,0.020888328552246,OPTIMAL,22869.0,0.2427880764007568,1.0
gkg_n4_m50_cf0.2_corrweakly_correlated_rep1.json,4,50,0.2,weakly_correlated,1243420,True,1.0,0.0196406841278076,23349.0,OPTIMAL,0,4,0.2004663944244384,23349.0,0.0157556533813476,23349.0,0.0196406841278076,OPTIMAL,23349.0,0.1877942085266113,1.0
gkg_n4_m50_cf0.2_corrweakly_correlated_rep2.json,4,50,0.2,weakly_correlated,1253605,True,1.0,0.0100350379943847,22133.0,OPTIMAL,2,16,0.1839532852172851,22150.0,0.0159151554107666,22150.0,0.0100350379943847,OPTIMAL,22150.0,0.2022328376770019,1.0
gkg_n4_m50_cf0.2_corrweakly_correlated_rep3.json,4,50,0.2,weakly_correlated,1263790,True,1.0,0.0213639736175537,22769.0,OPTIMAL,18,48,0.4150373935699463,22983.0,0.0041995048522949,22983.0,0.0213639736175537,OPTIMAL,22983.0,0.1971516609191894,1.0
gkg_n4_m50_cf0.2_corrweakly_correlated_rep4.json,4,50,0.2,weakly_correlated,1273975,True,1.0,0.0198695659637451,23901.0,OPTIMAL,6,32,0.3481879234313965,23994.0,0.0114448070526123,23994.0,0.0198695659637451,OPTIMAL,23994.0,0.1548764705657959,1.0
gkg_n4_m50_cf0.2_corrweakly_correlated_rep5.json,4,50,0.2,weakly_correlated,1284160,True,1.0,0.0354754924774169,24386.0,OPTIMAL,4,20,0.184575080871582,24512.0,0.023904800415039,24512.0,0.0354754924774169,OPTIMAL,24512.0,0.0939478874206543,1.0
gkg_n4_m50_cf0.2_corrweakly_correlated_rep6.json,4,50,0.2,weakly_correlated,1294345,True,1.0,0.0103588104248046,23337.0,OPTIMAL,8,32,0.4773216247558594,23477.0,0.0157570838928222,23477.0,0.0103588104248046,OPTIMAL,23477.0,0.2230749130249023,1.0
gkg_n4_m50_cf0.2_corrweakly_correlated_rep7.json,4,50,0.2,weakly_correlated,1304530,True,1.0,0.015674352645874,25076.0,OPTIMAL,0,12,0.2338547706604004,25098.0,0.0158247947692871,25098.0,0.015674352645874,OPTIMAL,25098.0,0.2381322383880615,1.0
gkg_n4_m50_cf0.2_corrweakly_correlated_rep8.json,4,50,0.2,weakly_correlated,1314715,True,1.0,0.0116772651672363,23366.0,OPTIMAL,6,24,0.2463016510009765,23516.0,0.0161244869232177,23516.0,0.0116772651672363,OPTIMAL,23516.0,0.2208330631256103,1.0
gkg_n4_m50_cf0.2_corrweakly_correlated_rep9.json,4,50,0.2,weakly_correlated,1324900,True,1.0,0.0218031406402587,23714.0,OPTIMAL,0,4,0.1357593536376953,23714.0,0.0117719173431396,23714.0,0.0218031406402587,OPTIMAL,23714.0,0.2323591709136963,1.0
gkg_n4_m50_cf0.5_corrstrongly_correlated_rep0.json,4,50,0.5,strongly_correlated,1273595,True,1.0,0.0564973354339599,59624.0,OPTIMAL,26,164,15.058629512786863,64760.0,0.0253815650939941,64760.0,0.0564973354339599,OPTIMAL,64760.0,6.680668354034424,1.0
gkg_n4_m50_cf0.5_corrstrongly_correlated_rep1.json,4,50,0.5,strongly_correlated,1283780,True,1.0,0.0628995895385742,55639.0,OPTIMAL,46,164,21.19052743911743,58998.0,0.0215718746185302,58998.0,0.0628995895385742,OPTIMAL,58996.0,3.61342978477478,0.9999661005457812
gkg_n4_m50_cf0.5_corrstrongly_correlated_rep2.json,4,50,0.5,strongly_correlated,1293965,True,1.0,0.0637745857238769,53873.0,OPTIMAL,22,92,7.59001612663269,60289.0,0.0170357227325439,60289.0,0.0637745857238769,OPTIMAL,60291.0,10.582556009292604,1.0000331735474133
gkg_n4_m50_cf0.5_corrstrongly_correlated_rep3.json,4,50,0.5,strongly_correlated,1304150,True,1.0,0.032332420349121,55693.0,OPTIMAL,32,96,5.886850357055664,63061.0,0.0295667648315429,63061.0,0.032332420349121,OPTIMAL,63056.0,1.771465539932251,0.999920711691854
gkg_n4_m50_cf0.5_corrstrongly_correlated_rep4.json,4,50,0.5,strongly_correlated,1314335,True,1.0,0.0958578586578369,54006.0,OPTIMAL,65,172,9.099910497665403,59376.0,0.0275743007659912,59376.0,0.0958578586578369,OPTIMAL,59375.0,22.308253526687626,0.9999831581783886
gkg_n4_m50_cf0.5_corrstrongly_correlated_rep5.json,4,50,0.5,strongly_correlated,1324520,True,1.0,0.0619857311248779,61323.0,OPTIMAL,16,84,3.242560386657715,63174.0,0.0316500663757324,63174.0,0.0619857311248779,OPTIMAL,63173.0,29.36004090309143,0.9999841707031374
gkg_n4_m50_cf0.5_corrstrongly_correlated_rep6.json,4,50,0.5,strongly_correlated,1334705,True,1.0,0.0475289821624755,63482.0,OPTIMAL,63,156,231.4676823616028,64443.0,0.0158047676086425,64443.0,0.0475289821624755,OPTIMAL,64445.0,61.86349558830261,1.0000310351783748
gkg_n4_m50_cf0.5_corrstrongly_correlated_rep7.json,4,50,0.5,strongly_correlated,1344890,True,1.0,0.0812604427337646,64853.0,OPTIMAL,84,160,17.49204111099243,65399.0,0.033806562423706,65399.0,0.0812604427337646,OPTIMAL,65401.0,6.698101282119751,1.0000305815073625
gkg_n4_m50_cf0.5_corrstrongly_correlated_rep8.json,4,50,0.5,strongly_correlated,1355075,True,1.0,0.0851504802703857,58249.0,TIME_LIMIT,64,196,600.0438282489777,60994.0,0.0236308574676513,60994.0,0.0851504802703857,OPTIMAL,60995.0,16.11558699607849,1.0000163950552514
gkg_n4_m50_cf0.5_corrstrongly_correlated_rep9.json,4,50,0.5,strongly_correlated,1365260,True,1.0,0.1491622924804687,60128.0,OPTIMAL,31,52,5.504301309585571,60889.0,0.0510673522949218,60889.0,0.1491622924804687,OPTIMAL,60889.0,5.461148738861084,1.0
gkg_n4_m50_cf0.5_corruncorrelated_rep0.json,4,50,0.5,uncorrelated,1253415,True,1.0,0.0899393558502197,70949.0,OPTIMAL,18,64,0.7321417331695557,76733.0,0.0318975448608398,76733.0,0.0899393558502197,OPTIMAL,76731.0,0.1053850650787353,0.9999739355948548
gkg_n4_m50_cf0.5_corruncorrelated_rep1.json,4,50,0.5,uncorrelated,1263600,True,1.0,0.0690774917602539,63755.0,OPTIMAL,16,56,0.6314737796783447,68750.0,0.0315039157867431,68750.0,0.0690774917602539,OPTIMAL,68750.0,0.1730959415435791,1.0
gkg_n4_m50_cf0.5_corruncorrelated_rep2.json,4,50,0.5,uncorrelated,1273785,True,1.0,0.0752108097076416,65705.0,OPTIMAL,11,40,0.4075040817260742,71527.0,0.0380868911743164,71527.0,0.0752108097076416,OPTIMAL,71527.0,0.1131460666656494,1.0
gkg_n4_m50_cf0.5_corruncorrelated_rep3.json,4,50,0.5,uncorrelated,1283970,True,1.0,0.0695056915283203,63913.0,OPTIMAL,20,48,0.4741413593292236,70683.0,0.0457527637481689,70683.0,0.0695056915283203,OPTIMAL,70683.0,0.128173828125,1.0
gkg_n4_m50_cf0.5_corruncorrelated_rep4.json,4,50,0.5,uncorrelated,1294155,True,1.0,0.0761458873748779,69363.0,OPTIMAL,4,24,0.2691411972045898,76479.0,0.0407085418701171,76479.0,0.0761458873748779,OPTIMAL,76479.0,0.0791542530059814,1.0
gkg_n4_m50_cf0.5_corruncorrelated_rep5.json,4,50,0.5,uncorrelated,1304340,True,1.0,0.0622062683105468,71486.0,OPTIMAL,9,20,0.3086364269256592,73701.0,0.0369689464569091,73701.0,0.0622062683105468,OPTIMAL,73701.0,0.1715140342712402,1.0
gkg_n4_m50_cf0.5_corruncorrelated_rep6.json,4,50,0.5,uncorrelated,1314525,True,1.0,0.0734212398529052,67844.0,OPTIMAL,8,24,0.311669111251831,72954.0,0.0321078300476074,72954.0,0.0734212398529052,OPTIMAL,72954.0,0.0946285724639892,1.0
gkg_n4_m50_cf0.5_corruncorrelated_rep7.json,4,50,0.5,uncorrelated,1324710,True,1.0,0.0951738357543945,70075.0,OPTIMAL,21,56,0.6232740879058838,74390.0,0.0337657928466796,74390.0,0.0951738357543945,OPTIMAL,74390.0,0.1530117988586425,1.0
gkg_n4_m50_cf0.5_corruncorrelated_rep8.json,4,50,0.5,uncorrelated,1334895,True,1.0,0.0738449096679687,62388.0,OPTIMAL,16,36,0.4554429054260254,69098.0,0.0437440872192382,69098.0,0.0738449096679687,OPTIMAL,69098.0,0.0634722709655761,1.0
gkg_n4_m50_cf0.5_corruncorrelated_rep9.json,4,50,0.5,uncorrelated,1345080,True,1.0,0.0997030735015869,64356.0,OPTIMAL,14,40,0.4875824451446533,70789.0,0.0359809398651123,70789.0,0.0997030735015869,OPTIMAL,70789.0,0.1120190620422363,1.0
gkg_n4_m50_cf0.5_corrweakly_correlated_rep0.json,4,50,0.5,weakly_correlated,1263505,True,1.0,0.1360740661621093,50639.0,OPTIMAL,161,300,7.899071216583252,54231.0,0.062220811843872,54231.0,0.1360740661621093,OPTIMAL,54231.0,0.8488149642944336,1.0
gkg_n4_m50_cf0.5_corrweakly_correlated_rep1.json,4,50,0.5,weakly_correlated,1273690,True,1.0,0.1322555541992187,53366.0,OPTIMAL,80,144,8.896103620529175,54006.0,0.0639140605926513,54006.0,0.1322555541992187,OPTIMAL,54006.0,1.893419981002808,1.0
gkg_n4_m50_cf0.5_corrweakly_correlated_rep2.json,4,50,0.5,weakly_correlated,1283875,True,1.0,0.1347682476043701,56304.0,OPTIMAL,31,68,2.3463706970214844,57179.0,0.0830345153808593,57179.0,0.1347682476043701,OPTIMAL,57179.0,0.8312287330627441,1.0
gkg_n4_m50_cf0.5_corrweakly_correlated_rep3.json,4,50,0.5,weakly_correlated,1294060,True,1.0,0.1757450103759765,52919.0,OPTIMAL,106,180,5.100809574127197,53622.0,0.0520002841949462,53622.0,0.1757450103759765,OPTIMAL,53622.0,1.1816534996032717,1.0
gkg_n4_m50_cf0.5_corrweakly_correlated_rep4.json,4,50,0.5,weakly_correlated,1304245,True,1.0,0.0879695415496826,53330.0,OPTIMAL,70,128,3.0182905197143555,54420.0,0.0790486335754394,54420.0,0.0879695415496826,OPTIMAL,54420.0,0.7559092044830322,1.0
gkg_n4_m50_cf0.5_corrweakly_correlated_rep5.json,4,50,0.5,weakly_correlated,1314430,True,1.0,0.2611420154571533,58834.0,OPTIMAL,26,80,2.352818965911865,59277.0,0.1085042953491211,59277.0,0.2611420154571533,OPTIMAL,59277.0,0.686410665512085,1.0
gkg_n4_m50_cf0.5_corrweakly_correlated_rep6.json,4,50,0.5,weakly_correlated,1324615,True,1.0,0.1055407524108886,52121.0,OPTIMAL,83,136,4.269479036331177,54094.0,0.0265028476715087,54094.0,0.1055407524108886,OPTIMAL,54094.0,1.9809012413024905,1.0
gkg_n4_m50_cf0.5_corrweakly_correlated_rep7.json,4,50,0.5,weakly_correlated,1334800,True,1.0,0.167382001876831,52672.0,OPTIMAL,17,52,1.782834768295288,53178.0,0.116220474243164,53178.0,0.167382001876831,OPTIMAL,53178.0,0.6975150108337402,1.0
gkg_n4_m50_cf0.5_corrweakly_correlated_rep8.json,4,50,0.5,weakly_correlated,1344985,True,1.0,0.131894826889038,54322.0,OPTIMAL,24,68,1.3657505512237549,55598.0,0.0619046688079834,55598.0,0.131894826889038,OPTIMAL,55598.0,0.3424479961395263,1.0
gkg_n4_m50_cf0.5_corrweakly_correlated_rep9.json,4,50,0.5,weakly_correlated,1355170,True,1.0,0.1137001514434814,52605.0,OPTIMAL,39,100,3.215524196624756,53038.0,0.0713379383087158,53038.0,0.1137001514434814,OPTIMAL,53038.0,0.8223469257354736,1.0
gkg_n4_m5_cf0.2_corrstrongly_correlated_rep0.json,4,5,0.2,strongly_correlated,880085,True,1.0,0.0177059173583984,2477.0,OPTIMAL,0,4,0.0274946689605712,2477.0,0.0097887516021728,2477.0,0.0177059173583984,OPTIMAL,2477.0,0.0,1.0
gkg_n4_m5_cf0.2_corrstrongly_correlated_rep1.json,4,5,0.2,strongly_correlated,890270,True,1.0,0.0065109729766845,2401.0,OPTIMAL,0,4,0.0227024555206298,2401.0,0.0161914825439453,2401.0,0.0065109729766845,OPTIMAL,2401.0,0.0,1.0
gkg_n4_m5_cf0.2_corrstrongly_correlated_rep2.json,4,5,0.2,strongly_correlated,900455,True,1.0,0.0172450542449951,1637.0,OPTIMAL,0,8,0.0469317436218261,1957.0,0.0138740539550781,1957.0,0.0172450542449951,OPTIMAL,1957.0,0.0,1.0
gkg_n4_m5_cf0.2_corrstrongly_correlated_rep3.json,4,5,0.2,strongly_correlated,910640,True,1.0,0.0135951042175292,2411.0,OPTIMAL,0,8,0.029703140258789,2424.0,0.0161080360412597,2424.0,0.0135951042175292,OPTIMAL,2424.0,0.0,1.0
gkg_n4_m5_cf0.2_corrstrongly_correlated_rep4.json,4,5,0.2,strongly_correlated,920825,True,1.0,0.0158138275146484,1264.0,OPTIMAL,0,8,0.0476553440093994,1690.0,0.0158634185791015,1690.0,0.0158138275146484,OPTIMAL,1690.0,0.0,1.0
gkg_n4_m5_cf0.2_corrstrongly_correlated_rep5.json,4,5,0.2,strongly_correlated,931010,True,1.0,0.0158777236938476,2326.0,OPTIMAL,0,4,0.0263736248016357,2326.0,0.0091476440429687,2326.0,0.0158777236938476,OPTIMAL,2326.0,0.0031845569610595,1.0
gkg_n4_m5_cf0.2_corrstrongly_correlated_rep6.json,4,5,0.2,strongly_correlated,941195,True,1.0,0.0170240402221679,1938.0,OPTIMAL,0,4,0.0280241966247558,1938.0,0.0100009441375732,1938.0,0.0170240402221679,OPTIMAL,1938.0,0.0019996166229248,1.0
gkg_n4_m5_cf0.2_corrstrongly_correlated_rep7.json,4,5,0.2,strongly_correlated,951380,True,1.0,0.0160732269287109,1851.0,OPTIMAL,0,4,0.0180730819702148,1851.0,0.0019998550415039,1851.0,0.0160732269287109,OPTIMAL,1851.0,0.0,1.0
gkg_n4_m5_cf0.2_corrstrongly_correlated_rep8.json,4,5,0.2,strongly_correlated,961565,True,1.0,0.0157685279846191,1581.0,OPTIMAL,0,4,0.0328855514526367,1581.0,0.0171170234680175,1581.0,0.0157685279846191,OPTIMAL,1581.0,0.0,1.0
gkg_n4_m5_cf0.2_corrstrongly_correlated_rep9.json,4,5,0.2,strongly_correlated,971750,True,1.0,0.0311837196350097,2072.0,OPTIMAL,0,4,0.0472328662872314,2072.0,0.0160491466522216,2072.0,0.0311837196350097,OPTIMAL,2072.0,0.0,1.0
gkg_n4_m5_cf0.2_corruncorrelated_rep0.json,4,5,0.2,uncorrelated,859905,True,1.0,0.0157785415649414,3791.0,OPTIMAL,0,8,0.0317251682281494,4161.0,0.015946626663208,4161.0,0.0157785415649414,OPTIMAL,4161.0,0.0,1.0
gkg_n4_m5_cf0.2_corruncorrelated_rep1.json,4,5,0.2,uncorrelated,870090,True,1.0,0.0210418701171875,2359.0,OPTIMAL,1,12,0.0477449893951416,2749.0,0.010571002960205,2749.0,0.0210418701171875,OPTIMAL,2749.0,0.0,1.0
gkg_n4_m5_cf0.2_corruncorrelated_rep2.json,4,5,0.2,uncorrelated,880275,True,1.0,0.0158019065856933,3570.0,OPTIMAL,0,4,0.0317182540893554,3570.0,0.0159163475036621,3570.0,0.0158019065856933,OPTIMAL,3570.0,0.0,1.0
gkg_n4_m5_cf0.2_corruncorrelated_rep3.json,4,5,0.2,uncorrelated,890460,True,1.0,0.0159122943878173,3667.0,OPTIMAL,0,8,0.0478656291961669,3987.0,0.016162633895874,3987.0,0.0159122943878173,OPTIMAL,3987.0,0.0,1.0
gkg_n4_m5_cf0.2_corruncorrelated_rep4.json,4,5,0.2,uncorrelated,900645,True,1.0,0.0157985687255859,3240.0,OPTIMAL,0,8,0.0319764614105224,3501.0,0.0161778926849365,3501.0,0.0157985687255859,OPTIMAL,3501.0,0.0,1.0
gkg_n4_m5_cf0.2_corruncorrelated_rep5.json,4,5,0.2,uncorrelated,910830,True,1.0,0.0318584442138671,3204.0,OPTIMAL,0,4,0.0318584442138671,3204.0,0.0,3204.0,0.0318584442138671,OPTIMAL,3204.0,0.0,1.0
gkg_n4_m5_cf0.2_corruncorrelated_rep6.json,4,5,0.2,uncorrelated,921015,True,1.0,0.0304219722747802,3779.0,OPTIMAL,0,4,0.0421535968780517,3779.0,0.0107178688049316,3779.0,0.0304219722747802,OPTIMAL,3779.0,0.0025351047515869,1.0
gkg_n4_m5_cf0.2_corruncorrelated_rep7.json,4,5,0.2,uncorrelated,931200,True,1.0,0.0025100708007812,3512.0,OPTIMAL,0,4,0.0239379405975341,3512.0,0.0214278697967529,3512.0,0.0025100708007812,OPTIMAL,3512.0,0.0099647045135498,1.0
gkg_n4_m5_cf0.2_corruncorrelated_rep8.json,4,5,0.2,uncorrelated,941385,True,1.0,0.0157439708709716,3481.0,OPTIMAL,0,4,0.0157439708709716,3481.0,0.0,3481.0,0.0157439708709716,OPTIMAL,3481.0,0.0,1.0
gkg_n4_m5_cf0.2_corruncorrelated_rep9.json,4,5,0.2,uncorrelated,951570,True,1.0,0.0159196853637695,6536.0,OPTIMAL,0,4,0.0274319648742675,6536.0,0.0,6536.0,0.0159196853637695,OPTIMAL,6536.0,0.0,1.0
gkg_n4_m5_cf0.2_corrweakly_correlated_rep0.json,4,5,0.2,weakly_correlated,869995,True,1.0,0.0160903930664062,1363.0,OPTIMAL,0,4,0.0320501327514648,1363.0,0.0,1363.0,0.0160903930664062,OPTIMAL,1363.0,0.002204418182373,1.0
gkg_n4_m5_cf0.2_corrweakly_correlated_rep1.json,4,5,0.2,weakly_correlated,880180,True,1.0,0.010688304901123,1614.0,OPTIMAL,0,4,0.0264680385589599,1614.0,0.0157797336578369,1614.0,0.010688304901123,OPTIMAL,1614.0,0.0,1.0
gkg_n4_m5_cf0.2_corrweakly_correlated_rep2.json,4,5,0.2,weakly_correlated,890365,True,1.0,0.0157516002655029,1737.0,OPTIMAL,0,8,0.0315074920654296,1836.0,0.0157558917999267,1836.0,0.0157516002655029,OPTIMAL,1836.0,0.0161049365997314,1.0
gkg_n4_m5_cf0.2_corrweakly_correlated_rep3.json,4,5,0.2,weakly_correlated,900550,True,1.0,0.0158841609954834,1638.0,OPTIMAL,0,4,0.0158841609954834,1638.0,0.0,1638.0,0.0158841609954834,OPTIMAL,1638.0,0.0158143043518066,1.0
gkg_n4_m5_cf0.2_corrweakly_correlated_rep4.json,4,5,0.2,weakly_correlated,910735,True,1.0,0.0184426307678222,1720.0,OPTIMAL,0,4,0.026630163192749,1720.0,0.0081875324249267,1720.0,0.0184426307678222,OPTIMAL,1720.0,0.0040092468261718,1.0
gkg_n4_m5_cf0.2_corrweakly_correlated_rep5.json,4,5,0.2,weakly_correlated,920920,True,1.0,0.0155532360076904,2132.0,OPTIMAL,0,4,0.0155532360076904,2132.0,0.0,2132.0,0.0155532360076904,OPTIMAL,2132.0,0.0158438682556152,1.0
gkg_n4_m5_cf0.2_corrweakly_correlated_rep6.json,4,5,0.2,weakly_correlated,931105,True,1.0,0.0160338878631591,1466.0,OPTIMAL,0,4,0.0160338878631591,1466.0,0.0,1466.0,0.0160338878631591,OPTIMAL,1466.0,0.0171074867248535,1.0
gkg_n4_m5_cf0.2_corrweakly_correlated_rep7.json,4,5,0.2,weakly_correlated,941290,True,1.0,0.0170044898986816,1739.0,OPTIMAL,0,8,0.0360918045043945,1835.0,0.0100870132446289,1835.0,0.0170044898986816,OPTIMAL,1835.0,0.0,1.0
gkg_n4_m5_cf0.2_corrweakly_correlated_rep8.json,4,5,0.2,weakly_correlated,951475,True,1.0,0.015146255493164,1530.0,OPTIMAL,0,4,0.0325043201446533,1530.0,0.0163416862487792,1530.0,0.015146255493164,OPTIMAL,1530.0,0.0020461082458496,1.0
gkg_n4_m5_cf0.2_corrweakly_correlated_rep9.json,4,5,0.2,weakly_correlated,961660,True,1.0,0.0110907554626464,1860.0,OPTIMAL,0,4,0.0268173217773437,1860.0,0.0157265663146972,1860.0,0.0110907554626464,OPTIMAL,1860.0,0.0,1.0
gkg_n4_m5_cf0.5_corrstrongly_correlated_rep0.json,4,5,0.5,strongly_correlated,910355,True,1.0,0.0156662464141845,6576.0,OPTIMAL,0,4,0.031665563583374,6576.0,0.0,6576.0,0.0156662464141845,OPTIMAL,6576.0,0.0,1.0
gkg_n4_m5_cf0.5_corrstrongly_correlated_rep1.json,4,5,0.5,strongly_correlated,920540,True,1.0,0.0316646099090576,4978.0,OPTIMAL,0,8,0.0475001335144043,5051.0,0.0158355236053466,5051.0,0.0316646099090576,OPTIMAL,5051.0,0.0157704353332519,1.0
gkg_n4_m5_cf0.5_corrstrongly_correlated_rep2.json,4,5,0.5,strongly_correlated,930725,True,1.0,0.0334906578063964,5057.0,OPTIMAL,1,12,0.0653202533721923,5543.0,0.0080184936523437,5543.0,0.0334906578063964,OPTIMAL,5543.0,0.0241274833679199,1.0
gkg_n4_m5_cf0.5_corrstrongly_correlated_rep3.json,4,5,0.5,strongly_correlated,940910,True,1.0,0.0157794952392578,4806.0,OPTIMAL,0,12,0.0586795806884765,5393.0,0.0197126865386962,5393.0,0.0157794952392578,OPTIMAL,5393.0,0.012444257736206,1.0
gkg_n4_m5_cf0.5_corrstrongly_correlated_rep4.json,4,5,0.5,strongly_correlated,951095,True,1.0,0.0157911777496337,4883.0,OPTIMAL,1,16,0.0634412765502929,5232.0,0.0158872604370117,5232.0,0.0157911777496337,OPTIMAL,5232.0,0.0159344673156738,1.0
gkg_n4_m5_cf0.5_corrstrongly_correlated_rep5.json,4,5,0.5,strongly_correlated,961280,True,1.0,0.0157713890075683,5563.0,OPTIMAL,0,4,0.0336720943450927,5563.0,0.0179007053375244,5563.0,0.0157713890075683,OPTIMAL,5563.0,0.0262227058410644,1.0
gkg_n4_m5_cf0.5_corrstrongly_correlated_rep6.json,4,5,0.5,strongly_correlated,971465,True,1.0,0.017643928527832,6213.0,OPTIMAL,0,4,0.0316786766052246,6213.0,0.0100243091583251,6213.0,0.017643928527832,OPTIMAL,6213.0,0.0176849365234375,1.0
gkg_n4_m5_cf0.5_corrstrongly_correlated_rep7.json,4,5,0.5,strongly_correlated,981650,True,1.0,0.015540599822998,6544.0,OPTIMAL,0,12,0.0631721019744873,6630.0,0.0159177780151367,6630.0,0.015540599822998,OPTIMAL,6630.0,0.0156514644622802,1.0
gkg_n4_m5_cf0.5_corrstrongly_correlated_rep8.json,4,5,0.5,strongly_correlated,991835,True,1.0,0.024656057357788,6010.0,OPTIMAL,0,4,0.0366857051849365,6010.0,0.0100250244140625,6010.0,0.024656057357788,OPTIMAL,6010.0,0.0096278190612792,1.0
gkg_n4_m5_cf0.5_corrstrongly_correlated_rep9.json,4,5,0.5,strongly_correlated,1002020,True,1.0,0.0199270248413085,3849.0,OPTIMAL,1,24,0.0797438621520996,4514.0,0.0118963718414306,4514.0,0.0199270248413085,OPTIMAL,4514.0,0.0,1.0
gkg_n4_m5_cf0.5_corruncorrelated_rep0.json,4,5,0.5,uncorrelated,890175,True,1.0,0.0240406990051269,4753.0,OPTIMAL,2,16,0.0634775161743164,5642.0,0.013627290725708,5642.0,0.0240406990051269,OPTIMAL,5642.0,0.0316963195800781,1.0
gkg_n4_m5_cf0.5_corruncorrelated_rep1.json,4,5,0.5,uncorrelated,900360,True,1.0,0.0157878398895263,7757.0,OPTIMAL,0,8,0.0472693443298339,8031.0,0.0157306194305419,8031.0,0.0157878398895263,OPTIMAL,8031.0,0.0,1.0
gkg_n4_m5_cf0.5_corruncorrelated_rep2.json,4,5,0.5,uncorrelated,910545,True,1.0,0.0210413932800292,6530.0,OPTIMAL,0,8,0.043938398361206,7865.0,0.0157599449157714,7865.0,0.0210413932800292,OPTIMAL,7865.0,0.0,1.0
gkg_n4_m5_cf0.5_corruncorrelated_rep3.json,4,5,0.5,uncorrelated,920730,True,1.0,0.0158643722534179,6737.0,OPTIMAL,0,4,0.0337531566619873,6737.0,0.0,6737.0,0.0158643722534179,OPTIMAL,6737.0,0.0020041465759277,1.0
gkg_n4_m5_cf0.5_corruncorrelated_rep4.json,4,5,0.5,uncorrelated,930915,True,1.0,0.0386533737182617,5912.0,OPTIMAL,1,12,0.0675404071807861,6738.0,0.0102069377899169,6738.0,0.0386533737182617,OPTIMAL,6738.0,0.0051207542419433,1.0
gkg_n4_m5_cf0.5_corruncorrelated_rep5.json,4,5,0.5,uncorrelated,941100,True,1.0,0.008897066116333,6266.0,OPTIMAL,2,12,0.0415067672729492,6880.0,0.0181825160980224,6880.0,0.008897066116333,OPTIMAL,6880.0,0.0150785446166992,1.0
gkg_n4_m5_cf0.5_corruncorrelated_rep6.json,4,5,0.5,uncorrelated,951285,True,1.0,0.0243628025054931,6840.0,OPTIMAL,0,8,0.0523452758789062,7266.0,0.007674217224121,7266.0,0.0243628025054931,OPTIMAL,7266.0,0.003183364868164,1.0
gkg_n4_m5_cf0.5_corruncorrelated_rep7.json,4,5,0.5,uncorrelated,961470,True,1.0,0.023432970046997,6837.0,OPTIMAL,0,4,0.0392489433288574,6837.0,0.0158159732818603,6837.0,0.023432970046997,OPTIMAL,6837.0,0.0,1.0
gkg_n4_m5_cf0.5_corruncorrelated_rep8.json,4,5,0.5,uncorrelated,971655,True,1.0,0.0158858299255371,5772.0,OPTIMAL,0,4,0.0475909709930419,5772.0,0.0158619880676269,5772.0,0.0158858299255371,OPTIMAL,5772.0,0.0,1.0
gkg_n4_m5_cf0.5_corruncorrelated_rep9.json,4,5,0.5,uncorrelated,981840,True,1.0,0.0159201622009277,7050.0,OPTIMAL,0,8,0.0317096710205078,7687.0,0.01578950881958,7687.0,0.0159201622009277,OPTIMAL,7687.0,0.0,1.0
gkg_n4_m5_cf0.5_corrweakly_correlated_rep0.json,4,5,0.5,weakly_correlated,900265,True,1.0,0.0160183906555175,4710.0,OPTIMAL,0,4,0.0160183906555175,4710.0,0.0,4710.0,0.0160183906555175,OPTIMAL,4710.0,0.0020804405212402,1.0
gkg_n4_m5_cf0.5_corrweakly_correlated_rep1.json,4,5,0.5,weakly_correlated,910450,True,1.0,0.0140831470489501,5112.0,OPTIMAL,0,8,0.0458765029907226,5429.0,0.01593017578125,5429.0,0.0140831470489501,OPTIMAL,5429.0,0.0160326957702636,1.0
gkg_n4_m5_cf0.5_corrweakly_correlated_rep2.json,4,5,0.5,weakly_correlated,920635,True,1.0,0.0319018363952636,3853.0,OPTIMAL,0,8,0.0477349758148193,4526.0,0.0067028999328613,4526.0,0.0319018363952636,OPTIMAL,4526.0,0.0,1.0
gkg_n4_m5_cf0.5_corrweakly_correlated_rep3.json,4,5,0.5,weakly_correlated,930820,True,1.0,0.0157976150512695,5087.0,OPTIMAL,0,4,0.0318057537078857,5087.0,0.0160081386566162,5087.0,0.0157976150512695,OPTIMAL,5087.0,0.0,1.0
gkg_n4_m5_cf0.5_corrweakly_correlated_rep4.json,4,5,0.5,weakly_correlated,941005,True,1.0,0.0160503387451171,4501.0,OPTIMAL,0,4,0.0320181846618652,4501.0,0.015967845916748,4501.0,0.0160503387451171,OPTIMAL,4501.0,0.0,1.0
gkg_n4_m5_cf0.5_corrweakly_correlated_rep5.json,4,5,0.5,weakly_correlated,951190,True,1.0,0.0316576957702636,4722.0,OPTIMAL,1,20,0.0958607196807861,4874.0,0.015773057937622,4874.0,0.0316576957702636,OPTIMAL,4874.0,0.0160763263702392,1.0
gkg_n4_m5_cf0.5_corrweakly_correlated_rep6.json,4,5,0.5,weakly_correlated,961375,True,1.0,0.028224229812622,4071.0,OPTIMAL,1,12,0.0788004398345947,4195.0,0.0030808448791503,4195.0,0.028224229812622,OPTIMAL,4195.0,0.015845775604248,1.0
gkg_n4_m5_cf0.5_corrweakly_correlated_rep7.json,4,5,0.5,weakly_correlated,971560,True,1.0,0.0209336280822753,5256.0,OPTIMAL,0,8,0.0479307174682617,5275.0,0.0111417770385742,5275.0,0.0209336280822753,OPTIMAL,5275.0,0.0,1.0
gkg_n4_m5_cf0.5_corrweakly_correlated_rep8.json,4,5,0.5,weakly_correlated,981745,True,1.0,0.0310485363006591,5294.0,OPTIMAL,0,4,0.0469710826873779,5294.0,0.0159225463867187,5294.0,0.0310485363006591,OPTIMAL,5294.0,0.01578950881958,1.0
gkg_n4_m5_cf0.5_corrweakly_correlated_rep9.json,4,5,0.5,weakly_correlated,991930,True,1.0,0.0318250656127929,4674.0,OPTIMAL,1,12,0.0635907649993896,4783.0,0.0,4783.0,0.0318250656127929,OPTIMAL,4783.0,0.0,1.0
