file,n,m,cap_factor,corr,replication,find_status,find_found,find_time,find_cuts,find_br_calls,find_first_pne_time,brd_found_pne,brd_time,brd_alpha,opt_status,opt_time,opt_cuts,opt_mip_gap,best_pne_welfare,so_status,so_time,so_welfare,pos
2-10-2-strongcorr-0.txt,2,10,0.2,strongly_correlated,0,FEASIBLE,True,0.027034521102905273,12,14,0.027034521102905273,True,0.0075147151947021484,1.0,OPTIMAL,0.014526605606079102,0,0.0,274.0,OPTIMAL,0.007515430450439453,274.0,1.0
2-10-2-strongcorr-1.txt,2,10,0.2,strongly_correlated,1,FEASIBLE,True,0.022018909454345703,10,12,0.022018909454345703,True,0.007524728775024414,1.0,OPTIMAL,0.014039278030395508,0,0.0,280.0,OPTIMAL,0.005071401596069336,280.0,1.0
2-10-2-strongcorr-2.txt,2,10,0.2,strongly_correlated,2,FEASIBLE,True,0.027557849884033203,12,14,0.027557849884033203,True,0.006012678146362305,1.0,OPTIMAL,0.012531280517578125,0,0.0,258.0,OPTIMAL,0.0035080909729003906,258.0,1.0
2-10-2-strongcorr-3.txt,2,10,0.2,strongly_correlated,3,FEASIBLE,True,0.022736072540283203,6,12,0.022736072540283203,True,0.0065059661865234375,1.0,OPTIMAL,0.012636423110961914,0,0.0,301.0,OPTIMAL,0.004010677337646484,301.0,1.0
2-10-2-strongcorr-4.txt,2,10,0.2,strongly_correlated,4,FEASIBLE,True,0.026543617248535156,11,14,0.026543617248535156,True,0.0060024261474609375,1.0,OPTIMAL,0.015309572219848633,0,0.0,245.0,OPTIMAL,0.003995418548583984,245.0,1.0
2-10-2-strongcorr-5.txt,2,10,0.2,strongly_correlated,5,FEASIBLE,True,0.025144577026367188,12,14,0.025144577026367188,True,0.0059986114501953125,1.0,OPTIMAL,0.01199793815612793,0,0.0,292.0,OPTIMAL,0.004529237747192383,292.0,1.0
2-10-2-strongcorr-6.txt,2,10,0.2,strongly_correlated,6,FEASIBLE,True,0.02709031105041504,12,14,0.02709031105041504,True,0.00701141357421875,1.0,OPTIMAL,0.013010978698730469,0,0.0,280.0,OPTIMAL,0.00535893440246582,280.0,1.0
2-10-2-strongcorr-7.txt,2,10,0.2,strongly_correlated,7,FEASIBLE,True,0.02609539031982422,11,14,0.02609539031982422,True,0.0070078372955322266,1.0,OPTIMAL,0.03655505180358887,3,0.0,294.0,OPTIMAL,0.006001710891723633,294.0,1.0
2-10-2-strongcorr-8.txt,2,10,0.2,strongly_correlated,8,FEASIBLE,True,0.022565364837646484,10,12,0.022565364837646484,True,0.007166624069213867,1.0,OPTIMAL,0.014170169830322266,0,0.0,276.0,OPTIMAL,0.004517793655395508,276.0,1.0
2-10-2-strongcorr-9.txt,2,10,0.2,strongly_correlated,9,FEASIBLE,True,0.026662349700927734,12,14,0.026662349700927734,True,0.00701141357421875,1.0,OPTIMAL,0.013109445571899414,0,0.0,261.0,OPTIMAL,0.0065097808837890625,261.0,1.0
2-10-2-uncorr-0.txt,2,10,0.2,uncorrelated,0,FEASIBLE,True,0.021560192108154297,10,12,0.021560192108154297,True,0.0065190792083740234,1.0,OPTIMAL,0.013026952743530273,0,0.0,513.0,OPTIMAL,0.003996372222900391,513.0,1.0
2-10-2-uncorr-1.txt,2,10,0.2,uncorrelated,1,FEASIBLE,True,0.02102494239807129,10,12,0.02102494239807129,True,0.00751948356628418,1.0,OPTIMAL,0.01203298568725586,0,0.0,445.0,OPTIMAL,0.0029997825622558594,445.0,1.0
2-10-2-uncorr-2.txt,2,10,0.2,uncorrelated,2,FEASIBLE,True,0.02306389808654785,10,12,0.02306389808654785,True,0.006894111633300781,1.0,OPTIMAL,0.011898040771484375,0,0.0,399.0,OPTIMAL,0.0035436153411865234,399.0,1.0
2-10-2-uncorr-3.txt,2,10,0.2,uncorrelated,3,FEASIBLE,True,0.02157282829284668,10,12,0.02157282829284668,True,0.007506847381591797,1.0,OPTIMAL,0.012534379959106445,0,0.0,411.0,OPTIMAL,0.003000497817993164,411.0,1.0
2-10-2-uncorr-4.txt,2,10,0.2,uncorrelated,4,FEASIBLE,True,0.024944543838500977,11,14,0.024944543838500977,True,0.006998538970947266,1.0,OPTIMAL,0.019512414932250977,1,0.0,417.0,OPTIMAL,0.0020008087158203125,417.0,1.0
2-10-2-uncorr-5.txt,2,10,0.2,uncorrelated,5,FEASIBLE,True,0.022031307220458984,10,12,0.022031307220458984,True,0.006514549255371094,1.0,OPTIMAL,0.012024641036987305,0,0.0,476.0,OPTIMAL,0.0030031204223632812,476.0,1.0
2-10-2-uncorr-6.txt,2,10,0.2,uncorrelated,6,FEASIBLE,True,0.02326369285583496,6,12,0.022263050079345703,True,0.005506992340087891,1.0,OPTIMAL,0.010509014129638672,0,0.0,363.0,OPTIMAL,0.0030019283294677734,363.0,1.0
2-10-2-uncorr-7.txt,2,10,0.2,uncorrelated,7,FEASIBLE,True,0.022029399871826172,10,12,0.022029399871826172,True,0.00700068473815918,1.0,OPTIMAL,0.012999773025512695,0,0.0,567.0,OPTIMAL,0.002513408660888672,567.0,1.0
2-10-2-uncorr-8.txt,2,10,0.2,uncorrelated,8,FEASIBLE,True,0.026602745056152344,11,14,0.026602745056152344,True,0.0065119266510009766,1.0,OPTIMAL,0.015027046203613281,0,0.0,494.0,OPTIMAL,0.0029993057250976562,494.0,1.0
2-10-2-uncorr-9.txt,2,10,0.2,uncorrelated,9,FEASIBLE,True,0.02465987205505371,11,14,0.02465987205505371,True,0.005998849868774414,1.0,OPTIMAL,0.01199960708618164,0,0.0,513.0,OPTIMAL,0.0029990673065185547,513.0,1.0
2-10-2-weakcorr-0.txt,2,10,0.2,weakly_correlated,0,FEASIBLE,True,0.02555704116821289,12,14,0.02555704116821289,True,0.006509065628051758,1.0,OPTIMAL,0.01302790641784668,0,0.0,244.0,OPTIMAL,0.003998756408691406,244.0,1.0
2-10-2-weakcorr-1.txt,2,10,0.2,weakly_correlated,1,FEASIBLE,True,0.022032976150512695,10,12,0.022032976150512695,True,0.006337881088256836,1.0,OPTIMAL,0.010847091674804688,0,0.0,237.0,OPTIMAL,0.003011465072631836,237.0,1.0
2-10-2-weakcorr-2.txt,2,10,0.2,weakly_correlated,2,FEASIBLE,True,0.02603316307067871,11,14,0.02603316307067871,True,0.005509853363037109,1.0,OPTIMAL,0.011027097702026367,0,0.0,228.0,OPTIMAL,0.0029921531677246094,228.0,1.0
2-10-2-weakcorr-3.txt,2,10,0.2,weakly_correlated,3,FEASIBLE,True,0.022029399871826172,10,12,0.022029399871826172,True,0.006510734558105469,1.0,OPTIMAL,0.013550758361816406,0,0.0,254.0,OPTIMAL,0.002998828887939453,254.0,1.0
2-10-2-weakcorr-4.txt,2,10,0.2,weakly_correlated,4,FEASIBLE,True,0.02202439308166504,10,12,0.02202439308166504,True,0.006514310836791992,1.0,OPTIMAL,0.013033151626586914,0,0.0,216.0,OPTIMAL,0.0040013790130615234,216.0,1.0
2-10-2-weakcorr-5.txt,2,10,0.2,weakly_correlated,5,FEASIBLE,True,0.022037982940673828,10,12,0.022037982940673828,True,0.0065157413482666016,1.0,OPTIMAL,0.013543844223022461,0,0.0,214.0,OPTIMAL,0.0039997100830078125,214.0,1.0
2-10-2-weakcorr-6.txt,2,10,0.2,weakly_correlated,6,FEASIBLE,True,0.02102804183959961,10,12,0.02102804183959961,True,0.006519794464111328,1.0,OPTIMAL,0.012030363082885742,0,0.0,227.0,OPTIMAL,0.0019996166229248047,227.0,1.0
2-10-2-weakcorr-7.txt,2,10,0.2,weakly_correlated,7,FEASIBLE,True,0.02654719352722168,11,14,0.02654719352722168,True,0.006003141403198242,1.0,OPTIMAL,0.01602959632873535,0,0.0,202.0,OPTIMAL,0.004012346267700195,202.0,1.0
2-10-2-weakcorr-8.txt,2,10,0.2,weakly_correlated,8,FEASIBLE,True,0.025038480758666992,12,14,0.025038480758666992,True,0.007517099380493164,1.0,OPTIMAL,0.013399839401245117,0,0.0,257.0,OPTIMAL,0.0037937164306640625,257.0,1.0
2-10-2-weakcorr-9.txt,2,10,0.2,weakly_correlated,9,FEASIBLE,True,0.026064157485961914,12,14,0.026064157485961914,True,0.00600123405456543,1.0,OPTIMAL,0.013002157211303711,0,0.0,214.0,OPTIMAL,0.0030059814453125,214.0,1.0
2-10-5-strongcorr-0.txt,2,10,0.5,strongly_correlated,0,FEASIBLE,True,0.03805351257324219,16,20,0.03805351257324219,True,0.00617671012878418,1.0,OPTIMAL,0.02220010757446289,2,0.0,758.0,OPTIMAL,0.013031721115112305,758.0,1.0
2-10-5-strongcorr-1.txt,2,10,0.5,strongly_correlated,1,FEASIBLE,True,0.030536413192749023,14,16,0.030536413192749023,True,0.005999088287353516,1.0,OPTIMAL,0.02603626251220703,1,0.0,611.0,OPTIMAL,0.006512165069580078,611.0,1.0
2-10-5-strongcorr-2.txt,2,10,0.5,strongly_correlated,2,FEASIBLE,True,0.029068708419799805,13,16,0.029068708419799805,True,0.0065195560455322266,1.0,OPTIMAL,0.0200347900390625,1,0.0,651.0,OPTIMAL,0.005514383316040039,651.0,1.0
2-10-5-strongcorr-3.txt,2,10,0.5,strongly_correlated,3,FEASIBLE,True,0.022029876708984375,6,12,0.022029876708984375,True,0.006514072418212891,1.0,OPTIMAL,0.013028860092163086,0,0.0,648.0,OPTIMAL,0.004002094268798828,648.0,1.0
2-10-5-strongcorr-4.txt,2,10,0.5,strongly_correlated,4,FEASIBLE,True,0.02452874183654785,12,14,0.02452874183654785,True,0.004999399185180664,1.0,OPTIMAL,0.02173018455505371,0,0.0,586.0,OPTIMAL,0.006524801254272461,586.0,1.0
2-10-5-strongcorr-5.txt,2,10,0.5,strongly_correlated,5,FEASIBLE,True,0.02303767204284668,10,12,0.02303767204284668,True,0.0065081119537353516,1.0,OPTIMAL,0.011507749557495117,0,0.0,786.0,OPTIMAL,0.0040111541748046875,786.0,1.0
2-10-5-strongcorr-6.txt,2,10,0.5,strongly_correlated,6,FEASIBLE,True,0.029564857482910156,14,16,0.029564857482910156,True,0.00599980354309082,1.0,OPTIMAL,0.016524076461791992,0,0.0,576.0,OPTIMAL,0.00699305534362793,576.0,1.0
2-10-5-strongcorr-7.txt,2,10,0.5,strongly_correlated,7,FEASIBLE,True,0.025720834732055664,12,14,0.025720834732055664,True,0.0065271854400634766,1.0,OPTIMAL,0.02455925941467285,2,0.0,676.0,OPTIMAL,0.0050008296966552734,676.0,1.0
2-10-5-strongcorr-8.txt,2,10,0.5,strongly_correlated,8,FEASIBLE,True,0.04909205436706543,20,24,0.04909205436706543,True,0.006513833999633789,1.0,OPTIMAL,0.01403355598449707,0,0.0,710.0,OPTIMAL,0.01151418685913086,710.0,1.0
2-10-5-strongcorr-9.txt,2,10,0.5,strongly_correlated,9,FEASIBLE,True,0.03202056884765625,13,16,0.03202056884765625,True,0.0055065155029296875,1.0,OPTIMAL,0.015020370483398438,0,0.0,703.0,OPTIMAL,0.006512165069580078,703.0,1.0
2-10-5-uncorr-0.txt,2,10,0.5,uncorrelated,0,FEASIBLE,True,0.024543046951293945,12,14,0.024543046951293945,True,0.006508827209472656,1.0,OPTIMAL,0.019021272659301758,1,0.0,831.0,OPTIMAL,0.0035152435302734375,831.0,1.0
2-10-5-uncorr-1.txt,2,10,0.5,uncorrelated,1,FEASIBLE,True,0.025692462921142578,12,14,0.025692462921142578,True,0.006516456604003906,1.0,OPTIMAL,0.02330636978149414,2,0.0,724.0,OPTIMAL,0.0029959678649902344,724.0,1.0
2-10-5-uncorr-2.txt,2,10,0.5,uncorrelated,2,FEASIBLE,True,0.021030426025390625,10,12,0.021030426025390625,True,0.005519390106201172,1.0,OPTIMAL,0.017032146453857422,1,0.0,751.0,OPTIMAL,0.004517793655395508,751.0,1.0
2-10-5-uncorr-3.txt,2,10,0.5,uncorrelated,3,FEASIBLE,True,0.0252072811126709,11,14,0.0252072811126709,True,0.0065155029296875,1.0,OPTIMAL,0.015035390853881836,0,0.0,806.0,OPTIMAL,0.002000570297241211,806.0,1.0
2-10-5-uncorr-4.txt,2,10,0.5,uncorrelated,4,FEASIBLE,True,0.027067184448242188,14,16,0.027067184448242188,True,0.006001472473144531,1.0,OPTIMAL,0.01831364631652832,1,0.0,670.0,OPTIMAL,0.0020012855529785156,670.0,1.0
2-10-5-uncorr-5.txt,2,10,0.5,uncorrelated,5,FEASIBLE,True,0.02154254913330078,10,12,0.02154254913330078,True,0.0060079097747802734,1.0,OPTIMAL,0.01152181625366211,0,0.0,775.0,OPTIMAL,0.003000974655151367,775.0,1.0
2-10-5-uncorr-6.txt,2,10,0.5,uncorrelated,6,FEASIBLE,True,0.04256868362426758,18,24,0.04256868362426758,True,0.006533384323120117,1.0,OPTIMAL,0.033463239669799805,4,0.0,738.0,OPTIMAL,0.00404667854309082,738.0,1.0
2-10-5-uncorr-7.txt,2,10,0.5,uncorrelated,7,FEASIBLE,True,0.02255535125732422,10,12,0.02255535125732422,True,0.005491971969604492,1.0,OPTIMAL,0.011004924774169922,0,0.0,766.0,OPTIMAL,0.0030019283294677734,766.0,1.0
2-10-5-uncorr-8.txt,2,10,0.5,uncorrelated,8,FEASIBLE,True,0.03466606140136719,16,20,0.03466606140136719,True,0.006730794906616211,1.0,OPTIMAL,0.013250589370727539,0,0.0,623.0,OPTIMAL,0.002996683120727539,623.0,1.0
2-10-5-uncorr-9.txt,2,10,0.5,uncorrelated,9,FEASIBLE,True,0.025021076202392578,11,14,0.025021076202392578,True,0.0065155029296875,1.0,OPTIMAL,0.01602768898010254,0,0.0,616.0,OPTIMAL,0.0035250186920166016,616.0,1.0
2-10-5-weakcorr-0.txt,2,10,0.5,weakly_correlated,0,FEASIBLE,True,0.0350186824798584,16,20,0.0350186824798584,True,0.006520509719848633,1.0,OPTIMAL,0.023913145065307617,1,0.0,489.0,OPTIMAL,0.005000114440917969,489.0,1.0
2-10-5-weakcorr-1.txt,2,10,0.5,weakly_correlated,1,FEASIBLE,True,0.03019118309020996,13,16,0.03019118309020996,True,0.006371259689331055,1.0,OPTIMAL,0.014884233474731445,0,0.0,548.0,OPTIMAL,0.008521556854248047,548.0,1.0
2-10-5-weakcorr-2.txt,2,10,0.5,weakly_correlated,2,FEASIBLE,True,0.02855086326599121,13,16,0.02855086326599121,True,0.006520986557006836,1.0,OPTIMAL,0.022067546844482422,0,0.0,551.0,OPTIMAL,0.007000446319580078,551.0,1.0
2-10-5-weakcorr-3.txt,2,10,0.5,weakly_correlated,3,FEASIBLE,True,0.026546239852905273,11,14,0.026546239852905273,True,0.006514072418212891,1.0,OPTIMAL,0.01204371452331543,0,0.0,601.0,OPTIMAL,0.005000591278076172,601.0,1.0
2-10-5-weakcorr-4.txt,2,10,0.5,weakly_correlated,4,FEASIBLE,True,0.025063276290893555,11,14,0.02406001091003418,True,0.006158590316772461,1.0,OPTIMAL,0.011156558990478516,0,0.0,566.0,OPTIMAL,0.004244804382324219,566.0,1.0
2-10-5-weakcorr-5.txt,2,10,0.5,weakly_correlated,5,FEASIBLE,True,0.028985977172851562,13,16,0.028985977172851562,True,0.005513668060302734,1.0,OPTIMAL,0.019544363021850586,1,0.0,480.0,OPTIMAL,0.0049991607666015625,480.0,1.0
2-10-5-weakcorr-6.txt,2,10,0.5,weakly_correlated,6,FEASIBLE,True,0.04299187660217285,18,24,0.04299187660217285,True,0.007010936737060547,1.0,OPTIMAL,0.023528099060058594,0,0.0,639.0,OPTIMAL,0.007279634475708008,639.0,1.0
2-10-5-weakcorr-7.txt,2,10,0.5,weakly_correlated,7,FEASIBLE,True,0.029479026794433594,13,16,0.029479026794433594,True,0.005998134613037109,1.0,OPTIMAL,0.011998653411865234,0,0.0,545.0,OPTIMAL,0.003515958786010742,545.0,1.0
2-10-5-weakcorr-8.txt,2,10,0.5,weakly_correlated,8,FEASIBLE,True,0.026551485061645508,12,14,0.026551485061645508,True,0.00650477409362793,1.0,OPTIMAL,0.013634920120239258,0,0.0,612.0,OPTIMAL,0.005998134613037109,612.0,1.0
2-10-5-weakcorr-9.txt,2,10,0.5,weakly_correlated,9,FEASIBLE,True,0.029555082321166992,12,16,0.029555082321166992,True,0.005510568618774414,1.0,OPTIMAL,0.02154827117919922,1,0.0,654.0,OPTIMAL,0.009450674057006836,654.0,1.0
2-15-2-strongcorr-0.txt,2,15,0.2,strongly_correlated,0,FEASIBLE,True,0.022094249725341797,10,12,0.022094249725341797,True,0.006516456604003906,1.0,OPTIMAL,0.012932300567626953,0,0.0,420.0,OPTIMAL,0.0045166015625,420.0,1.0
2-15-2-strongcorr-1.txt,2,15,0.2,strongly_correlated,1,FEASIBLE,True,0.0274350643157959,12,14,0.0274350643157959,True,0.006379604339599609,1.0,OPTIMAL,0.021411895751953125,1,0.0,441.0,OPTIMAL,0.0040013790130615234,441.0,1.0
2-15-2-strongcorr-2.txt,2,15,0.2,strongly_correlated,2,FEASIBLE,True,0.02555060386657715,11,14,0.02555060386657715,True,0.005999088287353516,1.0,OPTIMAL,0.019518375396728516,1,0.0,432.0,OPTIMAL,0.0055124759674072266,432.0,1.0
2-15-2-strongcorr-3.txt,2,15,0.2,strongly_correlated,3,FEASIBLE,True,0.02783489227294922,12,14,0.02783489227294922,True,0.0059757232666015625,1.0,OPTIMAL,0.011492252349853516,0,0.0,427.0,OPTIMAL,0.003998279571533203,427.0,1.0
2-15-2-strongcorr-4.txt,2,15,0.2,strongly_correlated,4,FEASIBLE,True,0.0341792106628418,15,18,0.0341792106628418,True,0.006002902984619141,1.0,OPTIMAL,0.014002084732055664,0,0.0,433.0,OPTIMAL,0.005002260208129883,433.0,1.0
2-15-2-strongcorr-5.txt,2,15,0.2,strongly_correlated,5,FEASIBLE,True,0.03046393394470215,12,16,0.03046393394470215,True,0.006505727767944336,1.0,OPTIMAL,0.01902031898498535,0,0.0,461.0,OPTIMAL,0.0075147151947021484,461.0,1.0
2-15-2-strongcorr-6.txt,2,15,0.2,strongly_correlated,6,FEASIBLE,True,0.02203226089477539,10,12,0.02203226089477539,True,0.006518363952636719,1.0,OPTIMAL,0.01203775405883789,0,0.0,420.0,OPTIMAL,0.003515958786010742,420.0,1.0
2-15-2-strongcorr-7.txt,2,15,0.2,strongly_correlated,7,FEASIBLE,True,0.03253817558288574,15,18,0.03253817558288574,True,0.006515026092529297,1.0,OPTIMAL,0.03676247596740723,3,0.0,409.0,OPTIMAL,0.005076169967651367,409.0,1.0
2-15-2-strongcorr-8.txt,2,15,0.2,strongly_correlated,8,FEASIBLE,True,0.024544239044189453,11,14,0.024544239044189453,True,0.006517171859741211,1.0,OPTIMAL,0.03206372261047363,0,0.0,393.0,OPTIMAL,0.009514093399047852,393.0,1.0
2-15-2-strongcorr-9.txt,2,15,0.2,strongly_correlated,9,FEASIBLE,True,0.03506207466125488,16,20,0.03506207466125488,True,0.006514310836791992,1.0,OPTIMAL,0.04473280906677246,4,0.0,420.0,OPTIMAL,0.012309551239013672,420.0,1.0
2-15-2-uncorr-0.txt,2,15,0.2,uncorrelated,0,FEASIBLE,True,0.025211811065673828,11,14,0.025211811065673828,True,0.0069997310638427734,1.0,OPTIMAL,0.019515037536621094,1,0.0,664.0,OPTIMAL,0.004508256912231445,664.0,1.0
2-15-2-uncorr-1.txt,2,15,0.2,uncorrelated,1,FEASIBLE,True,0.022554636001586914,10,12,0.022554636001586914,True,0.0069980621337890625,1.0,OPTIMAL,0.012997150421142578,0,0.0,623.0,OPTIMAL,0.003515481948852539,623.0,1.0
2-15-2-uncorr-2.txt,2,15,0.2,uncorrelated,2,FEASIBLE,True,0.02936244010925293,12,16,0.02936244010925293,True,0.006000518798828125,1.0,OPTIMAL,0.021518230438232422,1,0.0,679.0,OPTIMAL,0.005518198013305664,679.0,1.0
2-15-2-uncorr-3.txt,2,15,0.2,uncorrelated,3,FEASIBLE,True,0.02103281021118164,10,12,0.02103281021118164,True,0.00700068473815918,1.0,OPTIMAL,0.012512445449829102,0,0.0,640.0,OPTIMAL,0.0035109519958496094,640.0,1.0
2-15-2-uncorr-4.txt,2,15,0.2,uncorrelated,4,FEASIBLE,True,0.021548032760620117,10,12,0.021548032760620117,True,0.0070018768310546875,1.0,OPTIMAL,0.012000799179077148,0,0.0,695.0,OPTIMAL,0.00299835205078125,695.0,1.0
2-15-2-uncorr-5.txt,2,15,0.2,uncorrelated,5,FEASIBLE,True,0.021627426147460938,10,12,0.021627426147460938,True,0.006520509719848633,1.0,OPTIMAL,0.012544393539428711,0,0.0,716.0,OPTIMAL,0.0029942989349365234,716.0,1.0
2-15-2-uncorr-6.txt,2,15,0.2,uncorrelated,6,FEASIBLE,True,0.024845600128173828,11,14,0.024845600128173828,True,0.005999565124511719,1.0,OPTIMAL,0.016512393951416016,0,0.0,560.0,OPTIMAL,0.005515575408935547,560.0,1.0
2-15-2-uncorr-7.txt,2,15,0.2,uncorrelated,7,FEASIBLE,True,0.02554154396057129,11,14,0.02554154396057129,True,0.0065152645111083984,1.0,OPTIMAL,0.02003312110900879,1,0.0,792.0,OPTIMAL,0.003179311752319336,792.0,1.0
2-15-2-uncorr-8.txt,2,15,0.2,uncorrelated,8,FEASIBLE,True,0.026865243911743164,11,14,0.026865243911743164,True,0.005514621734619141,1.0,OPTIMAL,0.011031866073608398,0,0.0,597.0,OPTIMAL,0.0019998550415039062,597.0,1.0
2-15-2-uncorr-9.txt,2,15,0.2,uncorrelated,9,FEASIBLE,True,0.022548913955688477,10,12,0.021549701690673828,True,0.005509376525878906,1.0,OPTIMAL,0.01103353500366211,0,0.0,682.0,OPTIMAL,0.003998279571533203,682.0,1.0
2-15-2-weakcorr-0.txt,2,15,0.2,weakly_correlated,0,FEASIBLE,True,0.026022672653198242,12,14,0.026022672653198242,True,0.007512092590332031,1.0,OPTIMAL,0.02303624153137207,0,0.0,342.0,OPTIMAL,0.009018421173095703,342.0,1.0
2-15-2-weakcorr-1.txt,2,15,0.2,weakly_correlated,1,FEASIBLE,True,0.022159814834594727,10,12,0.022159814834594727,True,0.006518840789794922,1.0,OPTIMAL,0.020546674728393555,0,0.0,337.0,OPTIMAL,0.008000373840332031,337.0,1.0
2-15-2-weakcorr-2.txt,2,15,0.2,weakly_correlated,2,FEASIBLE,True,0.028314590454101562,11,14,0.028314590454101562,True,0.0065195560455322266,1.0,OPTIMAL,0.015035152435302734,0,0.0,385.0,OPTIMAL,0.009512186050415039,385.0,1.0
2-15-2-weakcorr-3.txt,2,15,0.2,weakly_correlated,3,FEASIBLE,True,0.025548696517944336,12,14,0.025548696517944336,True,0.0060002803802490234,1.0,OPTIMAL,0.01199960708618164,0,0.0,341.0,OPTIMAL,0.0035190582275390625,341.0,1.0
2-15-2-weakcorr-4.txt,2,15,0.2,weakly_correlated,4,FEASIBLE,True,0.026047229766845703,12,14,0.026047229766845703,True,0.006516218185424805,1.0,OPTIMAL,0.019031524658203125,1,0.0,353.0,OPTIMAL,0.00451970100402832,353.0,1.0
2-15-2-weakcorr-5.txt,2,15,0.2,weakly_correlated,5,FEASIBLE,True,0.02602219581604004,12,14,0.02602219581604004,True,0.006516218185424805,1.0,OPTIMAL,0.020067214965820312,0,0.0,350.0,OPTIMAL,0.0075092315673828125,350.0,1.0
2-15-2-weakcorr-6.txt,2,15,0.2,weakly_correlated,6,FEASIBLE,True,0.029549598693847656,13,16,0.029549598693847656,True,0.006516456604003906,1.0,OPTIMAL,0.014028549194335938,0,0.0,309.0,OPTIMAL,0.009519100189208984,309.0,1.0
2-15-2-weakcorr-7.txt,2,15,0.2,weakly_correlated,7,FEASIBLE,True,0.03368711471557617,12,16,0.03368711471557617,True,0.006518840789794922,1.0,OPTIMAL,0.03206205368041992,5,0.0,319.0,OPTIMAL,0.007517099380493164,319.0,1.0
2-15-2-weakcorr-8.txt,2,15,0.2,weakly_correlated,8,FEASIBLE,True,0.02628326416015625,12,14,0.02628326416015625,True,0.0065152645111083984,1.0,OPTIMAL,0.02054905891418457,1,0.0,318.0,OPTIMAL,0.005001068115234375,318.0,1.0
2-15-2-weakcorr-9.txt,2,15,0.2,weakly_correlated,9,FEASIBLE,True,0.029541492462158203,14,16,0.029541492462158203,True,0.006528615951538086,1.0,OPTIMAL,0.021559715270996094,1,0.0,352.0,OPTIMAL,0.008042335510253906,352.0,1.0
2-15-5-strongcorr-0.txt,2,15,0.5,strongly_correlated,0,FEASIBLE,True,0.0326540470123291,14,18,0.0326540470123291,True,0.006000518798828125,1.0,OPTIMAL,0.051799774169921875,4,0.0,972.0,OPTIMAL,0.020029544830322266,972.0,1.0
2-15-5-strongcorr-1.txt,2,15,0.5,strongly_correlated,1,FEASIBLE,True,0.0360565185546875,16,20,0.0360565185546875,True,0.00599980354309082,1.0,OPTIMAL,0.07810759544372559,3,0.0,806.0,OPTIMAL,0.02752685546875,806.0,1.0
2-15-5-strongcorr-2.txt,2,15,0.5,strongly_correlated,2,FEASIBLE,True,0.02253556251525879,10,12,0.02253556251525879,True,0.006505489349365234,1.0,OPTIMAL,0.015020608901977539,0,0.0,970.0,OPTIMAL,0.0030007362365722656,970.0,1.0
2-15-5-strongcorr-3.txt,2,15,0.5,strongly_correlated,3,FEASIBLE,True,0.02592611312866211,11,14,0.02592611312866211,True,0.006081104278564453,1.0,OPTIMAL,0.02031540870666504,2,0.0,997.0,OPTIMAL,0.0040013790130615234,997.0,1.0
2-15-5-strongcorr-4.txt,2,15,0.5,strongly_correlated,4,FEASIBLE,True,0.029592037200927734,12,16,0.029592037200927734,True,0.0060007572174072266,1.0,OPTIMAL,0.01200103759765625,0,0.0,956.0,OPTIMAL,0.004998207092285156,956.0,1.0
2-15-5-strongcorr-5.txt,2,15,0.5,strongly_correlated,5,FEASIBLE,True,0.027092695236206055,11,14,0.027092695236206055,True,0.005691051483154297,1.0,OPTIMAL,0.02011895179748535,1,0.0,1031.0,OPTIMAL,0.004000425338745117,1031.0,1.0
2-15-5-strongcorr-6.txt,2,15,0.5,strongly_correlated,6,FEASIBLE,True,0.0252835750579834,12,14,0.0252835750579834,True,0.0069997310638427734,1.0,OPTIMAL,0.061084747314453125,2,0.0,924.0,OPTIMAL,0.018029451370239258,924.0,1.0
2-15-5-strongcorr-7.txt,2,15,0.5,strongly_correlated,7,FEASIBLE,True,0.05707979202270508,25,28,0.05707979202270508,True,0.006516695022583008,1.0,OPTIMAL,0.048586368560791016,1,0.0,1041.0,OPTIMAL,0.028632164001464844,1041.0,1.0
2-15-5-strongcorr-8.txt,2,15,0.5,strongly_correlated,8,FEASIBLE,True,0.02554154396057129,12,14,0.02554154396057129,True,0.006516695022583008,1.0,OPTIMAL,0.07621455192565918,16,0.0,957.0,OPTIMAL,0.013613462448120117,957.0,1.0
2-15-5-strongcorr-9.txt,2,15,0.5,strongly_correlated,9,FEASIBLE,True,0.03806614875793457,17,20,0.03806614875793457,True,0.0065119266510009766,1.0,OPTIMAL,0.033048391342163086,0,0.0,857.0,OPTIMAL,0.017536401748657227,857.0,1.0
2-15-5-uncorr-0.txt,2,15,0.5,uncorrelated,0,FEASIBLE,True,0.025543689727783203,11,14,0.025543689727783203,True,0.0060024261474609375,1.0,OPTIMAL,0.023218631744384766,2,0.0,1110.0,OPTIMAL,0.004010438919067383,1110.0,1.0
2-15-5-uncorr-1.txt,2,15,0.5,uncorrelated,1,FEASIBLE,True,0.02203679084777832,10,12,0.02203679084777832,True,0.006033182144165039,1.0,OPTIMAL,0.011558771133422852,0,0.0,1245.0,OPTIMAL,0.0029990673065185547,1245.0,1.0
2-15-5-uncorr-2.txt,2,15,0.5,uncorrelated,2,FEASIBLE,True,0.02811431884765625,14,16,0.02811431884765625,True,0.006999015808105469,1.0,OPTIMAL,0.030035734176635742,5,0.0,1064.0,OPTIMAL,0.003518819808959961,1064.0,1.0
2-15-5-uncorr-3.txt,2,15,0.5,uncorrelated,3,FEASIBLE,True,0.02855062484741211,14,16,0.02855062484741211,True,0.0065212249755859375,1.0,OPTIMAL,0.02855372428894043,4,0.0,1098.0,OPTIMAL,0.006005525588989258,1098.0,1.0
2-15-5-uncorr-4.txt,2,15,0.5,uncorrelated,4,FEASIBLE,True,0.029058456420898438,13,16,0.029058456420898438,True,0.0065097808837890625,1.0,OPTIMAL,0.022089481353759766,3,0.0,1157.0,OPTIMAL,0.003010272979736328,1157.0,1.0
2-15-5-uncorr-5.txt,2,15,0.5,uncorrelated,5,FEASIBLE,True,0.02554464340209961,11,14,0.02554464340209961,True,0.0065076351165771484,1.0,OPTIMAL,0.02153754234313965,1,0.0,955.0,OPTIMAL,0.00299835205078125,955.0,1.0
2-15-5-uncorr-6.txt,2,15,0.5,uncorrelated,6,FEASIBLE,True,0.022029399871826172,10,12,0.022029399871826172,True,0.0065152645111083984,1.0,OPTIMAL,0.016031980514526367,0,0.0,981.0,OPTIMAL,0.002998828887939453,981.0,1.0
2-15-5-uncorr-7.txt,2,15,0.5,uncorrelated,7,FEASIBLE,True,0.04356718063354492,18,24,0.04356718063354492,True,0.006520748138427734,1.0,OPTIMAL,0.031067371368408203,2,0.0,1040.0,OPTIMAL,0.003999471664428711,1040.0,1.0
2-15-5-uncorr-8.txt,2,15,0.5,uncorrelated,8,FEASIBLE,True,0.03354310989379883,15,18,0.03354310989379883,True,0.0065097808837890625,1.0,OPTIMAL,0.039090871810913086,4,0.0,1128.0,OPTIMAL,0.0030045509338378906,1128.0,1.0
2-15-5-uncorr-9.txt,2,15,0.5,uncorrelated,9,FEASIBLE,True,0.02954554557800293,14,16,0.02954554557800293,True,0.00599980354309082,1.0,OPTIMAL,0.0235137939453125,1,0.0,1152.0,OPTIMAL,0.004000663757324219,1152.0,1.0
2-15-5-weakcorr-0.txt,2,15,0.5,weakly_correlated,0,FEASIBLE,True,0.024935245513916016,12,14,0.024935245513916016,True,0.0065157413482666016,1.0,OPTIMAL,0.019538164138793945,1,0.0,787.0,OPTIMAL,0.0029976367950439453,787.0,1.0
2-15-5-weakcorr-1.txt,2,15,0.5,weakly_correlated,1,FEASIBLE,True,0.03354048728942871,15,18,0.03354048728942871,True,0.007029056549072266,1.0,OPTIMAL,0.018545866012573242,0,0.0,816.0,OPTIMAL,0.008004426956176758,816.0,1.0
2-15-5-weakcorr-2.txt,2,15,0.5,weakly_correlated,2,FEASIBLE,True,0.030539989471435547,12,16,0.030539989471435547,True,0.0055158138275146484,1.0,OPTIMAL,0.019559144973754883,0,0.0,839.0,OPTIMAL,0.00702214241027832,839.0,1.0
2-15-5-weakcorr-3.txt,2,15,0.5,weakly_correlated,3,FEASIBLE,True,0.026549100875854492,12,14,0.026549100875854492,True,0.005999565124511719,1.0,OPTIMAL,0.023517608642578125,1,0.0,984.0,OPTIMAL,0.0040035247802734375,984.0,1.0
2-15-5-weakcorr-4.txt,2,15,0.5,weakly_correlated,4,FEASIBLE,True,0.021031618118286133,10,12,0.021031618118286133,True,0.006514072418212891,1.0,OPTIMAL,0.011513710021972656,0,0.0,782.0,OPTIMAL,0.003009796142578125,782.0,1.0
2-15-5-weakcorr-5.txt,2,15,0.5,weakly_correlated,5,FEASIBLE,True,0.04144477844238281,18,22,0.04144477844238281,True,0.006506919860839844,1.0,OPTIMAL,0.04056382179260254,4,0.0,857.0,OPTIMAL,0.014040946960449219,857.0,1.0
2-15-5-weakcorr-6.txt,2,15,0.5,weakly_correlated,6,FEASIBLE,True,0.025257587432861328,12,14,0.025257587432861328,True,0.006520271301269531,1.0,OPTIMAL,0.01803278923034668,1,0.0,841.0,OPTIMAL,0.0025179386138916016,841.0,1.0
2-15-5-weakcorr-7.txt,2,15,0.5,weakly_correlated,7,FEASIBLE,True,0.03005361557006836,14,16,0.03005361557006836,True,0.006512641906738281,1.0,OPTIMAL,0.030061960220336914,2,0.0,817.0,OPTIMAL,0.004000663757324219,817.0,1.0
2-15-5-weakcorr-8.txt,2,15,0.5,weakly_correlated,8,FEASIBLE,True,0.026546716690063477,12,14,0.026546716690063477,True,0.007017850875854492,1.0,OPTIMAL,0.02053999900817871,1,0.0,862.0,OPTIMAL,0.004511833190917969,862.0,1.0
2-15-5-weakcorr-9.txt,2,15,0.5,weakly_correlated,9,FEASIBLE,True,0.03388667106628418,14,18,0.03388667106628418,True,0.006512880325317383,1.0,OPTIMAL,0.01602911949157715,0,0.0,795.0,OPTIMAL,0.008512020111083984,795.0,1.0
2-20-2-strongcorr-0.txt,2,20,0.2,strongly_correlated,0,FEASIBLE,True,0.02686309814453125,11,14,0.02686309814453125,True,0.006509542465209961,1.0,OPTIMAL,0.017027854919433594,0,0.0,576.0,OPTIMAL,0.004008293151855469,576.0,1.0
2-20-2-strongcorr-1.txt,2,20,0.2,strongly_correlated,1,FEASIBLE,True,0.04007267951965332,15,20,0.04007267951965332,True,0.006514310836791992,1.0,OPTIMAL,0.026538848876953125,0,0.0,514.0,OPTIMAL,0.009516716003417969,514.0,1.0
2-20-2-strongcorr-2.txt,2,20,0.2,strongly_correlated,2,FEASIBLE,True,0.02654552459716797,11,14,0.02654552459716797,True,0.007004976272583008,1.0,OPTIMAL,0.017522335052490234,0,0.0,576.0,OPTIMAL,0.008501529693603516,576.0,1.0
2-20-2-strongcorr-3.txt,2,20,0.2,strongly_correlated,3,FEASIBLE,True,0.027039051055908203,12,14,0.027039051055908203,True,0.006517171859741211,1.0,OPTIMAL,0.026556968688964844,0,0.0,532.0,OPTIMAL,0.014518260955810547,532.0,1.0
2-20-2-strongcorr-4.txt,2,20,0.2,strongly_correlated,4,FEASIBLE,True,0.06500053405761719,19,24,0.06500053405761719,True,0.007519245147705078,1.0,OPTIMAL,0.03107428550720215,0,0.0,629.0,OPTIMAL,0.05458855628967285,629.0,1.0
2-20-2-strongcorr-5.txt,2,20,0.2,strongly_correlated,5,FEASIBLE,True,0.026206493377685547,11,14,0.026206493377685547,True,0.007006168365478516,1.0,OPTIMAL,0.01453089714050293,0,0.0,539.0,OPTIMAL,0.008498907089233398,539.0,1.0
2-20-2-strongcorr-6.txt,2,20,0.2,strongly_correlated,6,FEASIBLE,True,0.03877663612365723,13,16,0.03877663612365723,True,0.006519317626953125,1.0,OPTIMAL,0.026224374771118164,1,0.0,571.0,OPTIMAL,0.007002353668212891,571.0,1.0
2-20-2-strongcorr-7.txt,2,20,0.2,strongly_correlated,7,FEASIBLE,True,0.027081727981567383,12,14,0.027081727981567383,True,0.0060040950775146484,1.0,OPTIMAL,0.014977455139160156,0,0.0,577.0,OPTIMAL,0.0039942264556884766,577.0,1.0
2-20-2-strongcorr-8.txt,2,20,0.2,strongly_correlated,8,FEASIBLE,True,0.029063940048217773,13,16,0.029063940048217773,True,0.007513523101806641,1.0,OPTIMAL,0.014034509658813477,0,0.0,520.0,OPTIMAL,0.00500178337097168,520.0,1.0
2-20-2-strongcorr-9.txt,2,20,0.2,strongly_correlated,9,FEASIBLE,True,0.048856496810913086,15,20,0.048856496810913086,True,0.006841182708740234,1.0,OPTIMAL,0.013350248336791992,0,0.0,548.0,OPTIMAL,0.012515544891357422,548.0,1.0
2-20-2-uncorr-0.txt,2,20,0.2,uncorrelated,0,FEASIBLE,True,0.02203059196472168,10,12,0.02203059196472168,True,0.006518840789794922,1.0,OPTIMAL,0.012035846710205078,0,0.0,872.0,OPTIMAL,0.004003286361694336,872.0,1.0
2-20-2-uncorr-1.txt,2,20,0.2,uncorrelated,1,FEASIBLE,True,0.025483369827270508,12,14,0.025483369827270508,True,0.006997585296630859,1.0,OPTIMAL,0.02051711082458496,1,0.0,950.0,OPTIMAL,0.0029997825622558594,950.0,1.0
2-20-2-uncorr-2.txt,2,20,0.2,uncorrelated,2,FEASIBLE,True,0.02237868309020996,10,12,0.02237868309020996,True,0.00719451904296875,1.0,OPTIMAL,0.013411283493041992,0,0.0,992.0,OPTIMAL,0.0035088062286376953,992.0,1.0
2-20-2-uncorr-3.txt,2,20,0.2,uncorrelated,3,FEASIBLE,True,0.028543949127197266,12,16,0.028543949127197266,True,0.006513833999633789,1.0,OPTIMAL,0.0222628116607666,1,0.0,1110.0,OPTIMAL,0.005518674850463867,1110.0,1.0
2-20-2-uncorr-4.txt,2,20,0.2,uncorrelated,4,FEASIBLE,True,0.023034095764160156,10,12,0.023034095764160156,True,0.006003856658935547,1.0,OPTIMAL,0.01100301742553711,0,0.0,1065.0,OPTIMAL,0.0035185813903808594,1065.0,1.0
2-20-2-uncorr-5.txt,2,20,0.2,uncorrelated,5,FEASIBLE,True,0.03004145622253418,14,16,0.03004145622253418,True,0.0060079097747802734,1.0,OPTIMAL,0.021529197692871094,0,0.0,1008.0,OPTIMAL,0.00418400764465332,1008.0,1.0
2-20-2-uncorr-6.txt,2,20,0.2,uncorrelated,6,FEASIBLE,True,0.022068023681640625,10,12,0.022068023681640625,True,0.006997823715209961,1.0,OPTIMAL,0.01299738883972168,0,0.0,885.0,OPTIMAL,0.004510402679443359,885.0,1.0
2-20-2-uncorr-7.txt,2,20,0.2,uncorrelated,7,FEASIBLE,True,0.02730250358581543,11,14,0.02730250358581543,True,0.006499052047729492,1.0,OPTIMAL,0.020011186599731445,2,0.0,1064.0,OPTIMAL,0.004998207092285156,1064.0,1.0
2-20-2-uncorr-8.txt,2,20,0.2,uncorrelated,8,FEASIBLE,True,0.029552936553955078,13,16,0.029552936553955078,True,0.007506608963012695,1.0,OPTIMAL,0.023528575897216797,1,0.0,1174.0,OPTIMAL,0.00499415397644043,1174.0,1.0
2-20-2-uncorr-9.txt,2,20,0.2,uncorrelated,9,FEASIBLE,True,0.02304530143737793,10,12,0.022045135498046875,True,0.006483316421508789,1.0,OPTIMAL,0.012002944946289062,0,0.0,1226.0,OPTIMAL,0.0029959678649902344,1226.0,1.0
2-20-2-weakcorr-0.txt,2,20,0.2,weakly_correlated,0,FEASIBLE,True,0.02283954620361328,10,12,0.02283954620361328,True,0.00651097297668457,1.0,OPTIMAL,0.016017675399780273,0,0.0,496.0,OPTIMAL,0.0065119266510009766,496.0,1.0
2-20-2-weakcorr-1.txt,2,20,0.2,weakly_correlated,1,FEASIBLE,True,0.02786111831665039,10,12,0.02786111831665039,True,0.006999969482421875,1.0,OPTIMAL,0.01952052116394043,0,0.0,439.0,OPTIMAL,0.01578521728515625,439.0,1.0
2-20-2-weakcorr-2.txt,2,20,0.2,weakly_correlated,2,FEASIBLE,True,0.029303789138793945,13,16,0.029303789138793945,True,0.006508827209472656,1.0,OPTIMAL,0.01260232925415039,0,0.0,471.0,OPTIMAL,0.0029931068420410156,471.0,1.0
2-20-2-weakcorr-3.txt,2,20,0.2,weakly_correlated,3,FEASIBLE,True,0.036622047424316406,15,18,0.036622047424316406,True,0.006792545318603516,1.0,OPTIMAL,0.01930546760559082,0,0.0,432.0,OPTIMAL,0.011519908905029297,432.0,1.0
2-20-2-weakcorr-4.txt,2,20,0.2,weakly_correlated,4,FEASIBLE,True,0.02964639663696289,14,16,0.028651714324951172,True,0.00552678108215332,1.0,OPTIMAL,0.019034385681152344,0,0.0,477.0,OPTIMAL,0.008003473281860352,477.0,1.0
2-20-2-weakcorr-5.txt,2,20,0.2,weakly_correlated,5,FEASIBLE,True,0.02555561065673828,11,14,0.02555561065673828,True,0.007002115249633789,1.0,OPTIMAL,0.020508766174316406,0,0.0,480.0,OPTIMAL,0.00850987434387207,480.0,1.0
2-20-2-weakcorr-6.txt,2,20,0.2,weakly_correlated,6,FEASIBLE,True,0.02722787857055664,12,14,0.02722787857055664,True,0.006007194519042969,1.0,OPTIMAL,0.019506216049194336,0,0.0,519.0,OPTIMAL,0.005428314208984375,519.0,1.0
2-20-2-weakcorr-7.txt,2,20,0.2,weakly_correlated,7,FEASIBLE,True,0.03769111633300781,14,16,0.03769111633300781,True,0.006519317626953125,1.0,OPTIMAL,0.0300750732421875,1,0.0,465.0,OPTIMAL,0.01551365852355957,465.0,1.0
2-20-2-weakcorr-8.txt,2,20,0.2,weakly_correlated,8,FEASIBLE,True,0.030109405517578125,12,16,0.030109405517578125,True,0.006510257720947266,1.0,OPTIMAL,0.024539947509765625,1,0.0,452.0,OPTIMAL,0.008516073226928711,452.0,1.0
2-20-2-weakcorr-9.txt,2,20,0.2,weakly_correlated,9,FEASIBLE,True,0.02603745460510254,10,12,0.02603745460510254,True,0.006516933441162109,1.0,OPTIMAL,0.025554895401000977,1,0.0,505.0,OPTIMAL,0.010512828826904297,505.0,1.0
2-20-5-strongcorr-0.txt,2,20,0.5,strongly_correlated,0,FEASIBLE,True,0.026542186737060547,12,14,0.026542186737060547,True,0.0059986114501953125,1.0,OPTIMAL,0.03203129768371582,0,0.0,1223.0,OPTIMAL,0.020523786544799805,1223.0,1.0
2-20-5-strongcorr-1.txt,2,20,0.5,strongly_correlated,1,FEASIBLE,True,0.03905749320983887,16,20,0.03905749320983887,True,0.006513833999633789,1.0,OPTIMAL,0.03761601448059082,1,0.0,1310.0,OPTIMAL,0.021033763885498047,1310.0,1.0
2-20-5-strongcorr-2.txt,2,20,0.5,strongly_correlated,2,FEASIBLE,True,0.07155632972717285,19,24,0.06955528259277344,True,0.007518291473388672,1.0,OPTIMAL,0.04457807540893555,3,0.0,1349.0,OPTIMAL,0.01903247833251953,1349.0,1.0
2-20-5-strongcorr-3.txt,2,20,0.5,strongly_correlated,3,FEASIBLE,True,0.0396275520324707,15,20,0.0396275520324707,True,0.00699925422668457,1.0,OPTIMAL,0.05957746505737305,6,0.0,1335.0,OPTIMAL,0.023035287857055664,1335.0,1.0
2-20-5-strongcorr-4.txt,2,20,0.5,strongly_correlated,4,FEASIBLE,True,0.0258636474609375,12,14,0.0258636474609375,True,0.006003856658935547,1.0,OPTIMAL,0.032036781311035156,2,0.0,1366.0,OPTIMAL,0.01552271842956543,1366.0,1.0
2-20-5-strongcorr-5.txt,2,20,0.5,strongly_correlated,5,FEASIBLE,True,0.04105067253112793,13,16,0.04105067253112793,True,0.007517814636230469,1.0,OPTIMAL,0.017029523849487305,0,0.0,1264.0,OPTIMAL,0.009510040283203125,1264.0,1.0
2-20-5-strongcorr-6.txt,2,20,0.5,strongly_correlated,6,FEASIBLE,True,0.050725698471069336,21,24,0.050725698471069336,True,0.00750732421875,1.0,OPTIMAL,0.07808923721313477,4,0.0,1345.0,OPTIMAL,0.0635836124420166,1345.0,1.0
2-20-5-strongcorr-7.txt,2,20,0.5,strongly_correlated,7,FEASIBLE,True,0.13822531700134277,40,52,0.13822531700134277,True,0.0066373348236083984,1.0,OPTIMAL,0.09076070785522461,6,0.0,1223.0,OPTIMAL,0.06934571266174316,1223.0,1.0
2-20-5-strongcorr-8.txt,2,20,0.5,strongly_correlated,8,FEASIBLE,True,0.026555299758911133,12,14,0.026555299758911133,True,0.0065155029296875,1.0,OPTIMAL,0.04958915710449219,5,0.0,1249.0,OPTIMAL,0.004008293151855469,1249.0,1.0
2-20-5-strongcorr-9.txt,2,20,0.5,strongly_correlated,9,FEASIBLE,True,0.03490853309631348,15,18,0.03490853309631348,True,0.0065114498138427734,1.0,OPTIMAL,0.025558948516845703,0,0.0,1236.0,OPTIMAL,0.003996133804321289,1236.0,1.0
2-20-5-uncorr-0.txt,2,20,0.5,uncorrelated,0,FEASIBLE,True,0.032964229583740234,15,18,0.032964229583740234,True,0.007010698318481445,1.0,OPTIMAL,0.022526025772094727,2,0.0,1703.0,OPTIMAL,0.003520488739013672,1703.0,1.0
2-20-5-uncorr-1.txt,2,20,0.5,uncorrelated,1,FEASIBLE,True,0.029857635498046875,13,16,0.029857635498046875,True,0.006512880325317383,1.0,OPTIMAL,0.012013673782348633,0,0.0,1508.0,OPTIMAL,0.00251007080078125,1508.0,1.0
2-20-5-uncorr-2.txt,2,20,0.5,uncorrelated,2,FEASIBLE,True,0.029551267623901367,12,16,0.029551267623901367,True,0.0065267086029052734,1.0,OPTIMAL,0.013052225112915039,0,0.0,1294.0,OPTIMAL,0.00399327278137207,1294.0,1.0
2-20-5-uncorr-3.txt,2,20,0.5,uncorrelated,3,FEASIBLE,True,0.02960348129272461,13,16,0.02960348129272461,True,0.006533622741699219,1.0,OPTIMAL,0.024104595184326172,1,0.0,1578.0,OPTIMAL,0.006520748138427734,1578.0,1.0
2-20-5-uncorr-4.txt,2,20,0.5,uncorrelated,4,FEASIBLE,True,0.0292356014251709,14,16,0.0292356014251709,True,0.007521390914916992,1.0,OPTIMAL,0.03896498680114746,4,0.0,1529.0,OPTIMAL,0.006000518798828125,1529.0,1.0
2-20-5-uncorr-5.txt,2,20,0.5,uncorrelated,5,FEASIBLE,True,0.037183523178100586,17,20,0.037183523178100586,True,0.0060007572174072266,1.0,OPTIMAL,0.030034780502319336,4,0.0,1291.0,OPTIMAL,0.004029273986816406,1291.0,1.0
2-20-5-uncorr-6.txt,2,20,0.5,uncorrelated,6,FEASIBLE,True,0.02904057502746582,13,16,0.02904057502746582,True,0.006513357162475586,1.0,OPTIMAL,0.02225208282470703,1,0.0,1524.0,OPTIMAL,0.005324363708496094,1524.0,1.0
2-20-5-uncorr-7.txt,2,20,0.5,uncorrelated,7,FEASIBLE,True,0.03258180618286133,14,18,0.03258180618286133,True,0.00699925422668457,1.0,OPTIMAL,0.016522884368896484,0,0.0,1708.0,OPTIMAL,0.004522562026977539,1708.0,1.0
2-20-5-uncorr-8.txt,2,20,0.5,uncorrelated,8,FEASIBLE,True,0.030547618865966797,14,16,0.030547618865966797,True,0.006512165069580078,1.0,OPTIMAL,0.017026901245117188,0,0.0,1612.0,OPTIMAL,0.004520893096923828,1612.0,1.0
2-20-5-uncorr-9.txt,2,20,0.5,uncorrelated,9,FEASIBLE,True,0.02954721450805664,13,16,0.02954721450805664,True,0.006999969482421875,1.0,OPTIMAL,0.020519733428955078,2,0.0,1252.0,OPTIMAL,0.003514528274536133,1252.0,1.0
2-20-5-weakcorr-0.txt,2,20,0.5,weakly_correlated,0,FEASIBLE,True,0.04457712173461914,17,22,0.04457712173461914,True,0.006513833999633789,1.0,OPTIMAL,0.055101871490478516,3,0.0,1077.0,OPTIMAL,0.02054882049560547,1077.0,1.0
2-20-5-weakcorr-1.txt,2,20,0.5,weakly_correlated,1,FEASIBLE,True,0.06018567085266113,19,22,0.06018567085266113,True,0.0070037841796875,1.0,OPTIMAL,0.045206308364868164,4,0.0,1075.0,OPTIMAL,0.01526641845703125,1075.0,1.0
2-20-5-weakcorr-2.txt,2,20,0.5,weakly_correlated,2,FEASIBLE,True,0.029038190841674805,12,14,0.029038190841674805,True,0.006513357162475586,1.0,OPTIMAL,0.019036531448364258,0,0.0,1136.0,OPTIMAL,0.00852203369140625,1136.0,1.0
2-20-5-weakcorr-3.txt,2,20,0.5,weakly_correlated,3,FEASIBLE,True,0.0260312557220459,11,14,0.0260312557220459,True,0.006516695022583008,1.0,OPTIMAL,0.02254939079284668,1,0.0,1094.0,OPTIMAL,0.004004478454589844,1094.0,1.0
2-20-5-weakcorr-4.txt,2,20,0.5,weakly_correlated,4,FEASIBLE,True,0.026549577713012695,12,14,0.026549577713012695,True,0.006517887115478516,1.0,OPTIMAL,0.03706765174865723,3,0.0,1048.0,OPTIMAL,0.011513233184814453,1048.0,1.0
2-20-5-weakcorr-5.txt,2,20,0.5,weakly_correlated,5,FEASIBLE,True,0.03754782676696777,16,20,0.03754782676696777,True,0.006031036376953125,1.0,OPTIMAL,0.019060134887695312,1,0.0,1157.0,OPTIMAL,0.007505655288696289,1157.0,1.0
2-20-5-weakcorr-6.txt,2,20,0.5,weakly_correlated,6,FEASIBLE,True,0.0375518798828125,16,18,0.0375518798828125,True,0.006517171859741211,1.0,OPTIMAL,0.025109052658081055,0,0.0,1086.0,OPTIMAL,0.00700068473815918,1086.0,1.0
2-20-5-weakcorr-7.txt,2,20,0.5,weakly_correlated,7,FEASIBLE,True,0.029038190841674805,13,16,0.029038190841674805,True,0.006517887115478516,1.0,OPTIMAL,0.027557373046875,2,0.0,1168.0,OPTIMAL,0.005002498626708984,1168.0,1.0
2-20-5-weakcorr-8.txt,2,20,0.5,weakly_correlated,8,FEASIBLE,True,0.08236455917358398,30,36,0.08236455917358398,True,0.007512092590332031,1.0,OPTIMAL,0.09668278694152832,20,0.0,941.0,OPTIMAL,0.018033742904663086,941.0,1.0
2-20-5-weakcorr-9.txt,2,20,0.5,weakly_correlated,9,FEASIBLE,True,0.04658865928649902,19,22,0.04658865928649902,True,0.006521463394165039,1.0,OPTIMAL,0.048099517822265625,5,0.0,1137.0,OPTIMAL,0.01402592658996582,1137.0,1.0
2-30-2-strongcorr-0.txt,2,30,0.2,strongly_correlated,0,FEASIBLE,True,0.06323122978210449,16,22,0.06223011016845703,True,0.006513833999633789,1.0,OPTIMAL,0.013540506362915039,0,0.0,861.0,OPTIMAL,0.004511594772338867,861.0,1.0
2-30-2-strongcorr-1.txt,2,30,0.2,strongly_correlated,1,FEASIBLE,True,0.059126853942871094,17,24,0.05811476707458496,True,0.007003068923950195,1.0,OPTIMAL,0.02301502227783203,2,0.0,843.0,OPTIMAL,0.01051473617553711,843.0,1.0
2-30-2-strongcorr-2.txt,2,30,0.2,strongly_correlated,2,FEASIBLE,True,0.027568817138671875,11,14,0.027568817138671875,True,0.00636601448059082,1.0,OPTIMAL,0.01189875602722168,0,0.0,874.0,OPTIMAL,0.01214909553527832,874.0,1.0
2-30-2-strongcorr-3.txt,2,30,0.2,strongly_correlated,3,FEASIBLE,True,0.039052486419677734,13,18,0.039052486419677734,True,0.006505250930786133,1.0,OPTIMAL,0.029101133346557617,3,0.0,911.0,OPTIMAL,0.004519939422607422,911.0,1.0
2-30-2-strongcorr-4.txt,2,30,0.2,strongly_correlated,4,FEASIBLE,True,0.057940006256103516,18,22,0.057940006256103516,True,0.007511138916015625,1.0,OPTIMAL,0.07791519165039062,7,0.0,868.0,OPTIMAL,0.054070234298706055,868.0,1.0
2-30-2-strongcorr-5.txt,2,30,0.2,strongly_correlated,5,FEASIBLE,True,0.0300595760345459,13,16,0.0300595760345459,True,0.007521390914916992,1.0,OPTIMAL,0.025554180145263672,1,0.0,829.0,OPTIMAL,0.013509511947631836,829.0,1.0
2-30-2-strongcorr-6.txt,2,30,0.2,strongly_correlated,6,FEASIBLE,True,0.06610870361328125,22,28,0.06460070610046387,True,0.006011009216308594,1.0,OPTIMAL,0.06560969352722168,4,0.0,816.0,OPTIMAL,0.013302087783813477,816.0,1.0
2-30-2-strongcorr-7.txt,2,30,0.2,strongly_correlated,7,FEASIBLE,True,0.03154253959655762,11,14,0.03154253959655762,True,0.006514787673950195,1.0,OPTIMAL,0.012032508850097656,0,0.0,817.0,OPTIMAL,0.003998279571533203,817.0,1.0
2-30-2-strongcorr-8.txt,2,30,0.2,strongly_correlated,8,FEASIBLE,True,0.02653980255126953,10,12,0.02653980255126953,True,0.006519317626953125,1.0,OPTIMAL,0.013031482696533203,0,0.0,838.0,OPTIMAL,0.003526449203491211,838.0,1.0
2-30-2-strongcorr-9.txt,2,30,0.2,strongly_correlated,9,FEASIBLE,True,0.02754521369934082,12,14,0.02754521369934082,True,0.006520509719848633,1.0,OPTIMAL,0.021550655364990234,2,0.0,846.0,OPTIMAL,0.0030028820037841797,846.0,1.0
2-30-2-uncorr-0.txt,2,30,0.2,uncorrelated,0,FEASIBLE,True,0.04457664489746094,18,22,0.04357719421386719,True,0.005999088287353516,1.0,OPTIMAL,0.05058765411376953,9,0.0,1566.0,OPTIMAL,0.010520458221435547,1566.0,1.0
2-30-2-uncorr-1.txt,2,30,0.2,uncorrelated,1,FEASIBLE,True,0.023062705993652344,10,12,0.023062705993652344,True,0.006644248962402344,1.0,OPTIMAL,0.020159006118774414,0,0.0,1514.0,OPTIMAL,0.008649349212646484,1514.0,1.0
2-30-2-uncorr-2.txt,2,30,0.2,uncorrelated,2,FEASIBLE,True,0.03782534599304199,14,18,0.03782534599304199,True,0.0070095062255859375,1.0,OPTIMAL,0.031222105026245117,2,0.0,1412.0,OPTIMAL,0.009506940841674805,1412.0,1.0
2-30-2-uncorr-3.txt,2,30,0.2,uncorrelated,3,FEASIBLE,True,0.023551464080810547,10,12,0.023551464080810547,True,0.00751805305480957,1.0,OPTIMAL,0.024552583694458008,0,0.0,1510.0,OPTIMAL,0.01051473617553711,1510.0,1.0
2-30-2-uncorr-4.txt,2,30,0.2,uncorrelated,4,FEASIBLE,True,0.03705954551696777,14,18,0.03705954551696777,True,0.006520986557006836,1.0,OPTIMAL,0.017051219940185547,0,0.0,1601.0,OPTIMAL,0.005998849868774414,1601.0,1.0
2-30-2-uncorr-5.txt,2,30,0.2,uncorrelated,5,FEASIBLE,True,0.03083968162536621,13,16,0.03083968162536621,True,0.006516933441162109,1.0,OPTIMAL,0.020552635192871094,2,0.0,1621.0,OPTIMAL,0.0019931793212890625,1621.0,1.0
2-30-2-uncorr-6.txt,2,30,0.2,uncorrelated,6,FEASIBLE,True,0.03006601333618164,14,16,0.03006601333618164,True,0.007508516311645508,1.0,OPTIMAL,0.03687095642089844,4,0.0,1182.0,OPTIMAL,0.010515451431274414,1182.0,1.0
2-30-2-uncorr-7.txt,2,30,0.2,uncorrelated,7,FEASIBLE,True,0.03256797790527344,13,16,0.03256797790527344,True,0.006505012512207031,1.0,OPTIMAL,0.034041404724121094,3,0.0,1338.0,OPTIMAL,0.008512258529663086,1338.0,1.0
2-30-2-uncorr-8.txt,2,30,0.2,uncorrelated,8,FEASIBLE,True,0.023029088973999023,10,12,0.023029088973999023,True,0.007033348083496094,1.0,OPTIMAL,0.012542724609375,0,0.0,1640.0,OPTIMAL,0.003999233245849609,1640.0,1.0
2-30-2-uncorr-9.txt,2,30,0.2,uncorrelated,9,FEASIBLE,True,0.027554750442504883,11,14,0.026559114456176758,True,0.005999326705932617,1.0,OPTIMAL,0.03245949745178223,3,0.0,1332.0,OPTIMAL,0.0075054168701171875,1332.0,1.0
2-30-2-weakcorr-0.txt,2,30,0.2,weakly_correlated,0,FEASIBLE,True,0.03723001480102539,15,18,0.03723001480102539,True,0.00699925422668457,1.0,OPTIMAL,0.029033899307250977,1,0.0,658.0,OPTIMAL,0.014094114303588867,658.0,1.0
2-30-2-weakcorr-1.txt,2,30,0.2,weakly_correlated,1,FEASIBLE,True,0.04471921920776367,12,14,0.04471921920776367,True,0.00599980354309082,1.0,OPTIMAL,0.0347137451171875,1,0.0,747.0,OPTIMAL,0.015038728713989258,747.0,1.0
2-30-2-weakcorr-2.txt,2,30,0.2,weakly_correlated,2,FEASIBLE,True,0.04159283638000488,14,16,0.04159283638000488,True,0.007009267807006836,1.0,OPTIMAL,0.020524978637695312,0,0.0,730.0,OPTIMAL,0.015023231506347656,730.0,1.0
2-30-2-weakcorr-3.txt,2,30,0.2,weakly_correlated,3,FEASIBLE,True,0.02855086326599121,12,14,0.02855086326599121,True,0.006512165069580078,1.0,OPTIMAL,0.038056373596191406,1,0.0,673.0,OPTIMAL,0.02153325080871582,673.0,1.0
2-30-2-weakcorr-4.txt,2,30,0.2,weakly_correlated,4,FEASIBLE,True,0.03629469871520996,12,14,0.03629469871520996,True,0.006989002227783203,1.0,OPTIMAL,0.018502473831176758,0,0.0,663.0,OPTIMAL,0.008002758026123047,663.0,1.0
2-30-2-weakcorr-5.txt,2,30,0.2,weakly_correlated,5,FEASIBLE,True,0.059072256088256836,20,24,0.059072256088256836,True,0.006999969482421875,1.0,OPTIMAL,0.037665367126464844,0,0.0,751.0,OPTIMAL,0.0376276969909668,751.0,1.0
2-30-2-weakcorr-6.txt,2,30,0.2,weakly_correlated,6,FEASIBLE,True,0.024029970169067383,10,12,0.024029970169067383,True,0.005518198013305664,1.0,OPTIMAL,0.010677814483642578,0,0.0,687.0,OPTIMAL,0.006060361862182617,687.0,1.0
2-30-2-weakcorr-7.txt,2,30,0.2,weakly_correlated,7,FEASIBLE,True,0.03423142433166504,15,18,0.03423142433166504,True,0.006999492645263672,1.0,OPTIMAL,0.021518230438232422,2,0.0,668.0,OPTIMAL,0.0060024261474609375,668.0,1.0
2-30-2-weakcorr-8.txt,2,30,0.2,weakly_correlated,8,FEASIBLE,True,0.03505206108093262,12,16,0.03354358673095703,True,0.006174325942993164,1.0,OPTIMAL,0.033193349838256836,0,0.0,725.0,OPTIMAL,0.015032052993774414,725.0,1.0
2-30-2-weakcorr-9.txt,2,30,0.2,weakly_correlated,9,FEASIBLE,True,0.034059762954711914,13,16,0.034059762954711914,True,0.006510734558105469,1.0,OPTIMAL,0.023548126220703125,0,0.0,742.0,OPTIMAL,0.003999948501586914,742.0,1.0
2-30-5-strongcorr-0.txt,2,30,0.5,strongly_correlated,0,FEASIBLE,True,0.068115234375,23,26,0.0676114559173584,True,0.007519245147705078,1.0,OPTIMAL,0.060587406158447266,3,0.0,1811.0,OPTIMAL,0.006001472473144531,1811.0,1.0
2-30-5-strongcorr-1.txt,2,30,0.5,strongly_correlated,1,FEASIBLE,True,0.05124616622924805,21,24,0.05124616622924805,True,0.006524562835693359,1.0,OPTIMAL,0.05055856704711914,0,0.0,1989.0,OPTIMAL,0.018024921417236328,1989.0,1.0
2-30-5-strongcorr-2.txt,2,30,0.5,strongly_correlated,2,FEASIBLE,True,0.03806781768798828,14,16,0.03806781768798828,True,0.006514549255371094,1.0,OPTIMAL,0.06093478202819824,3,0.0,1903.0,OPTIMAL,0.010504961013793945,1903.0,1.0
2-30-5-strongcorr-3.txt,2,30,0.5,strongly_correlated,3,FEASIBLE,True,0.052884817123413086,22,26,0.052884817123413086,True,0.007515907287597656,1.0,OPTIMAL,0.06713652610778809,4,0.0,1888.0,OPTIMAL,0.034038543701171875,1888.0,1.0
2-30-5-strongcorr-4.txt,2,30,0.5,strongly_correlated,4,FEASIBLE,True,0.05476045608520508,22,28,0.05476045608520508,True,0.006997823715209961,1.0,OPTIMAL,0.1773817539215088,20,0.0,1983.0,OPTIMAL,0.05383872985839844,1983.0,1.0
2-30-5-strongcorr-5.txt,2,30,0.5,strongly_correlated,5,FEASIBLE,True,0.043580055236816406,17,20,0.043580055236816406,True,0.0070078372955322266,1.0,OPTIMAL,0.057605743408203125,2,0.0,1870.0,OPTIMAL,0.020022869110107422,1870.0,1.0
2-30-5-strongcorr-6.txt,2,30,0.5,strongly_correlated,6,FEASIBLE,True,0.03255319595336914,13,16,0.03255319595336914,True,0.0065212249755859375,1.0,OPTIMAL,0.026070117950439453,1,0.0,1955.0,OPTIMAL,0.008510112762451172,1955.0,1.0
2-30-5-strongcorr-7.txt,2,30,0.5,strongly_correlated,7,FEASIBLE,True,0.0891411304473877,30,34,0.08814120292663574,True,0.00677490234375,1.0,OPTIMAL,0.10540032386779785,15,0.0,1927.0,OPTIMAL,0.013520956039428711,1927.0,1.0
2-30-5-strongcorr-8.txt,2,30,0.5,strongly_correlated,8,FEASIBLE,True,0.08255362510681152,26,30,0.08255362510681152,True,0.007515668869018555,1.0,OPTIMAL,0.08062338829040527,5,0.0,1975.0,OPTIMAL,0.015025138854980469,1975.0,1.0
2-30-5-strongcorr-9.txt,2,30,0.5,strongly_correlated,9,FEASIBLE,True,0.04257655143737793,19,22,0.04257655143737793,True,0.007002115249633789,1.0,OPTIMAL,0.09308505058288574,5,0.0,1685.0,OPTIMAL,0.039734840393066406,1685.0,1.0
2-30-5-uncorr-0.txt,2,30,0.5,uncorrelated,0,FEASIBLE,True,0.037964820861816406,16,18,0.037964820861816406,True,0.007628679275512695,1.0,OPTIMAL,0.02167201042175293,2,0.0,2026.0,OPTIMAL,0.009522438049316406,2026.0,1.0
2-30-5-uncorr-1.txt,2,30,0.5,uncorrelated,1,FEASIBLE,True,0.03155517578125,13,16,0.03155517578125,True,0.007518768310546875,1.0,OPTIMAL,0.029552459716796875,4,0.0,1981.0,OPTIMAL,0.006011009216308594,1981.0,1.0
2-30-5-uncorr-2.txt,2,30,0.5,uncorrelated,2,FEASIBLE,True,0.03206372261047363,13,16,0.03206372261047363,True,0.007518291473388672,1.0,OPTIMAL,0.028555631637573242,2,0.0,2172.0,OPTIMAL,0.008520126342773438,2172.0,1.0
2-30-5-uncorr-3.txt,2,30,0.5,uncorrelated,3,FEASIBLE,True,0.03497171401977539,15,18,0.03497171401977539,True,0.007002830505371094,1.0,OPTIMAL,0.03953695297241211,2,0.0,2163.0,OPTIMAL,0.00952005386352539,2163.0,1.0
2-30-5-uncorr-4.txt,2,30,0.5,uncorrelated,4,FEASIBLE,True,0.03169059753417969,14,16,0.03169059753417969,True,0.007039785385131836,1.0,OPTIMAL,0.03259873390197754,3,0.0,2217.0,OPTIMAL,0.008392095565795898,2217.0,1.0
2-30-5-uncorr-5.txt,2,30,0.5,uncorrelated,5,FEASIBLE,True,0.031054258346557617,14,16,0.031054258346557617,True,0.007010936737060547,1.0,OPTIMAL,0.032562255859375,4,0.0,2168.0,OPTIMAL,0.008511066436767578,2168.0,1.0
2-30-5-uncorr-6.txt,2,30,0.5,uncorrelated,6,FEASIBLE,True,0.03122735023498535,13,16,0.03122735023498535,True,0.006519317626953125,1.0,OPTIMAL,0.030591249465942383,3,0.0,2211.0,OPTIMAL,0.008515119552612305,2211.0,1.0
2-30-5-uncorr-7.txt,2,30,0.5,uncorrelated,7,FEASIBLE,True,0.028555870056152344,11,14,0.028555870056152344,True,0.007517337799072266,1.0,OPTIMAL,0.020042896270751953,2,0.0,2500.0,OPTIMAL,0.0030028820037841797,2500.0,1.0
2-30-5-uncorr-8.txt,2,30,0.5,uncorrelated,8,FEASIBLE,True,0.02794027328491211,12,14,0.02794027328491211,True,0.00651860237121582,1.0,OPTIMAL,0.020555973052978516,2,0.0,2130.0,OPTIMAL,0.0029985904693603516,2130.0,1.0
2-30-5-uncorr-9.txt,2,30,0.5,uncorrelated,9,FEASIBLE,True,0.03175067901611328,13,16,0.03175067901611328,True,0.00651240348815918,1.0,OPTIMAL,0.023544788360595703,1,0.0,2349.0,OPTIMAL,0.003998279571533203,2349.0,1.0
2-30-5-weakcorr-0.txt,2,30,0.5,weakly_correlated,0,FEASIBLE,True,0.03506898880004883,15,18,0.03506898880004883,True,0.006000041961669922,1.0,OPTIMAL,0.10469222068786621,12,0.0,1591.0,OPTIMAL,0.020024538040161133,1591.0,1.0
2-30-5-weakcorr-1.txt,2,30,0.5,weakly_correlated,1,FEASIBLE,True,0.07823443412780762,20,24,0.07823443412780762,True,0.0075109004974365234,1.0,OPTIMAL,0.057381629943847656,1,0.0,1574.0,OPTIMAL,0.024023771286010742,1574.0,1.0
2-30-5-weakcorr-2.txt,2,30,0.5,weakly_correlated,2,FEASIBLE,True,0.07040882110595703,19,22,0.07040882110595703,True,0.007515668869018555,1.0,OPTIMAL,0.057152509689331055,1,0.0,1594.0,OPTIMAL,0.046741485595703125,1594.0,1.0
2-30-5-weakcorr-3.txt,2,30,0.5,weakly_correlated,3,FEASIBLE,True,0.038544654846191406,16,20,0.038544654846191406,True,0.007513999938964844,1.0,OPTIMAL,0.04206490516662598,3,0.0,1768.0,OPTIMAL,0.005959272384643555,1768.0,1.0
2-30-5-weakcorr-4.txt,2,30,0.5,weakly_correlated,4,FEASIBLE,True,0.030556201934814453,13,16,0.030556201934814453,True,0.007028818130493164,1.0,OPTIMAL,0.03157496452331543,2,0.0,1665.0,OPTIMAL,0.008503437042236328,1665.0,1.0
2-30-5-weakcorr-5.txt,2,30,0.5,weakly_correlated,5,FEASIBLE,True,0.036072731018066406,16,18,0.035073280334472656,True,0.006516218185424805,1.0,OPTIMAL,0.042742013931274414,1,0.0,1943.0,OPTIMAL,0.02101874351501465,1943.0,1.0
2-30-5-weakcorr-6.txt,2,30,0.5,weakly_correlated,6,FEASIBLE,True,0.060656070709228516,17,22,0.060656070709228516,True,0.006997823715209961,1.0,OPTIMAL,0.03554582595825195,2,0.0,1799.0,OPTIMAL,0.008517742156982422,1799.0,1.0
2-30-5-weakcorr-7.txt,2,30,0.5,weakly_correlated,7,FEASIBLE,True,0.04162764549255371,16,20,0.04162764549255371,True,0.007515907287597656,1.0,OPTIMAL,0.07463622093200684,12,0.0,1394.0,OPTIMAL,0.02952098846435547,1394.0,1.0
2-30-5-weakcorr-8.txt,2,30,0.5,weakly_correlated,8,FEASIBLE,True,0.04856729507446289,17,20,0.04856729507446289,True,0.006518363952636719,1.0,OPTIMAL,0.01804375648498535,0,0.0,1741.0,OPTIMAL,0.0075113773345947266,1741.0,1.0
2-30-5-weakcorr-9.txt,2,30,0.5,weakly_correlated,9,FEASIBLE,True,0.03704524040222168,14,18,0.03704524040222168,True,0.006505012512207031,1.0,OPTIMAL,0.022524356842041016,0,0.0,1610.0,OPTIMAL,0.007521152496337891,1610.0,1.0
2-40-2-strongcorr-0.txt,2,40,0.2,strongly_correlated,0,FEASIBLE,True,0.04844069480895996,14,18,0.04744076728820801,True,0.0075206756591796875,1.0,OPTIMAL,0.015038728713989258,0,0.0,1163.0,OPTIMAL,0.012119293212890625,1163.0,1.0
2-40-2-strongcorr-1.txt,2,40,0.2,strongly_correlated,1,FEASIBLE,True,0.04406285285949707,14,18,0.04406285285949707,True,0.006999015808105469,1.0,OPTIMAL,0.03454303741455078,1,0.0,1163.0,OPTIMAL,0.01451253890991211,1163.0,1.0
2-40-2-strongcorr-2.txt,2,40,0.2,strongly_correlated,2,FEASIBLE,True,0.09006547927856445,25,30,0.09006547927856445,True,0.0070476531982421875,1.0,OPTIMAL,0.033174991607666016,2,0.0,1137.0,OPTIMAL,0.015045881271362305,1137.0,1.0
2-40-2-strongcorr-3.txt,2,40,0.2,strongly_correlated,3,FEASIBLE,True,0.03481292724609375,13,16,0.03481292724609375,True,0.0075130462646484375,1.0,OPTIMAL,0.03159499168395996,1,0.0,1135.0,OPTIMAL,0.014517068862915039,1135.0,1.0
2-40-2-strongcorr-4.txt,2,40,0.2,strongly_correlated,4,FEASIBLE,True,0.05688834190368652,19,22,0.055889129638671875,True,0.006998777389526367,1.0,OPTIMAL,0.08410835266113281,4,0.0,1110.0,OPTIMAL,0.030538082122802734,1110.0,1.0
2-40-2-strongcorr-5.txt,2,40,0.2,strongly_correlated,5,FEASIBLE,True,0.04717898368835449,15,18,0.04717898368835449,True,0.00651860237121582,1.0,OPTIMAL,0.013528108596801758,0,0.0,1109.0,OPTIMAL,0.004519462585449219,1109.0,1.0
2-40-2-strongcorr-6.txt,2,40,0.2,strongly_correlated,6,FEASIBLE,True,0.040967464447021484,18,20,0.040967464447021484,True,0.006000041961669922,1.0,OPTIMAL,0.13666772842407227,7,0.0,1086.0,OPTIMAL,0.05770587921142578,1086.0,1.0
2-40-2-strongcorr-7.txt,2,40,0.2,strongly_correlated,7,FEASIBLE,True,0.028537273406982422,12,14,0.028537273406982422,True,0.005998849868774414,1.0,OPTIMAL,0.020023584365844727,1,0.0,1208.0,OPTIMAL,0.0039997100830078125,1208.0,1.0
2-40-2-strongcorr-8.txt,2,40,0.2,strongly_correlated,8,FEASIBLE,True,0.02995467185974121,12,14,0.02995467185974121,True,0.00651860237121582,1.0,OPTIMAL,0.026066303253173828,1,0.0,1192.0,OPTIMAL,0.0055196285247802734,1192.0,1.0
2-40-2-strongcorr-9.txt,2,40,0.2,strongly_correlated,9,FEASIBLE,True,0.027551889419555664,12,14,0.027551889419555664,True,0.007999897003173828,1.0,OPTIMAL,0.014518260955810547,0,0.0,1142.0,OPTIMAL,0.0050084590911865234,1142.0,1.0
2-40-2-uncorr-0.txt,2,40,0.2,uncorrelated,0,FEASIBLE,True,0.027652263641357422,11,14,0.027652263641357422,True,0.007518291473388672,1.0,OPTIMAL,0.03105473518371582,4,0.0,1962.0,OPTIMAL,0.008995532989501953,1962.0,1.0
2-40-2-uncorr-1.txt,2,40,0.2,uncorrelated,1,FEASIBLE,True,0.0245513916015625,10,12,0.0245513916015625,True,0.0075075626373291016,1.0,OPTIMAL,0.013026237487792969,0,0.0,1950.0,OPTIMAL,0.003999948501586914,1950.0,1.0
2-40-2-uncorr-2.txt,2,40,0.2,uncorrelated,2,FEASIBLE,True,0.031548500061035156,13,16,0.0305483341217041,True,0.0065190792083740234,1.0,OPTIMAL,0.02756643295288086,2,0.0,1977.0,OPTIMAL,0.004998922348022461,1977.0,1.0
2-40-2-uncorr-3.txt,2,40,0.2,uncorrelated,3,FEASIBLE,True,0.03156924247741699,14,16,0.03156924247741699,True,0.007520198822021484,1.0,OPTIMAL,0.03207230567932129,1,0.0,1895.0,OPTIMAL,0.009518623352050781,1895.0,1.0
2-40-2-uncorr-4.txt,2,40,0.2,uncorrelated,4,FEASIBLE,True,0.02803516387939453,11,14,0.02803516387939453,True,0.006516456604003906,1.0,OPTIMAL,0.01803278923034668,0,0.0,1821.0,OPTIMAL,0.0065042972564697266,1821.0,1.0
2-40-2-uncorr-5.txt,2,40,0.2,uncorrelated,5,FEASIBLE,True,0.02855086326599121,11,14,0.027550697326660156,True,0.006516456604003906,1.0,OPTIMAL,0.02864670753479004,1,0.0,1807.0,OPTIMAL,0.00650477409362793,1807.0,1.0
2-40-2-uncorr-6.txt,2,40,0.2,uncorrelated,6,FEASIBLE,True,0.028551578521728516,11,14,0.028551578521728516,True,0.00652003288269043,1.0,OPTIMAL,0.01855015754699707,0,0.0,1994.0,OPTIMAL,0.005997180938720703,1994.0,1.0
2-40-2-uncorr-7.txt,2,40,0.2,uncorrelated,7,FEASIBLE,True,0.02755141258239746,11,14,0.02755141258239746,True,0.006274700164794922,1.0,OPTIMAL,0.03380084037780762,3,0.0,1939.0,OPTIMAL,0.008385658264160156,1939.0,1.0
2-40-2-uncorr-8.txt,2,40,0.2,uncorrelated,8,FEASIBLE,True,0.03059554100036621,13,16,0.03059554100036621,True,0.007007598876953125,1.0,OPTIMAL,0.028022289276123047,1,0.0,1782.0,OPTIMAL,0.010513782501220703,1782.0,1.0
2-40-2-uncorr-9.txt,2,40,0.2,uncorrelated,9,FEASIBLE,True,0.02807021141052246,11,14,0.02807021141052246,True,0.006006717681884766,1.0,OPTIMAL,0.027191638946533203,0,0.0,1675.0,OPTIMAL,0.01464533805847168,1675.0,1.0
2-40-2-weakcorr-0.txt,2,40,0.2,weakly_correlated,0,FEASIBLE,True,0.03656435012817383,15,18,0.03656435012817383,True,0.007153034210205078,1.0,OPTIMAL,0.03892230987548828,3,0.0,916.0,OPTIMAL,0.017023086547851562,916.0,1.0
2-40-2-weakcorr-1.txt,2,40,0.2,weakly_correlated,1,FEASIBLE,True,0.04446673393249512,15,18,0.04446673393249512,True,0.007005214691162109,1.0,OPTIMAL,0.0495600700378418,0,0.0,901.0,OPTIMAL,0.020128250122070312,901.0,1.0
2-40-2-weakcorr-2.txt,2,40,0.2,weakly_correlated,2,FEASIBLE,True,0.031076431274414062,13,16,0.031076431274414062,True,0.007517099380493164,1.0,OPTIMAL,0.030303478240966797,3,0.0,955.0,OPTIMAL,0.011518239974975586,955.0,1.0
2-40-2-weakcorr-3.txt,2,40,0.2,weakly_correlated,3,FEASIBLE,True,0.04146218299865723,15,18,0.04146218299865723,True,0.007520914077758789,1.0,OPTIMAL,0.02655625343322754,0,0.0,999.0,OPTIMAL,0.01903223991394043,999.0,1.0
2-40-2-weakcorr-4.txt,2,40,0.2,weakly_correlated,4,FEASIBLE,True,0.08616375923156738,21,26,0.08616375923156738,True,0.006995677947998047,1.0,OPTIMAL,0.08008646965026855,6,0.0,920.0,OPTIMAL,0.02753305435180664,920.0,1.0
2-40-2-weakcorr-5.txt,2,40,0.2,weakly_correlated,5,FEASIBLE,True,0.027575254440307617,11,14,0.027575254440307617,True,0.006998538970947266,1.0,OPTIMAL,0.017514705657958984,0,0.0,953.0,OPTIMAL,0.007057905197143555,953.0,1.0
2-40-2-weakcorr-6.txt,2,40,0.2,weakly_correlated,6,FEASIBLE,True,0.024030447006225586,10,12,0.024030447006225586,True,0.007519721984863281,1.0,OPTIMAL,0.02507472038269043,0,0.0,979.0,OPTIMAL,0.013021707534790039,979.0,1.0
2-40-2-weakcorr-7.txt,2,40,0.2,weakly_correlated,7,FEASIBLE,True,0.04107403755187988,16,20,0.04107403755187988,True,0.007513523101806641,1.0,OPTIMAL,0.04257941246032715,4,0.0,984.0,OPTIMAL,0.011504173278808594,984.0,1.0
2-40-2-weakcorr-8.txt,2,40,0.2,weakly_correlated,8,FEASIBLE,True,0.06913518905639648,21,24,0.06813597679138184,True,0.007521867752075195,1.0,OPTIMAL,0.06598591804504395,7,0.0,973.0,OPTIMAL,0.031043291091918945,973.0,1.0
2-40-2-weakcorr-9.txt,2,40,0.2,weakly_correlated,9,FEASIBLE,True,0.028542280197143555,11,14,0.028542280197143555,True,0.006508827209472656,1.0,OPTIMAL,0.022533655166625977,0,0.0,985.0,OPTIMAL,0.01451253890991211,985.0,1.0
2-40-5-strongcorr-0.txt,2,40,0.5,strongly_correlated,0,FEASIBLE,True,0.10718274116516113,33,38,0.10718274116516113,True,0.007006645202636719,1.0,OPTIMAL,0.23525428771972656,30,0.0,2425.0,OPTIMAL,0.0581357479095459,2425.0,1.0
2-40-5-strongcorr-1.txt,2,40,0.5,strongly_correlated,1,FEASIBLE,True,0.11322379112243652,27,36,0.10871624946594238,True,0.007719516754150391,1.0,OPTIMAL,0.1387627124786377,11,0.0,2737.0,OPTIMAL,0.013518810272216797,2737.0,1.0
2-40-5-strongcorr-2.txt,2,40,0.5,strongly_correlated,2,FEASIBLE,True,0.034072160720825195,14,16,0.034072160720825195,True,0.006513833999633789,1.0,OPTIMAL,0.07864236831665039,9,0.0,2531.0,OPTIMAL,0.0075092315673828125,2531.0,1.0
2-40-5-strongcorr-3.txt,2,40,0.5,strongly_correlated,3,FEASIBLE,True,0.05775046348571777,23,26,0.05775046348571777,True,0.006515979766845703,1.0,OPTIMAL,0.1757967472076416,9,0.0,2597.0,OPTIMAL,0.27247095108032227,2597.0,1.0
2-40-5-strongcorr-4.txt,2,40,0.5,strongly_correlated,4,FEASIBLE,True,0.13713598251342773,40,50,0.13313603401184082,True,0.008019208908081055,1.0,OPTIMAL,0.16566944122314453,11,0.0,2567.0,OPTIMAL,0.00600433349609375,2567.0,1.0
2-40-5-strongcorr-5.txt,2,40,0.5,strongly_correlated,5,FEASIBLE,True,0.18420124053955078,51,62,0.18368029594421387,True,0.007521152496337891,1.0,OPTIMAL,0.20133066177368164,18,0.0,2557.0,OPTIMAL,0.027524709701538086,2557.0,1.0
2-40-5-strongcorr-6.txt,2,40,0.5,strongly_correlated,6,FEASIBLE,True,0.04758501052856445,19,22,0.04758501052856445,True,0.007516622543334961,1.0,OPTIMAL,0.03609442710876465,3,0.0,2493.0,OPTIMAL,0.004741668701171875,2493.0,1.0
2-40-5-strongcorr-7.txt,2,40,0.5,strongly_correlated,7,FEASIBLE,True,0.06024813652038574,22,24,0.06024813652038574,True,0.008518457412719727,1.0,OPTIMAL,0.0901939868927002,14,0.0,2430.0,OPTIMAL,0.010515451431274414,2430.0,1.0
2-40-5-strongcorr-8.txt,2,40,0.5,strongly_correlated,8,FEASIBLE,True,0.14424920082092285,37,46,0.14424920082092285,True,0.008517742156982422,1.0,OPTIMAL,0.047059059143066406,0,0.0,2683.0,OPTIMAL,0.037039756774902344,2683.0,1.0
2-40-5-strongcorr-9.txt,2,40,0.5,strongly_correlated,9,FEASIBLE,True,0.28808045387268066,78,92,0.28808045387268066,True,0.0075109004974365234,1.0,OPTIMAL,0.09663796424865723,6,0.0,2573.0,OPTIMAL,0.11531829833984375,2573.0,1.0
2-40-5-uncorr-0.txt,2,40,0.5,uncorrelated,0,FEASIBLE,True,0.03354239463806152,14,16,0.03354239463806152,True,0.007514476776123047,1.0,OPTIMAL,0.06560230255126953,7,0.0,2931.0,OPTIMAL,0.00900888442993164,2931.0,1.0
2-40-5-uncorr-1.txt,2,40,0.5,uncorrelated,1,FEASIBLE,True,0.03206324577331543,13,16,0.03206324577331543,True,0.007534503936767578,1.0,OPTIMAL,0.036063194274902344,3,0.0,3038.0,OPTIMAL,0.009506940841674805,3038.0,1.0
2-40-5-uncorr-2.txt,2,40,0.5,uncorrelated,2,FEASIBLE,True,0.03257179260253906,13,16,0.03257179260253906,True,0.007503986358642578,1.0,OPTIMAL,0.03153586387634277,1,0.0,3206.0,OPTIMAL,0.01101231575012207,3206.0,1.0
2-40-5-uncorr-3.txt,2,40,0.5,uncorrelated,3,FEASIBLE,True,0.03662586212158203,15,18,0.03662586212158203,True,0.0074977874755859375,1.0,OPTIMAL,0.02171039581298828,1,0.0,2907.0,OPTIMAL,0.00398707389831543,2907.0,1.0
2-40-5-uncorr-4.txt,2,40,0.5,uncorrelated,4,FEASIBLE,True,0.03157782554626465,14,16,0.03157782554626465,True,0.0075185298919677734,1.0,OPTIMAL,0.0405735969543457,4,0.0,3152.0,OPTIMAL,0.006516933441162109,3152.0,1.0
2-40-5-uncorr-5.txt,2,40,0.5,uncorrelated,5,FEASIBLE,True,0.03354454040527344,13,16,0.03354454040527344,True,0.006519794464111328,1.0,OPTIMAL,0.05159807205200195,5,0.0,2934.0,OPTIMAL,0.009751319885253906,2934.0,1.0
2-40-5-uncorr-6.txt,2,40,0.5,uncorrelated,6,FEASIBLE,True,0.03281402587890625,13,16,0.03281402587890625,True,0.007518291473388672,1.0,OPTIMAL,0.03460335731506348,4,0.0,2893.0,OPTIMAL,0.008512496948242188,2893.0,1.0
2-40-5-uncorr-7.txt,2,40,0.5,uncorrelated,7,FEASIBLE,True,0.03632497787475586,15,18,0.03632497787475586,True,0.006583690643310547,1.0,OPTIMAL,0.032125234603881836,1,0.0,3046.0,OPTIMAL,0.008022785186767578,3046.0,1.0
2-40-5-uncorr-8.txt,2,40,0.5,uncorrelated,8,FEASIBLE,True,0.03254890441894531,14,16,0.03254890441894531,True,0.007504940032958984,1.0,OPTIMAL,0.0746302604675293,18,0.0,3144.0,OPTIMAL,0.007508993148803711,3144.0,1.0
2-40-5-uncorr-9.txt,2,40,0.5,uncorrelated,9,FEASIBLE,True,0.03254961967468262,14,16,0.03154945373535156,True,0.006516933441162109,1.0,OPTIMAL,0.0200958251953125,1,0.0,3085.0,OPTIMAL,0.003358125686645508,3085.0,1.0
2-40-5-weakcorr-0.txt,2,40,0.5,weakly_correlated,0,FEASIBLE,True,0.03271174430847168,14,16,0.03271174430847168,True,0.006514310836791992,1.0,OPTIMAL,0.016524076461791992,0,0.0,2163.0,OPTIMAL,0.0029981136322021484,2163.0,1.0
2-40-5-weakcorr-1.txt,2,40,0.5,weakly_correlated,1,FEASIBLE,True,0.08081960678100586,26,30,0.08081960678100586,True,0.0075075626373291016,1.0,OPTIMAL,0.05625200271606445,5,0.0,2276.0,OPTIMAL,0.007525444030761719,2276.0,1.0
2-40-5-weakcorr-2.txt,2,40,0.5,weakly_correlated,2,FEASIBLE,True,0.032869815826416016,14,16,0.032869815826416016,True,0.007524967193603516,1.0,OPTIMAL,0.04235982894897461,4,0.0,2353.0,OPTIMAL,0.014019250869750977,2353.0,1.0
2-40-5-weakcorr-3.txt,2,40,0.5,weakly_correlated,3,FEASIBLE,True,0.04205942153930664,17,20,0.04205942153930664,True,0.007509708404541016,1.0,OPTIMAL,0.03756213188171387,5,0.0,2278.0,OPTIMAL,0.0075016021728515625,2278.0,1.0
2-40-5-weakcorr-4.txt,2,40,0.5,weakly_correlated,4,FEASIBLE,True,0.033071041107177734,14,16,0.033071041107177734,True,0.006998777389526367,1.0,OPTIMAL,0.03158450126647949,1,0.0,2364.0,OPTIMAL,0.013525247573852539,2364.0,1.0
2-40-5-weakcorr-5.txt,2,40,0.5,weakly_correlated,5,FEASIBLE,True,0.047068119049072266,19,22,0.047068119049072266,True,0.007515430450439453,1.0,OPTIMAL,0.06410384178161621,3,0.0,2226.0,OPTIMAL,0.03152179718017578,2226.0,1.0
2-40-5-weakcorr-6.txt,2,40,0.5,weakly_correlated,6,FEASIBLE,True,0.03306412696838379,14,16,0.03306412696838379,True,0.007000446319580078,1.0,OPTIMAL,0.045986175537109375,6,0.0,2075.0,OPTIMAL,0.011512994766235352,2075.0,1.0
2-40-5-weakcorr-7.txt,2,40,0.5,weakly_correlated,7,FEASIBLE,True,0.10765385627746582,24,32,0.10414481163024902,True,0.008004903793334961,1.0,OPTIMAL,0.09011292457580566,6,0.0,2203.0,OPTIMAL,0.02953815460205078,2203.0,1.0
2-40-5-weakcorr-8.txt,2,40,0.5,weakly_correlated,8,FEASIBLE,True,0.036086320877075195,15,18,0.036086320877075195,True,0.007994413375854492,1.0,OPTIMAL,0.03853869438171387,3,0.0,2256.0,OPTIMAL,0.011512994766235352,2256.0,1.0
2-40-5-weakcorr-9.txt,2,40,0.5,weakly_correlated,9,FEASIBLE,True,0.043065547943115234,15,18,0.043065547943115234,True,0.007158041000366211,1.0,OPTIMAL,0.038498878479003906,1,0.0,2252.0,OPTIMAL,0.00970911979675293,2252.0,1.0
2-5-2-strongcorr-0.txt,2,5,0.2,strongly_correlated,0,FEASIBLE,True,0.02093052864074707,10,12,0.02093052864074707,True,0.0065119266510009766,1.0,OPTIMAL,0.011505603790283203,0,0.0,202.0,OPTIMAL,0.0025169849395751953,202.0,1.0
2-5-2-strongcorr-1.txt,2,5,0.2,strongly_correlated,1,FEASIBLE,True,0.02103590965270996,10,12,0.02103590965270996,True,0.006128787994384766,1.0,OPTIMAL,0.011744499206542969,0,0.0,214.0,OPTIMAL,0.002998828887939453,214.0,1.0
2-5-2-strongcorr-2.txt,2,5,0.2,strongly_correlated,2,FEASIBLE,True,0.021588802337646484,10,12,0.021588802337646484,True,0.005520820617675781,1.0,OPTIMAL,0.009520769119262695,0,0.0,147.0,OPTIMAL,0.0010063648223876953,147.0,1.0
2-5-2-strongcorr-3.txt,2,5,0.2,strongly_correlated,3,FEASIBLE,True,0.020427465438842773,10,12,0.020427465438842773,True,0.006000518798828125,1.0,OPTIMAL,0.011003971099853516,0,0.0,192.0,OPTIMAL,0.0009992122650146484,192.0,1.0
2-5-2-strongcorr-4.txt,2,5,0.2,strongly_correlated,4,FEASIBLE,True,0.028187036514282227,12,16,0.028187036514282227,True,0.006999492645263672,1.0,OPTIMAL,0.015508174896240234,0,0.0,187.0,OPTIMAL,0.0030024051666259766,187.0,1.0
2-5-2-strongcorr-5.txt,2,5,0.2,strongly_correlated,5,FEASIBLE,True,0.021584749221801758,10,12,0.021584749221801758,True,0.005998849868774414,1.0,OPTIMAL,0.010999917984008789,0,0.0,212.0,OPTIMAL,0.0009989738464355469,212.0,1.0
2-5-2-strongcorr-6.txt,2,5,0.2,strongly_correlated,6,FEASIBLE,True,0.027556896209716797,12,16,0.027556896209716797,True,0.0055086612701416016,1.0,OPTIMAL,0.009508609771728516,0,0.0,215.0,OPTIMAL,0.0030088424682617188,215.0,1.0
2-5-2-strongcorr-7.txt,2,5,0.2,strongly_correlated,7,FEASIBLE,True,0.0276947021484375,11,16,0.0276947021484375,True,0.00551915168762207,1.0,OPTIMAL,0.010541200637817383,0,0.0,152.0,OPTIMAL,0.0029952526092529297,152.0,1.0
2-5-2-strongcorr-8.txt,2,5,0.2,strongly_correlated,8,FEASIBLE,True,0.00500178337097168,0,2,0.00500178337097168,True,0.005518436431884766,1.0,OPTIMAL,0.010036230087280273,0,0.0,190.0,OPTIMAL,0.0019998550415039062,190.0,1.0
2-5-2-strongcorr-9.txt,2,5,0.2,strongly_correlated,9,FEASIBLE,True,0.021027803421020508,10,12,0.021027803421020508,True,0.00700068473815918,1.0,OPTIMAL,0.012000322341918945,0,0.0,223.0,OPTIMAL,0.003509998321533203,223.0,1.0
2-5-2-uncorr-0.txt,2,5,0.2,uncorrelated,0,FEASIBLE,True,0.02355670928955078,11,14,0.02355670928955078,True,0.0069997310638427734,1.0,OPTIMAL,0.012001276016235352,0,0.0,204.0,OPTIMAL,0.002997159957885742,204.0,1.0
2-5-2-uncorr-1.txt,2,5,0.2,uncorrelated,1,FEASIBLE,True,0.004512786865234375,0,2,0.004512786865234375,True,0.006000518798828125,1.0,OPTIMAL,0.010999917984008789,0,0.0,230.0,OPTIMAL,0.0015091896057128906,230.0,1.0
2-5-2-uncorr-2.txt,2,5,0.2,uncorrelated,2,FEASIBLE,True,0.021530866622924805,10,12,0.021530866622924805,True,0.006530046463012695,1.0,OPTIMAL,0.010689258575439453,0,0.0,162.0,OPTIMAL,0.00099945068359375,162.0,1.0
2-5-2-uncorr-3.txt,2,5,0.2,uncorrelated,3,FEASIBLE,True,0.0232546329498291,6,12,0.0232546329498291,True,0.0065190792083740234,1.0,OPTIMAL,0.012053251266479492,0,0.0,304.0,OPTIMAL,0.001997232437133789,304.0,1.0
2-5-2-uncorr-4.txt,2,5,0.2,uncorrelated,4,FEASIBLE,True,0.021560192108154297,10,12,0.020050764083862305,True,0.006010293960571289,1.0,OPTIMAL,0.011521577835083008,0,0.0,157.0,OPTIMAL,0.0020003318786621094,157.0,1.0
2-5-2-uncorr-5.txt,2,5,0.2,uncorrelated,5,FEASIBLE,True,0.021027088165283203,9,12,0.021027088165283203,True,0.005513191223144531,1.0,OPTIMAL,0.009511709213256836,0,0.0,316.0,OPTIMAL,0.0025184154510498047,316.0,1.0
2-5-2-uncorr-6.txt,2,5,0.2,uncorrelated,6,FEASIBLE,True,0.027556657791137695,12,16,0.027556657791137695,True,0.006519794464111328,1.0,OPTIMAL,0.011518716812133789,0,0.0,232.0,OPTIMAL,0.0025177001953125,232.0,1.0
2-5-2-uncorr-7.txt,2,5,0.2,uncorrelated,7,FEASIBLE,True,0.021543264389038086,6,12,0.021543264389038086,True,0.006009101867675781,1.0,OPTIMAL,0.010521888732910156,0,0.0,219.0,OPTIMAL,0.0010006427764892578,219.0,1.0
2-5-2-uncorr-8.txt,2,5,0.2,uncorrelated,8,FEASIBLE,True,0.021025896072387695,10,12,0.021025896072387695,True,0.005512237548828125,1.0,OPTIMAL,0.00951242446899414,0,0.0,261.0,OPTIMAL,0.002518177032470703,261.0,1.0
2-5-2-uncorr-9.txt,2,5,0.2,uncorrelated,9,FEASIBLE,True,0.018032550811767578,8,10,0.018032550811767578,True,0.006510734558105469,1.0,OPTIMAL,0.011028766632080078,0,0.0,273.0,OPTIMAL,0.0009984970092773438,273.0,1.0
2-5-2-weakcorr-0.txt,2,5,0.2,weakly_correlated,0,FEASIBLE,True,0.023267269134521484,6,14,0.023267269134521484,True,0.006515026092529297,1.0,OPTIMAL,0.012034893035888672,0,0.0,188.0,OPTIMAL,0.0025441646575927734,188.0,1.0
2-5-2-weakcorr-1.txt,2,5,0.2,weakly_correlated,1,FEASIBLE,True,0.02103710174560547,6,12,0.02103710174560547,True,0.0063631534576416016,1.0,OPTIMAL,0.011360883712768555,0,0.0,184.0,OPTIMAL,0.0020008087158203125,184.0,1.0
2-5-2-weakcorr-2.txt,2,5,0.2,weakly_correlated,2,FEASIBLE,True,0.023034334182739258,11,14,0.023034334182739258,True,0.007517099380493164,1.0,OPTIMAL,0.011527538299560547,0,0.0,126.0,OPTIMAL,0.0010001659393310547,126.0,1.0
2-5-2-weakcorr-3.txt,2,5,0.2,weakly_correlated,3,FEASIBLE,True,0.025030851364135742,11,14,0.025030851364135742,True,0.00651097297668457,1.0,OPTIMAL,0.01202845573425293,0,0.0,184.0,OPTIMAL,0.0019998550415039062,184.0,1.0
2-5-2-weakcorr-4.txt,2,5,0.2,weakly_correlated,4,FEASIBLE,True,0.024030208587646484,10,14,0.024030208587646484,True,0.006513118743896484,1.0,OPTIMAL,0.011019706726074219,0,0.0,189.0,OPTIMAL,0.0009987354278564453,189.0,1.0
2-5-2-weakcorr-5.txt,2,5,0.2,weakly_correlated,5,FEASIBLE,True,0.024550914764404297,11,14,0.024550914764404297,True,0.005511283874511719,1.0,OPTIMAL,0.010512113571166992,0,0.0,181.0,OPTIMAL,0.002513408660888672,181.0,1.0
2-5-2-weakcorr-6.txt,2,5,0.2,weakly_correlated,6,FEASIBLE,True,0.024738550186157227,10,14,0.024738550186157227,True,0.0055086612701416016,1.0,OPTIMAL,0.010508060455322266,0,0.0,158.0,OPTIMAL,0.00348663330078125,158.0,1.0
2-5-2-weakcorr-7.txt,2,5,0.2,weakly_correlated,7,FEASIBLE,True,0.022078752517700195,10,12,0.021569490432739258,True,0.006003856658935547,1.0,OPTIMAL,0.010013341903686523,0,0.0,176.0,OPTIMAL,0.0009996891021728516,176.0,1.0
2-5-2-weakcorr-8.txt,2,5,0.2,weakly_correlated,8,FEASIBLE,True,0.02503824234008789,11,14,0.02503824234008789,True,0.006000041961669922,1.0,OPTIMAL,0.011008739471435547,0,0.0,187.0,OPTIMAL,0.003002166748046875,187.0,1.0
2-5-2-weakcorr-9.txt,2,5,0.2,weakly_correlated,9,FEASIBLE,True,0.024648666381835938,11,14,0.024648666381835938,True,0.006009340286254883,1.0,OPTIMAL,0.01051950454711914,0,0.0,188.0,OPTIMAL,0.0009975433349609375,188.0,1.0
2-5-5-strongcorr-0.txt,2,5,0.5,strongly_correlated,0,FEASIBLE,True,0.02103137969970703,9,12,0.02103137969970703,True,0.0065155029296875,1.0,OPTIMAL,0.01203155517578125,0,0.0,317.0,OPTIMAL,0.0009987354278564453,317.0,1.0
2-5-5-strongcorr-1.txt,2,5,0.5,strongly_correlated,1,FEASIBLE,True,0.021047592163085938,10,12,0.021047592163085938,True,0.006006717681884766,1.0,OPTIMAL,0.011017322540283203,0,0.0,240.0,OPTIMAL,0.0029997825622558594,240.0,1.0
2-5-5-strongcorr-2.txt,2,5,0.5,strongly_correlated,2,FEASIBLE,True,0.028753280639648438,12,16,0.028753280639648438,True,0.006989717483520508,1.0,OPTIMAL,0.012502908706665039,0,0.0,276.0,OPTIMAL,0.0019991397857666016,276.0,1.0
2-5-5-strongcorr-3.txt,2,5,0.5,strongly_correlated,3,FEASIBLE,True,0.02150249481201172,10,12,0.02150249481201172,True,0.006002187728881836,1.0,OPTIMAL,0.01001286506652832,0,0.0,389.0,OPTIMAL,0.001001119613647461,389.0,1.0
2-5-5-strongcorr-4.txt,2,5,0.5,strongly_correlated,4,FEASIBLE,True,0.02103257179260254,6,12,0.02103257179260254,True,0.005507707595825195,1.0,OPTIMAL,0.011508703231811523,0,0.0,264.0,OPTIMAL,0.0035157203674316406,264.0,1.0
2-5-5-strongcorr-5.txt,2,5,0.5,strongly_correlated,5,FEASIBLE,True,0.021137475967407227,10,12,0.021137475967407227,True,0.0060024261474609375,1.0,OPTIMAL,0.014002323150634766,0,0.0,263.0,OPTIMAL,0.002002716064453125,263.0,1.0
2-5-5-strongcorr-6.txt,2,5,0.5,strongly_correlated,6,FEASIBLE,True,0.021298646926879883,6,12,0.021298646926879883,True,0.005999565124511719,1.0,OPTIMAL,0.011002302169799805,0,0.0,312.0,OPTIMAL,0.0019998550415039062,312.0,1.0
2-5-5-strongcorr-7.txt,2,5,0.5,strongly_correlated,7,FEASIBLE,True,0.021030187606811523,5,12,0.021030187606811523,True,0.005510807037353516,1.0,OPTIMAL,0.010511159896850586,0,0.0,387.0,OPTIMAL,0.0010037422180175781,387.0,1.0
2-5-5-strongcorr-8.txt,2,5,0.5,strongly_correlated,8,FEASIBLE,True,0.021045446395874023,6,12,0.021045446395874023,True,0.005999326705932617,1.0,OPTIMAL,0.010999679565429688,0,0.0,239.0,OPTIMAL,0.0009999275207519531,239.0,1.0
2-5-5-strongcorr-9.txt,2,5,0.5,strongly_correlated,9,FEASIBLE,True,0.020038604736328125,10,12,0.020038604736328125,True,0.006516695022583008,1.0,OPTIMAL,0.014547348022460938,0,0.0,303.0,OPTIMAL,0.00099945068359375,303.0,1.0
2-5-5-uncorr-0.txt,2,5,0.5,uncorrelated,0,FEASIBLE,True,0.021999597549438477,5,12,0.021999597549438477,True,0.005517244338989258,1.0,OPTIMAL,0.009516716003417969,0,0.0,417.0,OPTIMAL,0.002511262893676758,417.0,1.0
2-5-5-uncorr-1.txt,2,5,0.5,uncorrelated,1,FEASIBLE,True,0.02153944969177246,10,12,0.02153944969177246,True,0.006009340286254883,1.0,OPTIMAL,0.014523983001708984,0,0.0,328.0,OPTIMAL,0.0010025501251220703,328.0,1.0
2-5-5-uncorr-2.txt,2,5,0.5,uncorrelated,2,FEASIBLE,True,0.02855825424194336,12,16,0.02855825424194336,True,0.00635218620300293,1.0,OPTIMAL,0.011861801147460938,0,0.0,290.0,OPTIMAL,0.002010345458984375,290.0,1.0
2-5-5-uncorr-3.txt,2,5,0.5,uncorrelated,3,FEASIBLE,True,0.023539304733276367,10,14,0.023539304733276367,True,0.006508827209472656,1.0,OPTIMAL,0.011507987976074219,0,0.0,295.0,OPTIMAL,0.002001047134399414,295.0,1.0
2-5-5-uncorr-4.txt,2,5,0.5,uncorrelated,4,FEASIBLE,True,0.02202630043029785,10,12,0.021025896072387695,True,0.005510568618774414,1.0,OPTIMAL,0.010028600692749023,0,0.0,255.0,OPTIMAL,0.0020003318786621094,255.0,1.0
2-5-5-uncorr-5.txt,2,5,0.5,uncorrelated,5,FEASIBLE,True,0.02103400230407715,10,12,0.02103400230407715,True,0.005998849868774414,1.0,OPTIMAL,0.013996362686157227,0,0.0,319.0,OPTIMAL,0.0015130043029785156,319.0,1.0
2-5-5-uncorr-6.txt,2,5,0.5,uncorrelated,6,FEASIBLE,True,0.0205533504486084,10,12,0.0205533504486084,True,0.006513118743896484,1.0,OPTIMAL,0.014030694961547852,0,0.0,265.0,OPTIMAL,0.00099945068359375,265.0,1.0
2-5-5-uncorr-7.txt,2,5,0.5,uncorrelated,7,FEASIBLE,True,0.02103257179260254,5,12,0.02103257179260254,True,0.0055158138275146484,1.0,OPTIMAL,0.010415315628051758,0,0.0,346.0,OPTIMAL,0.002001047134399414,346.0,1.0
2-5-5-uncorr-8.txt,2,5,0.5,uncorrelated,8,FEASIBLE,True,0.020544767379760742,10,12,0.020544767379760742,True,0.006519317626953125,1.0,OPTIMAL,0.011033773422241211,0,0.0,282.0,OPTIMAL,0.0019979476928710938,282.0,1.0
2-5-5-uncorr-9.txt,2,5,0.5,uncorrelated,9,FEASIBLE,True,0.021028518676757812,10,12,0.021028518676757812,True,0.00599980354309082,1.0,OPTIMAL,0.011409521102905273,0,0.0,287.0,OPTIMAL,0.002195596694946289,287.0,1.0
2-5-5-weakcorr-0.txt,2,5,0.5,weakly_correlated,0,FEASIBLE,True,0.02102971076965332,10,12,0.02102971076965332,True,0.00551605224609375,1.0,OPTIMAL,0.010024309158325195,0,0.0,247.0,OPTIMAL,0.0019989013671875,247.0,1.0
2-5-5-weakcorr-1.txt,2,5,0.5,weakly_correlated,1,FEASIBLE,True,0.026039600372314453,12,14,0.026039600372314453,True,0.005519390106201172,1.0,OPTIMAL,0.01367330551147461,0,0.0,275.0,OPTIMAL,0.0029993057250976562,275.0,1.0
2-5-5-weakcorr-2.txt,2,5,0.5,weakly_correlated,2,FEASIBLE,True,0.021023273468017578,9,12,0.021023273468017578,True,0.006514072418212891,1.0,OPTIMAL,0.011515617370605469,0,0.0,339.0,OPTIMAL,0.0015139579772949219,339.0,1.0
2-5-5-weakcorr-3.txt,2,5,0.5,weakly_correlated,3,FEASIBLE,True,0.024547576904296875,11,14,0.024547576904296875,True,0.006779670715332031,1.0,OPTIMAL,0.015263557434082031,0,0.0,229.0,OPTIMAL,0.0029985904693603516,229.0,1.0
2-5-5-weakcorr-4.txt,2,5,0.5,weakly_correlated,4,FEASIBLE,True,0.021037817001342773,10,12,0.021037817001342773,True,0.0069997310638427734,1.0,OPTIMAL,0.011511087417602539,0,0.0,292.0,OPTIMAL,0.0019986629486083984,292.0,1.0
2-5-5-weakcorr-5.txt,2,5,0.5,weakly_correlated,5,FEASIBLE,True,0.021036386489868164,10,12,0.021036386489868164,True,0.006514310836791992,1.0,OPTIMAL,0.015038251876831055,0,0.0,231.0,OPTIMAL,0.0019996166229248047,231.0,1.0
2-5-5-weakcorr-6.txt,2,5,0.5,weakly_correlated,6,FEASIBLE,True,0.020034074783325195,5,12,0.020034074783325195,True,0.0065157413482666016,1.0,OPTIMAL,0.011512517929077148,0,0.0,230.0,OPTIMAL,0.0015134811401367188,230.0,1.0
2-5-5-weakcorr-7.txt,2,5,0.5,weakly_correlated,7,FEASIBLE,True,0.021035194396972656,6,12,0.021035194396972656,True,0.00551295280456543,1.0,OPTIMAL,0.010033369064331055,0,0.0,274.0,OPTIMAL,0.0019981861114501953,274.0,1.0
2-5-5-weakcorr-8.txt,2,5,0.5,weakly_correlated,8,FEASIBLE,True,0.0243375301361084,6,14,0.0243375301361084,True,0.006512880325317383,1.0,OPTIMAL,0.012027978897094727,0,0.0,239.0,OPTIMAL,0.0020105838775634766,239.0,1.0
2-5-5-weakcorr-9.txt,2,5,0.5,weakly_correlated,9,FEASIBLE,True,0.020836591720581055,10,12,0.020836591720581055,True,0.005997180938720703,1.0,OPTIMAL,0.012001752853393555,0,0.0,253.0,OPTIMAL,0.0035042762756347656,253.0,1.0
2-50-2-strongcorr-0.txt,2,50,0.2,strongly_correlated,0,FEASIBLE,True,0.06508660316467285,20,24,0.0640866756439209,True,0.008513450622558594,1.0,OPTIMAL,0.03466629981994629,2,0.0,1527.0,OPTIMAL,0.019016504287719727,1527.0,1.0
2-50-2-strongcorr-1.txt,2,50,0.2,strongly_correlated,1,FEASIBLE,True,0.037584781646728516,13,16,0.037584781646728516,True,0.0069997310638427734,1.0,OPTIMAL,0.029029369354248047,2,0.0,1479.0,OPTIMAL,0.007513523101806641,1479.0,1.0
2-50-2-strongcorr-2.txt,2,50,0.2,strongly_correlated,2,FEASIBLE,True,0.05472373962402344,21,24,0.05372476577758789,True,0.007422447204589844,1.0,OPTIMAL,0.0953364372253418,6,0.0,1426.0,OPTIMAL,0.03152966499328613,1426.0,1.0
2-50-2-strongcorr-3.txt,2,50,0.2,strongly_correlated,3,FEASIBLE,True,0.06070375442504883,18,22,0.06070375442504883,True,0.00850820541381836,1.0,OPTIMAL,0.04958510398864746,4,0.0,1374.0,OPTIMAL,0.01101064682006836,1374.0,1.0
2-50-2-strongcorr-4.txt,2,50,0.2,strongly_correlated,4,FEASIBLE,True,0.036060333251953125,13,16,0.036060333251953125,True,0.007521152496337891,1.0,OPTIMAL,0.021556854248046875,1,0.0,1458.0,OPTIMAL,0.011515378952026367,1458.0,1.0
2-50-2-strongcorr-5.txt,2,50,0.2,strongly_correlated,5,FEASIBLE,True,0.0391082763671875,12,14,0.0391082763671875,True,0.007516384124755859,1.0,OPTIMAL,0.02455759048461914,2,0.0,1478.0,OPTIMAL,0.010514497756958008,1478.0,1.0
2-50-2-strongcorr-6.txt,2,50,0.2,strongly_correlated,6,FEASIBLE,True,0.049936771392822266,18,20,0.049936771392822266,True,0.007999420166015625,1.0,OPTIMAL,0.1552257537841797,11,0.0,1383.0,OPTIMAL,0.00908350944519043,1383.0,1.0
2-50-2-strongcorr-7.txt,2,50,0.2,strongly_correlated,7,FEASIBLE,True,0.04558515548706055,13,16,0.04558515548706055,True,0.007524013519287109,1.0,OPTIMAL,0.024045228958129883,2,0.0,1439.0,OPTIMAL,0.01351785659790039,1439.0,1.0
2-50-2-strongcorr-8.txt,2,50,0.2,strongly_correlated,8,FEASIBLE,True,0.07196331024169922,20,24,0.07196331024169922,True,0.007523775100708008,1.0,OPTIMAL,0.02906179428100586,2,0.0,1419.0,OPTIMAL,0.014520645141601562,1419.0,1.0
2-50-2-strongcorr-9.txt,2,50,0.2,strongly_correlated,9,FEASIBLE,True,0.18225741386413574,33,42,0.18225741386413574,True,0.00851893424987793,1.0,OPTIMAL,0.03837132453918457,3,0.0,1441.0,OPTIMAL,0.019031763076782227,1441.0,1.0
2-50-2-uncorr-0.txt,2,50,0.2,uncorrelated,0,FEASIBLE,True,0.03278970718383789,14,16,0.03278970718383789,True,0.007515430450439453,1.0,OPTIMAL,0.047577857971191406,4,0.0,2655.0,OPTIMAL,0.010954141616821289,2655.0,1.0
2-50-2-uncorr-1.txt,2,50,0.2,uncorrelated,1,FEASIBLE,True,0.05609488487243652,20,24,0.05609488487243652,True,0.007517337799072266,1.0,OPTIMAL,0.05408763885498047,2,0.0,2528.0,OPTIMAL,0.015512943267822266,2528.0,1.0
2-50-2-uncorr-2.txt,2,50,0.2,uncorrelated,2,FEASIBLE,True,0.03385496139526367,14,16,0.032854557037353516,True,0.006518363952636719,1.0,OPTIMAL,0.024071931838989258,1,0.0,2506.0,OPTIMAL,0.00951528549194336,2506.0,1.0
2-50-2-uncorr-3.txt,2,50,0.2,uncorrelated,3,FEASIBLE,True,0.03808426856994629,15,18,0.03708386421203613,True,0.007509708404541016,1.0,OPTIMAL,0.020542383193969727,0,0.0,2293.0,OPTIMAL,0.006721973419189453,2293.0,1.0
2-50-2-uncorr-4.txt,2,50,0.2,uncorrelated,4,FEASIBLE,True,0.03567099571228027,13,16,0.03567099571228027,True,0.008000612258911133,1.0,OPTIMAL,0.032045602798461914,1,0.0,2449.0,OPTIMAL,0.006995439529418945,2449.0,1.0
2-50-2-uncorr-5.txt,2,50,0.2,uncorrelated,5,FEASIBLE,True,0.03756546974182129,14,18,0.03756546974182129,True,0.007520914077758789,1.0,OPTIMAL,0.033069610595703125,3,0.0,2719.0,OPTIMAL,0.00751495361328125,2719.0,1.0
2-50-2-uncorr-6.txt,2,50,0.2,uncorrelated,6,FEASIBLE,True,0.0465855598449707,18,22,0.04558539390563965,True,0.006513833999633789,1.0,OPTIMAL,0.08765792846679688,10,0.0,2413.0,OPTIMAL,0.013501167297363281,2413.0,1.0
2-50-2-uncorr-7.txt,2,50,0.2,uncorrelated,7,FEASIBLE,True,0.03805685043334961,15,18,0.03805685043334961,True,0.006998538970947266,1.0,OPTIMAL,0.035063982009887695,2,0.0,2451.0,OPTIMAL,0.015014171600341797,2451.0,1.0
2-50-2-uncorr-8.txt,2,50,0.2,uncorrelated,8,FEASIBLE,True,0.03405570983886719,14,16,0.03405570983886719,True,0.007004261016845703,1.0,OPTIMAL,0.0380558967590332,2,0.0,2317.0,OPTIMAL,0.009508609771728516,2317.0,1.0
2-50-2-uncorr-9.txt,2,50,0.2,uncorrelated,9,FEASIBLE,True,0.03619742393493652,14,16,0.03619742393493652,True,0.008008003234863281,1.0,OPTIMAL,0.04704880714416504,3,0.0,2312.0,OPTIMAL,0.01600956916809082,2312.0,1.0
2-50-2-weakcorr-0.txt,2,50,0.2,weakly_correlated,0,FEASIBLE,True,0.037569284439086914,13,16,0.037569284439086914,True,0.007509469985961914,1.0,OPTIMAL,0.03504443168640137,2,0.0,1193.0,OPTIMAL,0.02001643180847168,1193.0,1.0
2-50-2-weakcorr-1.txt,2,50,0.2,weakly_correlated,1,FEASIBLE,True,0.15997910499572754,23,28,0.15997910499572754,True,0.008524894714355469,1.0,OPTIMAL,0.09367728233337402,7,0.0,1290.0,OPTIMAL,0.04103493690490723,1290.0,1.0
2-50-2-weakcorr-2.txt,2,50,0.2,weakly_correlated,2,FEASIBLE,True,0.04558134078979492,12,14,0.04457592964172363,True,0.006998777389526367,1.0,OPTIMAL,0.02402210235595703,0,0.0,1163.0,OPTIMAL,0.018529415130615234,1163.0,1.0
2-50-2-weakcorr-3.txt,2,50,0.2,weakly_correlated,3,FEASIBLE,True,0.0310819149017334,12,14,0.0310819149017334,True,0.00799870491027832,1.0,OPTIMAL,0.03102278709411621,0,0.0,1286.0,OPTIMAL,0.03306698799133301,1286.0,1.0
2-50-2-weakcorr-4.txt,2,50,0.2,weakly_correlated,4,FEASIBLE,True,0.03607058525085449,14,16,0.03607058525085449,True,0.007523298263549805,1.0,OPTIMAL,0.028545856475830078,0,0.0,1291.0,OPTIMAL,0.016999244689941406,1291.0,1.0
2-50-2-weakcorr-5.txt,2,50,0.2,weakly_correlated,5,FEASIBLE,True,0.041085243225097656,15,18,0.041085243225097656,True,0.007389545440673828,1.0,OPTIMAL,0.025902509689331055,0,0.0,1220.0,OPTIMAL,0.023535966873168945,1220.0,1.0
2-50-2-weakcorr-6.txt,2,50,0.2,weakly_correlated,6,FEASIBLE,True,0.10092782974243164,19,22,0.10092782974243164,True,0.00851750373840332,1.0,OPTIMAL,0.056243181228637695,0,0.0,1191.0,OPTIMAL,0.03853726387023926,1191.0,1.0
2-50-2-weakcorr-7.txt,2,50,0.2,weakly_correlated,7,FEASIBLE,True,0.045064449310302734,15,20,0.045064449310302734,True,0.007512807846069336,1.0,OPTIMAL,0.029063701629638672,0,0.0,1136.0,OPTIMAL,0.01451420783996582,1136.0,1.0
2-50-2-weakcorr-8.txt,2,50,0.2,weakly_correlated,8,FEASIBLE,True,0.03569531440734863,14,16,0.03569531440734863,True,0.007005214691162109,1.0,OPTIMAL,0.04972577095031738,0,0.0,1168.0,OPTIMAL,0.04202985763549805,1168.0,1.0
2-50-2-weakcorr-9.txt,2,50,0.2,weakly_correlated,9,FEASIBLE,True,0.035565853118896484,13,16,0.035565853118896484,True,0.0075151920318603516,1.0,OPTIMAL,0.02753758430480957,0,0.0,1171.0,OPTIMAL,0.016010761260986328,1171.0,1.0
2-50-5-strongcorr-0.txt,2,50,0.5,strongly_correlated,0,FEASIBLE,True,0.1142263412475586,27,34,0.1142263412475586,True,0.008512258529663086,1.0,OPTIMAL,0.2691061496734619,21,0.0,3369.0,OPTIMAL,0.12315821647644043,3369.0,1.0
2-50-5-strongcorr-1.txt,2,50,0.5,strongly_correlated,1,FEASIBLE,True,0.13920974731445312,38,44,0.13920974731445312,True,0.008012056350708008,1.0,OPTIMAL,0.2741682529449463,17,0.0,3369.0,OPTIMAL,0.0060040950775146484,3369.0,1.0
2-50-5-strongcorr-2.txt,2,50,0.5,strongly_correlated,2,FEASIBLE,True,0.04557037353515625,17,20,0.04557037353515625,True,0.007004499435424805,1.0,OPTIMAL,0.022040367126464844,1,0.0,3125.0,OPTIMAL,0.005514383316040039,3125.0,1.0
2-50-5-strongcorr-3.txt,2,50,0.5,strongly_correlated,3,FEASIBLE,True,0.05034303665161133,16,20,0.05034303665161133,True,0.007514476776123047,1.0,OPTIMAL,0.12360763549804688,11,0.0,3150.0,OPTIMAL,0.019017696380615234,3150.0,1.0
2-50-5-strongcorr-4.txt,2,50,0.5,strongly_correlated,4,FEASIBLE,True,0.14781641960144043,33,44,0.14781641960144043,True,0.008501291275024414,1.0,OPTIMAL,0.04691290855407715,5,0.0,3065.0,OPTIMAL,0.011003732681274414,3065.0,1.0
2-50-5-strongcorr-5.txt,2,50,0.5,strongly_correlated,5,FEASIBLE,True,0.1688401699066162,40,48,0.16784048080444336,True,0.008056640625,1.0,OPTIMAL,0.09929800033569336,8,0.0,3049.0,OPTIMAL,0.01305389404296875,3049.0,1.0
2-50-5-strongcorr-6.txt,2,50,0.5,strongly_correlated,6,FEASIBLE,True,0.07760334014892578,24,28,0.07760334014892578,True,0.008505821228027344,1.0,OPTIMAL,0.16035938262939453,18,0.0,3233.0,OPTIMAL,0.011712789535522461,3233.0,1.0
2-50-5-strongcorr-7.txt,2,50,0.5,strongly_correlated,7,FEASIBLE,True,0.05285835266113281,19,22,0.05285835266113281,True,0.00851130485534668,1.0,OPTIMAL,0.08184123039245605,2,0.0,3157.0,OPTIMAL,0.016996383666992188,3157.0,1.0
2-50-5-strongcorr-8.txt,2,50,0.5,strongly_correlated,8,FEASIBLE,True,0.06319427490234375,22,26,0.06319427490234375,True,0.008519649505615234,1.0,OPTIMAL,0.05061149597167969,10,0.0,3327.0,OPTIMAL,0.007002592086791992,3327.0,1.0
2-50-5-strongcorr-9.txt,2,50,0.5,strongly_correlated,9,FEASIBLE,True,0.20614910125732422,48,64,0.20514869689941406,True,0.008525609970092773,1.0,OPTIMAL,0.11992359161376953,3,0.0,2881.0,OPTIMAL,0.016971588134765625,2881.0,1.0
2-50-5-uncorr-0.txt,2,50,0.5,uncorrelated,0,FEASIBLE,True,0.04258871078491211,16,20,0.04258871078491211,True,0.0076372623443603516,1.0,OPTIMAL,0.04017043113708496,5,0.0,3813.0,OPTIMAL,0.01201319694519043,3813.0,1.0
2-50-5-uncorr-1.txt,2,50,0.5,uncorrelated,1,FEASIBLE,True,0.03574061393737793,13,16,0.03574061393737793,True,0.00823831558227539,1.0,OPTIMAL,0.04730844497680664,3,0.0,3838.0,OPTIMAL,0.011527061462402344,3838.0,1.0
2-50-5-uncorr-2.txt,2,50,0.5,uncorrelated,2,FEASIBLE,True,0.04767155647277832,17,22,0.04767155647277832,True,0.007513523101806641,1.0,OPTIMAL,0.07313776016235352,15,0.0,3693.0,OPTIMAL,0.011515378952026367,3693.0,1.0
2-50-5-uncorr-3.txt,2,50,0.5,uncorrelated,3,FEASIBLE,True,0.034581661224365234,14,16,0.034581661224365234,True,0.008518695831298828,1.0,OPTIMAL,0.03407549858093262,3,0.0,3856.0,OPTIMAL,0.006000518798828125,3856.0,1.0
2-50-5-uncorr-4.txt,2,50,0.5,uncorrelated,4,FEASIBLE,True,0.03437352180480957,14,16,0.03437352180480957,True,0.008027076721191406,1.0,OPTIMAL,0.03658628463745117,3,0.0,3769.0,OPTIMAL,0.009506464004516602,3769.0,1.0
2-50-5-uncorr-5.txt,2,50,0.5,uncorrelated,5,FEASIBLE,True,0.0490870475769043,17,22,0.04808759689331055,True,0.007513761520385742,1.0,OPTIMAL,0.0390622615814209,4,0.0,4114.0,OPTIMAL,0.01153254508972168,4114.0,1.0
2-50-5-uncorr-6.txt,2,50,0.5,uncorrelated,6,FEASIBLE,True,0.03957009315490723,16,18,0.03957009315490723,True,0.007999181747436523,1.0,OPTIMAL,0.0376896858215332,6,0.0,3950.0,OPTIMAL,0.010514497756958008,3950.0,1.0
2-50-5-uncorr-7.txt,2,50,0.5,uncorrelated,7,FEASIBLE,True,0.12090945243835449,34,46,0.12090945243835449,True,0.008509635925292969,1.0,OPTIMAL,0.19684076309204102,41,0.0,3709.0,OPTIMAL,0.016536474227905273,3709.0,1.0
2-50-5-uncorr-8.txt,2,50,0.5,uncorrelated,8,FEASIBLE,True,0.03455090522766113,13,16,0.03455090522766113,True,0.007520437240600586,1.0,OPTIMAL,0.033066749572753906,3,0.0,3637.0,OPTIMAL,0.010030984878540039,3637.0,1.0
2-50-5-uncorr-9.txt,2,50,0.5,uncorrelated,9,FEASIBLE,True,0.035056352615356445,13,16,0.035056352615356445,True,0.007999658584594727,1.0,OPTIMAL,0.03356027603149414,4,0.0,3751.0,OPTIMAL,0.011024951934814453,3751.0,1.0
2-50-5-weakcorr-0.txt,2,50,0.5,weakly_correlated,0,FEASIBLE,True,0.040069580078125,16,18,0.03906989097595215,True,0.007513523101806641,1.0,OPTIMAL,0.05761861801147461,2,0.0,2751.0,OPTIMAL,0.03505825996398926,2751.0,1.0
2-50-5-weakcorr-1.txt,2,50,0.5,weakly_correlated,1,FEASIBLE,True,0.18272876739501953,50,58,0.18272876739501953,True,0.007515907287597656,1.0,OPTIMAL,0.11571455001831055,12,0.0,2902.0,OPTIMAL,0.04405784606933594,2902.0,1.0
2-50-5-weakcorr-2.txt,2,50,0.5,weakly_correlated,2,FEASIBLE,True,0.04015231132507324,16,18,0.04015231132507324,True,0.0075151920318603516,1.0,OPTIMAL,0.06911921501159668,4,0.0,2673.0,OPTIMAL,0.022547483444213867,2673.0,1.0
2-50-5-weakcorr-3.txt,2,50,0.5,weakly_correlated,3,FEASIBLE,True,0.13310647010803223,34,40,0.13160228729248047,True,0.0075261592864990234,1.0,OPTIMAL,0.08966851234436035,8,0.0,2692.0,OPTIMAL,0.02754521369934082,2692.0,1.0
2-50-5-weakcorr-4.txt,2,50,0.5,weakly_correlated,4,FEASIBLE,True,0.060099124908447266,24,26,0.060099124908447266,True,0.008026123046875,1.0,OPTIMAL,0.10420417785644531,6,0.0,2731.0,OPTIMAL,0.01890730857849121,2731.0,1.0
2-50-5-weakcorr-5.txt,2,50,0.5,weakly_correlated,5,FEASIBLE,True,0.03607320785522461,14,16,0.03607320785522461,True,0.00799560546875,1.0,OPTIMAL,0.031542062759399414,0,0.0,2568.0,OPTIMAL,0.014017343521118164,2568.0,1.0
2-50-5-weakcorr-6.txt,2,50,0.5,weakly_correlated,6,FEASIBLE,True,0.05302119255065918,20,24,0.05302119255065918,True,0.007517814636230469,1.0,OPTIMAL,0.11031675338745117,6,0.0,2661.0,OPTIMAL,0.021869421005249023,2661.0,1.0
2-50-5-weakcorr-7.txt,2,50,0.5,weakly_correlated,7,FEASIBLE,True,0.11333918571472168,28,34,0.11333918571472168,True,0.007517099380493164,1.0,OPTIMAL,0.1899709701538086,21,0.0,2918.0,OPTIMAL,0.09053826332092285,2918.0,1.0
2-50-5-weakcorr-8.txt,2,50,0.5,weakly_correlated,8,FEASIBLE,True,0.05931663513183594,17,22,0.05931663513183594,True,0.007799386978149414,1.0,OPTIMAL,0.18826532363891602,31,0.0,2710.0,OPTIMAL,0.01304483413696289,2710.0,1.0
2-50-5-weakcorr-9.txt,2,50,0.5,weakly_correlated,9,FEASIBLE,True,0.1652238368988037,38,44,0.16422605514526367,True,0.007521152496337891,1.0,OPTIMAL,0.14280247688293457,13,0.0,2562.0,OPTIMAL,0.04104781150817871,2562.0,1.0
3-10-2-strongcorr-0.txt,3,10,0.2,strongly_correlated,0,FEASIBLE,True,0.03960371017456055,17,21,0.03960371017456055,True,0.009511470794677734,1.0,OPTIMAL,0.03284263610839844,1,0.0,411.0,OPTIMAL,0.009514570236206055,411.0,1.0
3-10-2-strongcorr-1.txt,3,10,0.2,strongly_correlated,1,FEASIBLE,True,0.03341794013977051,15,18,0.03341794013977051,True,0.00952005386352539,1.0,OPTIMAL,0.0340728759765625,2,0.0,431.0,OPTIMAL,0.003999948501586914,431.0,1.0
3-10-2-strongcorr-2.txt,3,10,0.2,strongly_correlated,2,FEASIBLE,True,0.0324244499206543,7,18,0.0324244499206543,True,0.00852060317993164,1.0,OPTIMAL,0.01702713966369629,0,0.0,425.0,OPTIMAL,0.005504608154296875,425.0,1.0
3-10-2-strongcorr-3.txt,3,10,0.2,strongly_correlated,3,FEASIBLE,True,0.03825116157531738,17,21,0.03825116157531738,True,0.009517192840576172,1.0,OPTIMAL,0.025542497634887695,0,0.0,394.0,OPTIMAL,0.004514455795288086,394.0,1.0
3-10-2-strongcorr-4.txt,3,10,0.2,strongly_correlated,4,FEASIBLE,True,0.04107308387756348,17,21,0.04107308387756348,True,0.009515047073364258,1.0,OPTIMAL,0.01803135871887207,0,0.0,412.0,OPTIMAL,0.005366086959838867,412.0,1.0
3-10-2-strongcorr-5.txt,3,10,0.2,strongly_correlated,5,FEASIBLE,True,0.03307199478149414,11,18,0.03307199478149414,True,0.010516881942749023,1.0,OPTIMAL,0.018528461456298828,0,0.0,447.0,OPTIMAL,0.004518032073974609,447.0,1.0
3-10-2-strongcorr-6.txt,3,10,0.2,strongly_correlated,6,FEASIBLE,True,0.033384084701538086,15,18,0.033384084701538086,True,0.009524106979370117,1.0,OPTIMAL,0.017524003982543945,0,0.0,463.0,OPTIMAL,0.003513336181640625,463.0,1.0
3-10-2-strongcorr-7.txt,3,10,0.2,strongly_correlated,7,FEASIBLE,True,0.04126572608947754,16,21,0.04126572608947754,True,0.009519815444946289,1.0,OPTIMAL,0.023697853088378906,0,0.0,443.0,OPTIMAL,0.004001140594482422,443.0,1.0
3-10-2-strongcorr-8.txt,3,10,0.2,strongly_correlated,8,FEASIBLE,True,0.05509614944458008,21,30,0.05509614944458008,True,0.0105133056640625,1.0,OPTIMAL,0.035588741302490234,0,0.0,400.0,OPTIMAL,0.005000591278076172,400.0,1.0
3-10-2-strongcorr-9.txt,3,10,0.2,strongly_correlated,9,FEASIBLE,True,0.040056467056274414,17,21,0.040056467056274414,True,0.009517192840576172,1.0,OPTIMAL,0.035065412521362305,3,0.0,399.0,OPTIMAL,0.0055086612701416016,399.0,1.0
3-10-2-uncorr-0.txt,3,10,0.2,uncorrelated,0,FEASIBLE,True,0.03263354301452637,7,18,0.03263354301452637,True,0.010518789291381836,1.0,OPTIMAL,0.017688751220703125,0,0.0,549.0,OPTIMAL,0.003515958786010742,549.0,1.0
3-10-2-uncorr-1.txt,3,10,0.2,uncorrelated,1,FEASIBLE,True,0.03907322883605957,16,21,0.03907322883605957,True,0.01015162467956543,1.0,OPTIMAL,0.02918100357055664,1,0.0,651.0,OPTIMAL,0.004508018493652344,651.0,1.0
3-10-2-uncorr-2.txt,3,10,0.2,uncorrelated,2,FEASIBLE,True,0.04851984977722168,21,27,0.04851984977722168,True,0.009520292282104492,1.0,OPTIMAL,0.017040491104125977,0,0.0,701.0,OPTIMAL,0.004000425338745117,701.0,1.0
3-10-2-uncorr-3.txt,3,10,0.2,uncorrelated,3,FEASIBLE,True,0.03305697441101074,15,18,0.0320582389831543,True,0.009512662887573242,1.0,OPTIMAL,0.02754378318786621,1,0.0,615.0,OPTIMAL,0.003998994827270508,615.0,1.0
3-10-2-uncorr-4.txt,3,10,0.2,uncorrelated,4,FEASIBLE,True,0.032999515533447266,15,18,0.032999515533447266,True,0.010516643524169922,1.0,OPTIMAL,0.0280759334564209,1,0.0,650.0,OPTIMAL,0.004000663757324219,650.0,1.0
3-10-2-uncorr-5.txt,3,10,0.2,uncorrelated,5,FEASIBLE,True,0.03360915184020996,11,18,0.03360915184020996,True,0.009520292282104492,1.0,OPTIMAL,0.01752018928527832,0,0.0,801.0,OPTIMAL,0.0040035247802734375,801.0,1.0
3-10-2-uncorr-6.txt,3,10,0.2,uncorrelated,6,FEASIBLE,True,0.03858184814453125,16,21,0.03858184814453125,True,0.010511398315429688,1.0,OPTIMAL,0.02908015251159668,2,0.0,714.0,OPTIMAL,0.003506898880004883,714.0,1.0
3-10-2-uncorr-7.txt,3,10,0.2,uncorrelated,7,FEASIBLE,True,0.042958736419677734,17,24,0.042958736419677734,True,0.010513544082641602,1.0,OPTIMAL,0.029544830322265625,2,0.0,485.0,OPTIMAL,0.0045070648193359375,485.0,1.0
3-10-2-uncorr-8.txt,3,10,0.2,uncorrelated,8,FEASIBLE,True,0.048786163330078125,18,27,0.048786163330078125,True,0.010515928268432617,1.0,OPTIMAL,0.02302861213684082,0,0.0,687.0,OPTIMAL,0.0045168399810791016,687.0,1.0
3-10-2-uncorr-9.txt,3,10,0.2,uncorrelated,9,FEASIBLE,True,0.032581329345703125,15,18,0.032581329345703125,True,0.010042905807495117,1.0,OPTIMAL,0.023067235946655273,0,0.0,606.0,OPTIMAL,0.004008054733276367,606.0,1.0
3-10-2-weakcorr-0.txt,3,10,0.2,weakly_correlated,0,FEASIBLE,True,0.049997806549072266,20,27,0.049997806549072266,True,0.009518861770629883,1.0,OPTIMAL,0.03808021545410156,3,0.0,340.0,OPTIMAL,0.0075113773345947266,340.0,1.0
3-10-2-weakcorr-1.txt,3,10,0.2,weakly_correlated,1,FEASIBLE,True,0.033644914627075195,11,18,0.033644914627075195,True,0.009517431259155273,1.0,OPTIMAL,0.0185396671295166,0,0.0,330.0,OPTIMAL,0.00600433349609375,330.0,1.0
3-10-2-weakcorr-2.txt,3,10,0.2,weakly_correlated,2,FEASIBLE,True,0.039055824279785156,15,21,0.039055824279785156,True,0.00951385498046875,1.0,OPTIMAL,0.018032550811767578,0,0.0,337.0,OPTIMAL,0.004511833190917969,337.0,1.0
3-10-2-weakcorr-3.txt,3,10,0.2,weakly_correlated,3,FEASIBLE,True,0.038912296295166016,16,21,0.038912296295166016,True,0.01002049446105957,1.0,OPTIMAL,0.029058218002319336,1,0.0,324.0,OPTIMAL,0.005003213882446289,324.0,1.0
3-10-2-weakcorr-4.txt,3,10,0.2,weakly_correlated,4,FEASIBLE,True,0.03357672691345215,15,18,0.03357672691345215,True,0.010318994522094727,1.0,OPTIMAL,0.01883721351623535,0,0.0,325.0,OPTIMAL,0.0035130977630615234,325.0,1.0
3-10-2-weakcorr-5.txt,3,10,0.2,weakly_correlated,5,FEASIBLE,True,0.03444647789001465,11,18,0.03444647789001465,True,0.00951528549194336,1.0,OPTIMAL,0.01837015151977539,0,0.0,336.0,OPTIMAL,0.004515647888183594,336.0,1.0
3-10-2-weakcorr-6.txt,3,10,0.2,weakly_correlated,6,FEASIBLE,True,0.04429936408996582,19,24,0.04429936408996582,True,0.010509967803955078,1.0,OPTIMAL,0.045564889907836914,3,0.0,313.0,OPTIMAL,0.004508018493652344,313.0,1.0
3-10-2-weakcorr-7.txt,3,10,0.2,weakly_correlated,7,FEASIBLE,True,0.04645133018493652,18,24,0.04645133018493652,True,0.009515047073364258,1.0,OPTIMAL,0.029053688049316406,1,0.0,371.0,OPTIMAL,0.005517482757568359,371.0,1.0
3-10-2-weakcorr-8.txt,3,10,0.2,weakly_correlated,8,FEASIBLE,True,0.05057644844055176,20,27,0.05057644844055176,True,0.011509895324707031,1.0,OPTIMAL,0.03305411338806152,2,0.0,355.0,OPTIMAL,0.0060002803802490234,355.0,1.0
3-10-2-weakcorr-9.txt,3,10,0.2,weakly_correlated,9,FEASIBLE,True,0.03963947296142578,16,21,0.03963947296142578,True,0.010514497756958008,1.0,OPTIMAL,0.029330015182495117,1,0.0,374.0,OPTIMAL,0.0039980411529541016,374.0,1.0
3-10-5-strongcorr-0.txt,3,10,0.5,strongly_correlated,0,FEASIBLE,True,0.05312395095825195,24,30,0.05312395095825195,True,0.010516166687011719,1.0,OPTIMAL,0.10240530967712402,12,0.0,947.0,OPTIMAL,0.0210418701171875,947.0,1.0
3-10-5-strongcorr-1.txt,3,10,0.5,strongly_correlated,1,FEASIBLE,True,0.05057501792907715,22,27,0.05057501792907715,True,0.010518789291381836,1.0,OPTIMAL,0.08130645751953125,4,0.0,838.0,OPTIMAL,0.039644718170166016,838.0,1.0
3-10-5-strongcorr-2.txt,3,10,0.5,strongly_correlated,2,FEASIBLE,True,0.0537569522857666,18,24,0.0537569522857666,True,0.010056495666503906,1.0,OPTIMAL,0.04022645950317383,1,0.0,1113.0,OPTIMAL,0.005519866943359375,1113.0,1.0
3-10-5-strongcorr-3.txt,3,10,0.5,strongly_correlated,3,FEASIBLE,True,0.054949283599853516,23,30,0.054949283599853516,True,0.010516881942749023,1.0,OPTIMAL,0.08165621757507324,2,0.0,894.0,OPTIMAL,0.013510704040527344,894.0,1.0
3-10-5-strongcorr-4.txt,3,10,0.5,strongly_correlated,4,FEASIBLE,True,0.050099849700927734,20,27,0.04909849166870117,True,0.009517669677734375,1.0,OPTIMAL,0.06126260757446289,7,0.0,906.0,OPTIMAL,0.021268367767333984,906.0,1.0
3-10-5-strongcorr-5.txt,3,10,0.5,strongly_correlated,5,FEASIBLE,True,0.05708932876586914,22,30,0.05708932876586914,True,0.009510278701782227,1.0,OPTIMAL,0.04608583450317383,1,0.0,948.0,OPTIMAL,0.011149168014526367,948.0,1.0
3-10-5-strongcorr-6.txt,3,10,0.5,strongly_correlated,6,FEASIBLE,True,0.07461142539978027,31,42,0.07461142539978027,True,0.01051950454711914,1.0,OPTIMAL,0.07039117813110352,3,0.0,877.0,OPTIMAL,0.024036645889282227,877.0,1.0
3-10-5-strongcorr-7.txt,3,10,0.5,strongly_correlated,7,FEASIBLE,True,0.04857659339904785,20,27,0.04857659339904785,True,0.009516477584838867,1.0,OPTIMAL,0.06011795997619629,1,0.0,912.0,OPTIMAL,0.03707385063171387,912.0,1.0
3-10-5-strongcorr-8.txt,3,10,0.5,strongly_correlated,8,FEASIBLE,True,0.055577754974365234,24,30,0.055577754974365234,True,0.010516643524169922,1.0,OPTIMAL,0.09607481956481934,4,0.0,900.0,OPTIMAL,0.04604339599609375,900.0,1.0
3-10-5-strongcorr-9.txt,3,10,0.5,strongly_correlated,9,FEASIBLE,True,0.05743551254272461,19,27,0.05743551254272461,True,0.009517431259155273,1.0,OPTIMAL,0.019029617309570312,0,0.0,988.0,OPTIMAL,0.0075228214263916016,988.0,1.0
3-10-5-uncorr-0.txt,3,10,0.5,uncorrelated,0,FEASIBLE,True,0.04615473747253418,18,24,0.04615473747253418,True,0.010517358779907227,1.0,OPTIMAL,0.01803421974182129,0,0.0,1227.0,OPTIMAL,0.004999876022338867,1227.0,1.0
3-10-5-uncorr-1.txt,3,10,0.5,uncorrelated,1,FEASIBLE,True,0.04193305969238281,20,24,0.04193305969238281,True,0.010511159896850586,1.0,OPTIMAL,0.04771018028259277,3,0.0,944.0,OPTIMAL,0.00451970100402832,944.0,1.0
3-10-5-uncorr-2.txt,3,10,0.5,uncorrelated,2,FEASIBLE,True,0.03856801986694336,16,21,0.03856801986694336,True,0.009519338607788086,1.0,OPTIMAL,0.04306387901306152,2,0.0,1030.0,OPTIMAL,0.0045070648193359375,1030.0,1.0
3-10-5-uncorr-3.txt,3,10,0.5,uncorrelated,3,FEASIBLE,True,0.03207516670227051,15,18,0.03207516670227051,True,0.010512351989746094,1.0,OPTIMAL,0.028542757034301758,3,0.0,1134.0,OPTIMAL,0.0045163631439208984,1134.0,1.0
3-10-5-uncorr-4.txt,3,10,0.5,uncorrelated,4,FEASIBLE,True,0.038063764572143555,17,21,0.038063764572143555,True,0.010029792785644531,1.0,OPTIMAL,0.029057025909423828,1,0.0,1097.0,OPTIMAL,0.005002498626708984,1097.0,1.0
3-10-5-uncorr-5.txt,3,10,0.5,uncorrelated,5,FEASIBLE,True,0.054677724838256836,22,30,0.054677724838256836,True,0.011030912399291992,1.0,OPTIMAL,0.03406333923339844,3,0.0,1069.0,OPTIMAL,0.004518032073974609,1069.0,1.0
3-10-5-uncorr-6.txt,3,10,0.5,uncorrelated,6,FEASIBLE,True,0.04326438903808594,17,24,0.04326438903808594,True,0.01002812385559082,1.0,OPTIMAL,0.028063535690307617,1,0.0,945.0,OPTIMAL,0.004516124725341797,945.0,1.0
3-10-5-uncorr-7.txt,3,10,0.5,uncorrelated,7,FEASIBLE,True,0.03253769874572754,15,18,0.03253769874572754,True,0.010556697845458984,1.0,OPTIMAL,0.04065132141113281,3,0.0,859.0,OPTIMAL,0.005000114440917969,859.0,1.0
3-10-5-uncorr-8.txt,3,10,0.5,uncorrelated,8,FEASIBLE,True,0.04406857490539551,17,24,0.04406857490539551,True,0.010521173477172852,1.0,OPTIMAL,0.04007148742675781,4,0.0,1147.0,OPTIMAL,0.004499197006225586,1147.0,1.0
3-10-5-uncorr-9.txt,3,10,0.5,uncorrelated,9,FEASIBLE,True,0.0390620231628418,17,21,0.0390620231628418,True,0.009514808654785156,1.0,OPTIMAL,0.02303004264831543,0,0.0,1191.0,OPTIMAL,0.0045070648193359375,1191.0,1.0
3-10-5-weakcorr-0.txt,3,10,0.5,weakly_correlated,0,FEASIBLE,True,0.041066884994506836,18,21,0.041066884994506836,True,0.010517358779907227,1.0,OPTIMAL,0.04406905174255371,1,0.0,856.0,OPTIMAL,0.011027336120605469,856.0,1.0
3-10-5-weakcorr-1.txt,3,10,0.5,weakly_correlated,1,FEASIBLE,True,0.038060903549194336,16,21,0.038060903549194336,True,0.009515762329101562,1.0,OPTIMAL,0.030372142791748047,1,0.0,845.0,OPTIMAL,0.005000591278076172,845.0,1.0
3-10-5-weakcorr-2.txt,3,10,0.5,weakly_correlated,2,FEASIBLE,True,0.09289765357971191,34,51,0.09289765357971191,True,0.010517120361328125,1.0,OPTIMAL,0.10449337959289551,17,0.0,828.0,OPTIMAL,0.01738762855529785,828.0,1.0
3-10-5-weakcorr-3.txt,3,10,0.5,weakly_correlated,3,FEASIBLE,True,0.05356955528259277,21,27,0.05356955528259277,True,0.009517192840576172,1.0,OPTIMAL,0.04107022285461426,2,0.0,805.0,OPTIMAL,0.011057376861572266,805.0,1.0
3-10-5-weakcorr-4.txt,3,10,0.5,weakly_correlated,4,FEASIBLE,True,0.0536649227142334,22,27,0.0536649227142334,True,0.01051950454711914,1.0,OPTIMAL,0.02678060531616211,0,0.0,877.0,OPTIMAL,0.010510683059692383,877.0,1.0
3-10-5-weakcorr-5.txt,3,10,0.5,weakly_correlated,5,FEASIBLE,True,0.10271263122558594,36,54,0.10271263122558594,True,0.010009765625,1.0,OPTIMAL,0.0651090145111084,10,0.0,577.0,OPTIMAL,0.008510351181030273,577.0,1.0
3-10-5-weakcorr-6.txt,3,10,0.5,weakly_correlated,6,FEASIBLE,True,0.08266782760620117,25,42,0.08266782760620117,True,0.01052236557006836,1.0,OPTIMAL,0.023553133010864258,0,0.0,906.0,OPTIMAL,0.012528657913208008,906.0,1.0
3-10-5-weakcorr-7.txt,3,10,0.5,weakly_correlated,7,FEASIBLE,True,0.061135053634643555,22,33,0.061135053634643555,True,0.01003885269165039,1.0,OPTIMAL,0.0250699520111084,0,0.0,756.0,OPTIMAL,0.005505084991455078,756.0,1.0
3-10-5-weakcorr-8.txt,3,10,0.5,weakly_correlated,8,FEASIBLE,True,0.05092215538024902,19,27,0.04992222785949707,True,0.010004997253417969,1.0,OPTIMAL,0.039772987365722656,3,0.0,665.0,OPTIMAL,0.005025148391723633,665.0,1.0
3-10-5-weakcorr-9.txt,3,10,0.5,weakly_correlated,9,FEASIBLE,True,0.038399457931518555,17,21,0.038399457931518555,True,0.010536909103393555,1.0,OPTIMAL,0.034569740295410156,0,0.0,754.0,OPTIMAL,0.010520219802856445,754.0,1.0
3-15-2-strongcorr-0.txt,3,15,0.2,strongly_correlated,0,FEASIBLE,True,0.04387664794921875,17,21,0.04236793518066406,True,0.010009050369262695,1.0,OPTIMAL,0.026738882064819336,0,0.0,679.0,OPTIMAL,0.008516550064086914,679.0,1.0
3-15-2-strongcorr-1.txt,3,15,0.2,strongly_correlated,1,FEASIBLE,True,0.06262707710266113,22,30,0.061627864837646484,True,0.010514497756958008,1.0,OPTIMAL,0.046105146408081055,1,0.0,656.0,OPTIMAL,0.019038677215576172,656.0,1.0
3-15-2-strongcorr-2.txt,3,15,0.2,strongly_correlated,2,FEASIBLE,True,0.061098337173461914,25,33,0.061098337173461914,True,0.01052713394165039,1.0,OPTIMAL,0.06926107406616211,0,0.0,541.0,OPTIMAL,0.0575864315032959,541.0,1.0
3-15-2-strongcorr-3.txt,3,15,0.2,strongly_correlated,3,FEASIBLE,True,0.046692609786987305,19,24,0.046692609786987305,True,0.010515213012695312,1.0,OPTIMAL,0.0485692024230957,2,0.0,584.0,OPTIMAL,0.011513233184814453,584.0,1.0
3-15-2-strongcorr-4.txt,3,15,0.2,strongly_correlated,4,FEASIBLE,True,0.05411171913146973,18,24,0.05411171913146973,True,0.01002359390258789,1.0,OPTIMAL,0.0270535945892334,0,0.0,636.0,OPTIMAL,0.004999637603759766,636.0,1.0
3-15-2-strongcorr-5.txt,3,15,0.2,strongly_correlated,5,FEASIBLE,True,0.09483075141906738,22,39,0.09382057189941406,True,0.009504318237304688,1.0,OPTIMAL,0.04113364219665527,1,0.0,633.0,OPTIMAL,0.013023138046264648,633.0,1.0
3-15-2-strongcorr-6.txt,3,15,0.2,strongly_correlated,6,FEASIBLE,True,0.045572757720947266,17,21,0.045572757720947266,True,0.010521888732910156,1.0,OPTIMAL,0.031585693359375,1,0.0,626.0,OPTIMAL,0.009519338607788086,626.0,1.0
3-15-2-strongcorr-7.txt,3,15,0.2,strongly_correlated,7,FEASIBLE,True,0.04155921936035156,15,18,0.04155921936035156,True,0.009517192840576172,1.0,OPTIMAL,0.023550748825073242,0,0.0,655.0,OPTIMAL,0.011527061462402344,655.0,1.0
3-15-2-strongcorr-8.txt,3,15,0.2,strongly_correlated,8,FEASIBLE,True,0.06659269332885742,23,33,0.06508302688598633,True,0.009011268615722656,1.0,OPTIMAL,0.025044679641723633,0,0.0,630.0,OPTIMAL,0.0070002079010009766,630.0,1.0
3-15-2-strongcorr-9.txt,3,15,0.2,strongly_correlated,9,FEASIBLE,True,0.035062551498413086,15,18,0.035062551498413086,True,0.010519266128540039,1.0,OPTIMAL,0.025069713592529297,0,0.0,667.0,OPTIMAL,0.01251363754272461,667.0,1.0
3-15-2-uncorr-0.txt,3,15,0.2,uncorrelated,0,FEASIBLE,True,0.03905987739562988,17,21,0.03905987739562988,True,0.010521888732910156,1.0,OPTIMAL,0.024036407470703125,0,0.0,1080.0,OPTIMAL,0.003998994827270508,1080.0,1.0
3-15-2-uncorr-1.txt,3,15,0.2,uncorrelated,1,FEASIBLE,True,0.043572187423706055,19,24,0.04257345199584961,True,0.009518623352050781,1.0,OPTIMAL,0.027548551559448242,0,0.0,945.0,OPTIMAL,0.005951881408691406,945.0,1.0
3-15-2-uncorr-2.txt,3,15,0.2,uncorrelated,2,FEASIBLE,True,0.044158935546875,20,24,0.04315900802612305,True,0.009514570236206055,1.0,OPTIMAL,0.04106545448303223,4,0.0,999.0,OPTIMAL,0.003998517990112305,999.0,1.0
3-15-2-uncorr-3.txt,3,15,0.2,uncorrelated,3,FEASIBLE,True,0.0390622615814209,16,21,0.0390622615814209,True,0.009519338607788086,1.0,OPTIMAL,0.03554940223693848,3,0.0,985.0,OPTIMAL,0.006009340286254883,985.0,1.0
3-15-2-uncorr-4.txt,3,15,0.2,uncorrelated,4,FEASIBLE,True,0.03906369209289551,16,21,0.03906369209289551,True,0.010816335678100586,1.0,OPTIMAL,0.03584647178649902,1,0.0,929.0,OPTIMAL,0.005522251129150391,929.0,1.0
3-15-2-uncorr-5.txt,3,15,0.2,uncorrelated,5,FEASIBLE,True,0.045586585998535156,18,24,0.045586585998535156,True,0.010509252548217773,1.0,OPTIMAL,0.035543203353881836,2,0.0,867.0,OPTIMAL,0.0045130252838134766,867.0,1.0
3-15-2-uncorr-6.txt,3,15,0.2,uncorrelated,6,FEASIBLE,True,0.045593976974487305,17,24,0.045593976974487305,True,0.010516881942749023,1.0,OPTIMAL,0.03055715560913086,2,0.0,1053.0,OPTIMAL,0.0029952526092529297,1053.0,1.0
3-15-2-uncorr-7.txt,3,15,0.2,uncorrelated,7,FEASIBLE,True,0.04588651657104492,19,24,0.04588651657104492,True,0.010511636734008789,1.0,OPTIMAL,0.02953934669494629,2,0.0,1160.0,OPTIMAL,0.005517482757568359,1160.0,1.0
3-15-2-uncorr-8.txt,3,15,0.2,uncorrelated,8,FEASIBLE,True,0.04839158058166504,20,27,0.04839158058166504,True,0.010507583618164062,1.0,OPTIMAL,0.03693270683288574,4,0.0,959.0,OPTIMAL,0.005137443542480469,959.0,1.0
3-15-2-uncorr-9.txt,3,15,0.2,uncorrelated,9,FEASIBLE,True,0.033048391342163086,15,18,0.033048391342163086,True,0.009516239166259766,1.0,OPTIMAL,0.021032094955444336,0,0.0,1200.0,OPTIMAL,0.0065152645111083984,1200.0,1.0
3-15-2-weakcorr-0.txt,3,15,0.2,weakly_correlated,0,FEASIBLE,True,0.04909014701843262,20,24,0.04909014701843262,True,0.009515762329101562,1.0,OPTIMAL,0.03306746482849121,1,0.0,499.0,OPTIMAL,0.008000850677490234,499.0,1.0
3-15-2-weakcorr-1.txt,3,15,0.2,weakly_correlated,1,FEASIBLE,True,0.0395660400390625,18,21,0.0395660400390625,True,0.010514259338378906,1.0,OPTIMAL,0.0365443229675293,1,0.0,505.0,OPTIMAL,0.005513906478881836,505.0,1.0
3-15-2-weakcorr-2.txt,3,15,0.2,weakly_correlated,2,FEASIBLE,True,0.03951215744018555,16,21,0.03951215744018555,True,0.010519266128540039,1.0,OPTIMAL,0.03000783920288086,0,0.0,487.0,OPTIMAL,0.01773381233215332,487.0,1.0
3-15-2-weakcorr-3.txt,3,15,0.2,weakly_correlated,3,FEASIBLE,True,0.06650805473327637,21,30,0.06650805473327637,True,0.010506153106689453,1.0,OPTIMAL,0.063629150390625,3,0.0,567.0,OPTIMAL,0.012025594711303711,567.0,1.0
3-15-2-weakcorr-4.txt,3,15,0.2,weakly_correlated,4,FEASIBLE,True,0.04469442367553711,19,24,0.04469442367553711,True,0.01051783561706543,1.0,OPTIMAL,0.027073144912719727,0,0.0,562.0,OPTIMAL,0.012503862380981445,562.0,1.0
3-15-2-weakcorr-5.txt,3,15,0.2,weakly_correlated,5,FEASIBLE,True,0.03904891014099121,16,21,0.03904891014099121,True,0.00951385498046875,1.0,OPTIMAL,0.024542808532714844,0,0.0,497.0,OPTIMAL,0.005517482757568359,497.0,1.0
3-15-2-weakcorr-6.txt,3,15,0.2,weakly_correlated,6,FEASIBLE,True,0.03861069679260254,17,21,0.03861069679260254,True,0.010500907897949219,1.0,OPTIMAL,0.0280153751373291,0,0.0,466.0,OPTIMAL,0.012520790100097656,466.0,1.0
3-15-2-weakcorr-7.txt,3,15,0.2,weakly_correlated,7,FEASIBLE,True,0.03839373588562012,16,21,0.03839373588562012,True,0.009962320327758789,1.0,OPTIMAL,0.024480581283569336,0,0.0,447.0,OPTIMAL,0.007512569427490234,447.0,1.0
3-15-2-weakcorr-8.txt,3,15,0.2,weakly_correlated,8,FEASIBLE,True,0.0385594367980957,17,21,0.0385594367980957,True,0.010155200958251953,1.0,OPTIMAL,0.03019094467163086,0,0.0,492.0,OPTIMAL,0.007999658584594727,492.0,1.0
3-15-2-weakcorr-9.txt,3,15,0.2,weakly_correlated,9,FEASIBLE,True,0.03658699989318848,15,18,0.03658699989318848,True,0.010241508483886719,1.0,OPTIMAL,0.026273250579833984,0,0.0,450.0,OPTIMAL,0.0075266361236572266,450.0,1.0
3-15-5-strongcorr-0.txt,3,15,0.5,strongly_correlated,0,FEASIBLE,True,0.03977251052856445,17,21,0.03977251052856445,True,0.010009288787841797,1.0,OPTIMAL,0.021525859832763672,0,0.0,1306.0,OPTIMAL,0.010512590408325195,1306.0,1.0
3-15-5-strongcorr-1.txt,3,15,0.5,strongly_correlated,1,FEASIBLE,True,0.05660557746887207,21,27,0.05660557746887207,True,0.009517431259155273,1.0,OPTIMAL,0.06010746955871582,1,0.0,1248.0,OPTIMAL,0.03276658058166504,1248.0,1.0
3-15-5-strongcorr-2.txt,3,15,0.5,strongly_correlated,2,FEASIBLE,True,0.04357719421386719,20,24,0.04357719421386719,True,0.009517192840576172,1.0,OPTIMAL,0.09565877914428711,5,0.0,1378.0,OPTIMAL,0.03549909591674805,1378.0,1.0
3-15-5-strongcorr-3.txt,3,15,0.5,strongly_correlated,3,FEASIBLE,True,0.06722187995910645,27,36,0.06722187995910645,True,0.009514570236206055,1.0,OPTIMAL,0.11174345016479492,12,0.0,1345.0,OPTIMAL,0.043575286865234375,1345.0,1.0
3-15-5-strongcorr-4.txt,3,15,0.5,strongly_correlated,4,FEASIBLE,True,0.05358099937438965,23,30,0.05358099937438965,True,0.00952005386352539,1.0,OPTIMAL,0.09769201278686523,8,0.0,1269.0,OPTIMAL,0.05209541320800781,1269.0,1.0
3-15-5-strongcorr-5.txt,3,15,0.5,strongly_correlated,5,FEASIBLE,True,0.04105496406555176,18,21,0.04105496406555176,True,0.009033918380737305,1.0,OPTIMAL,0.06323599815368652,1,0.0,1517.0,OPTIMAL,0.025540590286254883,1517.0,1.0
3-15-5-strongcorr-6.txt,3,15,0.5,strongly_correlated,6,FEASIBLE,True,0.08832383155822754,26,39,0.08832383155822754,True,0.010509490966796875,1.0,OPTIMAL,0.05208325386047363,2,0.0,1368.0,OPTIMAL,0.026534557342529297,1368.0,1.0
3-15-5-strongcorr-7.txt,3,15,0.5,strongly_correlated,7,FEASIBLE,True,0.07101845741271973,26,33,0.07101845741271973,True,0.009508609771728516,1.0,OPTIMAL,0.049353599548339844,2,0.0,1421.0,OPTIMAL,0.013514280319213867,1421.0,1.0
3-15-5-strongcorr-8.txt,3,15,0.5,strongly_correlated,8,FEASIBLE,True,0.06330585479736328,29,36,0.06330585479736328,True,0.010043859481811523,1.0,OPTIMAL,0.1432950496673584,10,0.0,1425.0,OPTIMAL,0.04406619071960449,1425.0,1.0
3-15-5-strongcorr-9.txt,3,15,0.5,strongly_correlated,9,FEASIBLE,True,0.04257392883300781,21,24,0.04257392883300781,True,0.009506702423095703,1.0,OPTIMAL,0.08336925506591797,7,0.0,1344.0,OPTIMAL,0.018541574478149414,1344.0,1.0
3-15-5-uncorr-0.txt,3,15,0.5,uncorrelated,0,FEASIBLE,True,0.04763317108154297,21,27,0.04763317108154297,True,0.009518146514892578,1.0,OPTIMAL,0.033064842224121094,3,0.0,1327.0,OPTIMAL,0.0029964447021484375,1327.0,1.0
3-15-5-uncorr-1.txt,3,15,0.5,uncorrelated,1,FEASIBLE,True,0.03790283203125,18,21,0.03790283203125,True,0.010039091110229492,1.0,OPTIMAL,0.02306199073791504,0,0.0,1698.0,OPTIMAL,0.0030059814453125,1698.0,1.0
3-15-5-uncorr-2.txt,3,15,0.5,uncorrelated,2,FEASIBLE,True,0.04966378211975098,20,27,0.04966378211975098,True,0.009517908096313477,1.0,OPTIMAL,0.039063453674316406,5,0.0,1748.0,OPTIMAL,0.004002809524536133,1748.0,1.0
3-15-5-uncorr-3.txt,3,15,0.5,uncorrelated,3,FEASIBLE,True,0.0485842227935791,22,27,0.0485842227935791,True,0.011034488677978516,1.0,OPTIMAL,0.07665181159973145,13,0.0,1421.0,OPTIMAL,0.005520343780517578,1421.0,1.0
3-15-5-uncorr-4.txt,3,15,0.5,uncorrelated,4,FEASIBLE,True,0.03861665725708008,17,21,0.03861665725708008,True,0.009514570236206055,1.0,OPTIMAL,0.0390622615814209,4,0.0,1570.0,OPTIMAL,0.0039997100830078125,1570.0,1.0
3-15-5-uncorr-5.txt,3,15,0.5,uncorrelated,5,FEASIBLE,True,0.03860735893249512,18,21,0.03860735893249512,True,0.009533882141113281,1.0,OPTIMAL,0.04188346862792969,4,0.0,1597.0,OPTIMAL,0.0049991607666015625,1597.0,1.0
3-15-5-uncorr-6.txt,3,15,0.5,uncorrelated,6,FEASIBLE,True,0.060573577880859375,22,33,0.060573577880859375,True,0.009511947631835938,1.0,OPTIMAL,0.0579371452331543,7,0.0,1783.0,OPTIMAL,0.008006572723388672,1783.0,1.0
3-15-5-uncorr-7.txt,3,15,0.5,uncorrelated,7,FEASIBLE,True,0.05335116386413574,23,30,0.05335116386413574,True,0.00951838493347168,1.0,OPTIMAL,0.0496068000793457,4,0.0,1550.0,OPTIMAL,0.0029969215393066406,1550.0,1.0
3-15-5-uncorr-8.txt,3,15,0.5,uncorrelated,8,FEASIBLE,True,0.038057565689086914,16,21,0.038057565689086914,True,0.009517431259155273,1.0,OPTIMAL,0.046158552169799805,4,0.0,1582.0,OPTIMAL,0.003992795944213867,1582.0,1.0
3-15-5-uncorr-9.txt,3,15,0.5,uncorrelated,9,FEASIBLE,True,0.032695770263671875,15,18,0.032695770263671875,True,0.009514808654785156,1.0,OPTIMAL,0.025037527084350586,0,0.0,1632.0,OPTIMAL,0.004519462585449219,1632.0,1.0
3-15-5-weakcorr-0.txt,3,15,0.5,weakly_correlated,0,FEASIBLE,True,0.04407668113708496,21,24,0.04407668113708496,True,0.009513139724731445,1.0,OPTIMAL,0.058437347412109375,2,0.0,1348.0,OPTIMAL,0.024563074111938477,1348.0,1.0
3-15-5-weakcorr-1.txt,3,15,0.5,weakly_correlated,1,FEASIBLE,True,0.06111955642700195,24,30,0.060118913650512695,True,0.009513139724731445,1.0,OPTIMAL,0.08903884887695312,5,0.0,1177.0,OPTIMAL,0.03635883331298828,1177.0,1.0
3-15-5-weakcorr-2.txt,3,15,0.5,weakly_correlated,2,FEASIBLE,True,0.06023597717285156,22,30,0.06023597717285156,True,0.009514331817626953,1.0,OPTIMAL,0.049031734466552734,3,0.0,1079.0,OPTIMAL,0.01019430160522461,1079.0,1.0
3-15-5-weakcorr-3.txt,3,15,0.5,weakly_correlated,3,FEASIBLE,True,0.04430985450744629,19,24,0.04430985450744629,True,0.01022195816040039,1.0,OPTIMAL,0.03627133369445801,2,0.0,1140.0,OPTIMAL,0.007048130035400391,1140.0,1.0
3-15-5-weakcorr-4.txt,3,15,0.5,weakly_correlated,4,FEASIBLE,True,0.06745338439941406,25,30,0.06745338439941406,True,0.010518550872802734,1.0,OPTIMAL,0.06271910667419434,4,0.0,1290.0,OPTIMAL,0.016028881072998047,1290.0,1.0
3-15-5-weakcorr-5.txt,3,15,0.5,weakly_correlated,5,FEASIBLE,True,0.054656267166137695,22,30,0.054656267166137695,True,0.009514093399047852,1.0,OPTIMAL,0.07161426544189453,4,0.0,1238.0,OPTIMAL,0.016036510467529297,1238.0,1.0
3-15-5-weakcorr-6.txt,3,15,0.5,weakly_correlated,6,FEASIBLE,True,0.05558347702026367,20,27,0.05558347702026367,True,0.009520769119262695,1.0,OPTIMAL,0.05761909484863281,4,0.0,1098.0,OPTIMAL,0.006999015808105469,1098.0,1.0
3-15-5-weakcorr-7.txt,3,15,0.5,weakly_correlated,7,FEASIBLE,True,0.06109023094177246,27,33,0.06109023094177246,True,0.009521484375,1.0,OPTIMAL,0.09165573120117188,15,0.0,1207.0,OPTIMAL,0.012253046035766602,1207.0,1.0
3-15-5-weakcorr-8.txt,3,15,0.5,weakly_correlated,8,FEASIBLE,True,0.08312225341796875,32,42,0.08312225341796875,True,0.009518146514892578,1.0,OPTIMAL,0.10968661308288574,19,0.0,1220.0,OPTIMAL,0.010528802871704102,1220.0,1.0
3-15-5-weakcorr-9.txt,3,15,0.5,weakly_correlated,9,FEASIBLE,True,0.043590545654296875,20,24,0.043590545654296875,True,0.009517908096313477,1.0,OPTIMAL,0.062098026275634766,5,0.0,1249.0,OPTIMAL,0.031557559967041016,1249.0,1.0
3-20-2-strongcorr-0.txt,3,20,0.2,strongly_correlated,0,FEASIBLE,True,0.09313726425170898,31,39,0.09313726425170898,True,0.010527849197387695,1.0,OPTIMAL,0.08214831352233887,4,0.0,834.0,OPTIMAL,0.025177478790283203,834.0,1.0
3-20-2-strongcorr-1.txt,3,20,0.2,strongly_correlated,1,FEASIBLE,True,0.0953989028930664,25,36,0.0898900032043457,True,0.010239601135253906,1.0,OPTIMAL,0.03239011764526367,0,0.0,832.0,OPTIMAL,0.015515565872192383,832.0,1.0
3-20-2-strongcorr-2.txt,3,20,0.2,strongly_correlated,2,FEASIBLE,True,0.05510878562927246,22,27,0.05510878562927246,True,0.009519100189208984,1.0,OPTIMAL,0.053194284439086914,3,0.0,867.0,OPTIMAL,0.019025564193725586,867.0,1.0
3-20-2-strongcorr-3.txt,3,20,0.2,strongly_correlated,3,FEASIBLE,True,0.05789828300476074,18,24,0.05789828300476074,True,0.010519027709960938,1.0,OPTIMAL,0.020036697387695312,0,0.0,826.0,OPTIMAL,0.005513191223144531,826.0,1.0
3-20-2-strongcorr-4.txt,3,20,0.2,strongly_correlated,4,FEASIBLE,True,0.04707169532775879,20,24,0.04707169532775879,True,0.009515762329101562,1.0,OPTIMAL,0.04259610176086426,0,0.0,861.0,OPTIMAL,0.019025325775146484,861.0,1.0
3-20-2-strongcorr-5.txt,3,20,0.2,strongly_correlated,5,FEASIBLE,True,0.07433581352233887,28,36,0.07433581352233887,True,0.009519338607788086,1.0,OPTIMAL,0.05709362030029297,2,0.0,765.0,OPTIMAL,0.026682138442993164,765.0,1.0
3-20-2-strongcorr-6.txt,3,20,0.2,strongly_correlated,6,FEASIBLE,True,0.10828804969787598,31,48,0.10828804969787598,True,0.010519266128540039,1.0,OPTIMAL,0.11214351654052734,2,0.0,800.0,OPTIMAL,0.051071882247924805,800.0,1.0
3-20-2-strongcorr-7.txt,3,20,0.2,strongly_correlated,7,FEASIBLE,True,0.046416521072387695,17,21,0.046416521072387695,True,0.009525299072265625,1.0,OPTIMAL,0.0361027717590332,1,0.0,788.0,OPTIMAL,0.007055997848510742,788.0,1.0
3-20-2-strongcorr-8.txt,3,20,0.2,strongly_correlated,8,FEASIBLE,True,0.039009809494018555,18,21,0.039009809494018555,True,0.010515689849853516,1.0,OPTIMAL,0.06060791015625,3,0.0,758.0,OPTIMAL,0.009518623352050781,758.0,1.0
3-20-2-strongcorr-9.txt,3,20,0.2,strongly_correlated,9,FEASIBLE,True,0.12471771240234375,29,42,0.12471771240234375,True,0.010525941848754883,1.0,OPTIMAL,0.09812760353088379,6,0.0,849.0,OPTIMAL,0.026555776596069336,849.0,1.0
3-20-2-uncorr-0.txt,3,20,0.2,uncorrelated,0,FEASIBLE,True,0.033312320709228516,15,18,0.033312320709228516,True,0.010012626647949219,1.0,OPTIMAL,0.017528295516967773,0,0.0,1512.0,OPTIMAL,0.004000186920166016,1512.0,1.0
3-20-2-uncorr-1.txt,3,20,0.2,uncorrelated,1,FEASIBLE,True,0.04409599304199219,18,24,0.04409599304199219,True,0.009516477584838867,1.0,OPTIMAL,0.026547908782958984,0,0.0,1495.0,OPTIMAL,0.01051640510559082,1495.0,1.0
3-20-2-uncorr-2.txt,3,20,0.2,uncorrelated,2,FEASIBLE,True,0.05565834045410156,22,30,0.05565834045410156,True,0.00951075553894043,1.0,OPTIMAL,0.047574758529663086,2,0.0,1334.0,OPTIMAL,0.01103663444519043,1334.0,1.0
3-20-2-uncorr-3.txt,3,20,0.2,uncorrelated,3,FEASIBLE,True,0.04858565330505371,19,27,0.04858565330505371,True,0.009518861770629883,1.0,OPTIMAL,0.034583330154418945,2,0.0,1533.0,OPTIMAL,0.005513906478881836,1533.0,1.0
3-20-2-uncorr-4.txt,3,20,0.2,uncorrelated,4,FEASIBLE,True,0.0385589599609375,16,21,0.0385589599609375,True,0.010519027709960938,1.0,OPTIMAL,0.038066864013671875,2,0.0,1634.0,OPTIMAL,0.0065097808837890625,1634.0,1.0
3-20-2-uncorr-5.txt,3,20,0.2,uncorrelated,5,FEASIBLE,True,0.045386552810668945,21,24,0.044387102127075195,True,0.009521722793579102,1.0,OPTIMAL,0.0403141975402832,2,0.0,1407.0,OPTIMAL,0.003999471664428711,1407.0,1.0
3-20-2-uncorr-6.txt,3,20,0.2,uncorrelated,6,FEASIBLE,True,0.04020571708679199,18,21,0.04020571708679199,True,0.009510993957519531,1.0,OPTIMAL,0.0240323543548584,0,0.0,1462.0,OPTIMAL,0.010030746459960938,1462.0,1.0
3-20-2-uncorr-7.txt,3,20,0.2,uncorrelated,7,FEASIBLE,True,0.039699554443359375,17,21,0.039699554443359375,True,0.010518312454223633,1.0,OPTIMAL,0.041072845458984375,3,0.0,1512.0,OPTIMAL,0.009035825729370117,1512.0,1.0
3-20-2-uncorr-8.txt,3,20,0.2,uncorrelated,8,FEASIBLE,True,0.03907132148742676,16,21,0.03907132148742676,True,0.010513067245483398,1.0,OPTIMAL,0.03906750679016113,3,0.0,1308.0,OPTIMAL,0.007035017013549805,1308.0,1.0
3-20-2-uncorr-9.txt,3,20,0.2,uncorrelated,9,FEASIBLE,True,0.04458165168762207,17,24,0.04458165168762207,True,0.010514020919799805,1.0,OPTIMAL,0.044858694076538086,4,0.0,1565.0,OPTIMAL,0.005508899688720703,1565.0,1.0
3-20-2-weakcorr-0.txt,3,20,0.2,weakly_correlated,0,FEASIBLE,True,0.0495760440826416,19,24,0.0495760440826416,True,0.010518789291381836,1.0,OPTIMAL,0.023560762405395508,0,0.0,673.0,OPTIMAL,0.012026786804199219,673.0,1.0
3-20-2-weakcorr-1.txt,3,20,0.2,weakly_correlated,1,FEASIBLE,True,0.04906654357910156,18,21,0.04806232452392578,True,0.009393930435180664,1.0,OPTIMAL,0.04396772384643555,2,0.0,669.0,OPTIMAL,0.006998777389526367,669.0,1.0
3-20-2-weakcorr-2.txt,3,20,0.2,weakly_correlated,2,FEASIBLE,True,0.0846700668334961,21,27,0.0846700668334961,True,0.010506391525268555,1.0,OPTIMAL,0.047554731369018555,0,0.0,657.0,OPTIMAL,0.018442869186401367,657.0,1.0
3-20-2-weakcorr-3.txt,3,20,0.2,weakly_correlated,3,FEASIBLE,True,0.07911467552185059,21,27,0.07911467552185059,True,0.010529041290283203,1.0,OPTIMAL,0.03907895088195801,0,0.0,709.0,OPTIMAL,0.021041154861450195,709.0,1.0
3-20-2-weakcorr-4.txt,3,20,0.2,weakly_correlated,4,FEASIBLE,True,0.05572080612182617,17,21,0.05572080612182617,True,0.009512901306152344,1.0,OPTIMAL,0.028543472290039062,0,0.0,679.0,OPTIMAL,0.015038490295410156,679.0,1.0
3-20-2-weakcorr-5.txt,3,20,0.2,weakly_correlated,5,FEASIBLE,True,0.03884267807006836,18,21,0.03884267807006836,True,0.009010553359985352,1.0,OPTIMAL,0.026055335998535156,0,0.0,689.0,OPTIMAL,0.010527849197387695,689.0,1.0
3-20-2-weakcorr-6.txt,3,20,0.2,weakly_correlated,6,FEASIBLE,True,0.05010843276977539,16,21,0.05010843276977539,True,0.010520458221435547,1.0,OPTIMAL,0.030045747756958008,0,0.0,690.0,OPTIMAL,0.01452493667602539,690.0,1.0
3-20-2-weakcorr-7.txt,3,20,0.2,weakly_correlated,7,FEASIBLE,True,0.038709163665771484,18,21,0.038709163665771484,True,0.010534048080444336,1.0,OPTIMAL,0.04008769989013672,0,0.0,699.0,OPTIMAL,0.020032882690429688,699.0,1.0
3-20-2-weakcorr-8.txt,3,20,0.2,weakly_correlated,8,FEASIBLE,True,0.08551359176635742,26,36,0.08551359176635742,True,0.010005950927734375,1.0,OPTIMAL,0.04356503486633301,0,0.0,693.0,OPTIMAL,0.03354334831237793,693.0,1.0
3-20-2-weakcorr-9.txt,3,20,0.2,weakly_correlated,9,FEASIBLE,True,0.06662631034851074,22,30,0.06662631034851074,True,0.00923013687133789,1.0,OPTIMAL,0.06335902214050293,0,0.0,660.0,OPTIMAL,0.023035287857055664,660.0,1.0
3-20-5-strongcorr-0.txt,3,20,0.5,strongly_correlated,0,FEASIBLE,True,0.11772274971008301,38,51,0.11772274971008301,True,0.010515451431274414,1.0,OPTIMAL,0.10841941833496094,2,0.0,1913.0,OPTIMAL,0.04853415489196777,1913.0,1.0
3-20-5-strongcorr-1.txt,3,20,0.5,strongly_correlated,1,FEASIBLE,True,0.051312923431396484,22,27,0.051312923431396484,True,0.010510444641113281,1.0,OPTIMAL,0.15881562232971191,13,0.0,1973.0,OPTIMAL,0.038161277770996094,1973.0,1.0
3-20-5-strongcorr-2.txt,3,20,0.5,strongly_correlated,2,FEASIBLE,True,0.07866549491882324,33,42,0.07866549491882324,True,0.009515762329101562,1.0,OPTIMAL,0.2775895595550537,40,0.0,1674.0,OPTIMAL,0.07408499717712402,1674.0,1.0
3-20-5-strongcorr-3.txt,3,20,0.5,strongly_correlated,3,FEASIBLE,True,0.04967689514160156,22,27,0.04967689514160156,True,0.009517192840576172,1.0,OPTIMAL,0.11017131805419922,9,0.0,1757.0,OPTIMAL,0.01852273941040039,1757.0,1.0
3-20-5-strongcorr-4.txt,3,20,0.5,strongly_correlated,4,FEASIBLE,True,0.11292886734008789,29,36,0.11292886734008789,True,0.010526895523071289,1.0,OPTIMAL,0.09840989112854004,2,0.0,1783.0,OPTIMAL,0.028560400009155273,1783.0,1.0
3-20-5-strongcorr-5.txt,3,20,0.5,strongly_correlated,5,FEASIBLE,True,0.044565677642822266,21,24,0.044565677642822266,True,0.009525060653686523,1.0,OPTIMAL,0.024045944213867188,0,0.0,1883.0,OPTIMAL,0.018036603927612305,1883.0,1.0
3-20-5-strongcorr-6.txt,3,20,0.5,strongly_correlated,6,FEASIBLE,True,0.0501093864440918,19,27,0.0501093864440918,True,0.01052546501159668,1.0,OPTIMAL,0.10719108581542969,2,0.0,1797.0,OPTIMAL,0.07960700988769531,1797.0,1.0
3-20-5-strongcorr-7.txt,3,20,0.5,strongly_correlated,7,FEASIBLE,True,0.05309438705444336,22,27,0.052095890045166016,True,0.010040998458862305,1.0,OPTIMAL,0.07932782173156738,7,0.0,1844.0,OPTIMAL,0.011512279510498047,1844.0,1.0
3-20-5-strongcorr-8.txt,3,20,0.5,strongly_correlated,8,FEASIBLE,True,0.055591583251953125,21,30,0.055591583251953125,True,0.010517597198486328,1.0,OPTIMAL,0.17551302909851074,8,0.0,1930.0,OPTIMAL,0.05354785919189453,1930.000000494575,1.0000000002562566
3-20-5-strongcorr-9.txt,3,20,0.5,strongly_correlated,9,FEASIBLE,True,0.0769655704498291,27,36,0.0769655704498291,True,0.009513378143310547,1.0,OPTIMAL,0.14536833763122559,14,0.0,1941.0,OPTIMAL,0.015509605407714844,1941.0,1.0
3-20-5-uncorr-0.txt,3,20,0.5,uncorrelated,0,FEASIBLE,True,0.03906822204589844,17,21,0.038068532943725586,True,0.010034561157226562,1.0,OPTIMAL,0.03859114646911621,2,0.0,2292.0,OPTIMAL,0.00599980354309082,2292.0,1.0
3-20-5-uncorr-1.txt,3,20,0.5,uncorrelated,1,FEASIBLE,True,0.03957986831665039,18,21,0.03957986831665039,True,0.010028839111328125,1.0,OPTIMAL,0.039359092712402344,3,0.0,2192.0,OPTIMAL,0.00852203369140625,2192.0,1.0
3-20-5-uncorr-2.txt,3,20,0.5,uncorrelated,2,FEASIBLE,True,0.04378771781921387,21,24,0.04378771781921387,True,0.010517120361328125,1.0,OPTIMAL,0.0400693416595459,4,0.0,2550.0,OPTIMAL,0.006996631622314453,2550.0,1.0
3-20-5-uncorr-3.txt,3,20,0.5,uncorrelated,3,FEASIBLE,True,0.05832958221435547,23,30,0.05832958221435547,True,0.009515523910522461,1.0,OPTIMAL,0.06913042068481445,7,0.0,1917.0,OPTIMAL,0.012041568756103516,1917.0,1.0
3-20-5-uncorr-4.txt,3,20,0.5,uncorrelated,4,FEASIBLE,True,0.049568891525268555,23,27,0.049568891525268555,True,0.010516643524169922,1.0,OPTIMAL,0.046566009521484375,2,0.0,1981.0,OPTIMAL,0.010530710220336914,1981.0,1.0
3-20-5-uncorr-5.txt,3,20,0.5,uncorrelated,5,FEASIBLE,True,0.03906893730163574,18,21,0.03906893730163574,True,0.009520769119262695,1.0,OPTIMAL,0.022697925567626953,0,0.0,2112.0,OPTIMAL,0.0029985904693603516,2112.0,1.0
3-20-5-uncorr-6.txt,3,20,0.5,uncorrelated,6,FEASIBLE,True,0.049095869064331055,21,27,0.049095869064331055,True,0.010517358779907227,1.0,OPTIMAL,0.05254721641540527,3,0.0,2198.0,OPTIMAL,0.010515928268432617,2198.0,1.0
3-20-5-uncorr-7.txt,3,20,0.5,uncorrelated,7,FEASIBLE,True,0.0435643196105957,20,24,0.0435643196105957,True,0.010534048080444336,1.0,OPTIMAL,0.034569501876831055,4,0.0,2321.0,OPTIMAL,0.004517793655395508,2321.0,1.0
3-20-5-uncorr-8.txt,3,20,0.5,uncorrelated,8,FEASIBLE,True,0.07407188415527344,28,39,0.07407188415527344,True,0.010516643524169922,1.0,OPTIMAL,0.0991673469543457,16,0.0,1980.0,OPTIMAL,0.009508371353149414,1980.0,1.0
3-20-5-uncorr-9.txt,3,20,0.5,uncorrelated,9,FEASIBLE,True,0.03836774826049805,18,21,0.03836774826049805,True,0.010521650314331055,1.0,OPTIMAL,0.034548044204711914,4,0.0,2306.0,OPTIMAL,0.004515409469604492,2306.0,1.0
3-20-5-weakcorr-0.txt,3,20,0.5,weakly_correlated,0,FEASIBLE,True,0.0796506404876709,34,39,0.07865071296691895,True,0.009520292282104492,1.0,OPTIMAL,0.11608171463012695,4,0.0,1504.0,OPTIMAL,0.030454397201538086,1504.0,1.0
3-20-5-weakcorr-1.txt,3,20,0.5,weakly_correlated,1,FEASIBLE,True,0.05309867858886719,19,24,0.05309867858886719,True,0.009518623352050781,1.0,OPTIMAL,0.07015705108642578,1,0.0,1713.0,OPTIMAL,0.050568342208862305,1713.0,1.0
3-20-5-weakcorr-2.txt,3,20,0.5,weakly_correlated,2,FEASIBLE,True,0.07413005828857422,23,30,0.07413005828857422,True,0.010521173477172852,1.0,OPTIMAL,0.030548095703125,0,0.0,1779.0,OPTIMAL,0.013520956039428711,1779.0,1.0
3-20-5-weakcorr-3.txt,3,20,0.5,weakly_correlated,3,FEASIBLE,True,0.0394902229309082,16,21,0.0394902229309082,True,0.009512901306152344,1.0,OPTIMAL,0.05650925636291504,0,0.0,1593.0,OPTIMAL,0.05644702911376953,1593.0,1.0
3-20-5-weakcorr-4.txt,3,20,0.5,weakly_correlated,4,FEASIBLE,True,0.05521655082702637,23,30,0.05521655082702637,True,0.010518074035644531,1.0,OPTIMAL,0.08964872360229492,6,0.0,1595.0,OPTIMAL,0.032544851303100586,1595.0,1.0
3-20-5-weakcorr-5.txt,3,20,0.5,weakly_correlated,5,FEASIBLE,True,0.2469313144683838,71,93,0.23541927337646484,True,0.009981870651245117,1.0,OPTIMAL,0.22477340698242188,30,0.0,1751.0,OPTIMAL,0.07490110397338867,1751.0,1.0
3-20-5-weakcorr-6.txt,3,20,0.5,weakly_correlated,6,FEASIBLE,True,0.0515902042388916,22,27,0.050591230392456055,True,0.009516000747680664,1.0,OPTIMAL,0.04664468765258789,3,0.0,1635.0,OPTIMAL,0.013522148132324219,1635.0,1.0
3-20-5-weakcorr-7.txt,3,20,0.5,weakly_correlated,7,FEASIBLE,True,0.049592018127441406,21,27,0.049592018127441406,True,0.009514570236206055,1.0,OPTIMAL,0.04856753349304199,4,0.0,1556.0,OPTIMAL,0.009001970291137695,1556.0,1.0
3-20-5-weakcorr-8.txt,3,20,0.5,weakly_correlated,8,FEASIBLE,True,0.08166170120239258,27,33,0.08166170120239258,True,0.010521888732910156,1.0,OPTIMAL,0.045588016510009766,1,0.0,1617.0,OPTIMAL,0.01702094078063965,1617.0,1.0
3-20-5-weakcorr-9.txt,3,20,0.5,weakly_correlated,9,FEASIBLE,True,0.10464167594909668,30,39,0.10464167594909668,True,0.01051783561706543,1.0,OPTIMAL,0.11610794067382812,6,0.0,1550.0,OPTIMAL,0.054116010665893555,1550.0,1.0
3-30-2-strongcorr-0.txt,3,30,0.2,strongly_correlated,0,FEASIBLE,True,0.07198309898376465,24,30,0.07047510147094727,True,0.010024309158325195,1.0,OPTIMAL,0.0771634578704834,5,0.0,1259.0,OPTIMAL,0.015032529830932617,1259.0,1.0
3-30-2-strongcorr-1.txt,3,30,0.2,strongly_correlated,1,FEASIBLE,True,0.04708290100097656,18,24,0.04708290100097656,True,0.011030197143554688,1.0,OPTIMAL,0.047652244567871094,3,0.0,1197.0,OPTIMAL,0.012465953826904297,1197.0,1.0
3-30-2-strongcorr-2.txt,3,30,0.2,strongly_correlated,2,FEASIBLE,True,0.09755110740661621,32,42,0.09755110740661621,True,0.010114431381225586,1.0,OPTIMAL,0.21322035789489746,14,0.0,1207.0,OPTIMAL,0.047759056091308594,1207.0,1.0
3-30-2-strongcorr-3.txt,3,30,0.2,strongly_correlated,3,FEASIBLE,True,0.07372355461120605,21,24,0.07372355461120605,True,0.010509967803955078,1.0,OPTIMAL,0.019732236862182617,0,0.0,1318.0,OPTIMAL,0.010026931762695312,1318.0,1.0
3-30-2-strongcorr-4.txt,3,30,0.2,strongly_correlated,4,FEASIBLE,True,0.05370736122131348,18,21,0.05370736122131348,True,0.009859085083007812,1.0,OPTIMAL,0.04441690444946289,2,0.0,1287.0,OPTIMAL,0.01702404022216797,1287.0,1.0
3-30-2-strongcorr-5.txt,3,30,0.2,strongly_correlated,5,FEASIBLE,True,0.06347846984863281,20,24,0.06347846984863281,True,0.010508060455322266,1.0,OPTIMAL,0.02652263641357422,0,0.0,1258.0,OPTIMAL,0.008003473281860352,1258.0,1.0
3-30-2-strongcorr-6.txt,3,30,0.2,strongly_correlated,6,FEASIBLE,True,0.07534980773925781,22,30,0.07534980773925781,True,0.010515689849853516,1.0,OPTIMAL,0.02002429962158203,0,0.0,1250.0,OPTIMAL,0.01960301399230957,1250.0,1.0
3-30-2-strongcorr-7.txt,3,30,0.2,strongly_correlated,7,FEASIBLE,True,0.06961536407470703,23,27,0.06961536407470703,True,0.010521888732910156,1.0,OPTIMAL,0.0941460132598877,5,0.0,1265.0,OPTIMAL,0.019528627395629883,1265.0,1.0
3-30-2-strongcorr-8.txt,3,30,0.2,strongly_correlated,8,FEASIBLE,True,0.047467947006225586,18,24,0.047467947006225586,True,0.011516809463500977,1.0,OPTIMAL,0.03757762908935547,2,0.0,1290.0,OPTIMAL,0.00499725341796875,1290.0,1.0
3-30-2-strongcorr-9.txt,3,30,0.2,strongly_correlated,9,FEASIBLE,True,0.06859016418457031,23,27,0.06859016418457031,True,0.010025978088378906,1.0,OPTIMAL,0.09284424781799316,2,0.0,1221.0,OPTIMAL,0.026546239852905273,1221.0,1.0
3-30-2-uncorr-0.txt,3,30,0.2,uncorrelated,0,FEASIBLE,True,0.04107022285461426,16,21,0.04107022285461426,True,0.009512662887573242,1.0,OPTIMAL,0.03957104682922363,2,0.0,1981.0,OPTIMAL,0.005997180938720703,1981.0,1.0
3-30-2-uncorr-1.txt,3,30,0.2,uncorrelated,1,FEASIBLE,True,0.04106855392456055,16,21,0.04106855392456055,True,0.010521411895751953,1.0,OPTIMAL,0.03076767921447754,0,0.0,2218.0,OPTIMAL,0.011510372161865234,2218.0,1.0
3-30-2-uncorr-2.txt,3,30,0.2,uncorrelated,2,FEASIBLE,True,0.03906106948852539,16,21,0.03906106948852539,True,0.009515047073364258,1.0,OPTIMAL,0.07718563079833984,8,0.0,2153.0,OPTIMAL,0.011514425277709961,2153.0,1.0
3-30-2-uncorr-3.txt,3,30,0.2,uncorrelated,3,FEASIBLE,True,0.052153825759887695,22,27,0.052153825759887695,True,0.010519027709960938,1.0,OPTIMAL,0.04406118392944336,2,0.0,1983.0,OPTIMAL,0.009045839309692383,1983.0,1.0
3-30-2-uncorr-4.txt,3,30,0.2,uncorrelated,4,FEASIBLE,True,0.04509711265563965,19,24,0.04509711265563965,True,0.010517358779907227,1.0,OPTIMAL,0.04597973823547363,1,0.0,2348.0,OPTIMAL,0.012038230895996094,2348.0,1.0
3-30-2-uncorr-5.txt,3,30,0.2,uncorrelated,5,FEASIBLE,True,0.06664085388183594,24,33,0.06664085388183594,True,0.010513782501220703,1.0,OPTIMAL,0.05352306365966797,5,0.0,2193.0,OPTIMAL,0.01101994514465332,2193.0,1.0
3-30-2-uncorr-6.txt,3,30,0.2,uncorrelated,6,FEASIBLE,True,0.04537224769592285,19,24,0.04537224769592285,True,0.010513782501220703,1.0,OPTIMAL,0.04307293891906738,3,0.0,2256.0,OPTIMAL,0.011519908905029297,2256.0,1.0
3-30-2-uncorr-7.txt,3,30,0.2,uncorrelated,7,FEASIBLE,True,0.034569740295410156,15,18,0.034056663513183594,True,0.009509801864624023,1.0,OPTIMAL,0.039060354232788086,3,0.0,2158.0,OPTIMAL,0.01151585578918457,2158.0,1.0
3-30-2-uncorr-8.txt,3,30,0.2,uncorrelated,8,FEASIBLE,True,0.058588266372680664,24,30,0.058588266372680664,True,0.010514020919799805,1.0,OPTIMAL,0.07963252067565918,10,0.0,2071.0,OPTIMAL,0.016029834747314453,2071.0,1.0
3-30-2-uncorr-9.txt,3,30,0.2,uncorrelated,9,FEASIBLE,True,0.09367918968200684,30,45,0.09367918968200684,True,0.009517669677734375,1.0,OPTIMAL,0.09201359748840332,10,0.0,2081.0,OPTIMAL,0.014515161514282227,2081.0,1.0
3-30-2-weakcorr-0.txt,3,30,0.2,weakly_correlated,0,FEASIBLE,True,0.08380436897277832,30,36,0.08380436897277832,True,0.0105133056640625,1.0,OPTIMAL,0.05507946014404297,1,0.0,1085.0,OPTIMAL,0.02503490447998047,1085.0,1.0
3-30-2-weakcorr-1.txt,3,30,0.2,weakly_correlated,1,FEASIBLE,True,0.05762481689453125,19,27,0.05762481689453125,True,0.010315418243408203,1.0,OPTIMAL,0.034859418869018555,0,0.0,994.0,OPTIMAL,0.01765751838684082,994.0,1.0
3-30-2-weakcorr-2.txt,3,30,0.2,weakly_correlated,2,FEASIBLE,True,0.09757804870605469,21,24,0.09757804870605469,True,0.010516166687011719,1.0,OPTIMAL,0.09115886688232422,3,0.0,1125.0,OPTIMAL,0.04805445671081543,1125.0,1.0
3-30-2-weakcorr-3.txt,3,30,0.2,weakly_correlated,3,FEASIBLE,True,0.05177903175354004,20,27,0.05177903175354004,True,0.010515213012695312,1.0,OPTIMAL,0.056078433990478516,1,0.0,1092.0,OPTIMAL,0.02602243423461914,1092.0,1.0
3-30-2-weakcorr-4.txt,3,30,0.2,weakly_correlated,4,FEASIBLE,True,0.07400798797607422,21,24,0.07300972938537598,True,0.009511470794677734,1.0,OPTIMAL,0.05910348892211914,2,0.0,1035.0,OPTIMAL,0.018731117248535156,1035.0,1.0
3-30-2-weakcorr-5.txt,3,30,0.2,weakly_correlated,5,FEASIBLE,True,0.07111310958862305,17,24,0.07111310958862305,True,0.010515928268432617,1.0,OPTIMAL,0.04757571220397949,0,0.0,1070.0,OPTIMAL,0.023015737533569336,1070.0,1.0
3-30-2-weakcorr-6.txt,3,30,0.2,weakly_correlated,6,FEASIBLE,True,0.040407657623291016,18,21,0.040407657623291016,True,0.009521484375,1.0,OPTIMAL,0.027378559112548828,0,0.0,1024.0,OPTIMAL,0.014017581939697266,1024.0,1.0
3-30-2-weakcorr-7.txt,3,30,0.2,weakly_correlated,7,FEASIBLE,True,0.042070865631103516,17,21,0.042070865631103516,True,0.010513782501220703,1.0,OPTIMAL,0.05258321762084961,1,0.0,1067.0,OPTIMAL,0.02552652359008789,1067.0,1.0
3-30-2-weakcorr-8.txt,3,30,0.2,weakly_correlated,8,FEASIBLE,True,0.03528261184692383,15,18,0.03528261184692383,True,0.010516881942749023,1.0,OPTIMAL,0.027552366256713867,0,0.0,1018.0,OPTIMAL,0.016696691513061523,1018.0,1.0
3-30-2-weakcorr-9.txt,3,30,0.2,weakly_correlated,9,FEASIBLE,True,0.08263921737670898,20,27,0.08263921737670898,True,0.00951695442199707,1.0,OPTIMAL,0.1103508472442627,3,0.0,1010.0,OPTIMAL,0.04257035255432129,1010.0,1.0
3-30-5-strongcorr-0.txt,3,30,0.5,strongly_correlated,0,FEASIBLE,True,0.06166577339172363,24,30,0.06166577339172363,True,0.010522842407226562,1.0,OPTIMAL,0.20438647270202637,2,0.0,2743.0,OPTIMAL,0.07469916343688965,2743.0,1.0
3-30-5-strongcorr-1.txt,3,30,0.5,strongly_correlated,1,FEASIBLE,True,0.05209517478942871,23,27,0.05209517478942871,True,0.00921177864074707,1.0,OPTIMAL,0.19525480270385742,13,0.0,2713.0,OPTIMAL,0.12648463249206543,2713.0,1.0
3-30-5-strongcorr-2.txt,3,30,0.5,strongly_correlated,2,FEASIBLE,True,0.07823705673217773,29,36,0.07823705673217773,True,0.01066732406616211,1.0,OPTIMAL,0.14687323570251465,13,0.0,2725.0,OPTIMAL,0.039650917053222656,2725.0,1.0
3-30-5-strongcorr-3.txt,3,30,0.5,strongly_correlated,3,FEASIBLE,True,0.12534332275390625,41,48,0.1243445873260498,True,0.010520696640014648,1.0,OPTIMAL,0.2292461395263672,22,0.0,3083.0,OPTIMAL,0.08711767196655273,3083.0,1.0
3-30-5-strongcorr-4.txt,3,30,0.5,strongly_correlated,4,FEASIBLE,True,0.06061601638793945,25,30,0.06061601638793945,True,0.01051950454711914,1.0,OPTIMAL,0.28443336486816406,10,0.0,2983.0,OPTIMAL,0.20939397811889648,2983.0,1.0
3-30-5-strongcorr-5.txt,3,30,0.5,strongly_correlated,5,FEASIBLE,True,0.05211949348449707,22,27,0.05211949348449707,True,0.01051783561706543,1.0,OPTIMAL,0.1844482421875,9,0.0,2568.0,OPTIMAL,0.1207585334777832,2568.0,1.0
3-30-5-strongcorr-6.txt,3,30,0.5,strongly_correlated,6,FEASIBLE,True,0.0704507827758789,28,36,0.06943988800048828,True,0.009516716003417969,1.0,OPTIMAL,0.5611093044281006,10,0.0,2924.0,OPTIMAL,0.04056739807128906,2924.0,1.0
3-30-5-strongcorr-7.txt,3,30,0.5,strongly_correlated,7,FEASIBLE,True,0.0848228931427002,27,30,0.08382248878479004,True,0.011030912399291992,1.0,OPTIMAL,0.18617510795593262,8,0.0,3055.0,OPTIMAL,0.07706737518310547,3055.0,1.0
3-30-5-strongcorr-8.txt,3,30,0.5,strongly_correlated,8,FEASIBLE,True,0.19025325775146484,40,54,0.18925237655639648,True,0.011017799377441406,1.0,OPTIMAL,0.13350701332092285,3,0.0,2770.0,OPTIMAL,0.04111957550048828,2770.0,1.0
3-30-5-strongcorr-9.txt,3,30,0.5,strongly_correlated,9,FEASIBLE,True,0.1162116527557373,37,45,0.1162116527557373,True,0.01052093505859375,1.0,OPTIMAL,0.232499361038208,25,0.0,2778.0,OPTIMAL,0.08158564567565918,2778.0,1.0
3-30-5-uncorr-0.txt,3,30,0.5,uncorrelated,0,FEASIBLE,True,0.046582937240600586,20,24,0.04558300971984863,True,0.010514259338378906,1.0,OPTIMAL,0.06694507598876953,7,0.0,3432.0,OPTIMAL,0.009004831314086914,3432.0,1.0
3-30-5-uncorr-1.txt,3,30,0.5,uncorrelated,1,FEASIBLE,True,0.07271909713745117,27,36,0.07271909713745117,True,0.010511636734008789,1.0,OPTIMAL,0.0961754322052002,12,0.0,3057.0,OPTIMAL,0.022023439407348633,3057.0,1.0
3-30-5-uncorr-2.txt,3,30,0.5,uncorrelated,2,FEASIBLE,True,0.052588701248168945,22,27,0.052588701248168945,True,0.010058164596557617,1.0,OPTIMAL,0.04823708534240723,3,0.0,3133.0,OPTIMAL,0.011516809463500977,3133.0,1.0
3-30-5-uncorr-3.txt,3,30,0.5,uncorrelated,3,FEASIBLE,True,0.04106950759887695,17,21,0.04106950759887695,True,0.010516881942749023,1.0,OPTIMAL,0.06211423873901367,2,0.0,3572.0,OPTIMAL,0.013518571853637695,3572.0,1.0
3-30-5-uncorr-4.txt,3,30,0.5,uncorrelated,4,FEASIBLE,True,0.04659104347229004,21,24,0.04659104347229004,True,0.01051783561706543,1.0,OPTIMAL,0.035382986068725586,1,0.0,3271.0,OPTIMAL,0.00452733039855957,3271.0,1.0
3-30-5-uncorr-5.txt,3,30,0.5,uncorrelated,5,FEASIBLE,True,0.06211066246032715,26,30,0.06211066246032715,True,0.011023283004760742,1.0,OPTIMAL,0.05057930946350098,9,0.0,3418.0,OPTIMAL,0.011517047882080078,3418.0,1.0
3-30-5-uncorr-6.txt,3,30,0.5,uncorrelated,6,FEASIBLE,True,0.04158377647399902,18,21,0.04158377647399902,True,0.010521650314331055,1.0,OPTIMAL,0.0731499195098877,5,0.0,3267.0,OPTIMAL,0.010245800018310547,3267.0,1.0
3-30-5-uncorr-7.txt,3,30,0.5,uncorrelated,7,FEASIBLE,True,0.07042908668518066,26,33,0.07042908668518066,True,0.010521650314331055,1.0,OPTIMAL,0.04560589790344238,6,0.0,3146.0,OPTIMAL,0.007923603057861328,3146.0,1.0
3-30-5-uncorr-8.txt,3,30,0.5,uncorrelated,8,FEASIBLE,True,0.05862545967102051,22,30,0.05862545967102051,True,0.010515213012695312,1.0,OPTIMAL,0.05573749542236328,4,0.0,3672.0,OPTIMAL,0.008869171142578125,3672.0,1.0
3-30-5-uncorr-9.txt,3,30,0.5,uncorrelated,9,FEASIBLE,True,0.052488088607788086,24,27,0.052488088607788086,True,0.010519266128540039,1.0,OPTIMAL,0.025034666061401367,0,0.0,2938.0,OPTIMAL,0.0035102367401123047,2938.0,1.0
3-30-5-weakcorr-0.txt,3,30,0.5,weakly_correlated,0,FEASIBLE,True,0.06092500686645508,21,24,0.05992484092712402,True,0.00978398323059082,1.0,OPTIMAL,0.06488800048828125,6,0.0,2495.0,OPTIMAL,0.014037370681762695,2495.0,1.0
3-30-5-weakcorr-1.txt,3,30,0.5,weakly_correlated,1,FEASIBLE,True,0.06812691688537598,26,33,0.06812691688537598,True,0.010518074035644531,1.0,OPTIMAL,0.09666824340820312,7,0.0,2489.0,OPTIMAL,0.058052778244018555,2489.0,1.0
3-30-5-weakcorr-2.txt,3,30,0.5,weakly_correlated,2,FEASIBLE,True,0.08700871467590332,32,36,0.08700871467590332,True,0.01030731201171875,1.0,OPTIMAL,0.08458566665649414,9,0.0,2073.0,OPTIMAL,0.055567026138305664,2073.0,1.0
3-30-5-weakcorr-3.txt,3,30,0.5,weakly_correlated,3,FEASIBLE,True,0.13724255561828613,34,39,0.13724255561828613,True,0.010520696640014648,1.0,OPTIMAL,0.12419986724853516,5,0.0,2364.0,OPTIMAL,0.12206315994262695,2364.0,1.0
3-30-5-weakcorr-4.txt,3,30,0.5,weakly_correlated,4,FEASIBLE,True,0.08178162574768066,25,33,0.08178162574768066,True,0.011519670486450195,1.0,OPTIMAL,0.06061673164367676,3,0.0,2475.0,OPTIMAL,0.04144549369812012,2475.0,1.0
3-30-5-weakcorr-5.txt,3,30,0.5,weakly_correlated,5,FEASIBLE,True,0.07764005661010742,28,33,0.07764005661010742,True,0.011525630950927734,1.0,OPTIMAL,0.0976572036743164,6,0.0,2234.0,OPTIMAL,0.035050153732299805,2234.0,1.0
3-30-5-weakcorr-6.txt,3,30,0.5,weakly_correlated,6,FEASIBLE,True,0.30057811737060547,40,78,0.2830679416656494,True,0.012183666229248047,1.0,OPTIMAL,0.13539838790893555,6,0.0,2566.0,OPTIMAL,0.06409668922424316,2566.0,1.0
3-30-5-weakcorr-7.txt,3,30,0.5,weakly_correlated,7,FEASIBLE,True,0.2899308204650879,60,75,0.28893136978149414,True,0.011021137237548828,1.0,OPTIMAL,0.14864468574523926,13,0.0,2434.0,OPTIMAL,0.10819172859191895,2434.0,1.0
3-30-5-weakcorr-8.txt,3,30,0.5,weakly_correlated,8,FEASIBLE,True,0.08756566047668457,25,33,0.08756566047668457,True,0.011516332626342773,1.0,OPTIMAL,0.0693047046661377,4,0.0,2453.0,OPTIMAL,0.03654932975769043,2453.0,1.0
3-30-5-weakcorr-9.txt,3,30,0.5,weakly_correlated,9,FEASIBLE,True,0.17937779426574707,43,57,0.17838358879089355,True,0.011598587036132812,1.0,OPTIMAL,0.11224651336669922,4,0.0,2303.0,OPTIMAL,0.07712936401367188,2303.0,1.0
3-40-2-strongcorr-0.txt,3,40,0.2,strongly_correlated,0,FEASIBLE,True,0.07466316223144531,24,30,0.07466316223144531,True,0.011020660400390625,1.0,OPTIMAL,0.03956794738769531,3,0.0,1677.0,OPTIMAL,0.01856088638305664,1677.0,1.0
3-40-2-strongcorr-1.txt,3,40,0.2,strongly_correlated,1,FEASIBLE,True,0.06662440299987793,24,30,0.06662440299987793,True,0.011518239974975586,1.0,OPTIMAL,0.13587045669555664,6,0.0,1789.0,OPTIMAL,0.07110714912414551,1789.0,1.0
3-40-2-strongcorr-2.txt,3,40,0.2,strongly_correlated,2,FEASIBLE,True,0.06969213485717773,24,27,0.06969213485717773,True,0.011531591415405273,1.0,OPTIMAL,0.16414594650268555,12,0.0,1598.0,OPTIMAL,0.02002429962158203,1598.0,1.0
3-40-2-strongcorr-3.txt,3,40,0.2,strongly_correlated,3,FEASIBLE,True,0.10970258712768555,35,42,0.10970258712768555,True,0.011032819747924805,1.0,OPTIMAL,0.1081075668334961,5,0.0,1712.0,OPTIMAL,0.020033597946166992,1712.0,1.0
3-40-2-strongcorr-4.txt,3,40,0.2,strongly_correlated,4,FEASIBLE,True,0.1308140754699707,25,33,0.12980985641479492,True,0.011521100997924805,1.0,OPTIMAL,0.023566246032714844,0,0.0,1635.0,OPTIMAL,0.041054487228393555,1635.0,1.0
3-40-2-strongcorr-5.txt,3,40,0.2,strongly_correlated,5,FEASIBLE,True,0.1182405948638916,32,45,0.11724257469177246,True,0.010513782501220703,1.0,OPTIMAL,0.06337213516235352,3,0.0,1767.0,OPTIMAL,0.03338170051574707,1767.0,1.0
3-40-2-strongcorr-6.txt,3,40,0.2,strongly_correlated,6,FEASIBLE,True,0.07621002197265625,27,30,0.07621002197265625,True,0.011516571044921875,1.0,OPTIMAL,0.056212663650512695,6,0.0,1697.0,OPTIMAL,0.0075130462646484375,1697.0,1.0
3-40-2-strongcorr-7.txt,3,40,0.2,strongly_correlated,7,FEASIBLE,True,0.06615352630615234,22,27,0.06615352630615234,True,0.011517763137817383,1.0,OPTIMAL,0.10687565803527832,8,0.0,1731.0,OPTIMAL,0.03153419494628906,1731.0,1.0
3-40-2-strongcorr-8.txt,3,40,0.2,strongly_correlated,8,FEASIBLE,True,0.1206674575805664,34,42,0.1206674575805664,True,0.011574506759643555,1.0,OPTIMAL,0.11706924438476562,2,0.0,1795.0,OPTIMAL,0.019016265869140625,1795.0,1.0
3-40-2-strongcorr-9.txt,3,40,0.2,strongly_correlated,9,FEASIBLE,True,0.20486044883728027,40,57,0.190352201461792,True,0.012022018432617188,1.0,OPTIMAL,0.19691777229309082,7,0.0,1734.0,OPTIMAL,0.09219503402709961,1734.0,1.0
3-40-2-uncorr-0.txt,3,40,0.2,uncorrelated,0,FEASIBLE,True,0.06261587142944336,24,30,0.06261587142944336,True,0.010519981384277344,1.0,OPTIMAL,0.05259561538696289,6,0.0,2967.0,OPTIMAL,0.02354264259338379,2967.0,1.0
3-40-2-uncorr-1.txt,3,40,0.2,uncorrelated,1,FEASIBLE,True,0.05510544776916504,22,27,0.05510544776916504,True,0.011515617370605469,1.0,OPTIMAL,0.07495546340942383,8,0.0,2733.0,OPTIMAL,0.023537397384643555,2733.0,1.0
3-40-2-uncorr-2.txt,3,40,0.2,uncorrelated,2,FEASIBLE,True,0.05400657653808594,23,27,0.05400657653808594,True,0.011021137237548828,1.0,OPTIMAL,0.0531768798828125,5,0.0,2709.0,OPTIMAL,0.018283605575561523,2709.0,1.0
3-40-2-uncorr-3.txt,3,40,0.2,uncorrelated,3,FEASIBLE,True,0.05660200119018555,21,27,0.05660200119018555,True,0.011158227920532227,1.0,OPTIMAL,0.028679609298706055,0,0.0,2810.0,OPTIMAL,0.019756078720092773,2810.0,1.0
3-40-2-uncorr-4.txt,3,40,0.2,uncorrelated,4,FEASIBLE,True,0.05473947525024414,20,27,0.05473947525024414,True,0.011520624160766602,1.0,OPTIMAL,0.06510281562805176,3,0.0,2887.0,OPTIMAL,0.015021085739135742,2887.0,1.0
3-40-2-uncorr-5.txt,3,40,0.2,uncorrelated,5,FEASIBLE,True,0.050496578216552734,19,24,0.050496578216552734,True,0.010504484176635742,1.0,OPTIMAL,0.0804281234741211,6,0.0,2967.0,OPTIMAL,0.014792203903198242,2967.0,1.0
3-40-2-uncorr-6.txt,3,40,0.2,uncorrelated,6,FEASIBLE,True,0.06331181526184082,21,30,0.06331181526184082,True,0.011033296585083008,1.0,OPTIMAL,0.05254817008972168,5,0.0,2920.0,OPTIMAL,0.011512279510498047,2920.0,1.0
3-40-2-uncorr-7.txt,3,40,0.2,uncorrelated,7,FEASIBLE,True,0.044057607650756836,17,21,0.044057607650756836,True,0.01152491569519043,1.0,OPTIMAL,0.029061555862426758,0,0.0,2968.0,OPTIMAL,0.01869511604309082,2968.0,1.0
3-40-2-uncorr-8.txt,3,40,0.2,uncorrelated,8,FEASIBLE,True,0.0535733699798584,21,24,0.052573442459106445,True,0.010511159896850586,1.0,OPTIMAL,0.03451347351074219,2,0.0,3022.0,OPTIMAL,0.019018888473510742,3022.0,1.0
3-40-2-uncorr-9.txt,3,40,0.2,uncorrelated,9,FEASIBLE,True,0.04309344291687012,18,21,0.04309344291687012,True,0.011520862579345703,1.0,OPTIMAL,0.05757570266723633,6,0.0,2608.0,OPTIMAL,0.015016794204711914,2608.0,1.0
3-40-2-weakcorr-0.txt,3,40,0.2,weakly_correlated,0,FEASIBLE,True,0.05507659912109375,18,21,0.05507659912109375,True,0.01052236557006836,1.0,OPTIMAL,0.027545928955078125,0,0.0,1360.0,OPTIMAL,0.01350855827331543,1360.0,1.0
3-40-2-weakcorr-1.txt,3,40,0.2,weakly_correlated,1,FEASIBLE,True,0.05608201026916504,19,24,0.05608201026916504,True,0.010518550872802734,1.0,OPTIMAL,0.025040388107299805,0,0.0,1347.0,OPTIMAL,0.02407050132751465,1347.0,1.0
3-40-2-weakcorr-2.txt,3,40,0.2,weakly_correlated,2,FEASIBLE,True,0.05525565147399902,19,24,0.05525565147399902,True,0.010514259338378906,1.0,OPTIMAL,0.02502727508544922,0,0.0,1359.0,OPTIMAL,0.01351022720336914,1359.0,1.0
3-40-2-weakcorr-3.txt,3,40,0.2,weakly_correlated,3,FEASIBLE,True,0.10413050651550293,17,21,0.10313057899475098,True,0.010512828826904297,1.0,OPTIMAL,0.052219390869140625,0,0.0,1368.0,OPTIMAL,0.0436701774597168,1368.0,1.0
3-40-2-weakcorr-4.txt,3,40,0.2,weakly_correlated,4,FEASIBLE,True,0.07411742210388184,21,27,0.07411742210388184,True,0.011510848999023438,1.0,OPTIMAL,0.033556222915649414,0,0.0,1487.0,OPTIMAL,0.026529312133789062,1487.0,1.0
3-40-2-weakcorr-5.txt,3,40,0.2,weakly_correlated,5,FEASIBLE,True,0.06508016586303711,17,21,0.06508016586303711,True,0.010514020919799805,1.0,OPTIMAL,0.03334522247314453,0,0.0,1392.0,OPTIMAL,0.02487921714782715,1392.0,1.0
3-40-2-weakcorr-6.txt,3,40,0.2,weakly_correlated,6,FEASIBLE,True,0.06413841247558594,20,24,0.06413841247558594,True,0.010515928268432617,1.0,OPTIMAL,0.04207420349121094,0,0.0,1374.0,OPTIMAL,0.01978158950805664,1374.0,1.0
3-40-2-weakcorr-7.txt,3,40,0.2,weakly_correlated,7,FEASIBLE,True,0.06761360168457031,17,24,0.06761360168457031,True,0.011551380157470703,1.0,OPTIMAL,0.03959202766418457,1,0.0,1370.0,OPTIMAL,0.03452491760253906,1370.0,1.0
3-40-2-weakcorr-8.txt,3,40,0.2,weakly_correlated,8,FEASIBLE,True,0.0529627799987793,21,24,0.0529627799987793,True,0.010517597198486328,1.0,OPTIMAL,0.028932571411132812,0,0.0,1427.0,OPTIMAL,0.014197111129760742,1427.0,1.0
3-40-2-weakcorr-9.txt,3,40,0.2,weakly_correlated,9,FEASIBLE,True,0.044080495834350586,18,21,0.04307866096496582,True,0.010510444641113281,1.0,OPTIMAL,0.08769941329956055,2,0.0,1446.0,OPTIMAL,0.027538299560546875,1446.0,1.0
3-40-5-strongcorr-0.txt,3,40,0.5,strongly_correlated,0,FEASIBLE,True,0.25482702255249023,58,81,0.2538261413574219,True,0.011518001556396484,1.0,OPTIMAL,1.2877233028411865,28,0.0,3746.0,OPTIMAL,3.767688751220703,3746.0,1.0
3-40-5-strongcorr-1.txt,3,40,0.5,strongly_correlated,1,FEASIBLE,True,0.055883169174194336,21,24,0.055883169174194336,True,0.011522531509399414,1.0,OPTIMAL,0.3953993320465088,1,0.0,3645.0,OPTIMAL,0.39531564712524414,3645.0,1.0
3-40-5-strongcorr-2.txt,3,40,0.5,strongly_correlated,2,FEASIBLE,True,0.058643341064453125,22,27,0.05764627456665039,True,0.01351785659790039,1.0,OPTIMAL,0.23010873794555664,19,0.0,3692.0,OPTIMAL,0.20553374290466309,3692.0,1.0
3-40-5-strongcorr-3.txt,3,40,0.5,strongly_correlated,3,FEASIBLE,True,0.13191461563110352,30,39,0.13191461563110352,True,0.011041879653930664,1.0,OPTIMAL,1.1099755764007568,23,0.0,3783.0,OPTIMAL,0.464249849319458,3783.0,1.0
3-40-5-strongcorr-4.txt,3,40,0.5,strongly_correlated,4,FEASIBLE,True,0.15450549125671387,42,54,0.1535046100616455,True,0.01151728630065918,1.0,OPTIMAL,0.31899213790893555,26,0.0,3792.0,OPTIMAL,0.09696030616760254,3792.0,1.0
3-40-5-strongcorr-5.txt,3,40,0.5,strongly_correlated,5,FEASIBLE,True,0.28861069679260254,57,78,0.28737783432006836,True,0.012180089950561523,1.0,OPTIMAL,0.2294013500213623,20,0.0,3857.0,OPTIMAL,0.028544187545776367,3857.0,1.0
3-40-5-strongcorr-6.txt,3,40,0.5,strongly_correlated,6,FEASIBLE,True,0.05711627006530762,23,27,0.056116580963134766,True,0.010523080825805664,1.0,OPTIMAL,0.3796064853668213,8,0.0,3708.0,OPTIMAL,0.1865229606628418,3708.0,1.0
3-40-5-strongcorr-7.txt,3,40,0.5,strongly_correlated,7,FEASIBLE,True,0.09912896156311035,38,45,0.09912896156311035,True,0.011537790298461914,1.0,OPTIMAL,0.39424848556518555,19,0.0,3725.0,OPTIMAL,0.16144180297851562,3725.0,1.0
3-40-5-strongcorr-8.txt,3,40,0.5,strongly_correlated,8,FEASIBLE,True,0.10923957824707031,29,36,0.10823965072631836,True,0.01051187515258789,1.0,OPTIMAL,0.0911564826965332,5,0.0,3620.0,OPTIMAL,0.020067691802978516,3620.0,1.0
3-40-5-strongcorr-9.txt,3,40,0.5,strongly_correlated,9,FEASIBLE,True,0.2187800407409668,62,96,0.19932985305786133,True,0.011520862579345703,1.0,OPTIMAL,1.674065351486206,19,0.0,3721.0,OPTIMAL,0.08160138130187988,3721.0,1.0
3-40-5-uncorr-0.txt,3,40,0.5,uncorrelated,0,FEASIBLE,True,0.09814047813415527,29,42,0.09814047813415527,True,0.01317286491394043,1.0,OPTIMAL,0.13399243354797363,20,0.0,4522.0,OPTIMAL,0.030154943466186523,4522.0,1.0
3-40-5-uncorr-1.txt,3,40,0.5,uncorrelated,1,FEASIBLE,True,0.05892658233642578,22,27,0.05892658233642578,True,0.012034893035888672,1.0,OPTIMAL,0.11154341697692871,12,0.0,4452.0,OPTIMAL,0.026551246643066406,4452.0,1.0
3-40-5-uncorr-2.txt,3,40,0.5,uncorrelated,2,FEASIBLE,True,0.05258679389953613,19,24,0.05258679389953613,True,0.011527299880981445,1.0,OPTIMAL,0.04810333251953125,3,0.0,4234.0,OPTIMAL,0.01551198959350586,4234.0,1.0
3-40-5-uncorr-3.txt,3,40,0.5,uncorrelated,3,FEASIBLE,True,0.060620784759521484,23,27,0.060620784759521484,True,0.011527299880981445,1.0,OPTIMAL,0.04360008239746094,4,0.0,4485.0,OPTIMAL,0.021031856536865234,4485.0,1.0
3-40-5-uncorr-4.txt,3,40,0.5,uncorrelated,4,FEASIBLE,True,0.05209660530090332,21,24,0.05209660530090332,True,0.012608051300048828,1.0,OPTIMAL,0.09268307685852051,8,0.0,4631.0,OPTIMAL,0.03403973579406738,4631.0,1.0
3-40-5-uncorr-5.txt,3,40,0.5,uncorrelated,5,FEASIBLE,True,0.05210566520690918,21,24,0.05210566520690918,True,0.011525392532348633,1.0,OPTIMAL,0.05551767349243164,5,0.0,4261.0,OPTIMAL,0.017525672912597656,4261.0,1.0
3-40-5-uncorr-6.txt,3,40,0.5,uncorrelated,6,FEASIBLE,True,0.07126116752624512,24,30,0.07126116752624512,True,0.011123895645141602,1.0,OPTIMAL,0.07115888595581055,10,0.0,4766.0,OPTIMAL,0.01610112190246582,4766.0,1.0
3-40-5-uncorr-7.txt,3,40,0.5,uncorrelated,7,FEASIBLE,True,0.05977630615234375,23,27,0.058775901794433594,True,0.011510848999023438,1.0,OPTIMAL,0.04708528518676758,3,0.0,4636.0,OPTIMAL,0.0065081119537353516,4636.0,1.0
3-40-5-uncorr-8.txt,3,40,0.5,uncorrelated,8,FEASIBLE,True,0.08065676689147949,26,36,0.08065676689147949,True,0.011524677276611328,1.0,OPTIMAL,0.09835052490234375,15,0.0,4396.0,OPTIMAL,0.009816408157348633,4396.0,1.0
3-40-5-uncorr-9.txt,3,40,0.5,uncorrelated,9,FEASIBLE,True,0.0541074275970459,21,24,0.0541074275970459,True,0.012517213821411133,1.0,OPTIMAL,0.06610226631164551,3,0.0,4517.0,OPTIMAL,0.03297686576843262,4517.0,1.0
3-40-5-weakcorr-0.txt,3,40,0.5,weakly_correlated,0,FEASIBLE,True,0.08663797378540039,27,33,0.08663797378540039,True,0.012029170989990234,1.0,OPTIMAL,0.08366870880126953,6,0.0,3305.0,OPTIMAL,0.04646921157836914,3305.0,1.0
3-40-5-weakcorr-1.txt,3,40,0.5,weakly_correlated,1,FEASIBLE,True,0.06061887741088867,24,27,0.06061887741088867,True,0.011523246765136719,1.0,OPTIMAL,0.09737610816955566,5,0.0,3012.0,OPTIMAL,0.05653238296508789,3012.0,1.0
3-40-5-weakcorr-2.txt,3,40,0.5,weakly_correlated,2,FEASIBLE,True,0.2065112590789795,39,54,0.20500683784484863,True,0.011515378952026367,1.0,OPTIMAL,0.2021489143371582,11,0.0,3476.0,OPTIMAL,0.1426992416381836,3476.0,1.0
3-40-5-weakcorr-3.txt,3,40,0.5,weakly_correlated,3,FEASIBLE,True,0.12601041793823242,29,39,0.11841893196105957,True,0.011934280395507812,1.0,OPTIMAL,0.07755851745605469,7,0.0,3340.0,OPTIMAL,0.05105996131896973,3340.0,1.0
3-40-5-weakcorr-4.txt,3,40,0.5,weakly_correlated,4,FEASIBLE,True,0.07338285446166992,26,33,0.07338285446166992,True,0.011378288269042969,1.0,OPTIMAL,0.06496000289916992,3,0.0,3122.0,OPTIMAL,0.019536495208740234,3122.0,1.0
3-40-5-weakcorr-5.txt,3,40,0.5,weakly_correlated,5,FEASIBLE,True,0.07659554481506348,23,30,0.07659554481506348,True,0.012542486190795898,1.0,OPTIMAL,0.13024544715881348,6,0.0,3228.0,OPTIMAL,0.09759902954101562,3228.0,1.0
3-40-5-weakcorr-6.txt,3,40,0.5,weakly_correlated,6,FEASIBLE,True,0.11811709403991699,31,42,0.11811709403991699,True,0.011036157608032227,1.0,OPTIMAL,0.263411283493042,19,0.0,3387.0,OPTIMAL,0.05926346778869629,3387.0,1.0
3-40-5-weakcorr-7.txt,3,40,0.5,weakly_correlated,7,FEASIBLE,True,0.10819721221923828,30,36,0.10819721221923828,True,0.010679244995117188,1.0,OPTIMAL,0.16844725608825684,11,0.0,3214.0,OPTIMAL,0.1420750617980957,3214.0,1.0
3-40-5-weakcorr-8.txt,3,40,0.5,weakly_correlated,8,FEASIBLE,True,0.07868266105651855,22,27,0.07868266105651855,True,0.012525558471679688,1.0,OPTIMAL,0.09779143333435059,6,0.0,3144.0,OPTIMAL,0.05639338493347168,3144.0,1.0
3-40-5-weakcorr-9.txt,3,40,0.5,weakly_correlated,9,FEASIBLE,True,0.1074066162109375,31,42,0.1074066162109375,True,0.012077093124389648,1.0,OPTIMAL,0.1062479019165039,11,0.0,3311.0,OPTIMAL,0.028532743453979492,3311.0,1.0
3-5-2-strongcorr-0.txt,3,5,0.2,strongly_correlated,0,FEASIBLE,True,0.02702927589416504,12,15,0.02702927589416504,True,0.009519338607788086,1.0,OPTIMAL,0.02203989028930664,0,0.0,318.0,OPTIMAL,0.0035088062286376953,318.0,1.0
3-5-2-strongcorr-1.txt,3,5,0.2,strongly_correlated,1,FEASIBLE,True,0.03706836700439453,15,21,0.03706836700439453,True,0.009513616561889648,1.0,OPTIMAL,0.016033411026000977,0,0.0,272.0,OPTIMAL,0.001999378204345703,272.0,1.0
3-5-2-strongcorr-2.txt,3,5,0.2,strongly_correlated,2,FEASIBLE,True,0.03673243522644043,11,21,0.03673243522644043,True,0.010529279708862305,1.0,OPTIMAL,0.01769423484802246,0,0.0,303.0,OPTIMAL,0.0019998550415039062,303.0,1.0
3-5-2-strongcorr-3.txt,3,5,0.2,strongly_correlated,3,FEASIBLE,True,0.037067413330078125,15,21,0.037067413330078125,True,0.010512828826904297,1.0,OPTIMAL,0.017037153244018555,0,0.0,335.0,OPTIMAL,0.0020008087158203125,335.0,1.0
3-5-2-strongcorr-4.txt,3,5,0.2,strongly_correlated,4,FEASIBLE,True,0.03218984603881836,15,18,0.03218984603881836,True,0.00951695442199707,1.0,OPTIMAL,0.026537418365478516,0,0.0,298.0,OPTIMAL,0.004999399185180664,298.0,1.0
3-5-2-strongcorr-5.txt,3,5,0.2,strongly_correlated,5,FEASIBLE,True,0.03707623481750488,12,21,0.03707623481750488,True,0.009512186050415039,1.0,OPTIMAL,0.01802539825439453,0,0.0,266.0,OPTIMAL,0.002000093460083008,266.0,1.0
3-5-2-strongcorr-6.txt,3,5,0.2,strongly_correlated,6,FEASIBLE,True,0.04189252853393555,17,24,0.04189252853393555,True,0.009512662887573242,1.0,OPTIMAL,0.018023967742919922,0,0.0,276.0,OPTIMAL,0.005002260208129883,276.0,1.0
3-5-2-strongcorr-7.txt,3,5,0.2,strongly_correlated,7,FEASIBLE,True,0.03706002235412598,16,21,0.03706002235412598,True,0.009513616561889648,1.0,OPTIMAL,0.02353692054748535,0,0.0,274.0,OPTIMAL,0.0035114288330078125,274.0,1.0
3-5-2-strongcorr-8.txt,3,5,0.2,strongly_correlated,8,FEASIBLE,True,0.04207038879394531,14,24,0.04207038879394531,True,0.010516643524169922,1.0,OPTIMAL,0.0172884464263916,0,0.0,317.0,OPTIMAL,0.003999471664428711,317.0,1.0
3-5-2-strongcorr-9.txt,3,5,0.2,strongly_correlated,9,FEASIBLE,True,0.03708386421203613,17,21,0.03708386421203613,True,0.009518146514892578,1.0,OPTIMAL,0.022560596466064453,0,0.0,299.0,OPTIMAL,0.001999378204345703,299.0,1.0
3-5-2-uncorr-0.txt,3,5,0.2,uncorrelated,0,FEASIBLE,True,0.03308558464050293,14,18,0.03308558464050293,True,0.009510278701782227,1.0,OPTIMAL,0.016521692276000977,0,0.0,323.0,OPTIMAL,0.0019989013671875,323.0,1.0
3-5-2-uncorr-1.txt,3,5,0.2,uncorrelated,1,FEASIBLE,True,0.03247785568237305,14,18,0.03247785568237305,True,0.009514570236206055,1.0,OPTIMAL,0.01872706413269043,0,0.0,415.0,OPTIMAL,0.0009984970092773438,415.0,1.0
3-5-2-uncorr-2.txt,3,5,0.2,uncorrelated,2,FEASIBLE,True,0.03807640075683594,12,21,0.03807640075683594,True,0.010514020919799805,1.0,OPTIMAL,0.017032623291015625,0,0.0,323.0,OPTIMAL,0.0020003318786621094,323.0,1.0
3-5-2-uncorr-3.txt,3,5,0.2,uncorrelated,3,FEASIBLE,True,0.03237509727478027,15,18,0.03237509727478027,True,0.009521484375,1.0,OPTIMAL,0.016520261764526367,0,0.0,466.0,OPTIMAL,0.0035161972045898438,466.0,1.0
3-5-2-uncorr-4.txt,3,5,0.2,uncorrelated,4,FEASIBLE,True,0.0369105339050293,11,21,0.0369105339050293,True,0.010518789291381836,1.0,OPTIMAL,0.017548561096191406,0,0.0,339.0,OPTIMAL,0.0019998550415039062,339.0,1.0
3-5-2-uncorr-5.txt,3,5,0.2,uncorrelated,5,FEASIBLE,True,0.03186440467834473,14,18,0.03186440467834473,True,0.010517120361328125,1.0,OPTIMAL,0.017521142959594727,0,0.0,355.0,OPTIMAL,0.0015079975128173828,355.0,1.0
3-5-2-uncorr-6.txt,3,5,0.2,uncorrelated,6,FEASIBLE,True,0.036798715591430664,17,21,0.036798715591430664,True,0.009514808654785156,1.0,OPTIMAL,0.026541471481323242,1,0.0,238.0,OPTIMAL,0.0019996166229248047,238.0,1.0
3-5-2-uncorr-7.txt,3,5,0.2,uncorrelated,7,FEASIBLE,True,0.031538963317871094,15,18,0.031538963317871094,True,0.009517669677734375,1.0,OPTIMAL,0.016519546508789062,0,0.0,529.0,OPTIMAL,0.0030014514923095703,529.0,1.0
3-5-2-uncorr-8.txt,3,5,0.2,uncorrelated,8,FEASIBLE,True,0.03106236457824707,14,18,0.03106236457824707,True,0.010008096694946289,1.0,OPTIMAL,0.017531394958496094,0,0.0,385.0,OPTIMAL,0.0019998550415039062,385.0,1.0
3-5-2-uncorr-9.txt,3,5,0.2,uncorrelated,9,FEASIBLE,True,0.032703399658203125,11,18,0.032703399658203125,True,0.010524511337280273,1.0,OPTIMAL,0.022511005401611328,0,0.0,380.0,OPTIMAL,0.0019943714141845703,380.0,1.0
3-5-2-weakcorr-0.txt,3,5,0.2,weakly_correlated,0,FEASIBLE,True,0.03255128860473633,11,18,0.03255128860473633,True,0.01051020622253418,1.0,OPTIMAL,0.017511367797851562,0,0.0,299.0,OPTIMAL,0.002000093460083008,299.0,1.0
3-5-2-weakcorr-1.txt,3,5,0.2,weakly_correlated,1,FEASIBLE,True,0.03221845626831055,11,18,0.03221845626831055,True,0.009796142578125,1.0,OPTIMAL,0.016267061233520508,0,0.0,255.0,OPTIMAL,0.0015120506286621094,255.0,1.0
3-5-2-weakcorr-2.txt,3,5,0.2,weakly_correlated,2,FEASIBLE,True,0.032225847244262695,11,18,0.032225847244262695,True,0.010009527206420898,1.0,OPTIMAL,0.017522096633911133,0,0.0,291.0,OPTIMAL,0.0029985904693603516,291.0,1.0
3-5-2-weakcorr-3.txt,3,5,0.2,weakly_correlated,3,FEASIBLE,True,0.0440671443939209,17,24,0.0440671443939209,True,0.009512186050415039,1.0,OPTIMAL,0.02303290367126465,0,0.0,278.0,OPTIMAL,0.003998279571533203,278.0,1.0
3-5-2-weakcorr-4.txt,3,5,0.2,weakly_correlated,4,FEASIBLE,True,0.031545162200927734,9,18,0.031545162200927734,True,0.010277271270751953,1.0,OPTIMAL,0.01778888702392578,0,0.0,307.0,OPTIMAL,0.004003763198852539,307.0,1.0
3-5-2-weakcorr-5.txt,3,5,0.2,weakly_correlated,5,FEASIBLE,True,0.03306174278259277,15,18,0.03306174278259277,True,0.009516000747680664,1.0,OPTIMAL,0.016521215438842773,0,0.0,289.0,OPTIMAL,0.00551152229309082,289.0,1.0
3-5-2-weakcorr-6.txt,3,5,0.2,weakly_correlated,6,FEASIBLE,True,0.033209800720214844,15,18,0.033209800720214844,True,0.010122537612915039,1.0,OPTIMAL,0.01713275909423828,0,0.0,293.0,OPTIMAL,0.0020003318786621094,293.0,1.0
3-5-2-weakcorr-7.txt,3,5,0.2,weakly_correlated,7,FEASIBLE,True,0.037322282791137695,13,21,0.037322282791137695,True,0.009517192840576172,1.0,OPTIMAL,0.016520023345947266,0,0.0,274.0,OPTIMAL,0.002516031265258789,274.0,1.0
3-5-2-weakcorr-8.txt,3,5,0.2,weakly_correlated,8,FEASIBLE,True,0.044126272201538086,12,24,0.044126272201538086,True,0.009513139724731445,1.0,OPTIMAL,0.02102518081665039,0,0.0,275.0,OPTIMAL,0.003011465072631836,275.0,1.0
3-5-2-weakcorr-9.txt,3,5,0.2,weakly_correlated,9,FEASIBLE,True,0.038064002990722656,12,21,0.038064002990722656,True,0.009517192840576172,1.0,OPTIMAL,0.015669822692871094,0,0.0,259.0,OPTIMAL,0.0020046234130859375,259.0,1.0
3-5-5-strongcorr-0.txt,3,5,0.5,strongly_correlated,0,FEASIBLE,True,0.032561540603637695,11,18,0.032561540603637695,True,0.009510278701782227,1.0,OPTIMAL,0.017330408096313477,0,0.0,445.0,OPTIMAL,0.0031347274780273438,445.0,1.0
3-5-5-strongcorr-1.txt,3,5,0.5,strongly_correlated,1,FEASIBLE,True,0.0430760383605957,17,24,0.0430760383605957,True,0.010505914688110352,1.0,OPTIMAL,0.024014949798583984,0,0.0,533.0,OPTIMAL,0.003996849060058594,533.0,1.0
3-5-5-strongcorr-2.txt,3,5,0.5,strongly_correlated,2,FEASIBLE,True,0.03854227066040039,17,21,0.03854227066040039,True,0.009516000747680664,1.0,OPTIMAL,0.029086589813232422,0,0.0,337.0,OPTIMAL,0.00500178337097168,337.0,1.0
3-5-5-strongcorr-3.txt,3,5,0.5,strongly_correlated,3,FEASIBLE,True,0.03805947303771973,15,21,0.03805947303771973,True,0.010518550872802734,1.0,OPTIMAL,0.0220334529876709,0,0.0,488.0,OPTIMAL,0.0020096302032470703,488.0,1.0
3-5-5-strongcorr-4.txt,3,5,0.5,strongly_correlated,4,FEASIBLE,True,0.03735709190368652,15,21,0.03735709190368652,True,0.010516881942749023,1.0,OPTIMAL,0.018023967742919922,0,0.0,415.0,OPTIMAL,0.004008769989013672,415.0,1.0
3-5-5-strongcorr-5.txt,3,5,0.5,strongly_correlated,5,FEASIBLE,True,0.04357624053955078,16,24,0.04357624053955078,True,0.009517908096313477,1.0,OPTIMAL,0.016031742095947266,0,0.0,429.0,OPTIMAL,0.0029990673065185547,429.0,1.0
3-5-5-strongcorr-6.txt,3,5,0.5,strongly_correlated,6,FEASIBLE,True,0.0380558967590332,12,21,0.0380558967590332,True,0.010519981384277344,1.0,OPTIMAL,0.018039703369140625,0,0.0,491.0,OPTIMAL,0.003511190414428711,491.0,1.0
3-5-5-strongcorr-7.txt,3,5,0.5,strongly_correlated,7,FEASIBLE,True,0.03306245803833008,15,18,0.03306245803833008,True,0.00951075553894043,1.0,OPTIMAL,0.016028881072998047,0,0.0,386.0,OPTIMAL,0.003998279571533203,386.0,1.0
3-5-5-strongcorr-8.txt,3,5,0.5,strongly_correlated,8,FEASIBLE,True,0.0380558967590332,16,21,0.0380558967590332,True,0.009521484375,1.0,OPTIMAL,0.01653003692626953,0,0.0,455.0,OPTIMAL,0.0045166015625,455.0,1.0
3-5-5-strongcorr-9.txt,3,5,0.5,strongly_correlated,9,FEASIBLE,True,0.04203605651855469,18,24,0.04203605651855469,True,0.010513782501220703,1.0,OPTIMAL,0.018031597137451172,0,0.0,458.0,OPTIMAL,0.00500035285949707,458.0,1.0
3-5-5-uncorr-0.txt,3,5,0.5,uncorrelated,0,FEASIBLE,True,0.03760480880737305,15,21,0.03760480880737305,True,0.009516239166259766,1.0,OPTIMAL,0.016515254974365234,0,0.0,654.0,OPTIMAL,0.002515554428100586,654.0,1.0
3-5-5-uncorr-1.txt,3,5,0.5,uncorrelated,1,FEASIBLE,True,0.03280186653137207,15,18,0.03280186653137207,True,0.01002192497253418,1.0,OPTIMAL,0.016539812088012695,0,0.0,512.0,OPTIMAL,0.0029985904693603516,512.0,1.0
3-5-5-uncorr-2.txt,3,5,0.5,uncorrelated,2,FEASIBLE,True,0.03353738784790039,15,18,0.03353738784790039,True,0.009521484375,1.0,OPTIMAL,0.02103877067565918,0,0.0,531.0,OPTIMAL,0.00299835205078125,531.0,1.0
3-5-5-uncorr-3.txt,3,5,0.5,uncorrelated,3,FEASIBLE,True,0.03706240653991699,14,21,0.03706240653991699,True,0.01051950454711914,1.0,OPTIMAL,0.01703500747680664,0,0.0,432.0,OPTIMAL,0.00299835205078125,432.0,1.0
3-5-5-uncorr-4.txt,3,5,0.5,uncorrelated,4,FEASIBLE,True,0.03231668472290039,15,18,0.03231668472290039,True,0.009854316711425781,1.0,OPTIMAL,0.016855239868164062,0,0.0,450.0,OPTIMAL,0.0015153884887695312,450.0,1.0
3-5-5-uncorr-5.txt,3,5,0.5,uncorrelated,5,FEASIBLE,True,0.033059120178222656,15,18,0.033059120178222656,True,0.010522603988647461,1.0,OPTIMAL,0.01854729652404785,0,0.0,514.0,OPTIMAL,0.004996299743652344,514.0,1.0
3-5-5-uncorr-6.txt,3,5,0.5,uncorrelated,6,FEASIBLE,True,0.03404641151428223,15,18,0.03404641151428223,True,0.010109901428222656,1.0,OPTIMAL,0.017261028289794922,0,0.0,411.0,OPTIMAL,0.0020024776458740234,411.0,1.0
3-5-5-uncorr-7.txt,3,5,0.5,uncorrelated,7,FEASIBLE,True,0.0328366756439209,15,18,0.0328366756439209,True,0.009722471237182617,1.0,OPTIMAL,0.021139144897460938,0,0.0,554.0,OPTIMAL,0.0019996166229248047,554.0,1.0
3-5-5-uncorr-8.txt,3,5,0.5,uncorrelated,8,FEASIBLE,True,0.032562255859375,15,18,0.032562255859375,True,0.009509086608886719,1.0,OPTIMAL,0.021528244018554688,0,0.0,558.0,OPTIMAL,0.0020008087158203125,558.0,1.0
3-5-5-uncorr-9.txt,3,5,0.5,uncorrelated,9,FEASIBLE,True,0.03254890441894531,14,18,0.03254890441894531,True,0.00951695442199707,1.0,OPTIMAL,0.0210416316986084,0,0.0,413.0,OPTIMAL,0.0009996891021728516,413.0,1.0
3-5-5-weakcorr-0.txt,3,5,0.5,weakly_correlated,0,FEASIBLE,True,0.03203940391540527,10,18,0.03203940391540527,True,0.009517431259155273,1.0,OPTIMAL,0.015519380569458008,0,0.0,379.0,OPTIMAL,0.003009796142578125,379.0,1.0
3-5-5-weakcorr-1.txt,3,5,0.5,weakly_correlated,1,FEASIBLE,True,0.03804492950439453,15,21,0.03804492950439453,True,0.010017633438110352,1.0,OPTIMAL,0.028046369552612305,0,0.0,378.0,OPTIMAL,0.003998279571533203,378.0,1.0
3-5-5-weakcorr-2.txt,3,5,0.5,weakly_correlated,2,FEASIBLE,True,0.03806257247924805,13,21,0.03806257247924805,True,0.01051187515258789,1.0,OPTIMAL,0.017516136169433594,0,0.0,376.0,OPTIMAL,0.0030069351196289062,376.0,1.0
3-5-5-weakcorr-3.txt,3,5,0.5,weakly_correlated,3,FEASIBLE,True,0.03405022621154785,14,18,0.03405022621154785,True,0.009514570236206055,1.0,OPTIMAL,0.033193111419677734,1,0.0,403.0,OPTIMAL,0.0030040740966796875,403.0,1.0
3-5-5-weakcorr-4.txt,3,5,0.5,weakly_correlated,4,FEASIBLE,True,0.03297543525695801,14,18,0.03297543525695801,True,0.010519266128540039,1.0,OPTIMAL,0.018039226531982422,0,0.0,413.0,OPTIMAL,0.0030059814453125,413.0,1.0
3-5-5-weakcorr-5.txt,3,5,0.5,weakly_correlated,5,FEASIBLE,True,0.03308916091918945,15,18,0.03308916091918945,True,0.010033845901489258,1.0,OPTIMAL,0.016044139862060547,0,0.0,421.0,OPTIMAL,0.0029997825622558594,421.0,1.0
3-5-5-weakcorr-6.txt,3,5,0.5,weakly_correlated,6,FEASIBLE,True,0.032058000564575195,10,18,0.032058000564575195,True,0.010516643524169922,1.0,OPTIMAL,0.018032550811767578,0,0.0,419.0,OPTIMAL,0.003000974655151367,419.0,1.0
3-5-5-weakcorr-7.txt,3,5,0.5,weakly_correlated,7,FEASIBLE,True,0.03306007385253906,7,18,0.03306007385253906,True,0.009517431259155273,1.0,OPTIMAL,0.017023563385009766,0,0.0,381.0,OPTIMAL,0.0029990673065185547,381.0,1.0
3-5-5-weakcorr-8.txt,3,5,0.5,weakly_correlated,8,FEASIBLE,True,0.043051958084106445,13,24,0.043051958084106445,True,0.009588003158569336,1.0,OPTIMAL,0.02161240577697754,0,0.0,345.0,OPTIMAL,0.0029981136322021484,345.0,1.0
3-5-5-weakcorr-9.txt,3,5,0.5,weakly_correlated,9,FEASIBLE,True,0.039067983627319336,15,21,0.039067983627319336,True,0.010516166687011719,1.0,OPTIMAL,0.02806568145751953,1,0.0,289.0,OPTIMAL,0.002999544143676758,289.0,1.0
3-50-2-strongcorr-0.txt,3,50,0.2,strongly_correlated,0,FEASIBLE,True,0.29536938667297363,60,81,0.2868618965148926,True,0.011521577835083008,1.0,OPTIMAL,0.09785294532775879,11,0.0,2046.0,OPTIMAL,0.016015052795410156,2046.0,1.0
3-50-2-strongcorr-1.txt,3,50,0.2,strongly_correlated,1,FEASIBLE,True,0.11822271347045898,24,30,0.11722326278686523,True,0.01151585578918457,1.0,OPTIMAL,0.18325424194335938,13,0.0,2125.0,OPTIMAL,0.12514328956604004,2125.0,1.0
3-50-2-strongcorr-2.txt,3,50,0.2,strongly_correlated,2,FEASIBLE,True,0.07436466217041016,22,30,0.07436466217041016,True,0.011522054672241211,1.0,OPTIMAL,0.04861807823181152,1,0.0,2146.0,OPTIMAL,0.0325472354888916,2146.0,1.0
3-50-2-strongcorr-3.txt,3,50,0.2,strongly_correlated,3,FEASIBLE,True,0.09491086006164551,25,30,0.09491086006164551,True,0.01151132583618164,1.0,OPTIMAL,0.07510638236999512,3,0.0,2202.0,OPTIMAL,0.018030405044555664,2202.0,1.0
3-50-2-strongcorr-4.txt,3,50,0.2,strongly_correlated,4,FEASIBLE,True,0.09016799926757812,25,30,0.08916831016540527,True,0.011513710021972656,1.0,OPTIMAL,0.2001335620880127,13,0.0,2120.0,OPTIMAL,0.03432106971740723,2120.0,1.0
3-50-2-strongcorr-5.txt,3,50,0.2,strongly_correlated,5,FEASIBLE,True,0.08818697929382324,27,33,0.08718562126159668,True,0.01150965690612793,1.0,OPTIMAL,0.13740873336791992,12,0.0,2141.0,OPTIMAL,0.056710243225097656,2141.0,1.0
3-50-2-strongcorr-6.txt,3,50,0.2,strongly_correlated,6,FEASIBLE,True,0.12272047996520996,31,42,0.12272047996520996,True,0.012547731399536133,1.0,OPTIMAL,0.33188962936401367,11,0.0,2105.0,OPTIMAL,0.26331305503845215,2105.0,1.0
3-50-2-strongcorr-7.txt,3,50,0.2,strongly_correlated,7,FEASIBLE,True,0.09419012069702148,28,36,0.09419012069702148,True,0.011025428771972656,1.0,OPTIMAL,0.0847163200378418,7,0.0,2092.0,OPTIMAL,0.015029191970825195,2092.0,1.0
3-50-2-strongcorr-8.txt,3,50,0.2,strongly_correlated,8,FEASIBLE,True,0.05141901969909668,19,24,0.05141901969909668,True,0.011523723602294922,1.0,OPTIMAL,0.1335446834564209,4,0.0,2148.0,OPTIMAL,0.1453557014465332,2148.0,1.0
3-50-2-strongcorr-9.txt,3,50,0.2,strongly_correlated,9,FEASIBLE,True,0.09873843193054199,28,33,0.09873843193054199,True,0.011519193649291992,1.0,OPTIMAL,0.08362841606140137,7,0.0,2123.0,OPTIMAL,0.0233001708984375,2123.0,1.0
3-50-2-uncorr-0.txt,3,50,0.2,uncorrelated,0,FEASIBLE,True,0.0767207145690918,24,30,0.0767207145690918,True,0.011128902435302734,1.0,OPTIMAL,0.0892643928527832,6,0.0,3693.0,OPTIMAL,0.017030000686645508,3693.0,1.0
3-50-2-uncorr-1.txt,3,50,0.2,uncorrelated,1,FEASIBLE,True,0.07149362564086914,24,33,0.07149362564086914,True,0.011513471603393555,1.0,OPTIMAL,0.0751345157623291,8,0.0,3751.0,OPTIMAL,0.010138511657714844,3751.0,1.0
3-50-2-uncorr-2.txt,3,50,0.2,uncorrelated,2,FEASIBLE,True,0.060424089431762695,22,27,0.060424089431762695,True,0.0115203857421875,1.0,OPTIMAL,0.07115650177001953,6,0.0,3519.0,OPTIMAL,0.018034696578979492,3519.0,1.0
3-50-2-uncorr-3.txt,3,50,0.2,uncorrelated,3,FEASIBLE,True,0.07965826988220215,25,33,0.07965826988220215,True,0.011519908905029297,1.0,OPTIMAL,0.05239439010620117,0,0.0,3868.0,OPTIMAL,0.03655123710632324,3868.0,1.0
3-50-2-uncorr-4.txt,3,50,0.2,uncorrelated,4,FEASIBLE,True,0.05810141563415527,22,27,0.05810141563415527,True,0.011033058166503906,1.0,OPTIMAL,0.05309748649597168,5,0.0,3851.0,OPTIMAL,0.017030954360961914,3851.0,1.0
3-50-2-uncorr-5.txt,3,50,0.2,uncorrelated,5,FEASIBLE,True,0.04559326171875,16,21,0.04559326171875,True,0.011017799377441406,1.0,OPTIMAL,0.05209231376647949,5,0.0,3808.0,OPTIMAL,0.016024351119995117,3808.0,1.0
3-50-2-uncorr-6.txt,3,50,0.2,uncorrelated,6,FEASIBLE,True,0.08179044723510742,26,33,0.08179044723510742,True,0.012033462524414062,1.0,OPTIMAL,0.13726019859313965,20,0.0,3815.0,OPTIMAL,0.024539470672607422,3815.0,1.0
3-50-2-uncorr-7.txt,3,50,0.2,uncorrelated,7,FEASIBLE,True,0.046098947525024414,18,21,0.046098947525024414,True,0.011516094207763672,1.0,OPTIMAL,0.05356717109680176,4,0.0,3553.0,OPTIMAL,0.014161825180053711,3553.0,1.0
3-50-2-uncorr-8.txt,3,50,0.2,uncorrelated,8,FEASIBLE,True,0.0455784797668457,16,21,0.0455784797668457,True,0.01202845573425293,1.0,OPTIMAL,0.04308509826660156,3,0.0,3680.0,OPTIMAL,0.009460926055908203,3680.0,1.0
3-50-2-uncorr-9.txt,3,50,0.2,uncorrelated,9,FEASIBLE,True,0.05266070365905762,18,24,0.05266070365905762,True,0.011276006698608398,1.0,OPTIMAL,0.0628511905670166,4,0.0,3497.0,OPTIMAL,0.015025854110717773,3497.0,1.0
3-50-2-weakcorr-0.txt,3,50,0.2,weakly_correlated,0,FEASIBLE,True,0.0817718505859375,22,30,0.0817718505859375,True,0.011520862579345703,1.0,OPTIMAL,0.10967135429382324,7,0.0,1717.0,OPTIMAL,0.06710386276245117,1717.0,1.0
3-50-2-weakcorr-1.txt,3,50,0.2,weakly_correlated,1,FEASIBLE,True,0.08051109313964844,25,30,0.08051109313964844,True,0.011508703231811523,1.0,OPTIMAL,0.1277003288269043,7,0.0,1850.0,OPTIMAL,0.029536008834838867,1850.0,1.0
3-50-2-weakcorr-2.txt,3,50,0.2,weakly_correlated,2,FEASIBLE,True,0.13021111488342285,26,36,0.13021111488342285,True,0.011523246765136719,1.0,OPTIMAL,0.14822626113891602,5,0.0,1857.0,OPTIMAL,0.1540510654449463,1857.0,1.0
3-50-2-weakcorr-3.txt,3,50,0.2,weakly_correlated,3,FEASIBLE,True,0.1172018051147461,25,33,0.11569905281066895,True,0.011039257049560547,1.0,OPTIMAL,0.11521744728088379,7,0.0,1818.0,OPTIMAL,0.08688735961914062,1818.0,1.0
3-50-2-weakcorr-4.txt,3,50,0.2,weakly_correlated,4,FEASIBLE,True,0.1055150032043457,30,36,0.1055150032043457,True,0.011512994766235352,1.0,OPTIMAL,0.08516430854797363,0,0.0,1827.0,OPTIMAL,0.06630611419677734,1827.0,1.0
3-50-2-weakcorr-5.txt,3,50,0.2,weakly_correlated,5,FEASIBLE,True,0.20701193809509277,33,42,0.20701193809509277,True,0.012038707733154297,1.0,OPTIMAL,0.11102676391601562,2,0.0,1764.0,OPTIMAL,0.05707073211669922,1764.0,1.0
3-50-2-weakcorr-6.txt,3,50,0.2,weakly_correlated,6,FEASIBLE,True,0.06517624855041504,24,27,0.06517624855041504,True,0.01152944564819336,1.0,OPTIMAL,0.10872173309326172,6,0.0,1771.0,OPTIMAL,0.02303171157836914,1771.0,1.0
3-50-2-weakcorr-7.txt,3,50,0.2,weakly_correlated,7,FEASIBLE,True,0.06628799438476562,22,27,0.06628799438476562,True,0.01051950454711914,1.0,OPTIMAL,0.06011009216308594,0,0.0,1780.0,OPTIMAL,0.03503608703613281,1780.0,1.0
3-50-2-weakcorr-8.txt,3,50,0.2,weakly_correlated,8,FEASIBLE,True,0.08276176452636719,27,33,0.08276176452636719,True,0.011531829833984375,1.0,OPTIMAL,0.17059898376464844,5,0.0,1679.0,OPTIMAL,0.10836172103881836,1679.0,1.0
3-50-2-weakcorr-9.txt,3,50,0.2,weakly_correlated,9,FEASIBLE,True,0.07036781311035156,25,33,0.07036781311035156,True,0.011772632598876953,1.0,OPTIMAL,0.0456235408782959,0,0.0,1868.0,OPTIMAL,0.04355669021606445,1868.0,1.0
3-50-5-strongcorr-0.txt,3,50,0.5,strongly_correlated,0,FEASIBLE,True,0.08418464660644531,29,39,0.08418464660644531,True,0.011519193649291992,1.0,OPTIMAL,0.2362072467803955,1,0.0,4794.0,OPTIMAL,0.1898810863494873,4794.0,1.0
3-50-5-strongcorr-1.txt,3,50,0.5,strongly_correlated,1,FEASIBLE,True,0.14577078819274902,38,48,0.14577078819274902,True,0.011524438858032227,1.0,OPTIMAL,0.3095841407775879,19,0.0,4921.0,OPTIMAL,0.38208436965942383,4921.0,1.0
3-50-5-strongcorr-2.txt,3,50,0.5,strongly_correlated,2,FEASIBLE,True,0.3005702495574951,55,72,0.29956650733947754,True,0.013527154922485352,1.0,OPTIMAL,0.22818779945373535,21,0.0,4769.0,OPTIMAL,0.04057812690734863,4769.0,1.0
3-50-5-strongcorr-3.txt,3,50,0.5,strongly_correlated,3,FEASIBLE,True,0.5130107402801514,101,150,0.5120108127593994,True,0.012519121170043945,1.0,OPTIMAL,9.797830820083618,42,0.0,4780.0,OPTIMAL,0.2984650135040283,4780.0,1.0
3-50-5-strongcorr-4.txt,3,50,0.5,strongly_correlated,4,FEASIBLE,True,0.14155292510986328,33,42,0.14155292510986328,True,0.013739824295043945,1.0,OPTIMAL,0.35535144805908203,27,0.0,4728.0,OPTIMAL,0.09169769287109375,4728.0,1.0
3-50-5-strongcorr-5.txt,3,50,0.5,strongly_correlated,5,FEASIBLE,True,0.09212732315063477,28,39,0.09212732315063477,True,0.013037443161010742,1.0,OPTIMAL,0.5020632743835449,10,0.0,4451.0,OPTIMAL,0.13114666938781738,4451.0,1.0
3-50-5-strongcorr-6.txt,3,50,0.5,strongly_correlated,6,FEASIBLE,True,0.1286172866821289,36,51,0.1280384063720703,True,0.011675119400024414,1.0,OPTIMAL,0.6679115295410156,83,0.0,4737.0,OPTIMAL,0.05462813377380371,4737.0,1.0
3-50-5-strongcorr-7.txt,3,50,0.5,strongly_correlated,7,FEASIBLE,True,0.1049356460571289,34,39,0.1049356460571289,True,0.011631488800048828,1.0,OPTIMAL,20.127952337265015,80,0.0,4818.0,OPTIMAL,11.379935503005981,4818.0,1.0
3-50-5-strongcorr-8.txt,3,50,0.5,strongly_correlated,8,FEASIBLE,True,0.15955662727355957,28,36,0.15755176544189453,True,0.013514995574951172,1.0,OPTIMAL,0.3407871723175049,12,0.0,4707.0,OPTIMAL,0.025037527084350586,4707.0,1.0
3-50-5-strongcorr-9.txt,3,50,0.5,strongly_correlated,9,FEASIBLE,True,0.20625996589660645,33,45,0.2052600383758545,True,0.012520551681518555,1.0,OPTIMAL,1.5989270210266113,69,0.0,4529.0,OPTIMAL,1.0339322090148926,4529.0,1.0
3-50-5-uncorr-0.txt,3,50,0.5,uncorrelated,0,FEASIBLE,True,0.06395745277404785,21,27,0.06395745277404785,True,0.012260198593139648,1.0,OPTIMAL,0.055520057678222656,5,0.0,5175.0,OPTIMAL,0.013511896133422852,5175.0,1.0
3-50-5-uncorr-1.txt,3,50,0.5,uncorrelated,1,FEASIBLE,True,0.06327342987060547,23,27,0.06327342987060547,True,0.012027978897094727,1.0,OPTIMAL,0.051630496978759766,7,0.0,5729.0,OPTIMAL,0.018045663833618164,5729.0,1.0
3-50-5-uncorr-2.txt,3,50,0.5,uncorrelated,2,FEASIBLE,True,0.06364083290100098,24,27,0.06364083290100098,True,0.012041330337524414,1.0,OPTIMAL,0.09418702125549316,10,0.0,5698.0,OPTIMAL,0.037038564682006836,5698.0,1.0
3-50-5-uncorr-3.txt,3,50,0.5,uncorrelated,3,FEASIBLE,True,0.05962085723876953,21,27,0.05962085723876953,True,0.012518167495727539,1.0,OPTIMAL,0.07304096221923828,5,0.0,5980.0,OPTIMAL,0.018047094345092773,5980.0,1.0
3-50-5-uncorr-4.txt,3,50,0.5,uncorrelated,4,FEASIBLE,True,0.05358433723449707,21,24,0.05358433723449707,True,0.012024402618408203,1.0,OPTIMAL,0.0817115306854248,6,0.0,5477.0,OPTIMAL,0.015496253967285156,5477.0,1.0
3-50-5-uncorr-5.txt,3,50,0.5,uncorrelated,5,FEASIBLE,True,0.06210827827453613,22,27,0.06210827827453613,True,0.011520147323608398,1.0,OPTIMAL,0.05559206008911133,7,0.0,5949.0,OPTIMAL,0.018020153045654297,5949.0,1.0
3-50-5-uncorr-6.txt,3,50,0.5,uncorrelated,6,FEASIBLE,True,0.05460071563720703,21,24,0.053598880767822266,True,0.011523008346557617,1.0,OPTIMAL,0.06710577011108398,5,0.0,5680.0,OPTIMAL,0.02254462242126465,5680.0,1.0
3-50-5-uncorr-7.txt,3,50,0.5,uncorrelated,7,FEASIBLE,True,0.10078787803649902,31,39,0.10078787803649902,True,0.012511253356933594,1.0,OPTIMAL,0.07812714576721191,5,0.0,5119.0,OPTIMAL,0.014505624771118164,5119.0,1.0
3-50-5-uncorr-8.txt,3,50,0.5,uncorrelated,8,FEASIBLE,True,0.0601048469543457,23,27,0.05910468101501465,True,0.011056900024414062,1.0,OPTIMAL,0.06529641151428223,6,0.0,5478.0,OPTIMAL,0.01876688003540039,5478.0,1.0
3-50-5-uncorr-9.txt,3,50,0.5,uncorrelated,9,FEASIBLE,True,0.07015395164489746,26,30,0.07015395164489746,True,0.012518644332885742,1.0,OPTIMAL,0.1297168731689453,13,0.0,5350.0,OPTIMAL,0.02551865577697754,5350.0,1.0
3-50-5-weakcorr-0.txt,3,50,0.5,weakly_correlated,0,FEASIBLE,True,0.16254520416259766,40,48,0.16254520416259766,True,0.013519763946533203,1.0,OPTIMAL,0.4629251956939697,63,0.0,4259.0,OPTIMAL,0.1120767593383789,4259.0,1.0
3-50-5-weakcorr-1.txt,3,50,0.5,weakly_correlated,1,FEASIBLE,True,0.08977389335632324,23,30,0.08977389335632324,True,0.012052774429321289,1.0,OPTIMAL,0.15544891357421875,14,0.0,3746.0,OPTIMAL,0.01970195770263672,3746.0,1.0
3-50-5-weakcorr-2.txt,3,50,0.5,weakly_correlated,2,FEASIBLE,True,0.1017613410949707,21,24,0.10076045989990234,True,0.012525558471679688,1.0,OPTIMAL,0.14324116706848145,9,0.0,4228.0,OPTIMAL,0.03521132469177246,4228.0,1.0
3-50-5-weakcorr-3.txt,3,50,0.5,weakly_correlated,3,FEASIBLE,True,0.1302165985107422,30,42,0.1302165985107422,True,0.011505842208862305,1.0,OPTIMAL,0.15069937705993652,17,0.0,3923.0,OPTIMAL,0.057109832763671875,3923.0,1.0
3-50-5-weakcorr-4.txt,3,50,0.5,weakly_correlated,4,FEASIBLE,True,0.0781550407409668,26,33,0.0781550407409668,True,0.012511014938354492,1.0,OPTIMAL,0.14807939529418945,8,0.0,4510.0,OPTIMAL,0.034052371978759766,4510.0,1.0
3-50-5-weakcorr-5.txt,3,50,0.5,weakly_correlated,5,FEASIBLE,True,0.12294816970825195,26,33,0.1219484806060791,True,0.012017965316772461,1.0,OPTIMAL,0.08765554428100586,7,0.0,4241.0,OPTIMAL,0.0721747875213623,4241.0,1.0
3-50-5-weakcorr-6.txt,3,50,0.5,weakly_correlated,6,FEASIBLE,True,0.12020325660705566,29,36,0.11919951438903809,True,0.011028289794921875,1.0,OPTIMAL,0.230604887008667,23,0.0,3938.0,OPTIMAL,0.08007502555847168,3938.0,1.0
3-50-5-weakcorr-7.txt,3,50,0.5,weakly_correlated,7,FEASIBLE,True,0.1273655891418457,32,39,0.1273655891418457,True,0.01252126693725586,1.0,OPTIMAL,0.1614084243774414,11,0.0,4070.0,OPTIMAL,0.10039210319519043,4070.0,1.0
3-50-5-weakcorr-8.txt,3,50,0.5,weakly_correlated,8,FEASIBLE,True,0.14027905464172363,31,42,0.1392650604248047,True,0.011515378952026367,1.0,OPTIMAL,0.27190732955932617,32,0.0,4045.0,OPTIMAL,0.10257530212402344,4045.0,1.0
3-50-5-weakcorr-9.txt,3,50,0.5,weakly_correlated,9,FEASIBLE,True,0.16644048690795898,38,48,0.16644048690795898,True,0.012022018432617188,1.0,OPTIMAL,0.12973856925964355,12,0.0,4196.0,OPTIMAL,0.048020362854003906,4196.0,1.0
4-10-2-strongcorr-0.txt,4,10,0.2,strongly_correlated,0,FEASIBLE,True,0.06478142738342285,24,36,0.06478142738342285,True,0.013514518737792969,1.0,OPTIMAL,0.03957366943359375,1,0.0,589.0,OPTIMAL,0.006999492645263672,589.0,1.0
4-10-2-strongcorr-1.txt,4,10,0.2,strongly_correlated,1,FEASIBLE,True,0.06996607780456543,28,36,0.06996607780456543,True,0.01354217529296875,1.0,OPTIMAL,0.09394955635070801,2,0.0,539.0,OPTIMAL,0.017536640167236328,539.0,1.0
4-10-2-strongcorr-2.txt,4,10,0.2,strongly_correlated,2,FEASIBLE,True,0.07073473930358887,27,36,0.06973814964294434,True,0.013535737991333008,1.0,OPTIMAL,0.03458547592163086,0,0.0,505.0,OPTIMAL,0.010010719299316406,505.0,1.0
4-10-2-strongcorr-3.txt,4,10,0.2,strongly_correlated,3,FEASIBLE,True,0.05335378646850586,22,28,0.05335378646850586,True,0.014490604400634766,1.0,OPTIMAL,0.038008928298950195,0,0.0,526.0,OPTIMAL,0.012515783309936523,526.0,1.0
4-10-2-strongcorr-4.txt,4,10,0.2,strongly_correlated,4,FEASIBLE,True,0.08565211296081543,31,44,0.08565211296081543,True,0.014037370681762695,1.0,OPTIMAL,0.03708219528198242,0,0.0,535.0,OPTIMAL,0.013039350509643555,535.0,1.0
4-10-2-strongcorr-5.txt,4,10,0.2,strongly_correlated,5,FEASIBLE,True,0.06689858436584473,24,32,0.06689858436584473,True,0.013030529022216797,1.0,OPTIMAL,0.03284430503845215,0,0.0,551.0,OPTIMAL,0.010522842407226562,551.0,1.0
4-10-2-strongcorr-6.txt,4,10,0.2,strongly_correlated,6,FEASIBLE,True,0.06361651420593262,19,32,0.06361651420593262,True,0.014028072357177734,1.0,OPTIMAL,0.03506159782409668,0,0.0,555.0,OPTIMAL,0.011522769927978516,555.0,1.0
4-10-2-strongcorr-7.txt,4,10,0.2,strongly_correlated,7,FEASIBLE,True,0.05794930458068848,22,32,0.05794930458068848,True,0.013523578643798828,1.0,OPTIMAL,0.025040626525878906,0,0.0,556.0,OPTIMAL,0.009512662887573242,556.0,1.0
4-10-2-strongcorr-8.txt,4,10,0.2,strongly_correlated,8,FEASIBLE,True,0.07413840293884277,23,36,0.07413840293884277,True,0.013523101806640625,1.0,OPTIMAL,0.05661344528198242,3,0.0,537.0,OPTIMAL,0.0070002079010009766,537.0,1.0
4-10-2-strongcorr-9.txt,4,10,0.2,strongly_correlated,9,FEASIBLE,True,0.05861020088195801,19,32,0.05861020088195801,True,0.014028072357177734,1.0,OPTIMAL,0.03130507469177246,0,0.0,552.0,OPTIMAL,0.00650477409362793,552.0,1.0
4-10-2-uncorr-0.txt,4,10,0.2,uncorrelated,0,FEASIBLE,True,0.06778860092163086,26,36,0.06678891181945801,True,0.013031482696533203,1.0,OPTIMAL,0.04808926582336426,3,0.0,643.0,OPTIMAL,0.007519721984863281,643.0,1.0
4-10-2-uncorr-1.txt,4,10,0.2,uncorrelated,1,FEASIBLE,True,0.051616668701171875,17,28,0.051616668701171875,True,0.014523029327392578,1.0,OPTIMAL,0.04758858680725098,2,0.0,913.0,OPTIMAL,0.004509925842285156,913.0,1.0
4-10-2-uncorr-2.txt,4,10,0.2,uncorrelated,2,FEASIBLE,True,0.05906033515930176,23,32,0.05906033515930176,True,0.014025211334228516,1.0,OPTIMAL,0.04859161376953125,2,0.0,924.0,OPTIMAL,0.005501985549926758,924.0,1.0
4-10-2-uncorr-3.txt,4,10,0.2,uncorrelated,3,FEASIBLE,True,0.05078625679016113,22,28,0.05078625679016113,True,0.013696432113647461,1.0,OPTIMAL,0.07278847694396973,3,0.0,1015.0,OPTIMAL,0.006998300552368164,1015.0,1.0
4-10-2-uncorr-4.txt,4,10,0.2,uncorrelated,4,FEASIBLE,True,0.04905200004577637,20,24,0.04905200004577637,True,0.014017581939697266,1.0,OPTIMAL,0.02618694305419922,0,0.0,897.0,OPTIMAL,0.009515762329101562,897.0,1.0
4-10-2-uncorr-5.txt,4,10,0.2,uncorrelated,5,FEASIBLE,True,0.062125205993652344,22,32,0.06111288070678711,True,0.013512134552001953,1.0,OPTIMAL,0.035761117935180664,0,0.0,1019.0,OPTIMAL,0.006513118743896484,1019.0,1.0
4-10-2-uncorr-6.txt,4,10,0.2,uncorrelated,6,FEASIBLE,True,0.05571627616882324,21,28,0.05571627616882324,True,0.014514684677124023,1.0,OPTIMAL,0.027064800262451172,0,0.0,687.0,OPTIMAL,0.010510683059692383,687.0,1.0
4-10-2-uncorr-7.txt,4,10,0.2,uncorrelated,7,FEASIBLE,True,0.0621030330657959,22,32,0.0621030330657959,True,0.015024423599243164,1.0,OPTIMAL,0.02753734588623047,0,0.0,835.0,OPTIMAL,0.009517669677734375,835.0,1.0
4-10-2-uncorr-8.txt,4,10,0.2,uncorrelated,8,FEASIBLE,True,0.04756498336791992,15,24,0.04756498336791992,True,0.015036821365356445,1.0,OPTIMAL,0.02655196189880371,0,0.0,872.0,OPTIMAL,0.008517026901245117,872.0,1.0
4-10-2-uncorr-9.txt,4,10,0.2,uncorrelated,9,FEASIBLE,True,0.05366992950439453,22,28,0.05366992950439453,True,0.015536785125732422,1.0,OPTIMAL,0.02805185317993164,0,0.0,931.0,OPTIMAL,0.006512641906738281,931.0,1.0
4-10-2-weakcorr-0.txt,4,10,0.2,weakly_correlated,0,FEASIBLE,True,0.04705500602722168,16,24,0.04705500602722168,True,0.013549327850341797,1.0,OPTIMAL,0.029068470001220703,0,0.0,473.0,OPTIMAL,0.014034032821655273,473.0,1.0
4-10-2-weakcorr-1.txt,4,10,0.2,weakly_correlated,1,FEASIBLE,True,0.06367182731628418,19,32,0.06367182731628418,True,0.014516592025756836,1.0,OPTIMAL,0.026032209396362305,0,0.0,492.0,OPTIMAL,0.010513067245483398,492.0,1.0
4-10-2-weakcorr-2.txt,4,10,0.2,weakly_correlated,2,FEASIBLE,True,0.05360221862792969,23,28,0.05360221862792969,True,0.014541387557983398,1.0,OPTIMAL,0.04056954383850098,0,0.0,447.0,OPTIMAL,0.008517742156982422,447.0,1.0
4-10-2-weakcorr-3.txt,4,10,0.2,weakly_correlated,3,FEASIBLE,True,0.04709053039550781,12,24,0.04709053039550781,True,0.014514446258544922,1.0,OPTIMAL,0.051801204681396484,3,0.0,420.0,OPTIMAL,0.012030363082885742,420.0,1.0
4-10-2-weakcorr-4.txt,4,10,0.2,weakly_correlated,4,FEASIBLE,True,0.047075510025024414,20,24,0.047075510025024414,True,0.014025211334228516,1.0,OPTIMAL,0.03355097770690918,0,0.0,444.0,OPTIMAL,0.013514041900634766,444.0,1.0
4-10-2-weakcorr-5.txt,4,10,0.2,weakly_correlated,5,FEASIBLE,True,0.054457902908325195,18,28,0.054457902908325195,True,0.014517784118652344,1.0,OPTIMAL,0.02603745460510254,0,0.0,475.0,OPTIMAL,0.008507728576660156,475.0,1.0
4-10-2-weakcorr-6.txt,4,10,0.2,weakly_correlated,6,FEASIBLE,True,0.0647737979888916,24,32,0.0647737979888916,True,0.015041112899780273,1.0,OPTIMAL,0.031069278717041016,0,0.0,378.0,OPTIMAL,0.014603853225708008,378.0,1.0
4-10-2-weakcorr-7.txt,4,10,0.2,weakly_correlated,7,FEASIBLE,True,0.055143117904663086,22,28,0.055143117904663086,True,0.014518022537231445,1.0,OPTIMAL,0.03554964065551758,0,0.0,455.0,OPTIMAL,0.015596151351928711,455.0,1.0
4-10-2-weakcorr-8.txt,4,10,0.2,weakly_correlated,8,FEASIBLE,True,0.04759478569030762,16,24,0.04759478569030762,True,0.01391744613647461,1.0,OPTIMAL,0.026392221450805664,0,0.0,432.0,OPTIMAL,0.009879112243652344,432.0,1.0
4-10-2-weakcorr-9.txt,4,10,0.2,weakly_correlated,9,FEASIBLE,True,0.055565595626831055,24,28,0.055565595626831055,True,0.014655828475952148,1.0,OPTIMAL,0.035859107971191406,0,0.0,395.0,OPTIMAL,0.013511896133422852,395.0,1.0
4-10-5-strongcorr-0.txt,4,10,0.5,strongly_correlated,0,FEASIBLE,True,0.10818123817443848,41,56,0.10717034339904785,True,0.013510465621948242,1.0,OPTIMAL,0.07712483406066895,11,0.0,1141.0,OPTIMAL,0.016033172607421875,1141.0,1.0
4-10-5-strongcorr-1.txt,4,10,0.5,strongly_correlated,1,FEASIBLE,True,0.06791424751281738,25,36,0.06791424751281738,True,0.01402902603149414,1.0,OPTIMAL,0.04657697677612305,0,0.0,1283.0,OPTIMAL,0.034061431884765625,1283.0,1.0
4-10-5-strongcorr-2.txt,4,10,0.5,strongly_correlated,2,FEASIBLE,True,0.08164787292480469,34,44,0.08164787292480469,True,0.01451563835144043,1.0,OPTIMAL,0.20051980018615723,8,0.0,1237.0,OPTIMAL,0.03434133529663086,1237.0,1.0
4-10-5-strongcorr-3.txt,4,10,0.5,strongly_correlated,3,FEASIBLE,True,0.06810355186462402,27,36,0.06810355186462402,True,0.013544082641601562,1.0,OPTIMAL,0.06713676452636719,4,0.0,1166.0,OPTIMAL,0.023025989532470703,1166.0,1.0
4-10-5-strongcorr-4.txt,4,10,0.5,strongly_correlated,4,FEASIBLE,True,0.0528254508972168,24,28,0.0528254508972168,True,0.014034271240234375,1.0,OPTIMAL,0.09831929206848145,4,0.0,1183.0,OPTIMAL,0.05065131187438965,1183.0,1.0
4-10-5-strongcorr-5.txt,4,10,0.5,strongly_correlated,5,FEASIBLE,True,0.06703042984008789,28,36,0.06703042984008789,True,0.013511180877685547,1.0,OPTIMAL,0.0976099967956543,0,0.0,1179.0,OPTIMAL,0.058379411697387695,1179.0,1.0
4-10-5-strongcorr-6.txt,4,10,0.5,strongly_correlated,6,FEASIBLE,True,0.06152772903442383,19,28,0.06152772903442383,True,0.01351022720336914,1.0,OPTIMAL,0.042041778564453125,0,0.0,1190.0,OPTIMAL,0.017021656036376953,1190.0,1.0
4-10-5-strongcorr-7.txt,4,10,0.5,strongly_correlated,7,FEASIBLE,True,0.08401155471801758,28,36,0.08401155471801758,True,0.015694856643676758,1.0,OPTIMAL,0.09285616874694824,3,0.0,1393.0,OPTIMAL,0.04513740539550781,1393.0,1.0
4-10-5-strongcorr-8.txt,4,10,0.5,strongly_correlated,8,FEASIBLE,True,0.060662269592285156,24,32,0.060662269592285156,True,0.014020442962646484,1.0,OPTIMAL,0.03797554969787598,2,0.0,1057.0,OPTIMAL,0.0029282569885253906,1057.0,1.0
4-10-5-strongcorr-9.txt,4,10,0.5,strongly_correlated,9,FEASIBLE,True,0.0696558952331543,27,36,0.0696558952331543,True,0.014400005340576172,1.0,OPTIMAL,0.06655120849609375,0,0.0,1187.0,OPTIMAL,0.02216792106628418,1187.0,1.0
4-10-5-uncorr-0.txt,4,10,0.5,uncorrelated,0,FEASIBLE,True,0.06163430213928223,25,32,0.06163430213928223,True,0.013519525527954102,1.0,OPTIMAL,0.05858325958251953,4,0.0,1100.0,OPTIMAL,0.00950932502746582,1100.0,1.0
4-10-5-uncorr-1.txt,4,10,0.5,uncorrelated,1,FEASIBLE,True,0.06099271774291992,26,32,0.06099271774291992,True,0.015010595321655273,1.0,OPTIMAL,0.06229996681213379,6,0.0,1406.0,OPTIMAL,0.009513139724731445,1406.0,1.0
4-10-5-uncorr-2.txt,4,10,0.5,uncorrelated,2,FEASIBLE,True,0.07600688934326172,26,36,0.07600688934326172,True,0.01401376724243164,1.0,OPTIMAL,0.054648637771606445,4,0.0,1285.0,OPTIMAL,0.004177570343017578,1285.0,1.0
4-10-5-uncorr-3.txt,4,10,0.5,uncorrelated,3,FEASIBLE,True,0.058361053466796875,24,28,0.058361053466796875,True,0.015042543411254883,1.0,OPTIMAL,0.04758787155151367,4,0.0,973.0,OPTIMAL,0.005512237548828125,973.0,1.0
4-10-5-uncorr-4.txt,4,10,0.5,uncorrelated,4,FEASIBLE,True,0.05459094047546387,24,28,0.05459094047546387,True,0.013512372970581055,1.0,OPTIMAL,0.050119638442993164,1,0.0,1323.0,OPTIMAL,0.005510807037353516,1323.0,1.0
4-10-5-uncorr-5.txt,4,10,0.5,uncorrelated,5,FEASIBLE,True,0.05910444259643555,27,32,0.05910444259643555,True,0.014035224914550781,1.0,OPTIMAL,0.054111480712890625,4,0.0,1447.0,OPTIMAL,0.009511232376098633,1447.0,1.0
4-10-5-uncorr-6.txt,4,10,0.5,uncorrelated,6,FEASIBLE,True,0.05862879753112793,26,32,0.05862879753112793,True,0.013514280319213867,1.0,OPTIMAL,0.046061038970947266,3,0.0,1498.0,OPTIMAL,0.009009599685668945,1498.0,1.0
4-10-5-uncorr-7.txt,4,10,0.5,uncorrelated,7,FEASIBLE,True,0.0687108039855957,25,36,0.0687108039855957,True,0.013723134994506836,1.0,OPTIMAL,0.0405888557434082,3,0.0,1414.0,OPTIMAL,0.005766153335571289,1414.0,1.0
4-10-5-uncorr-8.txt,4,10,0.5,uncorrelated,8,FEASIBLE,True,0.06835818290710449,27,36,0.06835818290710449,True,0.014048099517822266,1.0,OPTIMAL,0.05743837356567383,5,0.0,1162.0,OPTIMAL,0.012879371643066406,1162.0,1.0
4-10-5-uncorr-9.txt,4,10,0.5,uncorrelated,9,FEASIBLE,True,0.06070089340209961,25,32,0.06070089340209961,True,0.01352834701538086,1.0,OPTIMAL,0.04544782638549805,1,0.0,1383.0,OPTIMAL,0.006513357162475586,1383.0,1.0
4-10-5-weakcorr-0.txt,4,10,0.5,weakly_correlated,0,FEASIBLE,True,0.060538291931152344,21,28,0.060538291931152344,True,0.014516353607177734,1.0,OPTIMAL,0.031526803970336914,0,0.0,914.0,OPTIMAL,0.017020225524902344,914.0,1.0
4-10-5-weakcorr-1.txt,4,10,0.5,weakly_correlated,1,FEASIBLE,True,0.08590173721313477,32,44,0.08590173721313477,True,0.013519287109375,1.0,OPTIMAL,0.1035306453704834,13,0.0,967.0,OPTIMAL,0.01801156997680664,967.0,1.0
4-10-5-weakcorr-2.txt,4,10,0.5,weakly_correlated,2,FEASIBLE,True,0.0664513111114502,26,36,0.0664513111114502,True,0.01504063606262207,1.0,OPTIMAL,0.0725407600402832,0,0.0,1049.0,OPTIMAL,0.023546695709228516,1049.0,1.0
4-10-5-weakcorr-3.txt,4,10,0.5,weakly_correlated,3,FEASIBLE,True,0.0677790641784668,26,36,0.0677790641784668,True,0.013083457946777344,1.0,OPTIMAL,0.04430365562438965,0,0.0,1071.0,OPTIMAL,0.02454829216003418,1071.0,1.0
4-10-5-weakcorr-4.txt,4,10,0.5,weakly_correlated,4,FEASIBLE,True,0.07475614547729492,23,36,0.07475614547729492,True,0.013524293899536133,1.0,OPTIMAL,0.04278135299682617,0,0.0,1122.0,OPTIMAL,0.017525434494018555,1122.0,1.0
4-10-5-weakcorr-5.txt,4,10,0.5,weakly_correlated,5,FEASIBLE,True,0.07092738151550293,28,36,0.07092738151550293,True,0.014030694961547852,1.0,OPTIMAL,0.04649639129638672,1,0.0,1000.0,OPTIMAL,0.014911413192749023,1000.0,1.0
4-10-5-weakcorr-6.txt,4,10,0.5,weakly_correlated,6,FEASIBLE,True,0.09119963645935059,32,48,0.09119963645935059,True,0.013504266738891602,1.0,OPTIMAL,0.09141063690185547,10,0.0,978.0,OPTIMAL,0.016172409057617188,978.0,1.0
4-10-5-weakcorr-7.txt,4,10,0.5,weakly_correlated,7,FEASIBLE,True,0.13453340530395508,43,64,0.13453340530395508,True,0.014524459838867188,1.0,OPTIMAL,0.14536809921264648,11,0.0,1088.0,OPTIMAL,0.04056811332702637,1088.0,1.0
4-10-5-weakcorr-8.txt,4,10,0.5,weakly_correlated,8,FEASIBLE,True,0.0861670970916748,30,40,0.0861670970916748,True,0.013512372970581055,1.0,OPTIMAL,0.0565791130065918,3,0.0,1174.0,OPTIMAL,0.013027191162109375,1174.0,1.0
4-10-5-weakcorr-9.txt,4,10,0.5,weakly_correlated,9,FEASIBLE,True,0.05810832977294922,25,32,0.05810832977294922,True,0.014021158218383789,1.0,OPTIMAL,0.09587383270263672,8,0.0,1000.0,OPTIMAL,0.011079072952270508,1000.0,1.0
4-15-2-strongcorr-0.txt,4,15,0.2,strongly_correlated,0,FEASIBLE,True,0.07759833335876465,26,32,0.07759833335876465,True,0.014241933822631836,1.0,OPTIMAL,0.06386971473693848,2,0.0,789.0,OPTIMAL,0.027060747146606445,789.0,1.0
4-15-2-strongcorr-1.txt,4,15,0.2,strongly_correlated,1,FEASIBLE,True,0.057239532470703125,22,28,0.057239532470703125,True,0.014019012451171875,1.0,OPTIMAL,0.049768686294555664,1,0.0,843.0,OPTIMAL,0.013063192367553711,843.0,1.0
4-15-2-strongcorr-2.txt,4,15,0.2,strongly_correlated,2,FEASIBLE,True,0.11018490791320801,28,44,0.10918498039245605,True,0.014032840728759766,1.0,OPTIMAL,0.03351235389709473,0,0.0,792.0,OPTIMAL,0.02652907371520996,792.0,1.0
4-15-2-strongcorr-3.txt,4,15,0.2,strongly_correlated,3,FEASIBLE,True,0.0687253475189209,18,28,0.0687253475189209,True,0.014516353607177734,1.0,OPTIMAL,0.03906083106994629,1,0.0,825.0,OPTIMAL,0.016936063766479492,825.0,1.0
4-15-2-strongcorr-4.txt,4,15,0.2,strongly_correlated,4,FEASIBLE,True,0.0780935287475586,29,40,0.0780935287475586,True,0.014511823654174805,1.0,OPTIMAL,0.05545520782470703,0,0.0,841.0,OPTIMAL,0.0369110107421875,841.0,1.0
4-15-2-strongcorr-5.txt,4,15,0.2,strongly_correlated,5,FEASIBLE,True,0.0552220344543457,23,28,0.0552220344543457,True,0.014478921890258789,1.0,OPTIMAL,0.08125877380371094,1,0.0,856.0,OPTIMAL,0.03957366943359375,856.0,1.0
4-15-2-strongcorr-6.txt,4,15,0.2,strongly_correlated,6,FEASIBLE,True,0.06171774864196777,26,32,0.06020975112915039,True,0.013049125671386719,1.0,OPTIMAL,0.07508563995361328,1,0.0,759.0,OPTIMAL,0.06179094314575195,759.0,1.0
4-15-2-strongcorr-7.txt,4,15,0.2,strongly_correlated,7,FEASIBLE,True,0.06259727478027344,24,32,0.06259727478027344,True,0.015035390853881836,1.0,OPTIMAL,0.05520343780517578,0,0.0,819.0,OPTIMAL,0.030063390731811523,819.0,1.0
4-15-2-strongcorr-8.txt,4,15,0.2,strongly_correlated,8,FEASIBLE,True,0.07562422752380371,29,40,0.07562422752380371,True,0.013544082641601562,1.0,OPTIMAL,0.10090184211730957,1,0.0,806.0,OPTIMAL,0.0625753402709961,806.0,1.0
4-15-2-strongcorr-9.txt,4,15,0.2,strongly_correlated,9,FEASIBLE,True,0.060591936111450195,24,32,0.060591936111450195,True,0.014037370681762695,1.0,OPTIMAL,0.13180971145629883,5,0.0,807.0,OPTIMAL,0.02208399772644043,807.0,1.0
4-15-2-uncorr-0.txt,4,15,0.2,uncorrelated,0,FEASIBLE,True,0.06888723373413086,24,36,0.06836605072021484,True,0.013296365737915039,1.0,OPTIMAL,0.03184962272644043,0,0.0,1380.0,OPTIMAL,0.007495403289794922,1380.0,1.0
4-15-2-uncorr-1.txt,4,15,0.2,uncorrelated,1,FEASIBLE,True,0.05257773399353027,23,28,0.05257773399353027,True,0.014039754867553711,1.0,OPTIMAL,0.0716245174407959,5,0.0,1537.0,OPTIMAL,0.008519172668457031,1537.0,1.0
4-15-2-uncorr-2.txt,4,15,0.2,uncorrelated,2,FEASIBLE,True,0.045157670974731445,20,24,0.045157670974731445,True,0.01351618766784668,1.0,OPTIMAL,0.04006481170654297,3,0.0,1584.0,OPTIMAL,0.009514808654785156,1584.0,1.0
4-15-2-uncorr-3.txt,4,15,0.2,uncorrelated,3,FEASIBLE,True,0.060613155364990234,23,32,0.060613155364990234,True,0.013515710830688477,1.0,OPTIMAL,0.030545711517333984,0,0.0,1498.0,OPTIMAL,0.009028911590576172,1498.0,1.0
4-15-2-uncorr-4.txt,4,15,0.2,uncorrelated,4,FEASIBLE,True,0.05259227752685547,21,28,0.05259227752685547,True,0.013520002365112305,1.0,OPTIMAL,0.054413557052612305,2,0.0,1311.0,OPTIMAL,0.013143539428710938,1311.0,1.0
4-15-2-uncorr-5.txt,4,15,0.2,uncorrelated,5,FEASIBLE,True,0.05961179733276367,27,32,0.05961179733276367,True,0.014026880264282227,1.0,OPTIMAL,0.034061431884765625,0,0.0,1282.0,OPTIMAL,0.02102041244506836,1282.0,1.0
4-15-2-uncorr-6.txt,4,15,0.2,uncorrelated,6,FEASIBLE,True,0.06062054634094238,23,32,0.05962038040161133,True,0.013030529022216797,1.0,OPTIMAL,0.03206133842468262,0,0.0,1380.0,OPTIMAL,0.008513212203979492,1380.0,1.0
4-15-2-uncorr-7.txt,4,15,0.2,uncorrelated,7,FEASIBLE,True,0.05410623550415039,22,28,0.05410623550415039,True,0.013516902923583984,1.0,OPTIMAL,0.04057049751281738,0,0.0,1246.0,OPTIMAL,0.008509159088134766,1246.0,1.0
4-15-2-uncorr-8.txt,4,15,0.2,uncorrelated,8,FEASIBLE,True,0.05443096160888672,21,28,0.05443096160888672,True,0.014548540115356445,1.0,OPTIMAL,0.036572933197021484,0,0.0,1465.0,OPTIMAL,0.00651240348815918,1465.0,1.0
4-15-2-uncorr-9.txt,4,15,0.2,uncorrelated,9,FEASIBLE,True,0.06176424026489258,22,32,0.06176424026489258,True,0.014021873474121094,1.0,OPTIMAL,0.04807758331298828,2,0.0,1695.0,OPTIMAL,0.01110982894897461,1695.0,1.0
4-15-2-weakcorr-0.txt,4,15,0.2,weakly_correlated,0,FEASIBLE,True,0.06559538841247559,22,28,0.06559538841247559,True,0.014032602310180664,1.0,OPTIMAL,0.02754807472229004,0,0.0,624.0,OPTIMAL,0.020158052444458008,624.0,1.0
4-15-2-weakcorr-1.txt,4,15,0.2,weakly_correlated,1,FEASIBLE,True,0.07461309432983398,25,32,0.07461309432983398,True,0.014027595520019531,1.0,OPTIMAL,0.033064842224121094,0,0.0,620.0,OPTIMAL,0.016051530838012695,620.0,1.0
4-15-2-weakcorr-2.txt,4,15,0.2,weakly_correlated,2,FEASIBLE,True,0.08958101272583008,25,32,0.08958101272583008,True,0.013863325119018555,1.0,OPTIMAL,0.045926809310913086,0,0.0,689.0,OPTIMAL,0.02453446388244629,689.0,1.0
4-15-2-weakcorr-3.txt,4,15,0.2,weakly_correlated,3,FEASIBLE,True,0.09334206581115723,32,44,0.09334206581115723,True,0.01502847671508789,1.0,OPTIMAL,0.07563138008117676,3,0.0,629.0,OPTIMAL,0.03208756446838379,629.0,1.0
4-15-2-weakcorr-4.txt,4,15,0.2,weakly_correlated,4,FEASIBLE,True,0.06160426139831543,24,32,0.060604095458984375,True,0.013513803482055664,1.0,OPTIMAL,0.04306149482727051,0,0.0,650.0,OPTIMAL,0.026061296463012695,650.0,1.0
4-15-2-weakcorr-5.txt,4,15,0.2,weakly_correlated,5,FEASIBLE,True,0.06517672538757324,22,32,0.06465530395507812,True,0.014024019241333008,1.0,OPTIMAL,0.07173728942871094,1,0.0,684.0,OPTIMAL,0.02902507781982422,684.0,1.0
4-15-2-weakcorr-6.txt,4,15,0.2,weakly_correlated,6,FEASIBLE,True,0.06611156463623047,25,32,0.06611156463623047,True,0.014516353607177734,1.0,OPTIMAL,0.14472174644470215,7,0.0,729.0,OPTIMAL,0.03500175476074219,729.0,1.0
4-15-2-weakcorr-7.txt,4,15,0.2,weakly_correlated,7,FEASIBLE,True,0.06618857383728027,21,28,0.06618857383728027,True,0.013514518737792969,1.0,OPTIMAL,0.03964424133300781,0,0.0,650.0,OPTIMAL,0.02610301971435547,650.0,1.0
4-15-2-weakcorr-8.txt,4,15,0.2,weakly_correlated,8,FEASIBLE,True,0.060318946838378906,24,28,0.060318946838378906,True,0.013532638549804688,1.0,OPTIMAL,0.03356218338012695,0,0.0,702.0,OPTIMAL,0.022129297256469727,702.0,1.0
4-15-2-weakcorr-9.txt,4,15,0.2,weakly_correlated,9,FEASIBLE,True,0.06938648223876953,22,32,0.06938648223876953,True,0.013029098510742188,1.0,OPTIMAL,0.03752303123474121,0,0.0,692.0,OPTIMAL,0.02053666114807129,692.0,1.0
4-15-5-strongcorr-0.txt,4,15,0.5,strongly_correlated,0,FEASIBLE,True,0.236893892288208,70,120,0.23589277267456055,True,0.013016223907470703,1.0,OPTIMAL,0.25876283645629883,6,0.0,1888.0,OPTIMAL,0.09183740615844727,1888.0,1.0
4-15-5-strongcorr-1.txt,4,15,0.5,strongly_correlated,1,FEASIBLE,True,0.10585927963256836,39,56,0.10585927963256836,True,0.01402592658996582,1.0,OPTIMAL,0.2508704662322998,15,0.0,2030.0,OPTIMAL,0.07144021987915039,2030.0,1.0
4-15-5-strongcorr-2.txt,4,15,0.5,strongly_correlated,2,FEASIBLE,True,0.06737923622131348,31,36,0.06737923622131348,True,0.013540267944335938,1.0,OPTIMAL,0.30461764335632324,14,0.0,1795.0,OPTIMAL,0.09562468528747559,1795.0,1.0
4-15-5-strongcorr-3.txt,4,15,0.5,strongly_correlated,3,FEASIBLE,True,0.1381223201751709,40,64,0.1381223201751709,True,0.013519048690795898,1.0,OPTIMAL,0.29619455337524414,39,0.0,1932.0,OPTIMAL,0.08195352554321289,1932.0,1.0
4-15-5-strongcorr-4.txt,4,15,0.5,strongly_correlated,4,FEASIBLE,True,0.06008005142211914,28,32,0.06008005142211914,True,0.0130462646484375,1.0,OPTIMAL,0.4320564270019531,6,0.0,1748.0,OPTIMAL,0.21738839149475098,1748.0,1.0
4-15-5-strongcorr-5.txt,4,15,0.5,strongly_correlated,5,FEASIBLE,True,0.13887429237365723,47,68,0.13887429237365723,True,0.013513803482055664,1.0,OPTIMAL,0.8299746513366699,11,0.0,1957.0,OPTIMAL,0.3723437786102295,1957.0,1.0
4-15-5-strongcorr-6.txt,4,15,0.5,strongly_correlated,6,FEASIBLE,True,0.08212661743164062,30,44,0.08212661743164062,True,0.013510465621948242,1.0,OPTIMAL,0.3881094455718994,3,0.0,1848.0,OPTIMAL,0.2799808979034424,1848.0,1.0
4-15-5-strongcorr-7.txt,4,15,0.5,strongly_correlated,7,FEASIBLE,True,0.1572256088256836,45,68,0.1572256088256836,True,0.013807535171508789,1.0,OPTIMAL,0.13028430938720703,8,0.0,1952.0,OPTIMAL,0.06566381454467773,1952.0,1.0
4-15-5-strongcorr-8.txt,4,15,0.5,strongly_correlated,8,FEASIBLE,True,0.07325363159179688,29,36,0.07325363159179688,True,0.014507293701171875,1.0,OPTIMAL,0.13554072380065918,7,0.0,1839.0,OPTIMAL,0.050788164138793945,1839.0,1.0
4-15-5-strongcorr-9.txt,4,15,0.5,strongly_correlated,9,FEASIBLE,True,0.26543140411376953,55,96,0.26543140411376953,True,0.013520240783691406,1.0,OPTIMAL,0.20990324020385742,18,0.0,1921.0,OPTIMAL,0.09979939460754395,1921.0,1.0
4-15-5-uncorr-0.txt,4,15,0.5,uncorrelated,0,FEASIBLE,True,0.06666994094848633,25,36,0.06666994094848633,True,0.012523412704467773,1.0,OPTIMAL,0.04507565498352051,3,0.0,1976.0,OPTIMAL,0.007521152496337891,1976.0,1.0
4-15-5-uncorr-1.txt,4,15,0.5,uncorrelated,1,FEASIBLE,True,0.06812071800231934,27,36,0.06812071800231934,True,0.013526439666748047,1.0,OPTIMAL,0.045609235763549805,1,0.0,2060.0,OPTIMAL,0.004514455795288086,2060.0,1.0
4-15-5-uncorr-2.txt,4,15,0.5,uncorrelated,2,FEASIBLE,True,0.07915711402893066,31,44,0.07915711402893066,True,0.013038873672485352,1.0,OPTIMAL,0.11507177352905273,10,0.0,1924.0,OPTIMAL,0.01181793212890625,1924.0,1.0
4-15-5-uncorr-3.txt,4,15,0.5,uncorrelated,3,FEASIBLE,True,0.06662321090698242,26,36,0.06662321090698242,True,0.014027833938598633,1.0,OPTIMAL,0.05309486389160156,2,0.0,2158.0,OPTIMAL,0.006519317626953125,2158.0,1.0
4-15-5-uncorr-4.txt,4,15,0.5,uncorrelated,4,FEASIBLE,True,0.07014179229736328,29,36,0.07014179229736328,True,0.015021324157714844,1.0,OPTIMAL,0.05060124397277832,5,0.0,2070.0,OPTIMAL,0.009527206420898438,2070.0,1.0
4-15-5-uncorr-5.txt,4,15,0.5,uncorrelated,5,FEASIBLE,True,0.06711292266845703,28,36,0.06711292266845703,True,0.013557672500610352,1.0,OPTIMAL,0.08062529563903809,9,0.0,2451.0,OPTIMAL,0.007525205612182617,2451.0,1.0
4-15-5-uncorr-6.txt,4,15,0.5,uncorrelated,6,FEASIBLE,True,0.05358290672302246,24,28,0.05358290672302246,True,0.01403355598449707,1.0,OPTIMAL,0.05362224578857422,6,0.0,2192.0,OPTIMAL,0.005999088287353516,2192.0,1.0
4-15-5-uncorr-7.txt,4,15,0.5,uncorrelated,7,FEASIBLE,True,0.058092355728149414,24,32,0.058092355728149414,True,0.013025522232055664,1.0,OPTIMAL,0.04457449913024902,1,0.0,1992.0,OPTIMAL,0.005533695220947266,1992.0,1.0
4-15-5-uncorr-8.txt,4,15,0.5,uncorrelated,8,FEASIBLE,True,0.053131103515625,23,28,0.053131103515625,True,0.013516902923583984,1.0,OPTIMAL,0.04006528854370117,0,0.0,1986.0,OPTIMAL,0.006001472473144531,1986.0,1.0
4-15-5-uncorr-9.txt,4,15,0.5,uncorrelated,9,FEASIBLE,True,0.0677192211151123,26,36,0.0677192211151123,True,0.014021158218383789,1.0,OPTIMAL,0.11619162559509277,10,0.0,2196.0,OPTIMAL,0.012262105941772461,2196.0,1.0
4-15-5-weakcorr-0.txt,4,15,0.5,weakly_correlated,0,FEASIBLE,True,0.15491724014282227,37,56,0.15491724014282227,True,0.01401972770690918,1.0,OPTIMAL,0.09024214744567871,3,0.0,1593.0,OPTIMAL,0.03616595268249512,1593.0,1.0
4-15-5-weakcorr-1.txt,4,15,0.5,weakly_correlated,1,FEASIBLE,True,0.17460989952087402,51,76,0.17460989952087402,True,0.013520956039428711,1.0,OPTIMAL,0.15450382232666016,11,0.0,1638.0,OPTIMAL,0.06860709190368652,1638.0,1.0
4-15-5-weakcorr-2.txt,4,15,0.5,weakly_correlated,2,FEASIBLE,True,0.12962937355041504,44,56,0.12962937355041504,True,0.013509750366210938,1.0,OPTIMAL,0.07291245460510254,2,0.0,1560.0,OPTIMAL,0.02723860740661621,1560.0,1.0
4-15-5-weakcorr-3.txt,4,15,0.5,weakly_correlated,3,FEASIBLE,True,0.060135602951049805,25,32,0.060135602951049805,True,0.014510869979858398,1.0,OPTIMAL,0.05377078056335449,0,0.0,1611.0,OPTIMAL,0.024550437927246094,1611.0,1.0
4-15-5-weakcorr-4.txt,4,15,0.5,weakly_correlated,4,FEASIBLE,True,0.09064126014709473,32,44,0.09064126014709473,True,0.013544797897338867,1.0,OPTIMAL,0.11131834983825684,1,0.0,1608.0,OPTIMAL,0.07550668716430664,1608.0,1.0
4-15-5-weakcorr-5.txt,4,15,0.5,weakly_correlated,5,FEASIBLE,True,0.1035311222076416,37,52,0.1035311222076416,True,0.014042377471923828,1.0,OPTIMAL,0.1350235939025879,11,0.0,1570.0,OPTIMAL,0.028542757034301758,1570.0,1.0
4-15-5-weakcorr-6.txt,4,15,0.5,weakly_correlated,6,FEASIBLE,True,0.16201448440551758,51,76,0.16201448440551758,True,0.013906478881835938,1.0,OPTIMAL,0.1590747833251953,9,0.0,1564.0,OPTIMAL,0.03131699562072754,1564.0,1.0
4-15-5-weakcorr-7.txt,4,15,0.5,weakly_correlated,7,FEASIBLE,True,0.11669707298278809,31,48,0.11669707298278809,True,0.013521909713745117,1.0,OPTIMAL,0.0686044692993164,1,0.0,1787.0,OPTIMAL,0.02744913101196289,1787.0,1.0
4-15-5-weakcorr-8.txt,4,15,0.5,weakly_correlated,8,FEASIBLE,True,0.17916512489318848,50,84,0.1781599521636963,True,0.013511180877685547,1.0,OPTIMAL,0.07410287857055664,3,0.0,1610.0,OPTIMAL,0.016033411026000977,1610.0,1.0
4-15-5-weakcorr-9.txt,4,15,0.5,weakly_correlated,9,FEASIBLE,True,0.13675403594970703,48,64,0.13675403594970703,True,0.014034032821655273,1.0,OPTIMAL,0.26128125190734863,37,0.0,1559.0,OPTIMAL,0.06449031829833984,1559.0,1.0
4-20-2-strongcorr-0.txt,4,20,0.2,strongly_correlated,0,FEASIBLE,True,0.06660318374633789,24,28,0.06660318374633789,True,0.014034748077392578,1.0,OPTIMAL,0.07414507865905762,0,0.0,1082.0,OPTIMAL,0.021532297134399414,1082.0,1.0
4-20-2-strongcorr-1.txt,4,20,0.2,strongly_correlated,1,FEASIBLE,True,0.09595918655395508,26,36,0.09595918655395508,True,0.014026403427124023,1.0,OPTIMAL,0.11086511611938477,1,0.0,1105.0,OPTIMAL,0.062218427658081055,1105.0,1.0
4-20-2-strongcorr-2.txt,4,20,0.2,strongly_correlated,2,FEASIBLE,True,0.09868335723876953,30,44,0.09868335723876953,True,0.013519525527954102,1.0,OPTIMAL,0.12706780433654785,5,0.0,1125.0,OPTIMAL,0.04705476760864258,1125.0,1.0
4-20-2-strongcorr-3.txt,4,20,0.2,strongly_correlated,3,FEASIBLE,True,0.11270785331726074,34,48,0.11270785331726074,True,0.014030694961547852,1.0,OPTIMAL,0.043769121170043945,0,0.0,1113.0,OPTIMAL,0.050581932067871094,1113.0,1.0
4-20-2-strongcorr-4.txt,4,20,0.2,strongly_correlated,4,FEASIBLE,True,0.07995796203613281,23,28,0.07995796203613281,True,0.012759208679199219,1.0,OPTIMAL,0.1344437599182129,8,0.0,1170.0,OPTIMAL,0.025546789169311523,1170.0,1.0
4-20-2-strongcorr-5.txt,4,20,0.2,strongly_correlated,5,FEASIBLE,True,0.07513785362243652,30,40,0.07413864135742188,True,0.01318359375,1.0,OPTIMAL,0.09196805953979492,0,0.0,1098.0,OPTIMAL,0.061429738998413086,1098.0,1.0
4-20-2-strongcorr-6.txt,4,20,0.2,strongly_correlated,6,FEASIBLE,True,0.09714794158935547,30,48,0.09714794158935547,True,0.01403951644897461,1.0,OPTIMAL,0.11148500442504883,7,0.0,1090.0,OPTIMAL,0.023555278778076172,1090.0,1.0
4-20-2-strongcorr-7.txt,4,20,0.2,strongly_correlated,7,FEASIBLE,True,0.10914802551269531,25,32,0.10814929008483887,True,0.014185667037963867,1.0,OPTIMAL,0.024703264236450195,0,0.0,1113.0,OPTIMAL,0.0160214900970459,1113.0,1.0
4-20-2-strongcorr-8.txt,4,20,0.2,strongly_correlated,8,FEASIBLE,True,0.19849061965942383,48,80,0.19849061965942383,True,0.014013051986694336,1.0,OPTIMAL,0.13919425010681152,11,0.0,1060.0,OPTIMAL,0.03406071662902832,1060.0,1.0
4-20-2-strongcorr-9.txt,4,20,0.2,strongly_correlated,9,FEASIBLE,True,0.14330744743347168,36,48,0.14180541038513184,True,0.013515233993530273,1.0,OPTIMAL,0.10780930519104004,7,0.0,1125.0,OPTIMAL,0.061829328536987305,1125.0,1.0
4-20-2-uncorr-0.txt,4,20,0.2,uncorrelated,0,FEASIBLE,True,0.054288625717163086,22,28,0.05378365516662598,True,0.01352548599243164,1.0,OPTIMAL,0.03956341743469238,2,0.0,1869.0,OPTIMAL,0.007007122039794922,1869.0,1.0
4-20-2-uncorr-1.txt,4,20,0.2,uncorrelated,1,FEASIBLE,True,0.06380867958068848,23,32,0.06380867958068848,True,0.013365983963012695,1.0,OPTIMAL,0.06344127655029297,5,0.0,2001.0,OPTIMAL,0.010068655014038086,2001.0,1.0
4-20-2-uncorr-2.txt,4,20,0.2,uncorrelated,2,FEASIBLE,True,0.07510685920715332,26,36,0.07510685920715332,True,0.013026714324951172,1.0,OPTIMAL,0.054691314697265625,2,0.0,1839.0,OPTIMAL,0.016515493392944336,1839.0,1.0
4-20-2-uncorr-3.txt,4,20,0.2,uncorrelated,3,FEASIBLE,True,0.06015515327453613,23,32,0.06015515327453613,True,0.013519287109375,1.0,OPTIMAL,0.05611133575439453,3,0.0,1934.0,OPTIMAL,0.010323524475097656,1934.0,1.0
4-20-2-uncorr-4.txt,4,20,0.2,uncorrelated,4,FEASIBLE,True,0.05910515785217285,22,32,0.05910515785217285,True,0.013511419296264648,1.0,OPTIMAL,0.03936934471130371,1,0.0,1762.0,OPTIMAL,0.006010532379150391,1762.0,1.0
4-20-2-uncorr-5.txt,4,20,0.2,uncorrelated,5,FEASIBLE,True,0.053420066833496094,22,28,0.053420066833496094,True,0.014035224914550781,1.0,OPTIMAL,0.029558897018432617,0,0.0,1971.0,OPTIMAL,0.009807109832763672,1971.0,1.0
4-20-2-uncorr-6.txt,4,20,0.2,uncorrelated,6,FEASIBLE,True,0.0656125545501709,26,32,0.0656125545501709,True,0.013522148132324219,1.0,OPTIMAL,0.04445052146911621,3,0.0,1881.0,OPTIMAL,0.010521650314331055,1881.0,1.0
4-20-2-uncorr-7.txt,4,20,0.2,uncorrelated,7,FEASIBLE,True,0.06109762191772461,22,32,0.06109762191772461,True,0.013519287109375,1.0,OPTIMAL,0.056580543518066406,3,0.0,1880.0,OPTIMAL,0.007009983062744141,1880.0,1.0
4-20-2-uncorr-8.txt,4,20,0.2,uncorrelated,8,FEASIBLE,True,0.08194231986999512,25,36,0.08194231986999512,True,0.01687932014465332,1.0,OPTIMAL,0.07601618766784668,4,0.0,1875.0,OPTIMAL,0.008516073226928711,1875.0,1.0
4-20-2-uncorr-9.txt,4,20,0.2,uncorrelated,9,FEASIBLE,True,0.06105685234069824,23,28,0.06105685234069824,True,0.015515327453613281,1.0,OPTIMAL,0.08502912521362305,8,0.0,1892.0,OPTIMAL,0.010936498641967773,1892.0,1.0
4-20-2-weakcorr-0.txt,4,20,0.2,weakly_correlated,0,FEASIBLE,True,0.09973406791687012,22,32,0.09973406791687012,True,0.01605081558227539,1.0,OPTIMAL,0.08103799819946289,1,0.0,1010.0,OPTIMAL,0.026088476181030273,1010.0,1.0
4-20-2-weakcorr-1.txt,4,20,0.2,weakly_correlated,1,FEASIBLE,True,0.05818891525268555,20,24,0.05818891525268555,True,0.015004158020019531,1.0,OPTIMAL,0.03347277641296387,0,0.0,893.0,OPTIMAL,0.009868144989013672,893.0,1.0
4-20-2-weakcorr-2.txt,4,20,0.2,weakly_correlated,2,FEASIBLE,True,0.06024646759033203,20,24,0.06024646759033203,True,0.014976263046264648,1.0,OPTIMAL,0.06887698173522949,2,0.0,860.0,OPTIMAL,0.022047996520996094,860.0,1.0
4-20-2-weakcorr-3.txt,4,20,0.2,weakly_correlated,3,FEASIBLE,True,0.07182788848876953,22,32,0.07182788848876953,True,0.013980627059936523,1.0,OPTIMAL,0.030623674392700195,0,0.0,956.0,OPTIMAL,0.01789546012878418,956.0,1.0
4-20-2-weakcorr-4.txt,4,20,0.2,weakly_correlated,4,FEASIBLE,True,0.0678563117980957,23,28,0.0678563117980957,True,0.015090465545654297,1.0,OPTIMAL,0.051026344299316406,0,0.0,937.0,OPTIMAL,0.01485753059387207,937.0,1.0
4-20-2-weakcorr-5.txt,4,20,0.2,weakly_correlated,5,FEASIBLE,True,0.09009885787963867,22,32,0.09009885787963867,True,0.013940811157226562,1.0,OPTIMAL,0.057811737060546875,0,0.0,944.0,OPTIMAL,0.03005218505859375,944.0,1.0
4-20-2-weakcorr-6.txt,4,20,0.2,weakly_correlated,6,FEASIBLE,True,0.08975648880004883,25,36,0.08975648880004883,True,0.015411138534545898,1.0,OPTIMAL,0.05684161186218262,0,0.0,891.0,OPTIMAL,0.017979860305786133,891.0,1.0
4-20-2-weakcorr-7.txt,4,20,0.2,weakly_correlated,7,FEASIBLE,True,0.08469867706298828,24,40,0.08469867706298828,True,0.014557600021362305,1.0,OPTIMAL,0.042376041412353516,0,0.0,997.0,OPTIMAL,0.02008652687072754,997.0,1.0
4-20-2-weakcorr-8.txt,4,20,0.2,weakly_correlated,8,FEASIBLE,True,0.09256219863891602,22,32,0.09256219863891602,True,0.015084981918334961,1.0,OPTIMAL,0.07932329177856445,1,0.0,1000.0,OPTIMAL,0.037072181701660156,1000.0,1.0
4-20-2-weakcorr-9.txt,4,20,0.2,weakly_correlated,9,FEASIBLE,True,0.10693144798278809,32,44,0.10693144798278809,True,0.014772176742553711,1.0,OPTIMAL,0.06978940963745117,2,0.0,890.0,OPTIMAL,0.023667097091674805,890.0,1.0
4-20-5-strongcorr-0.txt,4,20,0.5,strongly_correlated,0,FEASIBLE,True,0.15658211708068848,37,60,0.15658211708068848,True,0.014026641845703125,1.0,OPTIMAL,0.26435160636901855,6,0.0,2610.0,OPTIMAL,0.10237360000610352,2610.0,1.0
4-20-5-strongcorr-1.txt,4,20,0.5,strongly_correlated,1,FEASIBLE,True,0.08915185928344727,30,40,0.08915185928344727,True,0.013895988464355469,1.0,OPTIMAL,0.1358034610748291,4,0.0,2519.0,OPTIMAL,0.09774589538574219,2519.0,1.0
4-20-5-strongcorr-2.txt,4,20,0.5,strongly_correlated,2,FEASIBLE,True,0.06675410270690918,27,32,0.06675410270690918,True,0.015038013458251953,1.0,OPTIMAL,0.2750742435455322,10,0.0,2538.0,OPTIMAL,0.0784311294555664,2538.0,1.0
4-20-5-strongcorr-3.txt,4,20,0.5,strongly_correlated,3,FEASIBLE,True,0.09357023239135742,34,48,0.09304428100585938,True,0.014408111572265625,1.0,OPTIMAL,0.8172416687011719,27,0.0,2502.0,OPTIMAL,0.3764073848724365,2502.0,1.0
4-20-5-strongcorr-4.txt,4,20,0.5,strongly_correlated,4,FEASIBLE,True,0.10826373100280762,39,52,0.10826373100280762,True,0.014515876770019531,1.0,OPTIMAL,0.6515932083129883,8,0.0,2392.0,OPTIMAL,0.2736854553222656,2392.0,1.0
4-20-5-strongcorr-5.txt,4,20,0.5,strongly_correlated,5,FEASIBLE,True,0.09268689155578613,32,44,0.09268689155578613,True,0.01743912696838379,1.0,OPTIMAL,1.5944433212280273,6,0.0,2512.0,OPTIMAL,0.2164936065673828,2512.0,1.0
4-20-5-strongcorr-6.txt,4,20,0.5,strongly_correlated,6,FEASIBLE,True,0.10334086418151855,35,44,0.10334086418151855,True,0.01551675796508789,1.0,OPTIMAL,0.3144500255584717,15,0.0,2593.0,OPTIMAL,0.09562063217163086,2593.0,1.0
4-20-5-strongcorr-7.txt,4,20,0.5,strongly_correlated,7,FEASIBLE,True,0.09037923812866211,28,36,0.09037923812866211,True,0.014524698257446289,1.0,OPTIMAL,0.15401220321655273,5,0.0,2297.0,OPTIMAL,0.026694536209106445,2297.0,1.0
4-20-5-strongcorr-8.txt,4,20,0.5,strongly_correlated,8,FEASIBLE,True,0.22436141967773438,65,80,0.22336053848266602,True,0.015530109405517578,1.0,OPTIMAL,0.49158477783203125,28,0.0,2470.0,OPTIMAL,0.14299821853637695,2470.0,1.0
4-20-5-strongcorr-9.txt,4,20,0.5,strongly_correlated,9,FEASIBLE,True,0.15762114524841309,44,60,0.1561121940612793,True,0.014062166213989258,1.0,OPTIMAL,0.1411449909210205,7,0.0,2560.0,OPTIMAL,0.054593563079833984,2560.0,1.0
4-20-5-uncorr-0.txt,4,20,0.5,uncorrelated,0,FEASIBLE,True,0.06432533264160156,24,32,0.06432533264160156,True,0.01618814468383789,1.0,OPTIMAL,0.12346863746643066,12,0.0,2952.0,OPTIMAL,0.011516571044921875,2952.0,1.0
4-20-5-uncorr-1.txt,4,20,0.5,uncorrelated,1,FEASIBLE,True,0.06381845474243164,25,32,0.06381845474243164,True,0.014497995376586914,1.0,OPTIMAL,0.11379265785217285,9,0.0,2947.0,OPTIMAL,0.02059459686279297,2947.0,1.0
4-20-5-uncorr-2.txt,4,20,0.5,uncorrelated,2,FEASIBLE,True,0.07052159309387207,28,36,0.07052159309387207,True,0.013511896133422852,1.0,OPTIMAL,0.11150264739990234,12,0.0,2813.0,OPTIMAL,0.00850987434387207,2813.0,1.0
4-20-5-uncorr-3.txt,4,20,0.5,uncorrelated,3,FEASIBLE,True,0.05958390235900879,24,28,0.05958390235900879,True,0.014520645141601562,1.0,OPTIMAL,0.08089470863342285,3,0.0,3086.0,OPTIMAL,0.023244142532348633,3086.0,1.0
4-20-5-uncorr-4.txt,4,20,0.5,uncorrelated,4,FEASIBLE,True,0.06838417053222656,25,32,0.06838417053222656,True,0.016193389892578125,1.0,OPTIMAL,0.0878136157989502,8,0.0,2837.0,OPTIMAL,0.010997533798217773,2837.0,1.0
4-20-5-uncorr-5.txt,4,20,0.5,uncorrelated,5,FEASIBLE,True,0.07774662971496582,24,36,0.07774662971496582,True,0.014904975891113281,1.0,OPTIMAL,0.08392596244812012,6,0.0,2984.0,OPTIMAL,0.017467021942138672,2984.0,1.0
4-20-5-uncorr-6.txt,4,20,0.5,uncorrelated,6,FEASIBLE,True,0.07062292098999023,30,36,0.07062292098999023,True,0.01353597640991211,1.0,OPTIMAL,0.0496058464050293,3,0.0,2662.0,OPTIMAL,0.011747360229492188,2662.0,1.0
4-20-5-uncorr-7.txt,4,20,0.5,uncorrelated,7,FEASIBLE,True,0.0631246566772461,26,32,0.0631246566772461,True,0.014528274536132812,1.0,OPTIMAL,0.05410957336425781,0,0.0,3062.0,OPTIMAL,0.011533021926879883,3062.0,1.0
4-20-5-uncorr-8.txt,4,20,0.5,uncorrelated,8,FEASIBLE,True,0.08513712882995605,31,44,0.08513712882995605,True,0.015073776245117188,1.0,OPTIMAL,0.1354973316192627,19,0.0,2792.0,OPTIMAL,0.01832437515258789,2792.0,1.0
4-20-5-uncorr-9.txt,4,20,0.5,uncorrelated,9,FEASIBLE,True,0.08515167236328125,31,44,0.08515167236328125,True,0.015036821365356445,1.0,OPTIMAL,0.10996890068054199,8,0.0,2877.0,OPTIMAL,0.015027523040771484,2877.0,1.0
4-20-5-weakcorr-0.txt,4,20,0.5,weakly_correlated,0,FEASIBLE,True,0.09170722961425781,26,32,0.09170722961425781,True,0.014616727828979492,1.0,OPTIMAL,0.10012245178222656,9,0.0,2147.0,OPTIMAL,0.035097360610961914,2147.0,1.0
4-20-5-weakcorr-1.txt,4,20,0.5,weakly_correlated,1,FEASIBLE,True,0.16675376892089844,46,72,0.16675376892089844,True,0.013959169387817383,1.0,OPTIMAL,0.08392214775085449,5,0.0,2161.0,OPTIMAL,0.03836226463317871,2161.0,1.0
4-20-5-weakcorr-2.txt,4,20,0.5,weakly_correlated,2,FEASIBLE,True,0.15955567359924316,37,44,0.15955567359924316,True,0.014286279678344727,1.0,OPTIMAL,0.09779024124145508,1,0.0,2272.0,OPTIMAL,0.07236933708190918,2272.0,1.0
4-20-5-weakcorr-3.txt,4,20,0.5,weakly_correlated,3,FEASIBLE,True,0.14609861373901367,33,56,0.14509320259094238,True,0.018749713897705078,1.0,OPTIMAL,0.10170483589172363,6,0.0,2243.0,OPTIMAL,0.02874302864074707,2243.0,1.0
4-20-5-weakcorr-4.txt,4,20,0.5,weakly_correlated,4,FEASIBLE,True,0.10779881477355957,35,48,0.10779881477355957,True,0.013869762420654297,1.0,OPTIMAL,0.07770538330078125,2,0.0,2158.0,OPTIMAL,0.01899266242980957,2158.0,1.0
4-20-5-weakcorr-5.txt,4,20,0.5,weakly_correlated,5,FEASIBLE,True,0.08421182632446289,32,40,0.08421182632446289,True,0.014033794403076172,1.0,OPTIMAL,0.1427617073059082,5,0.0,2031.0,OPTIMAL,0.05446362495422363,2031.0,1.0
4-20-5-weakcorr-6.txt,4,20,0.5,weakly_correlated,6,FEASIBLE,True,0.28557634353637695,72,100,0.28557634353637695,True,0.01502680778503418,1.0,OPTIMAL,0.23727655410766602,23,0.0,1964.0,OPTIMAL,0.09975528717041016,1964.0,1.0
4-20-5-weakcorr-7.txt,4,20,0.5,weakly_correlated,7,FEASIBLE,True,0.09239745140075684,31,44,0.09239745140075684,True,0.015893220901489258,1.0,OPTIMAL,0.06512904167175293,2,0.0,2233.0,OPTIMAL,0.008578062057495117,2233.0,1.0
4-20-5-weakcorr-8.txt,4,20,0.5,weakly_correlated,8,FEASIBLE,True,0.15230464935302734,39,52,0.15230464935302734,True,0.014409303665161133,1.0,OPTIMAL,0.15102291107177734,2,0.0,2236.0,OPTIMAL,0.08873939514160156,2236.0,1.0
4-20-5-weakcorr-9.txt,4,20,0.5,weakly_correlated,9,FEASIBLE,True,0.22626829147338867,52,84,0.22573208808898926,True,0.013972997665405273,1.0,OPTIMAL,0.331820011138916,33,0.0,1982.0,OPTIMAL,0.09538054466247559,1982.0,1.0
4-30-2-strongcorr-0.txt,4,30,0.2,strongly_correlated,0,FEASIBLE,True,0.12944531440734863,35,48,0.12844491004943848,True,0.016466379165649414,1.0,OPTIMAL,0.1225118637084961,6,0.0,1621.0,OPTIMAL,0.02948760986328125,1621.0,1.0
4-30-2-strongcorr-1.txt,4,30,0.2,strongly_correlated,1,FEASIBLE,True,0.17133522033691406,35,48,0.1703319549560547,True,0.015996694564819336,1.0,OPTIMAL,0.0553438663482666,2,0.0,1730.0,OPTIMAL,0.0235292911529541,1730.0,1.0
4-30-2-strongcorr-2.txt,4,30,0.2,strongly_correlated,2,FEASIBLE,True,0.10882115364074707,32,40,0.10882115364074707,True,0.018587589263916016,1.0,OPTIMAL,0.19495034217834473,12,0.0,1658.0,OPTIMAL,0.0891115665435791,1658.0,1.0
4-30-2-strongcorr-3.txt,4,30,0.2,strongly_correlated,3,FEASIBLE,True,0.0689847469329834,24,32,0.0689847469329834,True,0.015053510665893555,1.0,OPTIMAL,0.20305371284484863,1,0.0,1729.0,OPTIMAL,0.13171100616455078,1729.0,1.0
4-30-2-strongcorr-4.txt,4,30,0.2,strongly_correlated,4,FEASIBLE,True,0.20953893661499023,39,60,0.1950218677520752,True,0.015526056289672852,1.0,OPTIMAL,0.16434073448181152,11,0.0,1681.0,OPTIMAL,0.03672289848327637,1681.0,1.0
4-30-2-strongcorr-5.txt,4,30,0.2,strongly_correlated,5,FEASIBLE,True,0.11694574356079102,27,44,0.11694574356079102,True,0.01660013198852539,1.0,OPTIMAL,0.04013323783874512,0,0.0,1635.0,OPTIMAL,0.013500690460205078,1635.0,1.0
4-30-2-strongcorr-6.txt,4,30,0.2,strongly_correlated,6,FEASIBLE,True,0.10875606536865234,28,36,0.10875606536865234,True,0.014566898345947266,1.0,OPTIMAL,0.09148311614990234,1,0.0,1741.0,OPTIMAL,0.03473258018493652,1741.0,1.0
4-30-2-strongcorr-7.txt,4,30,0.2,strongly_correlated,7,FEASIBLE,True,0.12424612045288086,31,40,0.12323880195617676,True,0.0158383846282959,1.0,OPTIMAL,0.11696839332580566,2,0.0,1718.0,OPTIMAL,0.026551485061645508,1718.0,1.0
4-30-2-strongcorr-8.txt,4,30,0.2,strongly_correlated,8,FEASIBLE,True,0.13279247283935547,30,44,0.11577773094177246,True,0.014714479446411133,1.0,OPTIMAL,0.0992579460144043,2,0.0,1707.0,OPTIMAL,0.024678945541381836,1707.0,1.0
4-30-2-strongcorr-9.txt,4,30,0.2,strongly_correlated,9,FEASIBLE,True,0.10575699806213379,32,40,0.10575699806213379,True,0.015038728713989258,1.0,OPTIMAL,0.1155235767364502,0,0.0,1739.0,OPTIMAL,0.09045982360839844,1739.0,1.0
4-30-2-uncorr-0.txt,4,30,0.2,uncorrelated,0,FEASIBLE,True,0.0652930736541748,25,32,0.0652930736541748,True,0.014508724212646484,1.0,OPTIMAL,0.05879974365234375,4,0.0,3034.0,OPTIMAL,0.012508153915405273,3034.0,1.0
4-30-2-uncorr-1.txt,4,30,0.2,uncorrelated,1,FEASIBLE,True,0.10119986534118652,28,40,0.10119986534118652,True,0.014553308486938477,1.0,OPTIMAL,0.05234098434448242,0,0.0,2781.0,OPTIMAL,0.015511035919189453,2781.0,1.0
4-30-2-uncorr-2.txt,4,30,0.2,uncorrelated,2,FEASIBLE,True,0.12207293510437012,35,52,0.12107348442077637,True,0.014032125473022461,1.0,OPTIMAL,0.11571431159973145,9,0.0,2978.0,OPTIMAL,0.01723456382751465,2978.0,1.0
4-30-2-uncorr-3.txt,4,30,0.2,uncorrelated,3,FEASIBLE,True,0.05863690376281738,24,28,0.05763649940490723,True,0.01454305648803711,1.0,OPTIMAL,0.03377819061279297,0,0.0,3115.0,OPTIMAL,0.013869762420654297,3115.0,1.0
4-30-2-uncorr-4.txt,4,30,0.2,uncorrelated,4,FEASIBLE,True,0.08302903175354004,27,40,0.08302903175354004,True,0.01553654670715332,1.0,OPTIMAL,0.09477996826171875,6,0.0,2834.0,OPTIMAL,0.014516353607177734,2834.0,1.0
4-30-2-uncorr-5.txt,4,30,0.2,uncorrelated,5,FEASIBLE,True,0.07262182235717773,27,36,0.07262182235717773,True,0.014036893844604492,1.0,OPTIMAL,0.08901858329772949,5,0.0,2892.0,OPTIMAL,0.014405488967895508,2892.0,1.0
4-30-2-uncorr-6.txt,4,30,0.2,uncorrelated,6,FEASIBLE,True,0.09417057037353516,32,44,0.09417057037353516,True,0.014088153839111328,1.0,OPTIMAL,0.07107114791870117,3,0.0,2446.0,OPTIMAL,0.014792203903198242,2446.0,1.0
4-30-2-uncorr-7.txt,4,30,0.2,uncorrelated,7,FEASIBLE,True,0.05793476104736328,23,28,0.05793476104736328,True,0.015871524810791016,1.0,OPTIMAL,0.052754878997802734,3,0.0,3035.0,OPTIMAL,0.010507345199584961,3035.0,1.0
4-30-2-uncorr-8.txt,4,30,0.2,uncorrelated,8,FEASIBLE,True,0.09217619895935059,32,44,0.09217619895935059,True,0.015038490295410156,1.0,OPTIMAL,0.1000666618347168,9,0.0,2814.0,OPTIMAL,0.03499579429626465,2814.0,1.0
4-30-2-uncorr-9.txt,4,30,0.2,uncorrelated,9,FEASIBLE,True,0.07641983032226562,28,36,0.07641983032226562,True,0.013033151626586914,1.0,OPTIMAL,0.07653999328613281,5,0.0,2927.0,OPTIMAL,0.013086080551147461,2927.0,1.0
4-30-2-weakcorr-0.txt,4,30,0.2,weakly_correlated,0,FEASIBLE,True,0.18503355979919434,33,44,0.17652511596679688,True,0.013524770736694336,1.0,OPTIMAL,0.17888474464416504,8,0.0,1468.0,OPTIMAL,0.06445980072021484,1468.0,1.0
4-30-2-weakcorr-1.txt,4,30,0.2,weakly_correlated,1,FEASIBLE,True,0.08517813682556152,25,36,0.08517813682556152,True,0.013515710830688477,1.0,OPTIMAL,0.061608076095581055,0,0.0,1364.0,OPTIMAL,0.0451052188873291,1364.0,1.0
4-30-2-weakcorr-2.txt,4,30,0.2,weakly_correlated,2,FEASIBLE,True,0.11269164085388184,24,28,0.11269164085388184,True,0.013625860214233398,1.0,OPTIMAL,0.20794939994812012,7,0.0,1379.0,OPTIMAL,0.09422111511230469,1379.0,1.0
4-30-2-weakcorr-3.txt,4,30,0.2,weakly_correlated,3,FEASIBLE,True,0.06274199485778809,25,32,0.06274199485778809,True,0.014228105545043945,1.0,OPTIMAL,0.08802390098571777,4,0.0,1368.0,OPTIMAL,0.047284603118896484,1368.0,1.0
4-30-2-weakcorr-4.txt,4,30,0.2,weakly_correlated,4,FEASIBLE,True,0.10822868347167969,33,44,0.10822868347167969,True,0.013247251510620117,1.0,OPTIMAL,0.10466647148132324,1,0.0,1398.0,OPTIMAL,0.07055211067199707,1398.0,1.0
4-30-2-weakcorr-5.txt,4,30,0.2,weakly_correlated,5,FEASIBLE,True,0.08561253547668457,27,36,0.08561253547668457,True,0.014531373977661133,1.0,OPTIMAL,0.059613704681396484,3,0.0,1320.0,OPTIMAL,0.015032291412353516,1320.0,1.0
4-30-2-weakcorr-6.txt,4,30,0.2,weakly_correlated,6,FEASIBLE,True,0.09176278114318848,30,36,0.09176278114318848,True,0.015572786331176758,1.0,OPTIMAL,0.12548303604125977,1,0.0,1467.0,OPTIMAL,0.04570770263671875,1467.0,1.0
4-30-2-weakcorr-7.txt,4,30,0.2,weakly_correlated,7,FEASIBLE,True,0.0966644287109375,31,36,0.09566378593444824,True,0.013520002365112305,1.0,OPTIMAL,0.14520835876464844,4,0.0,1380.0,OPTIMAL,0.05175495147705078,1380.0,1.0
4-30-2-weakcorr-8.txt,4,30,0.2,weakly_correlated,8,FEASIBLE,True,0.0798807144165039,25,32,0.07888531684875488,True,0.015359163284301758,1.0,OPTIMAL,0.06340742111206055,0,0.0,1470.0,OPTIMAL,0.036421775817871094,1470.0,1.0
4-30-2-weakcorr-9.txt,4,30,0.2,weakly_correlated,9,FEASIBLE,True,0.17447900772094727,28,36,0.17346692085266113,True,0.016040802001953125,1.0,OPTIMAL,0.18350601196289062,0,0.0,1440.0,OPTIMAL,0.25185465812683105,1440.0,1.0
4-30-5-strongcorr-0.txt,4,30,0.5,strongly_correlated,0,FEASIBLE,True,0.19266939163208008,43,64,0.19166946411132812,True,0.016222476959228516,1.0,OPTIMAL,0.4303712844848633,38,0.0,3587.0,OPTIMAL,0.22620558738708496,3587.0,1.0
4-30-5-strongcorr-1.txt,4,30,0.5,strongly_correlated,1,FEASIBLE,True,0.10099196434020996,38,48,0.10099196434020996,True,0.01532745361328125,1.0,OPTIMAL,0.7666811943054199,42,0.0,3822.0,OPTIMAL,0.1624007225036621,3822.0,1.0
4-30-5-strongcorr-2.txt,4,30,0.5,strongly_correlated,2,FEASIBLE,True,0.18985795974731445,58,84,0.1888599395751953,True,0.014511346817016602,1.0,OPTIMAL,0.49115943908691406,29,0.0,3590.0,OPTIMAL,0.3223083019256592,3590.0,1.0
4-30-5-strongcorr-3.txt,4,30,0.5,strongly_correlated,3,FEASIBLE,True,0.06661629676818848,27,32,0.06661629676818848,True,0.015020132064819336,1.0,OPTIMAL,0.6188642978668213,15,0.0,3748.0,OPTIMAL,0.7993710041046143,3748.0,1.0
4-30-5-strongcorr-4.txt,4,30,0.5,strongly_correlated,4,FEASIBLE,True,0.12283945083618164,44,56,0.12283945083618164,True,0.014520883560180664,1.0,OPTIMAL,0.962695837020874,22,0.0,3708.0,OPTIMAL,0.3621981143951416,3708.0,1.0
4-30-5-strongcorr-5.txt,4,30,0.5,strongly_correlated,5,FEASIBLE,True,0.10373735427856445,34,44,0.10373735427856445,True,0.017528057098388672,1.0,OPTIMAL,1.9638807773590088,16,0.0,3601.0,OPTIMAL,1.6251647472381592,3601.0,1.0
4-30-5-strongcorr-6.txt,4,30,0.5,strongly_correlated,6,FEASIBLE,True,0.24204373359680176,54,76,0.23252511024475098,True,0.015516281127929688,1.0,OPTIMAL,0.5463669300079346,25,0.0,3658.0,OPTIMAL,0.2063448429107666,3658.0,1.0
4-30-5-strongcorr-7.txt,4,30,0.5,strongly_correlated,7,FEASIBLE,True,0.09810042381286621,35,44,0.09810042381286621,True,0.015029430389404297,1.0,OPTIMAL,5.383956670761108,16,0.0,3718.0,OPTIMAL,2.240875482559204,3718.0,1.0
4-30-5-strongcorr-8.txt,4,30,0.5,strongly_correlated,8,FEASIBLE,True,0.3747527599334717,77,128,0.37375426292419434,True,0.01603245735168457,1.0,OPTIMAL,0.31217241287231445,12,0.0,3670.0,OPTIMAL,0.18164992332458496,3670.0,1.0
4-30-5-strongcorr-9.txt,4,30,0.5,strongly_correlated,9,FEASIBLE,True,0.06630992889404297,27,32,0.06630992889404297,True,0.014039039611816406,1.0,OPTIMAL,1.7706022262573242,6,0.0,3864.0,OPTIMAL,1.298614263534546,3864.0,1.0
4-30-5-uncorr-0.txt,4,30,0.5,uncorrelated,0,FEASIBLE,True,0.11191654205322266,35,52,0.11191654205322266,True,0.015520572662353516,1.0,OPTIMAL,0.1094205379486084,13,0.0,4257.0,OPTIMAL,0.023039579391479492,4257.0,1.0
4-30-5-uncorr-1.txt,4,30,0.5,uncorrelated,1,FEASIBLE,True,0.06663703918457031,23,32,0.06663703918457031,True,0.015039443969726562,1.0,OPTIMAL,0.07215380668640137,1,0.0,4114.0,OPTIMAL,0.021196365356445312,4114.0,1.0
4-30-5-uncorr-2.txt,4,30,0.5,uncorrelated,2,FEASIBLE,True,0.08215689659118652,31,40,0.08215689659118652,True,0.014550924301147461,1.0,OPTIMAL,0.09116673469543457,9,0.0,4744.0,OPTIMAL,0.02153921127319336,4744.0,1.0
4-30-5-uncorr-3.txt,4,30,0.5,uncorrelated,3,FEASIBLE,True,0.10405468940734863,34,40,0.10405468940734863,True,0.015038251876831055,1.0,OPTIMAL,0.11281275749206543,11,0.0,4582.0,OPTIMAL,0.027889251708984375,4582.0,1.0
4-30-5-uncorr-4.txt,4,30,0.5,uncorrelated,4,FEASIBLE,True,0.07666611671447754,26,36,0.07666611671447754,True,0.016028404235839844,1.0,OPTIMAL,0.08615279197692871,8,0.0,4228.0,OPTIMAL,0.029534578323364258,4228.0,1.0
4-30-5-uncorr-5.txt,4,30,0.5,uncorrelated,5,FEASIBLE,True,0.06640243530273438,28,32,0.06640243530273438,True,0.014021635055541992,1.0,OPTIMAL,0.11527132987976074,13,0.0,4192.0,OPTIMAL,0.02454996109008789,4192.0,1.0
4-30-5-uncorr-6.txt,4,30,0.5,uncorrelated,6,FEASIBLE,True,0.10065793991088867,38,48,0.09965872764587402,True,0.015034914016723633,1.0,OPTIMAL,0.10819411277770996,17,0.0,3988.0,OPTIMAL,0.020034313201904297,3988.0,1.0
4-30-5-uncorr-7.txt,4,30,0.5,uncorrelated,7,FEASIBLE,True,0.06724381446838379,27,32,0.06623983383178711,True,0.014507293701171875,1.0,OPTIMAL,0.1893782615661621,21,0.0,4287.0,OPTIMAL,0.0343778133392334,4287.0,1.0
4-30-5-uncorr-8.txt,4,30,0.5,uncorrelated,8,FEASIBLE,True,0.07463979721069336,29,36,0.07463979721069336,True,0.015513420104980469,1.0,OPTIMAL,0.09459042549133301,7,0.0,4569.0,OPTIMAL,0.025038480758666992,4569.0,1.0
4-30-5-uncorr-9.txt,4,30,0.5,uncorrelated,9,FEASIBLE,True,0.07413339614868164,30,36,0.07413339614868164,True,0.015030384063720703,1.0,OPTIMAL,0.09377026557922363,2,0.0,4383.0,OPTIMAL,0.02527332305908203,4383.0,1.0
4-30-5-weakcorr-0.txt,4,30,0.5,weakly_correlated,0,FEASIBLE,True,0.14772605895996094,30,36,0.14772605895996094,True,0.02056288719177246,1.0,OPTIMAL,0.33100438117980957,1,0.0,3208.0,OPTIMAL,0.19872474670410156,3208.0,1.0
4-30-5-weakcorr-1.txt,4,30,0.5,weakly_correlated,1,FEASIBLE,True,0.3626542091369629,62,108,0.35314440727233887,True,0.01586747169494629,1.0,OPTIMAL,0.2391834259033203,3,0.0,3435.0,OPTIMAL,0.21616816520690918,3435.0,1.0
4-30-5-weakcorr-2.txt,4,30,0.5,weakly_correlated,2,FEASIBLE,True,0.17676115036010742,42,56,0.17576193809509277,True,0.015050888061523438,1.0,OPTIMAL,0.3163595199584961,30,0.0,3183.0,OPTIMAL,0.05067300796508789,3183.0,1.0
4-30-5-weakcorr-3.txt,4,30,0.5,weakly_correlated,3,FEASIBLE,True,0.5172920227050781,96,164,0.5157883167266846,True,0.016522884368896484,1.0,OPTIMAL,0.4432542324066162,46,0.0,3215.0,OPTIMAL,0.08659219741821289,3215.0,1.0
4-30-5-weakcorr-4.txt,4,30,0.5,weakly_correlated,4,FEASIBLE,True,0.18347954750061035,43,56,0.18347954750061035,True,0.015037059783935547,1.0,OPTIMAL,0.2384026050567627,20,0.0,3227.0,OPTIMAL,0.11316847801208496,3227.0,1.0
4-30-5-weakcorr-5.txt,4,30,0.5,weakly_correlated,5,FEASIBLE,True,0.1984245777130127,37,56,0.1984245777130127,True,0.017033100128173828,1.0,OPTIMAL,0.22869610786437988,16,0.0,2962.0,OPTIMAL,0.09751081466674805,2962.0,1.0
4-30-5-weakcorr-6.txt,4,30,0.5,weakly_correlated,6,FEASIBLE,True,0.24900174140930176,51,76,0.24900174140930176,True,0.015526056289672852,1.0,OPTIMAL,0.315030574798584,25,0.0,3386.0,OPTIMAL,0.12981081008911133,3386.0,1.0
4-30-5-weakcorr-7.txt,4,30,0.5,weakly_correlated,7,FEASIBLE,True,0.35977983474731445,87,112,0.3587808609008789,True,0.016038179397583008,1.0,OPTIMAL,0.3902287483215332,63,0.0,3238.0,OPTIMAL,0.185516357421875,3238.0,1.0
4-30-5-weakcorr-8.txt,4,30,0.5,weakly_correlated,8,FEASIBLE,True,0.19829750061035156,49,60,0.19829750061035156,True,0.016051530838012695,1.0,OPTIMAL,0.34733080863952637,40,0.0,3065.0,OPTIMAL,0.054094552993774414,3065.0,1.0
4-30-5-weakcorr-9.txt,4,30,0.5,weakly_correlated,9,FEASIBLE,True,0.18475341796875,39,48,0.18475341796875,True,0.01604318618774414,1.0,OPTIMAL,0.23568940162658691,20,0.0,3517.0,OPTIMAL,0.10270833969116211,3517.0,1.0
4-40-2-strongcorr-0.txt,4,40,0.2,strongly_correlated,0,FEASIBLE,True,0.17670559883117676,32,44,0.17470479011535645,True,0.015039682388305664,1.0,OPTIMAL,0.19314241409301758,12,0.0,2184.0,OPTIMAL,0.05727267265319824,2184.0,1.0
4-40-2-strongcorr-1.txt,4,40,0.2,strongly_correlated,1,FEASIBLE,True,0.2922215461730957,42,60,0.29121875762939453,True,0.017041683197021484,1.0,OPTIMAL,0.37993574142456055,3,0.0,2295.0,OPTIMAL,0.13335847854614258,2295.0,1.0
4-40-2-strongcorr-2.txt,4,40,0.2,strongly_correlated,2,FEASIBLE,True,0.13127827644348145,31,40,0.13027596473693848,True,0.015512943267822266,1.0,OPTIMAL,0.11796236038208008,7,0.0,2312.0,OPTIMAL,0.04700732231140137,2312.0,1.0
4-40-2-strongcorr-3.txt,4,40,0.2,strongly_correlated,3,FEASIBLE,True,0.6059179306030273,88,152,0.5962643623352051,True,0.01705026626586914,1.0,OPTIMAL,0.20004487037658691,7,0.0,2207.0,OPTIMAL,0.18809008598327637,2207.0,1.0
4-40-2-strongcorr-4.txt,4,40,0.2,strongly_correlated,4,FEASIBLE,True,0.2048966884613037,41,64,0.20389223098754883,True,0.016773700714111328,1.0,OPTIMAL,0.368436336517334,26,0.0,2131.0,OPTIMAL,0.16839194297790527,2131.0,1.0
4-40-2-strongcorr-5.txt,4,40,0.2,strongly_correlated,5,FEASIBLE,True,0.22905898094177246,45,56,0.22751402854919434,True,0.017335176467895508,1.0,OPTIMAL,0.2571384906768799,8,0.0,2339.0,OPTIMAL,0.052945852279663086,2339.0,1.0
4-40-2-strongcorr-6.txt,4,40,0.2,strongly_correlated,6,FEASIBLE,True,0.16242551803588867,36,48,0.16092252731323242,True,0.01851201057434082,1.0,OPTIMAL,0.25093507766723633,13,0.0,2323.0,OPTIMAL,0.05902409553527832,2323.0,1.0
4-40-2-strongcorr-7.txt,4,40,0.2,strongly_correlated,7,FEASIBLE,True,0.27882862091064453,50,72,0.2778282165527344,True,0.016025543212890625,1.0,OPTIMAL,0.12313008308410645,6,0.0,2264.0,OPTIMAL,0.06535601615905762,2264.0,1.0
4-40-2-strongcorr-8.txt,4,40,0.2,strongly_correlated,8,FEASIBLE,True,0.10219860076904297,30,40,0.1011960506439209,True,0.014737606048583984,1.0,OPTIMAL,0.08629870414733887,3,0.0,2275.0,OPTIMAL,0.033854007720947266,2275.0,1.0
4-40-2-strongcorr-9.txt,4,40,0.2,strongly_correlated,9,FEASIBLE,True,0.06827139854431152,27,32,0.06827139854431152,True,0.016896963119506836,1.0,OPTIMAL,0.12923574447631836,9,0.0,2227.0,OPTIMAL,0.01904010772705078,2227.0,1.0
4-40-2-uncorr-0.txt,4,40,0.2,uncorrelated,0,FEASIBLE,True,0.06567001342773438,25,32,0.06567001342773438,True,0.015028715133666992,1.0,OPTIMAL,0.11988377571105957,7,0.0,3956.0,OPTIMAL,0.026201725006103516,3956.0,1.0
4-40-2-uncorr-1.txt,4,40,0.2,uncorrelated,1,FEASIBLE,True,0.07024812698364258,26,32,0.07024812698364258,True,0.015516996383666992,1.0,OPTIMAL,0.07799029350280762,5,0.0,4108.0,OPTIMAL,0.02558732032775879,4108.0,1.0
4-40-2-uncorr-2.txt,4,40,0.2,uncorrelated,2,FEASIBLE,True,0.0666041374206543,26,32,0.0666041374206543,True,0.015520334243774414,1.0,OPTIMAL,0.058188438415527344,2,0.0,3863.0,OPTIMAL,0.014217615127563477,3863.0,1.0
4-40-2-uncorr-3.txt,4,40,0.2,uncorrelated,3,FEASIBLE,True,0.08375954627990723,26,36,0.08375954627990723,True,0.014525890350341797,1.0,OPTIMAL,0.060248613357543945,3,0.0,4027.0,OPTIMAL,0.023099899291992188,4027.0,1.0
4-40-2-uncorr-4.txt,4,40,0.2,uncorrelated,4,FEASIBLE,True,0.06270718574523926,22,28,0.06270718574523926,True,0.015658140182495117,1.0,OPTIMAL,0.06313490867614746,4,0.0,3842.0,OPTIMAL,0.016942262649536133,3842.0,1.0
4-40-2-uncorr-5.txt,4,40,0.2,uncorrelated,5,FEASIBLE,True,0.0611116886138916,22,28,0.0611116886138916,True,0.01552724838256836,1.0,OPTIMAL,0.06339383125305176,4,0.0,4129.0,OPTIMAL,0.01150965690612793,4129.0,1.0
4-40-2-uncorr-6.txt,4,40,0.2,uncorrelated,6,FEASIBLE,True,0.07768106460571289,28,32,0.07768106460571289,True,0.01578235626220703,1.0,OPTIMAL,0.09588050842285156,6,0.0,4047.0,OPTIMAL,0.028063535690307617,4047.0,1.0
4-40-2-uncorr-7.txt,4,40,0.2,uncorrelated,7,FEASIBLE,True,0.06172490119934082,23,28,0.06072568893432617,True,0.015031576156616211,1.0,OPTIMAL,0.051546573638916016,3,0.0,3910.0,OPTIMAL,0.012534141540527344,3910.0,1.0
4-40-2-uncorr-8.txt,4,40,0.2,uncorrelated,8,FEASIBLE,True,0.07944703102111816,30,36,0.07944703102111816,True,0.014751672744750977,1.0,OPTIMAL,0.16043996810913086,14,0.0,3709.0,OPTIMAL,0.024025917053222656,3709.0,1.0
4-40-2-uncorr-9.txt,4,40,0.2,uncorrelated,9,FEASIBLE,True,0.1270585060119629,30,44,0.12654805183410645,True,0.016275405883789062,1.0,OPTIMAL,0.09486913681030273,5,0.0,4078.0,OPTIMAL,0.017608165740966797,4078.0,1.0
4-40-2-weakcorr-0.txt,4,40,0.2,weakly_correlated,0,FEASIBLE,True,0.07075834274291992,20,24,0.07075834274291992,True,0.01657271385192871,1.0,OPTIMAL,0.05436086654663086,0,0.0,1998.0,OPTIMAL,0.04188680648803711,1998.0,1.0
4-40-2-weakcorr-1.txt,4,40,0.2,weakly_correlated,1,FEASIBLE,True,0.14937257766723633,35,44,0.14821672439575195,True,0.01546788215637207,1.0,OPTIMAL,0.16155529022216797,5,0.0,1771.0,OPTIMAL,0.061553001403808594,1771.0,1.0
4-40-2-weakcorr-2.txt,4,40,0.2,weakly_correlated,2,FEASIBLE,True,0.17565631866455078,35,44,0.1746523380279541,True,0.015516519546508789,1.0,OPTIMAL,0.12234663963317871,6,0.0,1836.0,OPTIMAL,0.04265332221984863,1836.0,1.0
4-40-2-weakcorr-3.txt,4,40,0.2,weakly_correlated,3,FEASIBLE,True,0.06562495231628418,24,28,0.06562495231628418,True,0.015554428100585938,1.0,OPTIMAL,0.05162620544433594,2,0.0,1957.0,OPTIMAL,0.018648386001586914,1957.0,1.0
4-40-2-weakcorr-4.txt,4,40,0.2,weakly_correlated,4,FEASIBLE,True,0.11498880386352539,31,44,0.11398601531982422,True,0.016526222229003906,1.0,OPTIMAL,0.0479588508605957,0,0.0,1937.0,OPTIMAL,0.012473106384277344,1937.0,1.0
4-40-2-weakcorr-5.txt,4,40,0.2,weakly_correlated,5,FEASIBLE,True,0.11396479606628418,27,40,0.11396479606628418,True,0.015205621719360352,1.0,OPTIMAL,0.08981204032897949,1,0.0,1896.0,OPTIMAL,0.03600716590881348,1896.0,1.0
4-40-2-weakcorr-6.txt,4,40,0.2,weakly_correlated,6,FEASIBLE,True,0.12824416160583496,31,36,0.12824416160583496,True,0.01651597023010254,1.0,OPTIMAL,0.0738368034362793,0,0.0,1726.0,OPTIMAL,0.035222530364990234,1726.0,1.0
4-40-2-weakcorr-7.txt,4,40,0.2,weakly_correlated,7,FEASIBLE,True,0.1852402687072754,39,52,0.1852402687072754,True,0.015039205551147461,1.0,OPTIMAL,0.18325471878051758,6,0.0,1942.0,OPTIMAL,0.10768723487854004,1942.0,1.0
4-40-2-weakcorr-8.txt,4,40,0.2,weakly_correlated,8,FEASIBLE,True,0.11117959022521973,25,32,0.11117959022521973,True,0.016669034957885742,1.0,OPTIMAL,0.16734528541564941,3,0.0,1860.0,OPTIMAL,0.08097386360168457,1860.0,1.0
4-40-2-weakcorr-9.txt,4,40,0.2,weakly_correlated,9,FEASIBLE,True,0.10054397583007812,25,32,0.10054397583007812,True,0.016936540603637695,1.0,OPTIMAL,0.12450218200683594,3,0.0,1915.0,OPTIMAL,0.04216361045837402,1915.0,1.0
4-40-5-strongcorr-0.txt,4,40,0.5,strongly_correlated,0,FEASIBLE,True,0.08037614822387695,32,36,0.08037614822387695,True,0.016240358352661133,1.0,OPTIMAL,0.5726876258850098,32,0.0,5086.0,OPTIMAL,0.4731788635253906,5086.0,1.0
4-40-5-strongcorr-1.txt,4,40,0.5,strongly_correlated,1,FEASIBLE,True,0.10149192810058594,38,48,0.10149192810058594,True,0.014411687850952148,1.0,OPTIMAL,2.3425097465515137,29,0.0,4611.0,OPTIMAL,0.6676468849182129,4611.0,1.0
4-40-5-strongcorr-2.txt,4,40,0.5,strongly_correlated,2,FEASIBLE,True,0.11142826080322266,34,44,0.11142826080322266,True,0.016029834747314453,1.0,OPTIMAL,1.6248023509979248,33,0.0,4958.0,OPTIMAL,0.3685591220855713,4958.0,1.0
4-40-5-strongcorr-3.txt,4,40,0.5,strongly_correlated,3,FEASIBLE,True,0.3235666751861572,80,112,0.30555081367492676,True,0.01656484603881836,1.0,OPTIMAL,5.734530448913574,210,0.0,5140.0,OPTIMAL,0.5525474548339844,5140.0,1.0
4-40-5-strongcorr-4.txt,4,40,0.5,strongly_correlated,4,FEASIBLE,True,0.43552708625793457,68,104,0.43402886390686035,True,0.017517805099487305,1.0,OPTIMAL,5.339632272720337,38,0.0,4886.0,OPTIMAL,4.744692087173462,4886.0,1.0
4-40-5-strongcorr-5.txt,4,40,0.5,strongly_correlated,5,FEASIBLE,True,0.1858060359954834,52,80,0.1858060359954834,True,0.016019105911254883,1.0,OPTIMAL,2.334002733230591,39,0.0,4884.0,OPTIMAL,0.7253639698028564,4884.0,1.0
4-40-5-strongcorr-6.txt,4,40,0.5,strongly_correlated,6,FEASIBLE,True,0.373340368270874,80,116,0.354794979095459,True,0.014512062072753906,1.0,OPTIMAL,1.2736589908599854,53,0.0,5024.0,OPTIMAL,0.6652476787567139,5024.0,1.0
4-40-5-strongcorr-7.txt,4,40,0.5,strongly_correlated,7,FEASIBLE,True,0.18547749519348145,46,60,0.18547749519348145,True,0.01603412628173828,1.0,OPTIMAL,0.5385310649871826,23,0.0,5015.0,OPTIMAL,0.08809137344360352,5015.0,1.0
4-40-5-strongcorr-8.txt,4,40,0.5,strongly_correlated,8,FEASIBLE,True,0.14673995971679688,39,52,0.14673995971679688,True,0.015024662017822266,1.0,OPTIMAL,0.27663612365722656,13,0.0,4902.0,OPTIMAL,0.08129501342773438,4902.0,1.0
4-40-5-strongcorr-9.txt,4,40,0.5,strongly_correlated,9,FEASIBLE,True,0.0761556625366211,29,36,0.0761556625366211,True,0.015039205551147461,1.0,OPTIMAL,3.1112217903137207,31,0.0,5297.0,OPTIMAL,2.006594181060791,5297.0,1.0
4-40-5-uncorr-0.txt,4,40,0.5,uncorrelated,0,FEASIBLE,True,0.06556892395019531,23,28,0.06556892395019531,True,0.01602482795715332,1.0,OPTIMAL,0.1174471378326416,12,0.0,5850.0,OPTIMAL,0.03252911567687988,5850.0,1.0
4-40-5-uncorr-1.txt,4,40,0.5,uncorrelated,1,FEASIBLE,True,0.07721662521362305,28,36,0.07721662521362305,True,0.015514373779296875,1.0,OPTIMAL,0.11363363265991211,7,0.0,6024.0,OPTIMAL,0.04058241844177246,6024.0,1.0
4-40-5-uncorr-2.txt,4,40,0.5,uncorrelated,2,FEASIBLE,True,0.14575958251953125,46,64,0.14575958251953125,True,0.016022682189941406,1.0,OPTIMAL,0.15669870376586914,19,0.0,6150.0,OPTIMAL,0.026785850524902344,6150.0,1.0
4-40-5-uncorr-3.txt,4,40,0.5,uncorrelated,3,FEASIBLE,True,0.07803797721862793,29,36,0.07803797721862793,True,0.015516281127929688,1.0,OPTIMAL,0.10089349746704102,12,0.0,5831.0,OPTIMAL,0.010516881942749023,5831.0,1.0
4-40-5-uncorr-4.txt,4,40,0.5,uncorrelated,4,FEASIBLE,True,0.11792922019958496,32,52,0.11792922019958496,True,0.01602792739868164,1.0,OPTIMAL,0.3854243755340576,42,0.0,6233.0,OPTIMAL,0.10290861129760742,6233.0,1.0
4-40-5-uncorr-5.txt,4,40,0.5,uncorrelated,5,FEASIBLE,True,0.11486077308654785,36,48,0.11385512351989746,True,0.01551055908203125,1.0,OPTIMAL,0.12508201599121094,20,0.0,5612.0,OPTIMAL,0.023537397384643555,5612.0,1.0
4-40-5-uncorr-6.txt,4,40,0.5,uncorrelated,6,FEASIBLE,True,0.08565926551818848,30,40,0.08565926551818848,True,0.015517950057983398,1.0,OPTIMAL,0.1026148796081543,5,0.0,6109.0,OPTIMAL,0.039363861083984375,6109.0,1.0
4-40-5-uncorr-7.txt,4,40,0.5,uncorrelated,7,FEASIBLE,True,0.0905311107635498,32,40,0.0905311107635498,True,0.016039371490478516,1.0,OPTIMAL,0.21633028984069824,14,0.0,5507.0,OPTIMAL,0.09621453285217285,5507.0,1.0
4-40-5-uncorr-8.txt,4,40,0.5,uncorrelated,8,FEASIBLE,True,0.07212257385253906,27,32,0.07212257385253906,True,0.016535043716430664,1.0,OPTIMAL,0.0753014087677002,5,0.0,5978.0,OPTIMAL,0.04127192497253418,5978.0,1.0
4-40-5-uncorr-9.txt,4,40,0.5,uncorrelated,9,FEASIBLE,True,0.11661863327026367,38,52,0.11561846733093262,True,0.0160367488861084,1.0,OPTIMAL,0.13081669807434082,20,0.0,6173.0,OPTIMAL,0.017538785934448242,6173.0,1.0
4-40-5-weakcorr-0.txt,4,40,0.5,weakly_correlated,0,FEASIBLE,True,0.540985107421875,98,160,0.5389852523803711,True,0.016030073165893555,1.0,OPTIMAL,0.3894028663635254,33,0.0,4002.0,OPTIMAL,0.12913227081298828,4002.0,1.0
4-40-5-weakcorr-1.txt,4,40,0.5,weakly_correlated,1,FEASIBLE,True,0.09974312782287598,31,36,0.09974312782287598,True,0.016510486602783203,1.0,OPTIMAL,0.22355198860168457,14,0.0,4328.0,OPTIMAL,0.055333614349365234,4328.0,1.0
4-40-5-weakcorr-2.txt,4,40,0.5,weakly_correlated,2,FEASIBLE,True,0.5617704391479492,101,144,0.5587701797485352,True,0.015049934387207031,1.0,OPTIMAL,0.5061948299407959,57,0.0,4374.0,OPTIMAL,0.1989126205444336,4374.0,1.0
4-40-5-weakcorr-3.txt,4,40,0.5,weakly_correlated,3,FEASIBLE,True,0.3166837692260742,60,84,0.31517791748046875,True,0.015172958374023438,1.0,OPTIMAL,0.4561481475830078,29,0.0,4163.0,OPTIMAL,0.09363269805908203,4163.0,1.0
4-40-5-weakcorr-4.txt,4,40,0.5,weakly_correlated,4,FEASIBLE,True,0.21437573432922363,48,60,0.21437573432922363,True,0.016030073165893555,1.0,OPTIMAL,0.36964988708496094,18,0.0,4375.0,OPTIMAL,0.09238457679748535,4375.0,1.0
4-40-5-weakcorr-5.txt,4,40,0.5,weakly_correlated,5,FEASIBLE,True,0.15569353103637695,40,48,0.1546926498413086,True,0.014514446258544922,1.0,OPTIMAL,0.17342448234558105,3,0.0,4529.0,OPTIMAL,0.034142494201660156,4529.0,1.0
4-40-5-weakcorr-6.txt,4,40,0.5,weakly_correlated,6,FEASIBLE,True,0.23862147331237793,53,76,0.23811936378479004,True,0.014530420303344727,1.0,OPTIMAL,0.23385882377624512,17,0.0,4259.0,OPTIMAL,0.11363601684570312,4259.0,1.0
4-40-5-weakcorr-7.txt,4,40,0.5,weakly_correlated,7,FEASIBLE,True,0.14530587196350098,37,52,0.14530587196350098,True,0.015036821365356445,1.0,OPTIMAL,0.13590002059936523,10,0.0,4361.0,OPTIMAL,0.07874846458435059,4361.0,1.0
4-40-5-weakcorr-8.txt,4,40,0.5,weakly_correlated,8,FEASIBLE,True,0.2481977939605713,44,56,0.24619221687316895,True,0.014532089233398438,1.0,OPTIMAL,0.28876304626464844,25,0.0,4490.0,OPTIMAL,0.1271374225616455,4490.0,1.0
4-40-5-weakcorr-9.txt,4,40,0.5,weakly_correlated,9,FEASIBLE,True,0.30574774742126465,47,72,0.3047480583190918,True,0.015037775039672852,1.0,OPTIMAL,0.34694838523864746,24,0.0,4383.0,OPTIMAL,0.1499946117401123,4383.0,1.0
4-5-2-strongcorr-0.txt,4,5,0.2,strongly_correlated,0,FEASIBLE,True,0.04274415969848633,7,24,0.04274415969848633,True,0.01452183723449707,1.0,OPTIMAL,0.022223949432373047,0,0.0,388.0,OPTIMAL,0.002888917922973633,388.0,1.0
4-5-2-strongcorr-1.txt,4,5,0.2,strongly_correlated,1,FEASIBLE,True,0.05441737174987793,21,32,0.05441737174987793,True,0.013030290603637695,1.0,OPTIMAL,0.03358197212219238,1,0.0,432.0,OPTIMAL,0.0030014514923095703,432.0,1.0
4-5-2-strongcorr-2.txt,4,5,0.2,strongly_correlated,2,FEASIBLE,True,0.04060626029968262,16,24,0.039603471755981445,True,0.011511087417602539,1.0,OPTIMAL,0.02002239227294922,0,0.0,364.0,OPTIMAL,0.004008054733276367,364.0,1.0
4-5-2-strongcorr-3.txt,4,5,0.2,strongly_correlated,3,FEASIBLE,True,0.04658174514770508,9,28,0.04658174514770508,True,0.014037132263183594,1.0,OPTIMAL,0.02304983139038086,0,0.0,435.0,OPTIMAL,0.004519939422607422,435.0,1.0
4-5-2-strongcorr-4.txt,4,5,0.2,strongly_correlated,4,FEASIBLE,True,0.04859781265258789,17,28,0.04859781265258789,True,0.012032270431518555,1.0,OPTIMAL,0.03506827354431152,0,0.0,406.0,OPTIMAL,0.004512786865234375,406.0,1.0
4-5-2-strongcorr-5.txt,4,5,0.2,strongly_correlated,5,FEASIBLE,True,0.042078495025634766,20,24,0.042078495025634766,True,0.013047933578491211,1.0,OPTIMAL,0.021567344665527344,0,0.0,320.0,OPTIMAL,0.004009723663330078,320.0,1.0
4-5-2-strongcorr-6.txt,4,5,0.2,strongly_correlated,6,FEASIBLE,True,0.05458331108093262,18,32,0.05458331108093262,True,0.012516975402832031,1.0,OPTIMAL,0.028559446334838867,0,0.0,389.0,OPTIMAL,0.0060007572174072266,389.0,1.0
4-5-2-strongcorr-7.txt,4,5,0.2,strongly_correlated,7,FEASIBLE,True,0.046579599380493164,13,28,0.046579599380493164,True,0.012521982192993164,1.0,OPTIMAL,0.021530866622924805,0,0.0,396.0,OPTIMAL,0.003516674041748047,396.0,1.0
4-5-2-strongcorr-8.txt,4,5,0.2,strongly_correlated,8,FEASIBLE,True,0.0400691032409668,16,24,0.0400691032409668,True,0.012524604797363281,1.0,OPTIMAL,0.020534992218017578,0,0.0,421.0,OPTIMAL,0.0025162696838378906,421.0,1.0
4-5-2-strongcorr-9.txt,4,5,0.2,strongly_correlated,9,FEASIBLE,True,0.048587799072265625,13,28,0.048587799072265625,True,0.012027502059936523,1.0,OPTIMAL,0.02154374122619629,0,0.0,394.0,OPTIMAL,0.0053863525390625,394.0,1.0
4-5-2-uncorr-0.txt,4,5,0.2,uncorrelated,0,FEASIBLE,True,0.040180206298828125,16,24,0.040180206298828125,True,0.011512279510498047,1.0,OPTIMAL,0.026043415069580078,0,0.0,456.0,OPTIMAL,0.0030014514923095703,456.0,1.0
4-5-2-uncorr-1.txt,4,5,0.2,uncorrelated,1,FEASIBLE,True,0.047586917877197266,23,28,0.047586917877197266,True,0.012513399124145508,1.0,OPTIMAL,0.02702164649963379,0,0.0,392.0,OPTIMAL,0.0030083656311035156,392.0,1.0
4-5-2-uncorr-2.txt,4,5,0.2,uncorrelated,2,FEASIBLE,True,0.06105780601501465,22,36,0.06105780601501465,True,0.013525009155273438,1.0,OPTIMAL,0.0664057731628418,4,0.0,494.0,OPTIMAL,0.001999378204345703,494.0,1.0
4-5-2-uncorr-3.txt,4,5,0.2,uncorrelated,3,FEASIBLE,True,0.04143166542053223,19,24,0.04143166542053223,True,0.011513710021972656,1.0,OPTIMAL,0.02002716064453125,0,0.0,546.0,OPTIMAL,0.0020003318786621094,546.0,1.0
4-5-2-uncorr-4.txt,4,5,0.2,uncorrelated,4,FEASIBLE,True,0.040621280670166016,12,24,0.040621280670166016,True,0.012520790100097656,1.0,OPTIMAL,0.021039962768554688,0,0.0,470.0,OPTIMAL,0.0009992122650146484,470.0,1.0
4-5-2-uncorr-5.txt,4,5,0.2,uncorrelated,5,FEASIBLE,True,0.041062116622924805,19,24,0.041062116622924805,True,0.01252126693725586,1.0,OPTIMAL,0.02103710174560547,0,0.0,523.0,OPTIMAL,0.004004240036010742,523.0,1.0
4-5-2-uncorr-6.txt,4,5,0.2,uncorrelated,6,FEASIBLE,True,0.061102867126464844,23,36,0.061102867126464844,True,0.01251673698425293,1.0,OPTIMAL,0.04206275939941406,1,0.0,567.0,OPTIMAL,0.004002094268798828,567.0,1.0
4-5-2-uncorr-7.txt,4,5,0.2,uncorrelated,7,FEASIBLE,True,0.046323299407958984,18,28,0.046323299407958984,True,0.016513824462890625,1.0,OPTIMAL,0.031542301177978516,0,0.0,452.0,OPTIMAL,0.0040018558502197266,452.0,1.0
4-5-2-uncorr-8.txt,4,5,0.2,uncorrelated,8,FEASIBLE,True,0.041063547134399414,20,24,0.041063547134399414,True,0.012511968612670898,1.0,OPTIMAL,0.02802300453186035,0,0.0,392.0,OPTIMAL,0.0019969940185546875,392.0,1.0
4-5-2-uncorr-9.txt,4,5,0.2,uncorrelated,9,FEASIBLE,True,0.041062355041503906,15,24,0.041062355041503906,True,0.013042688369750977,1.0,OPTIMAL,0.022555112838745117,0,0.0,705.0,OPTIMAL,0.002521038055419922,705.0,1.0
4-5-2-weakcorr-0.txt,4,5,0.2,weakly_correlated,0,FEASIBLE,True,0.04204392433166504,11,24,0.04204392433166504,True,0.012553215026855469,1.0,OPTIMAL,0.021200180053710938,0,0.0,364.0,OPTIMAL,0.0019998550415039062,364.0,1.0
4-5-2-weakcorr-1.txt,4,5,0.2,weakly_correlated,1,FEASIBLE,True,0.055416107177734375,17,32,0.055416107177734375,True,0.013514995574951172,1.0,OPTIMAL,0.022545576095581055,0,0.0,337.0,OPTIMAL,0.0029964447021484375,337.0,1.0
4-5-2-weakcorr-2.txt,4,5,0.2,weakly_correlated,2,FEASIBLE,True,0.05047345161437988,19,28,0.05047345161437988,True,0.012892484664916992,1.0,OPTIMAL,0.03655862808227539,2,0.0,309.0,OPTIMAL,0.0034890174865722656,309.0,1.0
4-5-2-weakcorr-3.txt,4,5,0.2,weakly_correlated,3,FEASIBLE,True,0.04049515724182129,15,24,0.04049515724182129,True,0.012510538101196289,1.0,OPTIMAL,0.02101898193359375,0,0.0,330.0,OPTIMAL,0.0009999275207519531,330.0,1.0
4-5-2-weakcorr-4.txt,4,5,0.2,weakly_correlated,4,FEASIBLE,True,0.055589914321899414,18,32,0.055589914321899414,True,0.012585163116455078,1.0,OPTIMAL,0.022101163864135742,0,0.0,286.0,OPTIMAL,0.002997875213623047,286.0,1.0
4-5-2-weakcorr-5.txt,4,5,0.2,weakly_correlated,5,FEASIBLE,True,0.05509018898010254,18,32,0.05509018898010254,True,0.017207622528076172,1.0,OPTIMAL,0.025887250900268555,0,0.0,331.0,OPTIMAL,0.0028710365295410156,331.0,1.0
4-5-2-weakcorr-6.txt,4,5,0.2,weakly_correlated,6,FEASIBLE,True,0.048578500747680664,20,28,0.04757833480834961,True,0.012852668762207031,1.0,OPTIMAL,0.02237391471862793,0,0.0,346.0,OPTIMAL,0.0029997825622558594,346.0,1.0
4-5-2-weakcorr-7.txt,4,5,0.2,weakly_correlated,7,FEASIBLE,True,0.04772639274597168,12,28,0.04672741889953613,True,0.012513160705566406,1.0,OPTIMAL,0.022022008895874023,0,0.0,337.0,OPTIMAL,0.0029993057250976562,337.0,1.0
4-5-2-weakcorr-8.txt,4,5,0.2,weakly_correlated,8,FEASIBLE,True,0.04047966003417969,16,24,0.04047966003417969,True,0.013515949249267578,1.0,OPTIMAL,0.022031545639038086,0,0.0,268.0,OPTIMAL,0.003001689910888672,268.0,1.0
4-5-2-weakcorr-9.txt,4,5,0.2,weakly_correlated,9,FEASIBLE,True,0.04106259346008301,11,24,0.04106259346008301,True,0.01303243637084961,1.0,OPTIMAL,0.02154994010925293,0,0.0,299.0,OPTIMAL,0.0019989013671875,299.0,1.0
4-5-5-strongcorr-0.txt,4,5,0.5,strongly_correlated,0,FEASIBLE,True,0.04222297668457031,19,24,0.04122304916381836,True,0.011512994766235352,1.0,OPTIMAL,0.03355836868286133,0,0.0,594.0,OPTIMAL,0.004513740539550781,594.0,1.0
4-5-5-strongcorr-1.txt,4,5,0.5,strongly_correlated,1,FEASIBLE,True,0.05457496643066406,19,32,0.05457496643066406,True,0.013517141342163086,1.0,OPTIMAL,0.0766148567199707,6,0.0,578.0,OPTIMAL,0.0055196285247802734,578.0,1.0
4-5-5-strongcorr-2.txt,4,5,0.5,strongly_correlated,2,FEASIBLE,True,0.057117462158203125,23,32,0.057117462158203125,True,0.013031959533691406,1.0,OPTIMAL,0.06261682510375977,3,0.0,494.0,OPTIMAL,0.00400996208190918,494.0,1.0
4-5-5-strongcorr-3.txt,4,5,0.5,strongly_correlated,3,FEASIBLE,True,0.04708576202392578,19,28,0.04708576202392578,True,0.01303553581237793,1.0,OPTIMAL,0.0277097225189209,0,0.0,542.0,OPTIMAL,0.0030028820037841797,542.0,1.0
4-5-5-strongcorr-4.txt,4,5,0.5,strongly_correlated,4,FEASIBLE,True,0.041947126388549805,15,24,0.041947126388549805,True,0.012512922286987305,1.0,OPTIMAL,0.027532577514648438,0,0.0,595.0,OPTIMAL,0.004014015197753906,595.0,1.0
4-5-5-strongcorr-5.txt,4,5,0.5,strongly_correlated,5,FEASIBLE,True,0.04106330871582031,18,24,0.04106330871582031,True,0.012517213821411133,1.0,OPTIMAL,0.03954434394836426,0,0.0,580.0,OPTIMAL,0.0030112266540527344,580.0,1.0
4-5-5-strongcorr-6.txt,4,5,0.5,strongly_correlated,6,FEASIBLE,True,0.04187750816345215,16,24,0.04187750816345215,True,0.012512922286987305,1.0,OPTIMAL,0.021512269973754883,0,0.0,532.0,OPTIMAL,0.003003835678100586,532.0,1.0
4-5-5-strongcorr-7.txt,4,5,0.5,strongly_correlated,7,FEASIBLE,True,0.04585909843444824,19,24,0.04485940933227539,True,0.013025045394897461,1.0,OPTIMAL,0.02904987335205078,0,0.0,622.0,OPTIMAL,0.003068208694458008,622.0,1.0
4-5-5-strongcorr-8.txt,4,5,0.5,strongly_correlated,8,FEASIBLE,True,0.061594247817993164,19,36,0.061594247817993164,True,0.012516021728515625,1.0,OPTIMAL,0.02111959457397461,0,0.0,586.0,OPTIMAL,0.0029985904693603516,586.0,1.0
4-5-5-strongcorr-9.txt,4,5,0.5,strongly_correlated,9,FEASIBLE,True,0.04809761047363281,22,28,0.04809761047363281,True,0.012513399124145508,1.0,OPTIMAL,0.03454113006591797,0,0.0,557.0,OPTIMAL,0.004523515701293945,557.0,1.0
4-5-5-uncorr-0.txt,4,5,0.5,uncorrelated,0,FEASIBLE,True,0.03976035118103027,16,24,0.03976035118103027,True,0.013040304183959961,1.0,OPTIMAL,0.02155900001525879,0,0.0,623.0,OPTIMAL,0.0009989738464355469,623.0,1.0
4-5-5-uncorr-1.txt,4,5,0.5,uncorrelated,1,FEASIBLE,True,0.04125642776489258,10,24,0.04125642776489258,True,0.013882875442504883,1.0,OPTIMAL,0.025403738021850586,0,0.0,881.0,OPTIMAL,0.002003192901611328,881.0,1.0
4-5-5-uncorr-2.txt,4,5,0.5,uncorrelated,2,FEASIBLE,True,0.06720495223999023,20,40,0.06720495223999023,True,0.015193700790405273,1.0,OPTIMAL,0.04975128173828125,3,0.0,637.0,OPTIMAL,0.0029990673065185547,637.0,1.0
4-5-5-uncorr-3.txt,4,5,0.5,uncorrelated,3,FEASIBLE,True,0.047870635986328125,13,28,0.047870635986328125,True,0.012513399124145508,1.0,OPTIMAL,0.021024227142333984,0,0.0,627.0,OPTIMAL,0.000997304916381836,627.0,1.0
4-5-5-uncorr-4.txt,4,5,0.5,uncorrelated,4,FEASIBLE,True,0.043565988540649414,18,24,0.043565988540649414,True,0.012515544891357422,1.0,OPTIMAL,0.02753734588623047,0,0.0,610.0,OPTIMAL,0.002003192901611328,610.0,1.0
4-5-5-uncorr-5.txt,4,5,0.5,uncorrelated,5,FEASIBLE,True,0.04255366325378418,19,24,0.041553497314453125,True,0.01204061508178711,1.0,OPTIMAL,0.026553630828857422,0,0.0,598.0,OPTIMAL,0.0015149116516113281,598.0,1.0
4-5-5-uncorr-6.txt,4,5,0.5,uncorrelated,6,FEASIBLE,True,0.06011033058166504,18,32,0.06011033058166504,True,0.013027429580688477,1.0,OPTIMAL,0.041068077087402344,1,0.0,750.0,OPTIMAL,0.004517793655395508,750.0,1.0
4-5-5-uncorr-7.txt,4,5,0.5,uncorrelated,7,FEASIBLE,True,0.05460333824157715,19,32,0.05460333824157715,True,0.012521982192993164,1.0,OPTIMAL,0.02103900909423828,0,0.0,770.0,OPTIMAL,0.005002498626708984,770.0,1.0
4-5-5-uncorr-8.txt,4,5,0.5,uncorrelated,8,FEASIBLE,True,0.04187917709350586,15,24,0.04187917709350586,True,0.012531757354736328,1.0,OPTIMAL,0.021053075790405273,0,0.0,733.0,OPTIMAL,0.004232168197631836,733.0,1.0
4-5-5-uncorr-9.txt,4,5,0.5,uncorrelated,9,FEASIBLE,True,0.04029345512390137,20,24,0.04029345512390137,True,0.015649795532226562,1.0,OPTIMAL,0.037195444107055664,1,0.0,515.0,OPTIMAL,0.00099945068359375,515.0,1.0
4-5-5-weakcorr-0.txt,4,5,0.5,weakly_correlated,0,FEASIBLE,True,0.04757285118103027,17,28,0.04757285118103027,True,0.012515783309936523,1.0,OPTIMAL,0.0275421142578125,0,0.0,524.0,OPTIMAL,0.002000570297241211,524.0,1.0
4-5-5-weakcorr-1.txt,4,5,0.5,weakly_correlated,1,FEASIBLE,True,0.0400545597076416,16,24,0.0400545597076416,True,0.01403188705444336,1.0,OPTIMAL,0.02906060218811035,0,0.0,530.0,OPTIMAL,0.003523588180541992,530.0,1.0
4-5-5-weakcorr-2.txt,4,5,0.5,weakly_correlated,2,FEASIBLE,True,0.0470120906829834,20,28,0.0470120906829834,True,0.01351785659790039,1.0,OPTIMAL,0.03506183624267578,2,0.0,443.0,OPTIMAL,0.004001140594482422,443.0,1.0
4-5-5-weakcorr-3.txt,4,5,0.5,weakly_correlated,3,FEASIBLE,True,0.041072845458984375,7,24,0.041072845458984375,True,0.013020515441894531,1.0,OPTIMAL,0.021537303924560547,0,0.0,399.0,OPTIMAL,0.0035130977630615234,399.0,1.0
4-5-5-weakcorr-4.txt,4,5,0.5,weakly_correlated,4,FEASIBLE,True,0.06182861328125,17,36,0.06182861328125,True,0.01309657096862793,1.0,OPTIMAL,0.03624725341796875,0,0.0,487.0,OPTIMAL,0.002510547637939453,487.0,1.0
4-5-5-weakcorr-5.txt,4,5,0.5,weakly_correlated,5,FEASIBLE,True,0.04356503486633301,16,24,0.04356503486633301,True,0.013119935989379883,1.0,OPTIMAL,0.022524118423461914,0,0.0,422.0,OPTIMAL,0.0029206275939941406,422.0,1.0
4-5-5-weakcorr-6.txt,4,5,0.5,weakly_correlated,6,FEASIBLE,True,0.04197216033935547,19,24,0.04197216033935547,True,0.012517690658569336,1.0,OPTIMAL,0.027033329010009766,0,0.0,421.0,OPTIMAL,0.00301361083984375,421.0,1.0
4-5-5-weakcorr-7.txt,4,5,0.5,weakly_correlated,7,FEASIBLE,True,0.05363774299621582,22,32,0.05363774299621582,True,0.012515068054199219,1.0,OPTIMAL,0.021024703979492188,0,0.0,483.0,OPTIMAL,0.003002643585205078,483.0,1.0
4-5-5-weakcorr-8.txt,4,5,0.5,weakly_correlated,8,FEASIBLE,True,0.04710054397583008,19,28,0.04710054397583008,True,0.012515068054199219,1.0,OPTIMAL,0.03354358673095703,0,0.0,448.0,OPTIMAL,0.0030040740966796875,448.0,1.0
4-5-5-weakcorr-9.txt,4,5,0.5,weakly_correlated,9,FEASIBLE,True,0.041872501373291016,16,24,0.041872501373291016,True,0.012518167495727539,1.0,OPTIMAL,0.0220334529876709,0,0.0,530.0,OPTIMAL,0.004519462585449219,530.0,1.0
4-50-2-strongcorr-0.txt,4,50,0.2,strongly_correlated,0,FEASIBLE,True,0.11823868751525879,28,40,0.11823868751525879,True,0.01503300666809082,1.0,OPTIMAL,0.10523819923400879,2,0.0,2865.0,OPTIMAL,0.1424546241760254,2865.0,1.0
4-50-2-strongcorr-1.txt,4,50,0.2,strongly_correlated,1,FEASIBLE,True,0.1808760166168213,43,68,0.17987632751464844,True,0.0155181884765625,1.0,OPTIMAL,0.41797661781311035,21,0.0,2887.0,OPTIMAL,0.1477808952331543,2887.0,1.0
4-50-2-strongcorr-2.txt,4,50,0.2,strongly_correlated,2,FEASIBLE,True,0.13491177558898926,30,44,0.13491177558898926,True,0.01579570770263672,1.0,OPTIMAL,0.09997200965881348,6,0.0,2830.0,OPTIMAL,0.029535531997680664,2830.0,1.0
4-50-2-strongcorr-3.txt,4,50,0.2,strongly_correlated,3,FEASIBLE,True,0.12225890159606934,38,48,0.12125897407531738,True,0.014786481857299805,1.0,OPTIMAL,0.21550321578979492,16,0.0,2935.0,OPTIMAL,0.03704118728637695,2935.0,1.0
4-50-2-strongcorr-4.txt,4,50,0.2,strongly_correlated,4,FEASIBLE,True,0.27091526985168457,51,72,0.2699160575866699,True,0.015528440475463867,1.0,OPTIMAL,0.2985711097717285,4,0.0,2830.0,OPTIMAL,0.18691563606262207,2830.0,1.0
4-50-2-strongcorr-5.txt,4,50,0.2,strongly_correlated,5,FEASIBLE,True,0.20299863815307617,39,56,0.20199847221374512,True,0.016538143157958984,1.0,OPTIMAL,0.19382023811340332,12,0.0,2842.0,OPTIMAL,0.07197356224060059,2842.0,1.0
4-50-2-strongcorr-6.txt,4,50,0.2,strongly_correlated,6,FEASIBLE,True,0.1198270320892334,30,44,0.11931633949279785,True,0.015204906463623047,1.0,OPTIMAL,0.7432839870452881,20,0.0,2834.0,OPTIMAL,0.3973815441131592,2834.0,1.0
4-50-2-strongcorr-7.txt,4,50,0.2,strongly_correlated,7,FEASIBLE,True,0.18987488746643066,47,64,0.1888749599456787,True,0.015530824661254883,1.0,OPTIMAL,0.3786585330963135,24,0.0,2804.0,OPTIMAL,0.13587188720703125,2804.0,1.0
4-50-2-strongcorr-8.txt,4,50,0.2,strongly_correlated,8,FEASIBLE,True,0.38460206985473633,54,76,0.38159847259521484,True,0.014035463333129883,1.0,OPTIMAL,0.752333402633667,37,0.0,2866.0,OPTIMAL,0.11447668075561523,2866.0,1.0
4-50-2-strongcorr-9.txt,4,50,0.2,strongly_correlated,9,FEASIBLE,True,0.14609289169311523,33,40,0.14609289169311523,True,0.016039609909057617,1.0,OPTIMAL,0.3454713821411133,13,0.0,2785.0,OPTIMAL,0.12305426597595215,2785.0,1.0
4-50-2-uncorr-0.txt,4,50,0.2,uncorrelated,0,FEASIBLE,True,0.11367964744567871,28,32,0.11367964744567871,True,0.01622462272644043,1.0,OPTIMAL,0.10989546775817871,7,0.0,4753.0,OPTIMAL,0.06375288963317871,4753.0,1.0
4-50-2-uncorr-1.txt,4,50,0.2,uncorrelated,1,FEASIBLE,True,0.06963229179382324,23,28,0.06963229179382324,True,0.015218973159790039,1.0,OPTIMAL,0.0816500186920166,2,0.0,4871.0,OPTIMAL,0.05018043518066406,4871.0,1.0
4-50-2-uncorr-2.txt,4,50,0.2,uncorrelated,2,FEASIBLE,True,0.12409687042236328,33,40,0.12309670448303223,True,0.015038013458251953,1.0,OPTIMAL,0.12923097610473633,9,0.0,4574.0,OPTIMAL,0.045918941497802734,4574.0,1.0
4-50-2-uncorr-3.txt,4,50,0.2,uncorrelated,3,FEASIBLE,True,0.09271645545959473,32,40,0.09271645545959473,True,0.015522003173828125,1.0,OPTIMAL,0.10589194297790527,12,0.0,4890.0,OPTIMAL,0.03025078773498535,4890.0,1.0
4-50-2-uncorr-4.txt,4,50,0.2,uncorrelated,4,FEASIBLE,True,0.1106879711151123,35,48,0.1106879711151123,True,0.016033411026000977,1.0,OPTIMAL,0.17576909065246582,21,0.0,4586.0,OPTIMAL,0.038028717041015625,4586.0,1.0
4-50-2-uncorr-5.txt,4,50,0.2,uncorrelated,5,FEASIBLE,True,0.10266375541687012,32,40,0.10266375541687012,True,0.015033483505249023,1.0,OPTIMAL,0.14581537246704102,9,0.0,4709.0,OPTIMAL,0.04717850685119629,4709.0,1.0
4-50-2-uncorr-6.txt,4,50,0.2,uncorrelated,6,FEASIBLE,True,0.0799417495727539,25,32,0.0799417495727539,True,0.016538381576538086,1.0,OPTIMAL,0.04999375343322754,3,0.0,4853.0,OPTIMAL,0.025948047637939453,4853.0,1.0
4-50-2-uncorr-7.txt,4,50,0.2,uncorrelated,7,FEASIBLE,True,0.07533836364746094,28,32,0.07533836364746094,True,0.015520572662353516,1.0,OPTIMAL,0.16490983963012695,22,0.0,4907.0,OPTIMAL,0.038548946380615234,4907.0,1.0
4-50-2-uncorr-8.txt,4,50,0.2,uncorrelated,8,FEASIBLE,True,0.06420421600341797,23,28,0.06320452690124512,True,0.015036582946777344,1.0,OPTIMAL,0.1060943603515625,5,0.0,5197.0,OPTIMAL,0.03404831886291504,5197.0,1.0
4-50-2-uncorr-9.txt,4,50,0.2,uncorrelated,9,FEASIBLE,True,0.12677621841430664,32,40,0.12577533721923828,True,0.015860557556152344,1.0,OPTIMAL,0.17461276054382324,15,0.0,4550.0,OPTIMAL,0.062281131744384766,4550.0,1.0
4-50-2-weakcorr-0.txt,4,50,0.2,weakly_correlated,0,FEASIBLE,True,0.11865353584289551,25,32,0.11865353584289551,True,0.01602959632873535,1.0,OPTIMAL,0.10477328300476074,1,0.0,2405.0,OPTIMAL,0.10810375213623047,2405.0,1.0
4-50-2-weakcorr-1.txt,4,50,0.2,weakly_correlated,1,FEASIBLE,True,0.2714416980743408,32,40,0.2704427242279053,True,0.016565322875976562,1.0,OPTIMAL,0.21445488929748535,2,0.0,2382.0,OPTIMAL,0.157426118850708,2382.0,1.0
4-50-2-weakcorr-2.txt,4,50,0.2,weakly_correlated,2,FEASIBLE,True,0.14083051681518555,30,44,0.1393284797668457,True,0.015520334243774414,1.0,OPTIMAL,0.10757040977478027,3,0.0,2415.0,OPTIMAL,0.057340145111083984,2415.0,1.0
4-50-2-weakcorr-3.txt,4,50,0.2,weakly_correlated,3,FEASIBLE,True,0.09713220596313477,25,32,0.09713220596313477,True,0.01615738868713379,1.0,OPTIMAL,0.07657670974731445,0,0.0,2345.0,OPTIMAL,0.07137322425842285,2345.0,1.0
4-50-2-weakcorr-4.txt,4,50,0.2,weakly_correlated,4,FEASIBLE,True,0.16402268409729004,33,48,0.16402268409729004,True,0.015531778335571289,1.0,OPTIMAL,0.05203390121459961,0,0.0,2390.0,OPTIMAL,0.05359840393066406,2390.0,1.0
4-50-2-weakcorr-5.txt,4,50,0.2,weakly_correlated,5,FEASIBLE,True,0.1524515151977539,29,40,0.1524515151977539,True,0.01651287078857422,1.0,OPTIMAL,0.16852378845214844,7,0.0,2380.0,OPTIMAL,0.09149360656738281,2380.0,1.0
4-50-2-weakcorr-6.txt,4,50,0.2,weakly_correlated,6,FEASIBLE,True,0.06910943984985352,26,32,0.06910943984985352,True,0.016028881072998047,1.0,OPTIMAL,0.17113375663757324,4,0.0,2400.0,OPTIMAL,0.14409613609313965,2400.0,1.0
4-50-2-weakcorr-7.txt,4,50,0.2,weakly_correlated,7,FEASIBLE,True,0.23066329956054688,35,40,0.23066329956054688,True,0.0150299072265625,1.0,OPTIMAL,0.20926809310913086,7,0.0,2497.0,OPTIMAL,0.10386395454406738,2497.0,1.0
4-50-2-weakcorr-8.txt,4,50,0.2,weakly_correlated,8,FEASIBLE,True,0.16707634925842285,29,36,0.16707634925842285,True,0.015524148941040039,1.0,OPTIMAL,0.1247100830078125,6,0.0,2351.0,OPTIMAL,0.04854297637939453,2351.0,1.0
4-50-2-weakcorr-9.txt,4,50,0.2,weakly_correlated,9,FEASIBLE,True,0.1908121109008789,33,48,0.18980979919433594,True,0.015519380569458008,1.0,OPTIMAL,0.1422865390777588,1,0.0,2357.0,OPTIMAL,0.1099705696105957,2357.0,1.0
4-50-5-strongcorr-0.txt,4,50,0.5,strongly_correlated,0,FEASIBLE,True,0.10111188888549805,37,44,0.1001133918762207,True,0.015522003173828125,1.0,OPTIMAL,0.7318017482757568,16,0.0,6250.0,OPTIMAL,0.5461809635162354,6250.0,1.0
4-50-5-strongcorr-1.txt,4,50,0.5,strongly_correlated,1,FEASIBLE,True,0.47620320320129395,117,156,0.4742002487182617,True,0.015531063079833984,1.0,OPTIMAL,3.449369192123413,200,0.0,6422.0,OPTIMAL,0.7642464637756348,6422.0,1.0
4-50-5-strongcorr-2.txt,4,50,0.5,strongly_correlated,2,FEASIBLE,True,0.38701725006103516,97,140,0.3219285011291504,True,0.016021728515625,1.0,OPTIMAL,6.78706431388855,29,0.0,6374.0,OPTIMAL,3.5894691944122314,6374.0,1.0
4-50-5-strongcorr-3.txt,4,50,0.5,strongly_correlated,3,FEASIBLE,True,0.13382482528686523,43,52,0.13382482528686523,True,0.01802802085876465,1.0,OPTIMAL,0.9910910129547119,17,0.0,6248.0,OPTIMAL,0.06180691719055176,6248.0,1.0
4-50-5-strongcorr-4.txt,4,50,0.5,strongly_correlated,4,FEASIBLE,True,0.11587738990783691,35,48,0.11587738990783691,True,0.017035484313964844,1.0,OPTIMAL,0.8449132442474365,9,0.0,5820.0,OPTIMAL,0.8948371410369873,5820.0,1.0
4-50-5-strongcorr-5.txt,4,50,0.5,strongly_correlated,5,FEASIBLE,True,0.08672094345092773,30,36,0.08672094345092773,True,0.018038511276245117,1.0,OPTIMAL,2.0203657150268555,69,0.0,6354.0,OPTIMAL,1.0405943393707275,6354.0,1.0
4-50-5-strongcorr-6.txt,4,50,0.5,strongly_correlated,6,FEASIBLE,True,0.08297514915466309,28,32,0.08297514915466309,True,0.01702260971069336,1.0,OPTIMAL,0.24150657653808594,17,0.0,6186.0,OPTIMAL,0.39731884002685547,6186.0,1.0
4-50-5-strongcorr-7.txt,4,50,0.5,strongly_correlated,7,FEASIBLE,True,0.17006373405456543,40,56,0.17006373405456543,True,0.015029668807983398,1.0,OPTIMAL,0.43326354026794434,17,0.0,6244.0,OPTIMAL,0.9907577037811279,6244.0,1.0
4-50-5-strongcorr-8.txt,4,50,0.5,strongly_correlated,8,FEASIBLE,True,0.1479334831237793,45,56,0.1479334831237793,True,0.0180356502532959,1.0,OPTIMAL,0.7867543697357178,33,0.0,6486.0,OPTIMAL,0.284224271774292,6486.0,1.0
4-50-5-strongcorr-9.txt,4,50,0.5,strongly_correlated,9,FEASIBLE,True,0.10972476005554199,35,44,0.10872220993041992,True,0.016014814376831055,1.0,OPTIMAL,0.9831633567810059,28,0.0,6070.0,OPTIMAL,0.5872364044189453,6070.0,1.0
4-50-5-uncorr-0.txt,4,50,0.5,uncorrelated,0,FEASIBLE,True,0.08162164688110352,28,32,0.08162164688110352,True,0.016026735305786133,1.0,OPTIMAL,0.08146023750305176,3,0.0,7883.0,OPTIMAL,0.028018712997436523,7883.0,1.0
4-50-5-uncorr-1.txt,4,50,0.5,uncorrelated,1,FEASIBLE,True,0.07163786888122559,28,32,0.07163786888122559,True,0.016524314880371094,1.0,OPTIMAL,0.11066889762878418,7,0.0,6940.0,OPTIMAL,0.0231626033782959,6940.0,1.0
4-50-5-uncorr-2.txt,4,50,0.5,uncorrelated,2,FEASIBLE,True,0.08865714073181152,30,40,0.08865714073181152,True,0.015563249588012695,1.0,OPTIMAL,0.11526727676391602,13,0.0,7529.0,OPTIMAL,0.027622699737548828,7529.0,1.0
4-50-5-uncorr-3.txt,4,50,0.5,uncorrelated,3,FEASIBLE,True,0.08990478515625,31,40,0.08990478515625,True,0.01652050018310547,1.0,OPTIMAL,0.15692830085754395,12,0.0,6810.0,OPTIMAL,0.027536630630493164,6810.0,1.0
4-50-5-uncorr-4.txt,4,50,0.5,uncorrelated,4,FEASIBLE,True,0.19464683532714844,52,80,0.19464683532714844,True,0.01567816734313965,1.0,OPTIMAL,0.23600435256958008,27,0.0,7232.0,OPTIMAL,0.03052544593811035,7232.0,1.0
4-50-5-uncorr-5.txt,4,50,0.5,uncorrelated,5,FEASIBLE,True,0.08662533760070801,30,40,0.08662533760070801,True,0.017031431198120117,1.0,OPTIMAL,0.11645221710205078,6,0.0,7283.0,OPTIMAL,0.03503894805908203,7283.0,1.0
4-50-5-uncorr-6.txt,4,50,0.5,uncorrelated,6,FEASIBLE,True,0.09330224990844727,31,40,0.0917963981628418,True,0.01551675796508789,1.0,OPTIMAL,0.1831963062286377,18,0.0,7532.0,OPTIMAL,0.0350341796875,7532.0,1.0
4-50-5-uncorr-7.txt,4,50,0.5,uncorrelated,7,FEASIBLE,True,0.10821819305419922,36,48,0.10821819305419922,True,0.015512466430664062,1.0,OPTIMAL,0.11735248565673828,19,0.0,7514.0,OPTIMAL,0.01529383659362793,7514.0,1.0
4-50-5-uncorr-8.txt,4,50,0.5,uncorrelated,8,FEASIBLE,True,0.22293853759765625,45,64,0.22194266319274902,True,0.015517950057983398,1.0,OPTIMAL,0.42432355880737305,43,0.0,7460.0,OPTIMAL,0.06238198280334473,7460.0,1.0
4-50-5-uncorr-9.txt,4,50,0.5,uncorrelated,9,FEASIBLE,True,0.08704257011413574,29,40,0.08704257011413574,True,0.016041040420532227,1.0,OPTIMAL,0.12154698371887207,11,0.0,6936.0,OPTIMAL,0.016524076461791992,6936.0,1.0
4-50-5-weakcorr-0.txt,4,50,0.5,weakly_correlated,0,FEASIBLE,True,0.5551981925964355,80,116,0.5541985034942627,True,0.018027067184448242,1.0,OPTIMAL,0.5215802192687988,56,0.0,5130.0,OPTIMAL,0.12666654586791992,5130.0,1.0
4-50-5-weakcorr-1.txt,4,50,0.5,weakly_correlated,1,FEASIBLE,True,0.25702500343322754,53,80,0.25702500343322754,True,0.01604008674621582,1.0,OPTIMAL,0.5886588096618652,39,0.0,5594.0,OPTIMAL,0.14218878746032715,5594.0,1.0
4-50-5-weakcorr-2.txt,4,50,0.5,weakly_correlated,2,FEASIBLE,True,0.2820241451263428,66,76,0.2820241451263428,True,0.01651597023010254,1.0,OPTIMAL,0.46208691596984863,32,0.0,5352.0,OPTIMAL,0.09084010124206543,5352.0,1.0
4-50-5-weakcorr-3.txt,4,50,0.5,weakly_correlated,3,FEASIBLE,True,0.321030855178833,61,84,0.3190300464630127,True,0.015038251876831055,1.0,OPTIMAL,0.2387990951538086,30,0.0,5233.0,OPTIMAL,0.13019275665283203,5233.0,1.0
4-50-5-weakcorr-4.txt,4,50,0.5,weakly_correlated,4,FEASIBLE,True,0.16980409622192383,43,60,0.16980409622192383,True,0.016508102416992188,1.0,OPTIMAL,0.26978325843811035,25,0.0,5394.0,OPTIMAL,0.06924128532409668,5394.0,1.0
4-50-5-weakcorr-5.txt,4,50,0.5,weakly_correlated,5,FEASIBLE,True,0.3067026138305664,59,76,0.3047022819519043,True,0.017422199249267578,1.0,OPTIMAL,0.4263484477996826,53,0.0,5533.0,OPTIMAL,0.15082359313964844,5533.0,1.0
4-50-5-weakcorr-6.txt,4,50,0.5,weakly_correlated,6,FEASIBLE,True,0.27463793754577637,48,60,0.2741358280181885,True,0.015918731689453125,1.0,OPTIMAL,0.4493236541748047,49,0.0,5422.0,OPTIMAL,0.08423590660095215,5422.0,1.0
4-50-5-weakcorr-7.txt,4,50,0.5,weakly_correlated,7,FEASIBLE,True,0.348797082901001,57,92,0.3477966785430908,True,0.016028404235839844,1.0,OPTIMAL,0.6940951347351074,73,0.0,5092.0,OPTIMAL,0.13267230987548828,5092.0,1.0
4-50-5-weakcorr-8.txt,4,50,0.5,weakly_correlated,8,FEASIBLE,True,0.3569619655609131,53,84,0.3559584617614746,True,0.01552724838256836,1.0,OPTIMAL,0.7591345310211182,90,0.0,5649.0,OPTIMAL,0.10284066200256348,5649.0,1.0
4-50-5-weakcorr-9.txt,4,50,0.5,weakly_correlated,9,FEASIBLE,True,0.24247169494628906,45,56,0.24247169494628906,True,0.01602935791015625,1.0,OPTIMAL,0.576063871383667,60,0.0,5628.0,OPTIMAL,0.1374495029449463,5628.0,1.0
