seed,n,m,w,u,regular,brd_found_pne,brd_alpha,brd_time,zr_status,zr_gurobi_status,zr_mip_gap,zr_obj_bound,zr_runtime,zr_time,zr_eis_added_total,zr_eis_added_symmetric,zr_eis_added_core,zr_first_pne_time,best_pne_cost,so_status,so_cost,so_time,pos
0,4,2,4,8,TRUE,TRUE,1,0.027997494,OPTIMAL,2,0,8,0.017999887,0.045997381,0,0,0,0.034997463,8,OPTIMAL,8,0.018508434,1
0,4,2,4,9,TRUE,TRUE,1,0.035005808,OPTIMAL,2,0,8,0.02436161,0.059367418,0,0,0,0.047005653,8,OPTIMAL,8,0.035996914,1
0,4,2,4,10,TRUE,TRUE,1,0.026528358,OPTIMAL,2,0,8,0.037736416,0.064264774,0,0,0,0.046526909,8,OPTIMAL,8,0.035522223,1
0,4,2,4,11,TRUE,TRUE,1,0.018001318,OPTIMAL,2,0,8,0.022515535,0.040516853,0,0,0,0.025007963,8,OPTIMAL,8,0.033000231,1
0,4,2,5,10,TRUE,TRUE,1,0.013000488,OPTIMAL,2,0,10,0.021508932,0.03450942,0,0,0,0.019999743,10,OPTIMAL,10,0.033002138,1
0,4,2,5,11,TRUE,TRUE,1,0.041852951,OPTIMAL,2,0,10,0.038001299,0.07985425,0,0,0,0.060854912,10,OPTIMAL,10,0.060506582,1
0,4,2,5,12,TRUE,TRUE,1,0.03200984,OPTIMAL,2,0,10,0.023999929,0.056009769,0,0,0,0.039011717,10,OPTIMAL,10,0.041004658,1
0,4,2,5,13,TRUE,TRUE,1,0.011996984,OPTIMAL,2,0,10,0.03800416,0.050001144,0,0,0,0.019002914,10,OPTIMAL,10,0.055991411,1
0,4,2,6,12,TRUE,TRUE,1,0.006122589,OPTIMAL,2,0,12,0.027523518,0.033646107,0,0,0,0.013633013,12,OPTIMAL,12,0.037144899,1
0,4,2,6,13,TRUE,TRUE,1,0.028508663,OPTIMAL,2,0,12,0.026414633,0.054923296,0,0,0,0.035896778,12,OPTIMAL,12,0.036745787,1
0,4,2,6,14,TRUE,TRUE,1,0.026011467,OPTIMAL,2,0,12,0.03998971,0.066001177,0,0,0,0.044000864,12,OPTIMAL,12,0.04458952,1
0,4,2,6,15,TRUE,TRUE,1,0.01299715,OPTIMAL,2,0,12,0.020005703,0.033002853,0,0,0,0.019997358,12,OPTIMAL,12,0.042990208,1
0,4,2,7,14,TRUE,TRUE,1,0.006996632,OPTIMAL,2,0,14,0.018012762,0.025009394,0,0,0,0.014999151,14,OPTIMAL,14,0.011000872,1
0,4,2,7,15,TRUE,TRUE,1,0.020000935,OPTIMAL,2,0,14,0.019980192,0.039981127,0,0,0,0.027090073,14,OPTIMAL,14,0.041543007,1
0,4,2,7,16,TRUE,TRUE,1,0.021994829,OPTIMAL,2,0,14,0.035510063,0.057504892,0,0,0,0.030509949,14,OPTIMAL,14,0.050006628,1
0,4,2,7,17,TRUE,TRUE,1,0.026899099,OPTIMAL,2,0,14,0.043934584,0.070833683,0,0,0,0.04396677,14,OPTIMAL,14,0.044004917,1
0,4,2,8,16,TRUE,TRUE,1,0.006999969,OPTIMAL,2,0,16,0.018009424,0.025009394,0,0,0,0.014008522,16,OPTIMAL,16,0.013003111,1
0,4,2,8,17,TRUE,TRUE,1,0.024526358,OPTIMAL,2,0,16,0.033996105,0.058522463,0,0,0,0.036529541,16,OPTIMAL,16,0.042512655,1
0,4,2,8,18,TRUE,TRUE,1,0.052009344,OPTIMAL,2,0,16,0.037003994,0.089013338,0,0,0,0.069009781,16,OPTIMAL,16,0.066761732,1
0,4,2,8,19,TRUE,TRUE,1,0.015999079,OPTIMAL,2,0,16,0.028504372,0.04450345,0,0,0,0.023502588,16,OPTIMAL,16,0.057508945,1
0,4,2,9,18,TRUE,TRUE,1,0.013002396,OPTIMAL,2,0,18,0.020000219,0.033002615,0,0,0,0.021001101,18,OPTIMAL,18,0.014997721,1
0,4,2,9,19,TRUE,TRUE,1,0.027002573,OPTIMAL,2,0,18,0.027052641,0.054055214,0,0,0,0.037002802,18,OPTIMAL,18,0.043999672,1
0,4,2,9,20,TRUE,TRUE,1,0.023031235,OPTIMAL,2,0,18,0.030006647,0.053037882,0,0,0,0.030031204,18,OPTIMAL,18,0.073228121,1
0,4,2,9,21,TRUE,TRUE,1,0.012907267,OPTIMAL,2,0,18,0.033522844,0.046430111,0,0,0,0.026915789,18,OPTIMAL,18,0.065952063,1
0,4,2,10,20,TRUE,TRUE,1,0.017004967,OPTIMAL,2,0,20,0.021996498,0.039001465,0,0,0,0.024001122,20,OPTIMAL,20,0.024517775,1
0,4,2,10,21,TRUE,TRUE,1,0.009996414,OPTIMAL,2,0,20,0.028916597,0.038913012,0,0,0,0.020010948,20,OPTIMAL,20,0.054995537,1
0,4,2,10,22,TRUE,TRUE,1,0.027514219,OPTIMAL,2,0,20,0.029992342,0.057506561,0,0,0,0.035511017,20,OPTIMAL,20,0.054003477,1
0,4,2,10,23,TRUE,TRUE,1,0.023002863,OPTIMAL,2,0,20,0.029999018,0.053001881,0,0,0,0.031003237,20,OPTIMAL,20,0.065508366,1
0,4,2,11,22,TRUE,TRUE,1,0.007997513,OPTIMAL,2,0,22,0.044162273,0.052159786,0,0,0,0.026646614,22,OPTIMAL,22,0.039010286,1
0,4,2,11,23,TRUE,TRUE,1,0.036999702,OPTIMAL,2,0,22,0.031003475,0.068003178,0,0,0,0.0449965,22,OPTIMAL,22,0.052106857,1
0,4,2,11,24,TRUE,TRUE,1,0.02099824,OPTIMAL,2,0,22,0.043969393,0.064967632,0,0,0,0.03578949,22,OPTIMAL,22,0.091515541,1
0,4,2,11,25,TRUE,TRUE,1,0.038120747,OPTIMAL,2,0,22,0.068519592,0.106640339,0,0,0,0.058120966,22,OPTIMAL,22,0.084643364,1
0,4,2,12,24,TRUE,TRUE,1,0.010997772,OPTIMAL,2,0,24,0.032518864,0.043516636,0,0,0,0.025516033,24,OPTIMAL,24,0.021076441,1
0,4,2,12,25,TRUE,TRUE,1,0.034115791,OPTIMAL,2,0,24,0.029999733,0.064115524,0,0,0,0.042115688,24,OPTIMAL,24,0.075597525,1
0,4,2,12,26,TRUE,TRUE,1,0.026174545,OPTIMAL,2,0,24,0.032968044,0.05914259,0,0,0,0.034081459,24,OPTIMAL,24,0.07853508,1
0,4,2,12,27,TRUE,TRUE,1,0.027108192,OPTIMAL,2,0,24,0.039997578,0.06710577,0,0,0,0.041106224,24,OPTIMAL,24,0.101659536,1
0,4,2,13,26,TRUE,TRUE,1,0.019857168,OPTIMAL,2,0,26,0.04052639,0.060383558,0,0,0,0.030862808,26,OPTIMAL,26,0.026001215,1
0,4,2,13,27,TRUE,TRUE,1,0.039532185,OPTIMAL,2,0,26,0.035431862,0.074964046,0,0,0,0.046955585,26,OPTIMAL,26,0.06812501,1
0,4,2,13,28,TRUE,TRUE,1,0.023006439,OPTIMAL,2,0,26,0.033671379,0.056677818,0,0,0,0.030675888,26,OPTIMAL,26,0.098518133,1
0,4,2,13,29,TRUE,TRUE,1,0.033506632,OPTIMAL,2,0,26,0.038002491,0.071509123,0,0,0,0.042503595,26,OPTIMAL,26,0.103508472,1
0,4,2,14,28,TRUE,TRUE,1,0.015000343,OPTIMAL,2,0,28,0.055009842,0.070010185,0,0,0,0.030995607,28,OPTIMAL,28,0.034511089,1
0,4,2,14,29,TRUE,TRUE,1,0.041025639,OPTIMAL,2,0,28,0.039527893,0.080553532,0,0,0,0.053034544,28,OPTIMAL,28,0.067296982,1
0,4,2,14,30,TRUE,TRUE,1,0.02799964,OPTIMAL,2,0,28,0.042005539,0.070005178,0,0,0,0.035999775,28,OPTIMAL,28,0.089939833,1
0,4,2,14,31,TRUE,TRUE,1,0.02251792,OPTIMAL,2,0,28,0.040384769,0.062902689,0,0,0,0.030523062,28,OPTIMAL,28,0.115511894,1
0,4,2,15,31,TRUE,TRUE,1,0.009001017,OPTIMAL,2,0,30,0.041661263,0.050662279,0,0,0,0.019325972,30,OPTIMAL,30,0.122665167,1
0,4,2,15,32,TRUE,TRUE,1,0.030998945,OPTIMAL,2,0,30,0.042001963,0.073000908,0,0,0,0.041000843,30,OPTIMAL,30,0.108615398,1
0,4,2,15,33,TRUE,TRUE,1,0.033627748,OPTIMAL,2,0,30,0.063338518,0.096966267,0,0,0,0.041626215,30,OPTIMAL,30,0.143185377,1
0,4,3,4,6,TRUE,TRUE,1,0.017998219,OPTIMAL,2,0,12,0.02200532,0.040003538,0,0,0,0.028003931,12,OPTIMAL,12,0.029350758,1
0,4,3,4,7,TRUE,TRUE,1,0.017027378,OPTIMAL,2,0,12,0.023513556,0.040540934,0,0,0,0.027027369,12,OPTIMAL,12,0.025022507,1
0,4,3,5,7,TRUE,TRUE,1,0.019004583,OPTIMAL,2,0,15,0.022035599,0.041040182,0,0,0,0.027070522,15,OPTIMAL,15,0.031999826,1
0,4,3,5,8,TRUE,TRUE,1,0.02800703,OPTIMAL,2,0,15,0.037001133,0.065008163,0,0,0,0.038008451,15,OPTIMAL,15,0.04750824,1
0,4,3,5,9,TRUE,TRUE,1,0.043015242,OPTIMAL,2,0,15,0.037000656,0.080015898,0,0,0,0.055017948,15,OPTIMAL,15,0.076013565,1
0,4,3,6,8,TRUE,TRUE,1,0.012012243,OPTIMAL,2,0,18,0.024517775,0.036530018,0,0,0,0.020011425,18,OPTIMAL,18,0.036332846,1
0,4,3,6,9,TRUE,TRUE,1,0.040522575,OPTIMAL,2,0,18,0.026999235,0.067521811,0,0,0,0.049523592,18,OPTIMAL,18,0.049515486,1
0,4,3,6,10,TRUE,TRUE,1,0.030000448,OPTIMAL,2,0,18,0.029508591,0.059509039,0,0,0,0.039000511,18,OPTIMAL,18,0.118418932,1
0,4,3,6,11,TRUE,TRUE,1,0.031310558,OPTIMAL,2,0,18,0.03099966,0.062310219,0,0,0,0.040309906,18,OPTIMAL,18,0.065514088,1
0,4,3,7,10,TRUE,TRUE,1,0.019002438,OPTIMAL,2,0,21,0.043518066,0.062520504,0,0,0,0.033519983,21,OPTIMAL,21,0.050275326,1
0,4,3,7,11,TRUE,TRUE,1,0.037998438,OPTIMAL,2,0,21,0.038513899,0.076512337,0,0,0,0.050006866,21,OPTIMAL,21,0.060323954,1
0,4,3,7,12,TRUE,TRUE,1,0.029998779,OPTIMAL,2,0,21,0.043512583,0.073511362,0,0,0,0.040999413,21,OPTIMAL,21,0.063003302,1
0,4,3,7,13,TRUE,TRUE,1,0.028998375,OPTIMAL,2,0,21,0.031003952,0.060002327,0,0,0,0.038995266,21,OPTIMAL,21,0.08250761,1
0,4,3,8,11,TRUE,TRUE,1,0.013997555,OPTIMAL,2,0,24,0.037001371,0.050998926,0,0,0,0.020997763,24,OPTIMAL,24,0.053132057,1
0,4,3,8,12,TRUE,TRUE,1,0.049339056,OPTIMAL,2,0,24,0.058511972,0.107851028,0,0,0,0.061338186,24,OPTIMAL,24,0.054997444,1
0,4,3,8,13,TRUE,TRUE,1,0.028423071,OPTIMAL,2,0,24,0.020999908,0.049422979,0,0,0,0.037422895,24,OPTIMAL,24,0.078504801,1
0,4,3,8,14,TRUE,TRUE,1,0.025605917,OPTIMAL,2,0,24,0.023001671,0.048607588,0,0,0,0.035606861,24,OPTIMAL,24,0.165044546,1
0,4,3,9,12,TRUE,TRUE,1,0.014001608,OPTIMAL,2,0,27,0.042507172,0.05650878,0,0,0,0.022504807,27,OPTIMAL,27,0.022999763,1
0,4,3,9,13,TRUE,TRUE,1,0.036513329,OPTIMAL,2,0,27,0.058818579,0.095331907,0,0,0,0.048515081,27,OPTIMAL,27,0.096508503,1
0,4,3,9,14,TRUE,TRUE,1,0.027889967,OPTIMAL,2,0,27,0.043591738,0.071481705,0,0,0,0.043869972,27,OPTIMAL,27,0.173017502,1
0,4,3,9,15,TRUE,TRUE,1,0.024154425,OPTIMAL,2,0,27,0.023207426,0.047361851,0,0,0,0.034162998,27,OPTIMAL,27,0.070996284,1
0,4,3,10,14,TRUE,TRUE,1,0.024500608,OPTIMAL,2,0,30,0.052006483,0.076507092,0,0,0,0.035502911,30,OPTIMAL,30,0.05500102,1
0,4,3,10,15,TRUE,TRUE,1,0.046539068,OPTIMAL,2,0,30,0.035007715,0.081546783,0,0,0,0.05954051,30,OPTIMAL,30,0.073999405,1
0,4,3,10,16,TRUE,TRUE,1,0.031126261,OPTIMAL,2,0,30,0.025016785,0.056143045,0,0,0,0.042130947,30,OPTIMAL,30,0.121516466,1
0,4,3,10,17,TRUE,TRUE,1,0.040520191,OPTIMAL,2,0,30,0.038522959,0.07904315,0,0,0,0.063529253,30,OPTIMAL,30,0.06611681,1
0,4,3,11,15,TRUE,TRUE,1,0.026852131,OPTIMAL,2,0,33,0.050514221,0.077366352,0,0,0,0.035852194,33,OPTIMAL,33,0.064998865,1
0,4,3,11,16,TRUE,TRUE,1,0.028000116,OPTIMAL,2,0,33,0.025002003,0.053002119,0,0,0,0.0379951,33,OPTIMAL,33,0.066998005,1
0,4,3,11,17,TRUE,TRUE,1,0.037524939,OPTIMAL,2,0,33,0.034001112,0.071526051,0,0,0,0.047524452,33,OPTIMAL,33,0.075515985,1
0,4,3,11,18,TRUE,TRUE,1,0.022484541,OPTIMAL,2,0,33,0.032995701,0.055480242,0,0,0,0.035480499,33,OPTIMAL,33,0.074867487,1
0,4,3,12,16,TRUE,TRUE,1,0.009999037,OPTIMAL,2,0,36,0.046517611,0.056516647,0,0,0,0.01751709,36,OPTIMAL,36,0.032153368,1
0,4,3,12,17,TRUE,TRUE,1,0.035998821,OPTIMAL,2,0,36,0.027526617,0.063525438,0,0,0,0.04599905,36,OPTIMAL,36,0.086504698,1
0,4,3,12,18,TRUE,TRUE,1,0.03600359,OPTIMAL,2,0,36,0.033511877,0.069515467,0,0,0,0.04800868,36,OPTIMAL,36,0.066508293,1
0,4,3,12,19,TRUE,TRUE,1,0.017998457,OPTIMAL,2,0,36,0.036516905,0.054515362,0,0,0,0.029000998,36,OPTIMAL,36,0.108673096,1
0,4,3,13,18,TRUE,TRUE,1,0.049529076,OPTIMAL,2,0,39,0.029999018,0.079528093,0,0,0,0.06052804,39,OPTIMAL,39,0.073915958,1
0,4,3,13,19,TRUE,TRUE,1,0.041520596,OPTIMAL,2,0,39,0.045505762,0.087026358,0,0,0,0.052520752,39,OPTIMAL,39,0.16550827,1
0,4,3,13,20,TRUE,TRUE,1,0.056450844,OPTIMAL,2,0,39,0.036998987,0.093449831,0,0,0,0.067447901,39,OPTIMAL,39,0.096520901,1
0,4,3,13,21,TRUE,TRUE,1,0.047319174,OPTIMAL,2,0,39,0.067326307,0.114645481,0,0,0,0.073652983,39,OPTIMAL,39,0.12202549,1
0,4,3,14,19,TRUE,TRUE,1,0.036998987,OPTIMAL,2,0,42,0.033513784,0.070512772,0,0,0,0.044994354,42,OPTIMAL,42,0.074603796,1
0,4,3,14,20,TRUE,TRUE,1,0.048613787,OPTIMAL,2,0,42,0.050956011,0.099569798,0,0,0,0.061610222,42,OPTIMAL,42,0.109513998,1
0,4,3,14,21,TRUE,TRUE,1,0.057528019,OPTIMAL,2,0,42,0.070686102,0.128214121,0,0,0,0.078547239,42,OPTIMAL,42,0.154026747,1
0,4,3,14,22,TRUE,TRUE,1,0.034014463,OPTIMAL,2,0,42,0.066003323,0.100017786,0,0,0,0.047012806,42,OPTIMAL,42,0.14111948,1
0,4,3,15,20,TRUE,TRUE,1,0.009001255,OPTIMAL,2,0,45,0.029997349,0.038998604,0,0,0,0.016999006,45,OPTIMAL,45,0.034520149,1
0,4,3,15,21,TRUE,TRUE,1,0.050997734,OPTIMAL,2,0,45,0.05299902,0.103996754,0,0,0,0.069998503,45,OPTIMAL,45,0.137741804,1
0,4,3,15,22,TRUE,TRUE,1,0.022001266,OPTIMAL,2,0,45,0.081012011,0.103013277,0,0,0,0.037003517,45,OPTIMAL,45,0.158513546,1
0,4,3,15,23,TRUE,TRUE,1,0.051009417,OPTIMAL,2,0,45,0.0825212,0.133530617,0,0,0,0.076532125,45,OPTIMAL,45,0.116510868,1
0,4,4,4,4,TRUE,TRUE,1,0.006881714,OPTIMAL,2,0,16,0.015000582,0.021882296,0,0,0,0.013884544,16,OPTIMAL,16,0.012000084,1
0,4,4,4,5,TRUE,TRUE,1,0.023994446,OPTIMAL,2,0,16,0.0395329,0.063527346,0,0,0,0.03199482,16,OPTIMAL,16,0.034995556,1
0,4,4,5,5,TRUE,TRUE,1,0.016009808,OPTIMAL,2,0,20,0.02099967,0.037009478,0,0,0,0.023009539,20,OPTIMAL,20,0.0151999,1
0,4,4,5,6,TRUE,TRUE,1,0.043507814,OPTIMAL,2,0,20,0.039011478,0.082519293,0,0,0,0.057514191,20,OPTIMAL,20,0.039992094,1
0,4,4,6,6,TRUE,TRUE,1,0.006999016,OPTIMAL,2,0,24,0.024511099,0.031510115,0,0,0,0.014998913,24,OPTIMAL,24,0.022997618,1
0,4,4,6,7,TRUE,TRUE,1,0.031520605,OPTIMAL,2,0,24,0.027002573,0.058523178,0,0,0,0.039518833,24,OPTIMAL,24,0.097507954,1
0,4,4,7,7,TRUE,TRUE,1,0.011523485,OPTIMAL,2,0,28,0.026998758,0.038522243,0,0,0,0.019522429,28,OPTIMAL,28,0.016997099,1
0,4,4,7,8,TRUE,TRUE,1,0.031512737,OPTIMAL,2,0,28,0.030753851,0.062266588,0,0,0,0.042594433,28,OPTIMAL,28,0.041919708,1
0,4,4,7,9,TRUE,TRUE,1,0.038668394,OPTIMAL,2,0,28,0.032942057,0.071610451,0,0,0,0.047775269,28,OPTIMAL,28,0.065767288,1
0,4,4,8,8,TRUE,TRUE,1,0.009996176,OPTIMAL,2,0,32,0.027624369,0.037620544,0,0,0,0.018507957,32,OPTIMAL,32,0.023002625,1
0,4,4,8,9,TRUE,TRUE,1,0.033126593,OPTIMAL,2,0,32,0.032996416,0.066123009,0,0,0,0.041126728,32,OPTIMAL,32,0.161025047,1
0,4,4,8,10,TRUE,TRUE,1,0.024122715,OPTIMAL,2,0,32,0.041912079,0.066034794,0,0,0,0.0332582,32,OPTIMAL,32,0.162900686,1
0,4,4,9,9,TRUE,TRUE,1,0.008023977,OPTIMAL,2,0,36,0.031008959,0.039032936,0,0,0,0.01602459,36,OPTIMAL,36,0.032994509,1
0,4,4,9,10,TRUE,TRUE,1,0.027002335,OPTIMAL,2,0,36,0.049519062,0.076521397,0,0,0,0.040513277,36,OPTIMAL,36,0.131110907,1
0,4,4,9,11,TRUE,TRUE,1,0.014526606,OPTIMAL,2,0,36,0.064010859,0.078537464,0,0,0,0.023525476,36,OPTIMAL,36,0.334619999,1
0,4,4,10,10,TRUE,TRUE,1,0.007002592,OPTIMAL,2,0,40,0.046531439,0.053534031,0,0,0,0.014533758,40,OPTIMAL,40,0.052529812,1
0,4,4,10,11,TRUE,TRUE,1,0.081227064,OPTIMAL,2,0,40,0.089540243,0.170767307,0,0,0,0.090229273,40,OPTIMAL,40,0.073280334,1
0,4,4,10,12,TRUE,TRUE,1,0.069532394,OPTIMAL,2,0,40,0.075846434,0.145378828,0,0,0,0.080857277,40,OPTIMAL,40,0.22738862,1
0,4,4,10,13,TRUE,TRUE,1,0.047002792,OPTIMAL,2,0,40,0.063582897,0.11058569,0,0,0,0.055515051,40,OPTIMAL,40,0.294761896,1
0,4,4,11,11,TRUE,TRUE,1,0.008996964,OPTIMAL,2,0,44,0.043801069,0.052798033,0,0,0,0.017501354,44,OPTIMAL,44,0.039001226,1
0,4,4,11,12,TRUE,TRUE,1,0.043510437,OPTIMAL,2,0,44,0.05500555,0.098515987,0,0,0,0.052509546,44,OPTIMAL,44,0.21672225,1
0,4,4,11,13,TRUE,TRUE,1,0.029002905,OPTIMAL,2,0,44,0.059723377,0.088726282,0,0,0,0.038012981,44,OPTIMAL,44,0.14116931,1
0,4,4,11,14,TRUE,TRUE,1,0.054008007,OPTIMAL,2,0,44,0.061823606,0.115831614,0,0,0,0.065006256,44,OPTIMAL,44,0.090310574,1
0,4,4,12,12,TRUE,TRUE,1,0.019003391,OPTIMAL,2,0,48,0.057492256,0.076495647,0,0,0,0.030002594,48,OPTIMAL,48,0.030505657,1
0,4,4,12,13,TRUE,TRUE,1,0.055998802,OPTIMAL,2,0,48,0.060133934,0.116132736,0,0,0,0.065004349,48,OPTIMAL,48,0.094101667,1
0,4,4,12,14,TRUE,TRUE,1,0.044990063,OPTIMAL,2,0,48,0.072568655,0.117558718,0,0,0,0.055990458,48,OPTIMAL,48,0.102522373,1
0,4,4,12,15,TRUE,TRUE,1,0.031163216,OPTIMAL,2,0,48,0.062004328,0.093167543,0,0,0,0.040163279,48,OPTIMAL,48,0.092805862,1
0,4,4,13,13,TRUE,TRUE,1,0.00899601,OPTIMAL,2,0,52,0.051510334,0.060506344,0,0,0,0.01799655,52,OPTIMAL,52,0.032520294,1
0,4,4,13,14,TRUE,TRUE,1,0.042997122,OPTIMAL,2,0,52,0.065683365,0.108680487,0,0,0,0.050997019,52,OPTIMAL,52,0.085843563,1
0,4,4,13,15,TRUE,TRUE,1,0.021514177,OPTIMAL,2,0,52,0.063002586,0.084516764,0,0,0,0.029516459,52,OPTIMAL,52,0.532622576,1
0,4,4,13,16,TRUE,TRUE,1,0.039515495,OPTIMAL,2,0,52,0.07151103,0.111026525,0,0,0,0.051515818,52,OPTIMAL,52,0.375655413,1
0,4,4,14,14,TRUE,TRUE,1,0.010993719,OPTIMAL,2,0,56,0.110855818,0.121849537,0,0,0,0.019993544,56,OPTIMAL,56,0.037496805,1
0,4,4,14,15,TRUE,TRUE,1,0.077024698,OPTIMAL,2,0,56,0.090508938,0.167533636,0,0,0,0.089021921,56,OPTIMAL,56,0.090193987,1
0,4,4,14,16,TRUE,TRUE,1,0.036092997,OPTIMAL,2,0,56,0.071000099,0.107093096,0,0,0,0.045093536,56,OPTIMAL,56,0.101505518,1
0,4,4,14,17,TRUE,TRUE,1,0.048000813,OPTIMAL,2,0,56,0.072003603,0.120004416,0,0,0,0.057000875,56,OPTIMAL,56,0.531805515,1
0,4,4,15,15,TRUE,TRUE,1,0.013004541,OPTIMAL,2,0,60,0.057997465,0.071002007,0,0,0,0.022001982,60,OPTIMAL,60,0.037499666,1
0,4,4,15,16,TRUE,TRUE,1,0.032999516,OPTIMAL,2,0,60,0.070511103,0.103510618,0,0,0,0.041510582,60,OPTIMAL,60,0.110077143,1
0,4,4,15,17,TRUE,TRUE,1,0.026998758,OPTIMAL,2,0,60,0.085946798,0.112945557,0,0,0,0.037508011,60,OPTIMAL,60,0.11017704,1
0,4,4,15,18,TRUE,TRUE,1,0.054000139,OPTIMAL,2,0,60,0.087426186,0.141426325,0,0,0,0.06400013,60,OPTIMAL,60,0.676141739,1
0,4,5,5,4,TRUE,TRUE,1,0.007860661,OPTIMAL,2,0,25,0.018003225,0.025863886,0,0,0,0.016867638,25,OPTIMAL,25,0.014509201,1
0,4,5,6,5,TRUE,TRUE,1,0.060005188,OPTIMAL,2,0,30,0.024998426,0.085003614,0,0,0,0.068102837,30,OPTIMAL,30,0.036000967,1
0,4,5,7,6,TRUE,TRUE,1,0.034899712,OPTIMAL,2,0,35,0.045535326,0.080435038,0,0,0,0.044909954,35,OPTIMAL,35,0.048565865,1
0,4,5,8,7,TRUE,TRUE,1,0.066997528,OPTIMAL,2,0,40,0.161530972,0.2285285,0,0,0,0.092996836,40,OPTIMAL,40,0.100504637,1
0,4,5,9,8,TRUE,TRUE,1,0.054907322,OPTIMAL,2,0,45,0.207531452,0.262438774,0,0,0,0.081422091,45,OPTIMAL,45,0.173710108,1
0,4,5,10,8,TRUE,TRUE,1,0.011047125,OPTIMAL,2,0,50,0.0259974,0.037044525,0,0,0,0.019046307,50,OPTIMAL,50,0.045702457,1
0,4,5,10,9,TRUE,TRUE,1,0.129561424,OPTIMAL,2,1.00E-07,49.999995,0.077515364,0.207076788,0,0,0,0.139559984,50,OPTIMAL,50,0.082213402,1
0,4,5,11,9,TRUE,TRUE,1,0.087615967,OPTIMAL,2,0,55,0.055360556,0.142976522,0,0,0,0.095588446,55,OPTIMAL,55,0.054003477,1
0,4,5,11,10,TRUE,TRUE,1,0.095869064,OPTIMAL,2,1.11E-07,54.99999389,0.366492748,0.462361813,0,0,0,0.129699469,55,OPTIMAL,55,0.269019127,1
0,4,5,12,10,TRUE,TRUE,1,0.084757328,OPTIMAL,2,0,60,0.108514547,0.193271875,0,0,0,0.102754116,60,OPTIMAL,60,0.06250906,1
0,4,5,12,11,TRUE,TRUE,1,0.054147959,OPTIMAL,2,0,60,0.629101992,0.68324995,0,0,0,0.067149401,60,OPTIMAL,60,0.107510328,1
0,4,5,13,11,TRUE,TRUE,1,0.035001516,OPTIMAL,2,5.45E-08,64.99999645,0.189012527,0.224014044,0,0,0,0.052000046,65,OPTIMAL,65,0.104779243,1
0,4,5,13,12,TRUE,TRUE,1,0.032104731,OPTIMAL,2,0,65,0.428459167,0.460563898,0,0,0,0.051104546,65,OPTIMAL,65,0.107511759,1
0,4,5,14,12,TRUE,TRUE,1,0.065555334,OPTIMAL,2,0,70,0.264780045,0.330335379,0,0,0,0.093314886,70,OPTIMAL,70,0.256699085,1
0,4,5,14,13,TRUE,TRUE,1,0.04648757,OPTIMAL,2,0,70,0.133316755,0.179804325,0,0,0,0.063489199,70,OPTIMAL,70,0.610420227,1
0,4,5,15,12,TRUE,TRUE,1,0.010882139,OPTIMAL,2,0,75,0.032310247,0.043192387,0,0,0,0.019022226,75,OPTIMAL,75,0.03253746,1
0,4,5,15,13,TRUE,TRUE,1,0.040130854,OPTIMAL,2,0,75,0.266149044,0.306279898,0,0,0,0.055130959,75,OPTIMAL,75,0.37524581,1
0,4,5,15,14,TRUE,TRUE,1,0.03700614,OPTIMAL,2,0,75,0.129290342,0.166296482,0,0,0,0.053475142,75,OPTIMAL,75,0.67467618,1
0,4,6,4,3,TRUE,TRUE,1,0.027518511,OPTIMAL,2,0,24,0.091518641,0.119037151,0,0,0,0.052519798,24,OPTIMAL,24,0.016000748,1
0,4,6,6,4,TRUE,TRUE,1,0.00999856,OPTIMAL,2,0,36,0.018510342,0.028508902,0,0,0,0.017998219,36,OPTIMAL,36,0.015999079,1
0,4,6,7,5,TRUE,TRUE,1,0.056226492,OPTIMAL,2,0,42,0.035999775,0.092226267,0,0,0,0.067226887,42,OPTIMAL,42,0.058507919,1
0,4,6,8,6,TRUE,TRUE,1,0.042001247,OPTIMAL,2,0,48,0.206427813,0.24842906,0,0,0,0.05500102,48,OPTIMAL,48,0.192997932,1
0,4,6,9,6,TRUE,TRUE,1,0.009994268,OPTIMAL,2,0,54,0.021010876,0.031005144,0,0,0,0.019005299,54,OPTIMAL,54,0.037992954,1
0,4,6,9,7,TRUE,TRUE,1,0.069521427,OPTIMAL,2,0,54,0.40495348,0.474474907,0,0,0,0.084527731,54,OPTIMAL,54,0.364145279,1
0,4,6,10,7,TRUE,TRUE,1,0.057520628,OPTIMAL,2,0,60,0.086321115,0.143841743,0,0,0,0.071523666,60,OPTIMAL,60,0.064511776,1
0,4,6,11,8,TRUE,TRUE,1,0.046227694,OPTIMAL,2,0,66,0.384338856,0.430566549,0,0,0,0.059162617,66,OPTIMAL,66,0.282628536,1
0,4,6,12,8,TRUE,TRUE,1,0.008996725,OPTIMAL,2,0,72,0.025000572,0.033997297,0,0,0,0.017996311,72,OPTIMAL,72,0.03851223,1
0,4,6,12,9,TRUE,TRUE,1,0.0430758,OPTIMAL,2,0,72,0.533776999,0.576852798,0,0,0,0.057076693,72,OPTIMAL,71.9999925,0.221290827,1.000000104
0,4,6,13,9,TRUE,TRUE,1,0.058004379,OPTIMAL,2,0,78,0.090507269,0.148511648,0,0,0,0.072004795,78,OPTIMAL,78,0.070508957,1
0,4,6,13,10,TRUE,TRUE,1,0.037445307,OPTIMAL,2,0,78,0.507539749,0.544985056,0,0,0,0.053453684,78,OPTIMAL,78,0.117397547,1
0,4,6,14,10,TRUE,TRUE,1,0.072515011,OPTIMAL,2,0,84,0.348647833,0.421162844,0,0,0,0.085520506,84,OPTIMAL,84,0.07200098,1
0,4,6,14,11,TRUE,TRUE,1,0.05150795,OPTIMAL,2,0,84,0.312080145,0.363588095,0,0,0,0.070025206,84,OPTIMAL,84,0.33071661,1
0,4,6,15,10,TRUE,TRUE,1,0.009995222,OPTIMAL,2,0,90,0.028997898,0.03899312,0,0,0,0.018992662,90,OPTIMAL,90,0.027508736,1
0,4,6,15,11,TRUE,TRUE,1,0.076008081,OPTIMAL,2,0,90,0.267271519,0.3432796,0,0,0,0.090009928,90,OPTIMAL,90,0.09808445,1
0,4,7,5,3,TRUE,TRUE,1,0.02099824,OPTIMAL,2,0,35,0.019996881,0.040995121,0,0,0,0.028996229,35,OPTIMAL,35,0.031518221,1
0,4,7,7,4,TRUE,TRUE,1,0.017519474,OPTIMAL,2,0,49,0.02552104,0.043040514,0,0,0,0.031040192,49,OPTIMAL,49,0.021000147,1
0,4,7,8,5,TRUE,TRUE,1,0.114537716,OPTIMAL,2,0,56,0.065001249,0.179538965,0,0,0,0.129538774,56,OPTIMAL,56,0.047519684,1
0,4,7,10,6,TRUE,TRUE,1,0.063537121,OPTIMAL,2,0,70,0.128109217,0.191646338,0,0,0,0.086629152,70,OPTIMAL,70,0.043658257,1
0,4,7,11,7,TRUE,TRUE,1,0.081789494,OPTIMAL,2,0,77,0.41230917,0.494098663,0,0,0,0.096789837,77,OPTIMAL,77,0.09745717,1
0,4,7,12,7,TRUE,TRUE,1,0.051440239,OPTIMAL,2,0,84,0.037006617,0.088446856,0,0,0,0.060439348,84,OPTIMAL,84,0.073343992,1
0,4,7,13,8,TRUE,TRUE,1,0.075276375,OPTIMAL,2,0,91,0.499665976,0.57494235,0,0,0,0.095275879,91,OPTIMAL,91,0.103700399,1
0,4,7,14,8,TRUE,TRUE,1,0.016991138,OPTIMAL,2,0,98,0.025999308,0.042990446,0,0,0,0.025990009,98,OPTIMAL,98,0.052574635,1
0,4,7,14,9,TRUE,TRUE,1,0.064062834,OPTIMAL,2,0,98,0.51677227,0.580835104,0,0,0,0.08706522,98,OPTIMAL,98,0.127483368,1
0,4,7,15,9,TRUE,TRUE,1,0.033998966,OPTIMAL,2,0,105,0.264135361,0.298134327,0,0,0,0.04799962,105,OPTIMAL,105,0.141652584,1
0,5,3,4,7,TRUE,TRUE,1,0.020071745,OPTIMAL,2,0,12,0.037508965,0.057580709,0,0,0,0.029580116,12,OPTIMAL,12,0.056003809,1
0,5,3,4,8,TRUE,TRUE,1,0.031995773,OPTIMAL,2,0,12,0.026309729,0.058305502,0,0,0,0.042502165,12,OPTIMAL,12,0.07350564,1
0,5,3,4,9,TRUE,TRUE,1,0.055525303,OPTIMAL,2,0,12,0.062427282,0.117952585,0,0,0,0.080531359,12,OPTIMAL,12,0.142334223,1
0,5,3,5,9,TRUE,TRUE,1,0.058750868,OPTIMAL,2,0,15,0.04010725,0.098858118,0,0,0,0.068342924,15,OPTIMAL,15,0.052003145,1
0,5,3,5,10,TRUE,TRUE,1,0.029999971,OPTIMAL,2,0,15,0.033012629,0.0630126,0,0,0,0.040002108,15,OPTIMAL,15,0.123504162,1
0,5,3,5,11,TRUE,TRUE,1,0.042039394,OPTIMAL,2,0,15,0.036998749,0.079038143,0,0,0,0.053038359,15,OPTIMAL,15,0.046512842,1
0,5,3,5,12,TRUE,TRUE,1,0.052999496,OPTIMAL,2,0,15,0.043509007,0.096508503,0,0,0,0.064508915,15,OPTIMAL,15,0.151057243,1
0,5,3,6,10,TRUE,TRUE,1,0.009002209,OPTIMAL,2,0,18,0.045005083,0.054007292,0,0,0,0.018002748,18,OPTIMAL,18,0.020999193,1
0,5,3,6,11,TRUE,TRUE,1,0.018998861,OPTIMAL,2,0,18,0.022530556,0.041529417,0,0,0,0.030520916,18,OPTIMAL,18,0.046000719,1
0,5,3,6,12,TRUE,TRUE,1,0.033510923,OPTIMAL,2,0,18,0.025993109,0.059504032,0,0,0,0.043504,18,OPTIMAL,18,0.070216894,1
0,5,3,6,13,TRUE,TRUE,1,0.043177128,OPTIMAL,2,0,18,0.027999878,0.071177006,0,0,0,0.054177761,18,OPTIMAL,18,0.076868773,1
0,5,3,7,12,TRUE,TRUE,1,0.082619429,OPTIMAL,2,0,21,0.031514168,0.114133596,0,0,0,0.094623804,21,OPTIMAL,21,0.053996325,1
0,5,3,7,13,TRUE,TRUE,1,0.0351336,OPTIMAL,2,0,21,0.028009415,0.063143015,0,0,0,0.052133799,21,OPTIMAL,21,0.094353199,1
0,5,3,7,14,TRUE,TRUE,1,0.051709175,OPTIMAL,2,0,21,0.040527344,0.092236519,0,0,0,0.074235439,21,OPTIMAL,21,0.071805,1
0,5,3,7,15,TRUE,TRUE,1,0.042984009,OPTIMAL,2,0,21,0.031968594,0.074952602,0,0,0,0.053962469,21,OPTIMAL,21,0.191482782,1
0,5,3,8,14,TRUE,TRUE,1,0.039749384,OPTIMAL,2,0,24,0.031995773,0.071745157,0,0,0,0.057745695,24,OPTIMAL,24,0.048066139,1
0,5,3,8,15,TRUE,TRUE,1,0.03589654,OPTIMAL,2,0,24,0.031998873,0.067895412,0,0,0,0.053897142,24,OPTIMAL,24,0.069805861,1
0,5,3,8,16,TRUE,TRUE,1,0.020999432,OPTIMAL,2,0,24,0.032997847,0.053997278,0,0,0,0.030997753,24,OPTIMAL,24,0.083518744,1
0,5,3,8,17,TRUE,TRUE,1,0.047601461,OPTIMAL,2,0,24,0.042125463,0.089726925,0,0,0,0.06060195,24,OPTIMAL,24,0.352665901,1
0,5,3,9,15,TRUE,TRUE,1,0.016671419,OPTIMAL,2,0,27,0.025974512,0.042645931,0,0,0,0.030576229,27,OPTIMAL,27,0.033012629,1
0,5,3,9,16,TRUE,TRUE,1,0.052842617,OPTIMAL,2,0,27,0.049527884,0.102370501,0,0,0,0.075851917,27,OPTIMAL,27,0.081661463,1
0,5,3,9,17,TRUE,TRUE,1,0.038421154,OPTIMAL,2,0,27,0.035098791,0.073519945,0,0,0,0.053420782,27,OPTIMAL,27,0.14050746,1
0,5,3,9,18,TRUE,TRUE,1,0.029994011,OPTIMAL,2,0,27,0.043997049,0.07399106,0,0,0,0.040991306,27,OPTIMAL,27,0.202004671,1
0,5,3,10,17,TRUE,TRUE,1,0.026132345,OPTIMAL,2,0,30,0.030999422,0.057131767,0,0,0,0.03713274,30,OPTIMAL,30,0.059999943,1
0,5,3,10,18,TRUE,TRUE,1,0.032521963,OPTIMAL,2,0,30,0.035233021,0.067754984,0,0,0,0.046527386,30,OPTIMAL,30,0.151175499,1
0,5,3,10,19,TRUE,TRUE,1,0.027509212,OPTIMAL,2,0,30,0.046002626,0.073511839,0,0,0,0.043508768,30,OPTIMAL,30,0.097249508,1
0,5,3,10,20,TRUE,TRUE,1,0.034417868,OPTIMAL,2,0,30,0.056999922,0.091417789,0,0,0,0.049418926,30,OPTIMAL,30,0.141543627,1
0,5,3,11,19,TRUE,TRUE,1,0.078522205,OPTIMAL,2,0,33,0.038605213,0.117127419,0,0,0,0.089127302,33,OPTIMAL,33,0.108097792,1
0,5,3,11,20,TRUE,TRUE,1,0.055733919,OPTIMAL,2,0,33,0.055422306,0.111156225,0,0,0,0.07673502,33,OPTIMAL,33,0.145388603,1
0,5,3,11,21,TRUE,TRUE,1,0.052718163,OPTIMAL,2,0,33,0.076574802,0.129292965,0,0,0,0.067713499,33,OPTIMAL,33,0.248719692,1
0,5,3,11,22,TRUE,TRUE,1,0.035771608,OPTIMAL,2,0,33,0.058528185,0.094299793,0,0,0,0.048769712,33,OPTIMAL,33,0.143619537,1
0,5,3,12,20,TRUE,TRUE,1,0.009995937,OPTIMAL,2,0,36,0.031918526,0.041914463,0,0,0,0.020006895,36,OPTIMAL,36,0.027509689,1
0,5,3,12,21,TRUE,TRUE,1,0.039517879,OPTIMAL,2,0,36,0.045996666,0.085514545,0,0,0,0.051517487,36,OPTIMAL,36,0.127745628,1
0,5,3,12,22,TRUE,TRUE,1,0.023000717,OPTIMAL,2,0,36,0.063996077,0.086996794,0,0,0,0.04099822,36,OPTIMAL,36,0.142496586,1
0,5,3,12,23,TRUE,TRUE,1,0.069521189,OPTIMAL,2,0,36,0.064518452,0.13403964,0,0,0,0.093042612,36,OPTIMAL,36,0.194022894,1
0,5,3,13,22,TRUE,TRUE,1,0.063385725,OPTIMAL,2,0,39,0.044509411,0.107895136,0,0,0,0.073895454,39,OPTIMAL,39,0.101247072,1
0,5,3,13,23,TRUE,TRUE,1,0.048527718,OPTIMAL,2,0,39,0.0647645,0.113292217,0,0,0,0.065523386,39,OPTIMAL,39,0.142684698,1
0,5,3,13,24,TRUE,TRUE,1,0.033523321,OPTIMAL,2,0,39,0.060511351,0.094034672,0,0,0,0.05452919,39,OPTIMAL,39,0.290551424,1
0,5,3,13,25,TRUE,TRUE,1,0.040513039,OPTIMAL,2,0,39,0.074687481,0.11520052,0,0,0,0.061577082,39,OPTIMAL,39,0.163002968,1
0,5,3,14,24,TRUE,TRUE,1,0.09971714,OPTIMAL,2,0,42,0.04562068,0.14533782,0,0,0,0.110691786,42,OPTIMAL,42,0.114514112,1
0,5,3,14,25,TRUE,TRUE,1,0.05215168,OPTIMAL,2,0,42,0.052522898,0.104674578,0,0,0,0.067147732,42,OPTIMAL,42,0.19051075,1
0,5,3,14,26,TRUE,TRUE,1,0.070780277,OPTIMAL,2,0,42,0.063866854,0.134647131,0,0,0,0.089187145,42,OPTIMAL,42,0.216093063,1
0,5,3,14,27,TRUE,TRUE,1,0.0768466,OPTIMAL,2,0,42,0.09852457,0.17537117,0,0,0,0.098845959,42,OPTIMAL,42,0.183043242,1
0,5,3,15,25,TRUE,TRUE,1,0.019998074,OPTIMAL,2,0,45,0.042762995,0.062761068,0,0,0,0.029999971,45,OPTIMAL,45,0.040000677,1
0,5,3,15,26,TRUE,TRUE,1,0.026387453,OPTIMAL,2,0,45,0.061519146,0.087906599,0,0,0,0.042387247,45,OPTIMAL,45,0.252610683,1
0,5,3,15,27,TRUE,TRUE,1,0.072951794,OPTIMAL,2,0,45,0.085039854,0.157991648,0,0,0,0.099995375,45,OPTIMAL,45,0.228076935,1
0,5,3,15,28,TRUE,TRUE,1,0.05500865,OPTIMAL,2,0,45,0.065825939,0.120834589,0,0,0,0.071295738,45,OPTIMAL,45,0.223313808,1
0,5,4,4,5,TRUE,TRUE,1,0.009003878,OPTIMAL,2,0,16,0.026000261,0.035004139,0,0,0,0.019004345,16,OPTIMAL,16,0.041996717,1
0,5,4,4,6,TRUE,TRUE,1,0.061527729,OPTIMAL,2,0,16,0.031997204,0.093524933,0,0,0,0.072526455,16,OPTIMAL,16,0.053515196,1
0,5,4,5,7,TRUE,TRUE,1,0.022000313,OPTIMAL,2,0,20,0.038509846,0.060510159,0,0,0,0.034508705,20,OPTIMAL,20,0.061276913,1
0,5,4,5,8,TRUE,FALSE,1.081081081,0.971618414,INFEASIBLE,3,,inf,0.301482201,1.273100615,70,54,16,,,OPTIMAL,20,0.064531565,
0,5,4,6,8,TRUE,TRUE,1,0.088822126,OPTIMAL,2,0,24,0.038488626,0.127310753,0,0,0,0.103308916,24,OPTIMAL,24,0.081005812,1
0,5,4,6,9,TRUE,TRUE,1,0.050513983,OPTIMAL,2,0,24,0.040518999,0.091032982,0,0,0,0.061523676,24,OPTIMAL,24,0.099635839,1
0,5,4,7,9,TRUE,TRUE,1,0.063770771,OPTIMAL,2,0,28,0.075294256,0.139065027,0,0,0,0.082774878,28,OPTIMAL,28,0.067820311,1
0,5,4,7,10,TRUE,TRUE,1,0.069011688,OPTIMAL,2,0,28,0.075541496,0.144553185,0,0,0,0.082011938,28,OPTIMAL,28,0.12893796,1
0,5,4,7,11,TRUE,FALSE,1.054794521,0.901904583,INFEASIBLE,3,,inf,1.112550497,2.01445508,112,92,20,,,OPTIMAL,28,0.277164459,
0,5,4,8,10,TRUE,TRUE,1,0.009999514,OPTIMAL,2,0,32,0.053509951,0.063509464,0,0,0,0.019503117,32,OPTIMAL,32,0.026512384,1
0,5,4,8,11,TRUE,TRUE,1,0.036998749,OPTIMAL,2,0,32,0.066802025,0.103800774,0,0,0,0.053467989,32,OPTIMAL,32,0.074409723,1
0,5,4,8,12,TRUE,TRUE,1,0.039510012,OPTIMAL,2,0,32,0.027753592,0.067263603,0,0,0,0.049516201,32,OPTIMAL,32,0.084022284,1
0,5,4,8,13,TRUE,FALSE,1.106382979,0.965270042,INFEASIBLE,3,,inf,1.87365222,2.838922262,61,48,13,,,OPTIMAL,32,0.320459127,
0,5,4,9,12,TRUE,TRUE,1,0.0329988,OPTIMAL,2,0,36,0.068571568,0.101570368,0,0,0,0.046504736,36,OPTIMAL,36,0.137016535,1
0,5,4,9,13,TRUE,TRUE,1,0.062004805,OPTIMAL,2,0,36,0.341871023,0.403875828,0,0,0,0.384874582,36,OPTIMAL,36,0.330788612,1
0,5,4,9,14,TRUE,FALSE,1.041322314,0.978316069,INFEASIBLE,3,,inf,8.500030041,9.478346109,140,110,30,,,OPTIMAL,36,0.130402565,
0,5,4,10,13,TRUE,TRUE,1,0.065535784,OPTIMAL,2,0,40,0.068521023,0.134056807,0,0,0,0.07753253,40,OPTIMAL,40,0.112064123,1
0,5,4,10,14,TRUE,TRUE,1,0.04353404,OPTIMAL,2,0,40,0.038011074,0.081545115,0,0,0,0.060533762,40,OPTIMAL,40,0.348390102,1
0,5,4,10,15,TRUE,TRUE,1,0.042375088,OPTIMAL,2,0,40,0.052849054,0.095224142,0,0,0,0.065229654,40,OPTIMAL,40,0.571695805,1
0,5,4,10,16,TRUE,FALSE,1.066666667,1.031949997,INFEASIBLE,3,,inf,9.274973631,10.30692363,123,100,23,,,OPTIMAL,40,0.862430096,
0,5,4,11,14,TRUE,TRUE,1,0.098812342,OPTIMAL,2,0,44,0.121680975,0.220493317,0,0,0,0.115812778,44,OPTIMAL,44,0.118547678,1
0,5,4,11,15,TRUE,TRUE,1,0.129304409,OPTIMAL,2,0,44,0.059000492,0.188304901,0,0,0,0.153297663,44,OPTIMAL,44,0.458588362,1
0,5,4,11,16,TRUE,TRUE,1,0.056528091,OPTIMAL,2,0,44,0.050513744,0.107041836,0,0,0,0.08011961,44,OPTIMAL,44,0.259531021,1
0,5,4,11,17,TRUE,FALSE,1.033149171,1.003391027,INFEASIBLE,3,,inf,12.39406538,13.39745641,115,92,23,,,OPTIMAL,44,1.422052145,
0,5,4,12,15,TRUE,TRUE,1,0.019525766,OPTIMAL,2,0,48,0.07353282,0.093058586,0,0,0,0.035525084,48,OPTIMAL,48,0.043707609,1
0,5,4,12,16,TRUE,TRUE,1,0.054008484,OPTIMAL,2,0,48,0.052011251,0.106019735,0,0,0,0.068010569,48,OPTIMAL,48,0.120535374,1
0,5,4,12,17,TRUE,TRUE,1,0.04451704,OPTIMAL,2,0,48,0.059541702,0.104058743,0,0,0,0.065526485,48,OPTIMAL,48,0.62515378,1
0,5,4,12,18,TRUE,TRUE,1,0.063999414,OPTIMAL,2,0,48,0.045341015,0.109340429,0,0,0,0.077999115,48,OPTIMAL,48,0.822855949,1
0,5,4,13,17,TRUE,TRUE,1,0.09452939,OPTIMAL,2,0,52,0.04399991,0.138529301,0,0,0,0.10953021,52,OPTIMAL,52,0.190186501,1
0,5,4,13,18,TRUE,TRUE,1,0.073004484,OPTIMAL,2,0,52,0.05801034,0.131014824,0,0,0,0.090004206,52,OPTIMAL,52,0.139531612,1
0,5,4,13,19,TRUE,TRUE,1,0.046530962,OPTIMAL,2,0,52,0.106048584,0.152579546,0,0,0,0.077050209,52,OPTIMAL,52,0.311223507,1
0,5,4,13,20,TRUE,FALSE,1.027667984,1.066027403,INFEASIBLE,3,,inf,101.5859659,102.6519933,160,128,32,,,OPTIMAL,52,0.285873413,
0,5,4,14,18,TRUE,TRUE,1,0.087548256,OPTIMAL,2,0,56,0.061181068,0.148729324,0,0,0,0.104543209,56,OPTIMAL,56,0.113499165,1
0,5,4,14,19,TRUE,TRUE,1,0.101520061,OPTIMAL,2,0,56,0.06451416,0.166034222,0,0,0,0.121519327,56,OPTIMAL,56,0.215089083,1
0,5,4,14,20,TRUE,TRUE,1,0.080512047,OPTIMAL,2,0,56,0.072511911,0.153023958,0,0,0,0.105509281,56,OPTIMAL,56,0.268382549,1
0,5,4,14,21,TRUE,TRUE,1,0.047078609,OPTIMAL,2,0,56,0.072551966,0.119630575,0,0,0,0.064074039,56,OPTIMAL,56,0.984107494,1
0,5,4,15,19,TRUE,TRUE,1,0.072533607,OPTIMAL,2,0,60,0.055003643,0.127537251,0,0,0,0.083533287,60,OPTIMAL,60,0.119538784,1
0,5,4,15,20,TRUE,TRUE,1,0.050011396,OPTIMAL,2,0,60,0.070176363,0.120187759,0,0,0,0.06766057,60,OPTIMAL,60,0.208043814,1
0,5,4,15,21,TRUE,TRUE,1,0.05700779,OPTIMAL,2,0,60,0.102528811,0.1595366,0,0,0,0.082010508,60,OPTIMAL,60,0.798844576,1
0,5,4,15,22,TRUE,TRUE,1,0.050010204,OPTIMAL,2,0,60,0.108591795,0.158601999,0,0,0,0.093335629,60,OPTIMAL,60,0.974345446,1
0,5,5,4,4,TRUE,TRUE,1,0.019999027,OPTIMAL,2,0,20,0.022517681,0.042516708,0,0,0,0.042516708,20,OPTIMAL,20,0.028998852,1
0,5,5,5,5,TRUE,TRUE,1,0.010000706,OPTIMAL,2,0,25,0.029000521,0.039001226,0,0,0,0.020000458,25,OPTIMAL,25,0.02200079,1
0,5,5,5,6,TRUE,TRUE,1,0.03388834,OPTIMAL,2,0,25,0.03600049,0.06988883,0,0,0,0.044888496,25,OPTIMAL,25,0.239563465,1
0,5,5,6,6,TRUE,TRUE,1,0.011000156,OPTIMAL,2,0,30,0.033003569,0.044003725,0,0,0,0.020999908,30,OPTIMAL,30,0.019836426,1
0,5,5,6,7,TRUE,TRUE,1,0.072966337,OPTIMAL,2,0,30,0.035002232,0.107968569,0,0,0,0.082966089,30,OPTIMAL,30,0.212325573,1
0,5,5,7,7,TRUE,TRUE,1,0.017095566,OPTIMAL,2,0,35,0.033533335,0.050628901,0,0,0,0.027100801,35,OPTIMAL,35,0.045292616,1
0,5,5,7,8,TRUE,TRUE,1,0.050507784,OPTIMAL,2,0,35,0.042999029,0.093506813,0,0,0,0.061506987,35,OPTIMAL,35,0.335596085,1
0,5,5,8,8,TRUE,TRUE,1,0.011000872,OPTIMAL,2,0,40,0.042673588,0.053674459,0,0,0,0.022000313,40,OPTIMAL,40,0.027935743,1
0,5,5,8,9,TRUE,TRUE,1,0.050477743,OPTIMAL,2,0,40,0.068531275,0.119009018,0,0,0,0.060477495,40,OPTIMAL,40,0.310655355,1
0,5,5,9,9,TRUE,TRUE,1,0.011013269,OPTIMAL,2,0,45,0.062000751,0.073014021,0,0,0,0.021012068,45,OPTIMAL,45,0.055996418,1
0,5,5,9,10,TRUE,TRUE,1,0.058845282,OPTIMAL,2,0,45,0.056535244,0.115380526,0,0,0,0.069849968,45,OPTIMAL,45,0.464556694,1
0,5,5,9,11,TRUE,TRUE,1,0.048161507,OPTIMAL,2,0,45,0.071531773,0.119693279,0,0,0,0.060165644,45,OPTIMAL,45,0.41235137,1
0,5,5,10,10,TRUE,TRUE,1,0.011999846,OPTIMAL,2,0,50,0.059000254,0.071000099,0,0,0,0.022001266,50,OPTIMAL,50,0.064000607,1
0,5,5,10,11,TRUE,TRUE,1,0.052513123,OPTIMAL,2,0,50,0.066534281,0.119047403,0,0,0,0.063513994,50,OPTIMAL,50,0.088533163,1
0,5,5,10,12,TRUE,TRUE,1,0.049527168,OPTIMAL,2,0,50,0.083521366,0.133048534,0,0,0,0.061527252,50,OPTIMAL,50,0.586200714,1
0,5,5,11,11,TRUE,TRUE,1,0.016005278,OPTIMAL,2,0,55,0.065150499,0.081155777,0,0,0,0.02801466,55,OPTIMAL,55,0.038001776,1
0,5,5,11,12,TRUE,TRUE,1,0.074516773,OPTIMAL,2,0,55,0.091138124,0.165654898,0,0,0,0.085517406,55,OPTIMAL,55,0.110569239,1
0,5,5,11,13,TRUE,TRUE,1,0.059999704,OPTIMAL,2,0,55,0.085014582,0.145014286,0,0,0,0.071998358,55,OPTIMAL,55,0.417082787,1
0,5,5,12,12,TRUE,TRUE,1,0.012007475,OPTIMAL,2,0,60,0.092971087,0.104978561,0,0,0,0.022004604,60,OPTIMAL,60,0.050521851,1
0,5,5,12,13,TRUE,TRUE,1,0.05548048,OPTIMAL,2,0,60,0.087548971,0.143029451,0,0,0,0.072474003,60,OPTIMAL,60,0.476811886,1
0,5,5,12,14,TRUE,TRUE,1,0.047679186,OPTIMAL,2,0,60,0.089508057,0.137187243,0,0,0,0.05867815,60,OPTIMAL,60,1.167295456,1
0,5,5,13,13,TRUE,TRUE,1,0.014996767,OPTIMAL,2,0,65,0.107129574,0.122126341,0,0,0,0.035570621,65,OPTIMAL,65,0.043996572,1
0,5,5,13,14,TRUE,TRUE,1,0.058628798,OPTIMAL,2,0,65,0.091501236,0.150130033,0,0,0,0.070141554,65,OPTIMAL,65,0.133231878,1
0,5,5,13,15,TRUE,TRUE,1,0.094537735,OPTIMAL,2,0,65,0.111238241,0.205775976,0,0,0,0.107537031,65,OPTIMAL,65,0.809458017,1
0,5,5,13,16,TRUE,TRUE,1,0.090508223,OPTIMAL,2,0,65,0.049638271,0.140146494,0,0,0,0.102509022,65,OPTIMAL,65,0.869008064,1
0,5,5,14,14,TRUE,TRUE,1,0.033002377,OPTIMAL,2,0,70,0.07454443,0.107546806,0,0,0,0.043432951,70,OPTIMAL,70,0.070521355,1
0,5,5,14,15,TRUE,TRUE,1,0.08951354,OPTIMAL,2,0,70,0.103301525,0.192815065,0,0,0,0.101513624,70,OPTIMAL,70,0.593239307,1
0,5,5,14,16,TRUE,TRUE,1,0.0492208,OPTIMAL,2,0,70,0.130530119,0.179750919,0,0,0,0.063220263,70,OPTIMAL,70,0.284542322,1
0,5,5,14,17,TRUE,TRUE,1,0.058003664,OPTIMAL,2,0,70,0.065997601,0.124001265,0,0,0,0.071004391,70,OPTIMAL,70,0.668879032,1
0,5,5,15,15,TRUE,TRUE,1,0.012002707,OPTIMAL,2,0,75,0.07954073,0.091543436,0,0,0,0.022997379,75,OPTIMAL,75,0.052528143,1
0,5,5,15,16,TRUE,TRUE,1,0.103895903,OPTIMAL,2,0,75,0.116064787,0.21996069,0,0,0,0.116147995,75,OPTIMAL,75,0.220218897,1
0,5,5,15,17,TRUE,TRUE,1,0.078754663,OPTIMAL,2,0,75,0.13515234,0.213907003,0,0,0,0.097870588,75,OPTIMAL,75,1.476558685,1
0,5,5,15,18,TRUE,TRUE,1,0.157075405,OPTIMAL,2,0,75,0.063193321,0.220268726,0,0,0,0.170075417,75,OPTIMAL,75,1.663638353,1
0,5,6,6,5,TRUE,TRUE,1,0.017086983,OPTIMAL,2,0,36,0.024041176,0.041128159,0,0,0,0.028087378,36,OPTIMAL,36,0.035079956,1
0,5,6,7,6,TRUE,TRUE,1,0.0629704,OPTIMAL,2,0,42,0.06274581,0.125716209,0,0,0,0.073565722,42,OPTIMAL,42,0.048761368,1
0,5,6,8,7,TRUE,TRUE,1,0.110646486,OPTIMAL,2,0,48,0.051512241,0.162158728,0,0,0,0.123650789,48,OPTIMAL,48,0.083513737,1
0,5,6,9,8,TRUE,TRUE,1,0.185190678,OPTIMAL,2,0,54,0.330543995,0.515734673,0,0,0,0.214197397,54,OPTIMAL,54,0.174400091,1
0,5,6,10,9,TRUE,TRUE,1,0.060747623,OPTIMAL,2,0,60,0.387402773,0.448150396,0,0,0,0.084749937,60,OPTIMAL,60,0.294163227,1
0,5,6,11,10,TRUE,TRUE,1,0.059149265,OPTIMAL,2,0,66,0.609273434,0.668422699,0,0,0,0.078161001,66,OPTIMAL,66,0.348346472,1
0,5,6,12,10,TRUE,TRUE,1,0.02741313,OPTIMAL,2,0,72,0.081706047,0.109119177,0,0,0,0.05141592,72,OPTIMAL,72,0.042755365,1
0,5,6,12,11,TRUE,TRUE,1,0.065999269,OPTIMAL,2,0,72,0.918632507,0.984631777,0,0,0,0.08699894,72,OPTIMAL,72,0.181168318,1
0,5,6,13,11,TRUE,TRUE,1,0.122026443,OPTIMAL,2,0,78,0.10571003,0.227736473,0,0,0,0.146029711,78,OPTIMAL,78,0.090839624,1
0,5,6,13,12,TRUE,TRUE,1,0.085510731,OPTIMAL,2,0,78,1.033510208,1.119020939,0,0,0,0.117509842,78,OPTIMAL,78,0.487354994,1
0,5,6,14,12,TRUE,TRUE,1,0.153351545,OPTIMAL,2,0,84,0.151509762,0.304861307,0,0,0,0.177349806,84,OPTIMAL,84,0.166038275,1
0,5,6,14,13,TRUE,TRUE,1,0.093515635,OPTIMAL,2,0,84,1.071441889,1.164957523,0,0,0,0.121517658,84,OPTIMAL,84,0.228443384,1
0,5,6,15,13,TRUE,TRUE,1,0.067999363,OPTIMAL,2,0,90,0.254350185,0.322349548,0,0,0,0.103411674,90,OPTIMAL,89.9999955,0.45157814,1.00000005
0,5,6,15,14,TRUE,TRUE,1,0.09302187,OPTIMAL,2,0,90,1.275513649,1.368535519,0,0,0,0.121327639,90,OPTIMAL,90,0.44273591,1
0,5,7,4,3,TRUE,TRUE,1,0.043100119,OPTIMAL,2,0,28,0.035003185,0.078103304,0,0,0,0.054096699,28,OPTIMAL,28,0.044212103,1
0,5,7,5,4,TRUE,TRUE,1,0.026300669,OPTIMAL,2,0,35,0.239833117,0.266133785,0,0,0,0.050348759,35,OPTIMAL,35,0.054360628,1
0,5,7,7,5,TRUE,TRUE,1,0.024096251,OPTIMAL,2,0,49,0.047665119,0.07176137,0,0,0,0.051105022,49,OPTIMAL,49,0.038071156,1
0,5,7,8,6,TRUE,TRUE,1,0.090540648,OPTIMAL,2,0,56,0.080087662,0.170628309,0,0,0,0.101542234,56,OPTIMAL,56,0.085510254,1
0,5,7,9,7,TRUE,TRUE,1,0.080520153,OPTIMAL,2,0,63,0.313528538,0.394048691,0,0,0,0.100519896,63,OPTIMAL,63,0.139506817,1
0,5,7,10,8,TRUE,TRUE,1,0.055881977,OPTIMAL,2,0,70,0.176430464,0.232312441,0,0,0,0.076892376,70,OPTIMAL,70,0.766132832,1
0,5,7,11,8,TRUE,TRUE,1,0.122536659,OPTIMAL,2,0,77,0.095510721,0.21804738,0,0,0,0.135542631,77,OPTIMAL,77,0.070515156,1
0,5,7,11,9,TRUE,TRUE,1,0.138990879,OPTIMAL,2,0,77,0.5696702,0.708661079,0,0,0,0.163991213,77,OPTIMAL,77,0.519499779,1
0,5,7,12,9,TRUE,TRUE,1,0.120537519,OPTIMAL,2,0,84,0.490911007,0.611448526,0,0,0,0.136536837,84,OPTIMAL,84,0.111673594,1
0,5,7,13,10,TRUE,TRUE,1,0.071516752,OPTIMAL,2,0,91,0.646016598,0.71753335,0,0,0,0.107026577,91,OPTIMAL,91,0.159699678,1
0,5,7,14,10,TRUE,TRUE,1,0.013998747,OPTIMAL,2,0,98,0.044519186,0.058517933,0,0,0,0.024520874,98,OPTIMAL,98,0.03750658,1
0,5,7,14,11,TRUE,TRUE,1,0.06451273,OPTIMAL,2,0,98,0.911304951,0.97581768,0,0,0,0.095518589,98,OPTIMAL,98,0.679123402,1
0,5,7,15,11,TRUE,TRUE,1,0.067955971,OPTIMAL,2,0,105,0.165441751,0.233397722,0,0,0,0.085956573,105,OPTIMAL,105,0.175177336,1
0,5,7,15,12,TRUE,TRUE,1,0.075515032,OPTIMAL,2,0,105,0.443787336,0.519302368,0,0,0,0.097025394,105,OPTIMAL,104.999955,2.031246185,1.000000429
0,5,8,6,4,TRUE,TRUE,1,0.088538647,OPTIMAL,2,0,48,0.094529152,0.183067799,0,0,0,0.106541157,48,OPTIMAL,48,0.055721998,1
0,5,8,8,5,TRUE,TRUE,1,0.010004759,OPTIMAL,2,0,64,0.026011229,0.036015987,0,0,0,0.021003962,64,OPTIMAL,64,0.017997503,1
0,5,8,9,6,TRUE,TRUE,1,0.057054758,OPTIMAL,2,0,72,0.148488998,0.205543756,0,0,0,0.077084303,72,OPTIMAL,72,0.105837107,1
0,5,8,10,7,TRUE,TRUE,1,0.136829615,OPTIMAL,2,0,80,0.509674788,0.646504402,0,0,0,0.16625452,80,OPTIMAL,80,0.224958181,1
0,5,8,11,7,TRUE,TRUE,1,0.059702873,OPTIMAL,2,0,88,0.078529358,0.138232231,0,0,0,0.070712328,88,OPTIMAL,88,0.085285187,1
0,5,8,12,8,TRUE,TRUE,1,0.058324575,OPTIMAL,2,0,96,0.747970104,0.80629468,0,0,0,0.075222731,96,OPTIMAL,96,0.13644886,1
0,5,8,13,9,TRUE,TRUE,1,0.100747585,OPTIMAL,2,3.47E-09,103.9999996,1.278087854,1.37883544,132,120,12,0.135746956,104,OPTIMAL,104,0.982384682,1
0,5,8,14,9,TRUE,TRUE,1,0.050841331,OPTIMAL,2,0,112,0.251848936,0.302690268,0,0,0,0.067111969,112,OPTIMAL,112,0.147042274,1
0,5,8,15,10,TRUE,TRUE,1,0.055665016,OPTIMAL,2,0,120,0.599768162,0.655433178,0,0,0,0.087180614,120,OPTIMAL,119.9999924,0.473452091,1.000000064
0,6,4,4,6,TRUE,TRUE,1,0.026281118,OPTIMAL,2,0,16,0.051001549,0.077282667,0,0,0,0.038277388,16,OPTIMAL,16,0.02752161,1
0,6,4,4,7,TRUE,TRUE,1,0.042000294,OPTIMAL,2,0,16,0.044002771,0.086003065,0,0,0,0.065999985,16,OPTIMAL,16,0.058383226,1
0,6,4,5,8,TRUE,TRUE,1,0.080527544,OPTIMAL,2,0,20,0.038528204,0.119055748,0,0,0,0.096523285,20,OPTIMAL,20,0.074215889,1
0,6,4,5,9,TRUE,TRUE,1,0.080209255,OPTIMAL,2,0,20,0.035696268,0.115905523,0,0,0,0.10090518,20,OPTIMAL,20,0.281878471,1
0,6,4,6,9,TRUE,TRUE,1,0.012018681,OPTIMAL,2,0,24,0.049095392,0.061114073,0,0,0,0.024113894,24,OPTIMAL,24,0.032519579,1
0,6,4,6,10,TRUE,TRUE,1,0.044000864,OPTIMAL,2,0,24,0.03636241,0.080363274,0,0,0,0.064364195,24,OPTIMAL,24,0.132030249,1
0,6,4,6,11,TRUE,TRUE,1,0.115602493,OPTIMAL,2,0,24,0.036506891,0.152109385,0,0,0,0.136109829,24,OPTIMAL,24,0.109023094,1
0,6,4,7,11,TRUE,TRUE,1,0.046514034,OPTIMAL,2,0,28,0.034999371,0.081513405,0,0,0,0.065514803,28,OPTIMAL,28,0.08650589,1
0,6,4,7,12,TRUE,TRUE,1,0.049000978,OPTIMAL,2,0,28,0.041004419,0.090005398,0,0,0,0.071000338,28,OPTIMAL,28,0.075513363,1
0,6,4,7,13,TRUE,TRUE,1,0.079514265,OPTIMAL,2,0,28,0.05051899,0.130033255,0,0,0,0.110032797,28,OPTIMAL,28,0.309518814,1
0,6,4,8,12,TRUE,TRUE,1,0.013999462,OPTIMAL,2,0,32,0.034525633,0.048525095,0,0,0,0.035004377,32,OPTIMAL,32,0.029003143,1
0,6,4,8,13,TRUE,TRUE,1,0.115162849,OPTIMAL,2,0,32,0.046043873,0.161206722,0,0,0,0.138027906,32,OPTIMAL,32,0.192261219,1
0,6,4,8,14,TRUE,TRUE,1,0.064011335,OPTIMAL,2,0,32,0.051980495,0.115991831,0,0,0,0.088013649,32,OPTIMAL,32,0.406217813,1
0,6,4,8,15,TRUE,TRUE,1,0.073523521,OPTIMAL,2,0,32,0.072006702,0.145530224,0,0,0,0.111520767,32,OPTIMAL,32,0.465775013,1
0,6,4,9,14,TRUE,TRUE,1,0.08151269,OPTIMAL,2,0,36,0.055517197,0.137029886,0,0,0,0.105513811,36,OPTIMAL,36,0.081516266,1
0,6,4,9,15,TRUE,TRUE,1,0.068539619,OPTIMAL,2,0,36,0.085284233,0.153823853,0,0,0,0.1068151,36,OPTIMAL,36,0.325039864,1
0,6,4,9,16,TRUE,TRUE,1,0.073158741,OPTIMAL,2,0,36,0.072527885,0.145686626,0,0,0,0.095159054,36,OPTIMAL,36,0.250136137,1
0,6,4,9,17,TRUE,TRUE,1,0.096890211,OPTIMAL,2,0,36,0.074521542,0.171411753,0,0,0,0.110895157,36,OPTIMAL,36,0.433187485,1
0,6,4,10,15,TRUE,TRUE,1,0.013004303,OPTIMAL,2,0,40,0.030528307,0.04353261,0,0,0,0.02501297,40,OPTIMAL,40,0.030007124,1
0,6,4,10,16,TRUE,TRUE,1,0.06122303,OPTIMAL,2,0,40,0.077514648,0.138737679,0,0,0,0.082216501,40,OPTIMAL,40,0.166073084,1
0,6,4,10,17,TRUE,TRUE,1,0.105949402,OPTIMAL,2,0,40,0.064101219,0.170050621,0,0,0,0.12904644,40,OPTIMAL,40,0.334538937,1
0,6,4,10,18,TRUE,TRUE,1,0.095413923,OPTIMAL,2,0,40,0.055060863,0.150474787,0,0,0,0.115477085,40,OPTIMAL,40,0.128511906,1
0,6,4,11,17,TRUE,TRUE,1,0.048258305,OPTIMAL,2,0,44,0.051440001,0.099698305,0,0,0,0.065189838,44,OPTIMAL,44,0.112510204,1
0,6,4,11,18,TRUE,TRUE,1,0.066513777,OPTIMAL,2,0,44,0.062256575,0.128770351,0,0,0,0.091598988,44,OPTIMAL,44,0.150658846,1
0,6,4,11,19,TRUE,TRUE,1,0.067515135,OPTIMAL,2,0,44,0.065510988,0.133026123,0,0,0,0.089517355,44,OPTIMAL,44,0.343421698,1
0,6,4,11,20,TRUE,TRUE,1,0.115540504,OPTIMAL,2,0,44,0.138938665,0.25447917,0,0,0,0.156949043,44,OPTIMAL,44,0.704161644,1
0,6,4,12,18,TRUE,TRUE,1,0.014001608,OPTIMAL,2,0,48,0.038851261,0.052852869,0,0,0,0.026314259,48,OPTIMAL,48,0.03800106,1
0,6,4,12,19,TRUE,TRUE,1,0.068025589,OPTIMAL,2,0,48,0.108527184,0.176552773,0,0,0,0.093019009,48,OPTIMAL,48,0.360454082,1
0,6,4,12,20,TRUE,TRUE,1,0.077531099,OPTIMAL,2,0,48,0.071510553,0.149041653,0,0,0,0.095039606,48,OPTIMAL,48,0.294615746,1
0,6,4,12,21,TRUE,TRUE,1,0.066113949,OPTIMAL,2,0,48,0.112147093,0.178261042,0,0,0,0.090118885,48,OPTIMAL,48,0.194500685,1
0,6,4,13,20,TRUE,TRUE,1,0.048004627,OPTIMAL,2,0,52,0.068658113,0.116662741,0,0,0,0.063003063,52,OPTIMAL,52,0.234492302,1
0,6,4,13,21,TRUE,TRUE,1,0.059973478,OPTIMAL,2,0,52,0.107922316,0.167895794,0,0,0,0.098898172,52,OPTIMAL,52,0.265508652,1
0,6,4,13,22,TRUE,TRUE,1,0.055983067,OPTIMAL,2,0,52,0.112963676,0.168946743,0,0,0,0.095438004,52,OPTIMAL,52,1.128624678,1
0,6,4,13,23,TRUE,TRUE,1,0.098293304,OPTIMAL,2,0,52,0.107520819,0.205814123,0,0,0,0.129812241,52,OPTIMAL,52,1.573825836,1
0,6,4,14,21,TRUE,TRUE,1,0.015997887,OPTIMAL,2,0,56,0.071609974,0.087607861,0,0,0,0.02899456,56,OPTIMAL,56,0.050535917,1
0,6,4,14,22,TRUE,TRUE,1,0.088510275,OPTIMAL,2,0,56,0.122398853,0.210909128,0,0,0,0.112047434,56,OPTIMAL,56,0.289083004,1
0,6,4,14,23,TRUE,TRUE,1,0.039003849,OPTIMAL,2,0,56,0.116042614,0.155046463,0,0,0,0.061081409,56,OPTIMAL,56,0.362230301,1
0,6,4,14,24,TRUE,TRUE,1,0.114219904,OPTIMAL,2,0,56,0.090970278,0.205190182,0,0,0,0.134673834,56,OPTIMAL,56,1.15490222,1
0,6,4,15,23,TRUE,TRUE,1,0.115275621,OPTIMAL,2,0,60,0.112535954,0.227811575,0,0,0,0.147279263,60,OPTIMAL,60,0.302792072,1
0,6,4,15,24,TRUE,TRUE,1,0.074466705,OPTIMAL,2,0,60,0.117799282,0.192265987,0,0,0,0.104982138,60,OPTIMAL,60,0.988396406,1
0,6,4,15,25,TRUE,TRUE,1,0.080994129,OPTIMAL,2,0,60,0.12677002,0.207764149,0,0,0,0.102039576,60,OPTIMAL,60,0.729381084,1
0,6,4,15,26,TRUE,TRUE,1,0.067534208,OPTIMAL,2,0,60,0.110518456,0.178052664,0,0,0,0.094537735,60,OPTIMAL,60,0.421328068,1
0,6,5,4,5,TRUE,TRUE,1,0.09685564,OPTIMAL,2,0,20,0.066614151,0.163469791,0,0,0,0.126713037,20,OPTIMAL,20,0.060520887,1
0,6,5,5,6,TRUE,TRUE,1,0.020000696,OPTIMAL,2,0,25,0.03866291,0.058663607,0,0,0,0.033514738,25,OPTIMAL,25,0.02500248,1
0,6,5,5,7,TRUE,TRUE,1,0.046924591,OPTIMAL,2,0,25,0.046787262,0.093711853,0,0,0,0.063925266,25,OPTIMAL,25,0.287271023,1
0,6,5,6,8,TRUE,TRUE,1,0.095369339,OPTIMAL,2,0,30,0.055522919,0.150892258,0,0,0,0.111363888,30,OPTIMAL,30,0.137531519,1
0,6,5,7,9,TRUE,TRUE,1,0.061192989,OPTIMAL,2,0,35,0.084470034,0.145663023,0,0,0,0.078582764,35,OPTIMAL,35,0.099927664,1
0,6,5,7,10,TRUE,TRUE,1,0.056515932,OPTIMAL,2,0,35,0.038003683,0.094519615,0,0,0,0.078517199,35,OPTIMAL,35,0.275869131,1
0,6,5,8,10,TRUE,TRUE,1,0.080513239,OPTIMAL,2,0,40,0.095444441,0.17595768,0,0,0,0.096438408,40,OPTIMAL,40,0.129337311,1
0,6,5,8,11,TRUE,TRUE,1,0.063997984,OPTIMAL,2,0,40,0.048722029,0.112720013,0,0,0,0.086997747,40,OPTIMAL,40,0.747665405,1
0,6,5,9,11,TRUE,TRUE,1,0.080783844,OPTIMAL,2,0,45,0.082683325,0.163467169,0,0,0,0.095291853,45,OPTIMAL,45,0.10450983,1
0,6,5,9,12,TRUE,TRUE,1,0.061000824,OPTIMAL,2,0,45,0.048145294,0.109146118,0,0,0,0.081139803,45,OPTIMAL,45,0.396041393,1
0,6,5,9,13,TRUE,TRUE,1,0.09863019,OPTIMAL,2,0,45,0.054512739,0.153142929,0,0,0,0.116636038,45,OPTIMAL,45,0.361275673,1
0,6,5,10,12,TRUE,TRUE,1,0.011996746,OPTIMAL,2,0,50,0.073505163,0.085501909,0,0,0,0.022994995,50,OPTIMAL,50,0.043510914,1
0,6,5,10,13,TRUE,TRUE,1,0.061509848,OPTIMAL,2,0,50,0.069521427,0.131031275,0,0,0,0.089519024,50,OPTIMAL,50,0.208584785,1
0,6,5,10,14,TRUE,TRUE,1,0.083044767,OPTIMAL,2,0,50,0.056512594,0.139557362,0,0,0,0.104558468,50,OPTIMAL,50,0.857517719,1
0,6,5,11,14,TRUE,TRUE,1,0.085675478,OPTIMAL,2,0,55,0.07299614,0.158671618,0,0,0,0.114674807,55,OPTIMAL,55,0.145516872,1
0,6,5,11,15,TRUE,TRUE,1,0.097510338,OPTIMAL,2,0,55,0.058060884,0.155571222,0,0,0,0.118516207,55,OPTIMAL,55,0.232098103,1
0,6,5,11,16,TRUE,TRUE,1,0.077836275,OPTIMAL,2,0,55,0.063596249,0.141432524,0,0,0,0.099843025,55,OPTIMAL,55,0.258934498,1
0,6,5,12,15,TRUE,TRUE,1,0.037998438,OPTIMAL,2,0,60,0.069935799,0.107934237,0,0,0,0.063022614,60,OPTIMAL,60,0.180014372,1
0,6,5,12,16,TRUE,TRUE,1,0.048999548,OPTIMAL,2,0,60,0.081518888,0.130518436,0,0,0,0.079013348,60,OPTIMAL,60,0.297544003,1
0,6,5,12,17,TRUE,TRUE,1,0.086011887,OPTIMAL,2,0,60,0.081530094,0.167541981,0,0,0,0.11401391,60,OPTIMAL,60,0.225035191,1
0,6,5,13,16,TRUE,TRUE,1,0.070358992,OPTIMAL,2,0,65,4.569443703,4.639802694,859,775,84,4.53529191,65,OPTIMAL,65,0.159220219,1
0,6,5,13,17,TRUE,TRUE,1,0.09051919,OPTIMAL,2,0,65,0.125385284,0.215904474,0,0,0,0.14390254,65,OPTIMAL,65,0.395045042,1
0,6,5,13,18,TRUE,TRUE,1,0.105438709,OPTIMAL,2,0,65,0.088112354,0.193551064,0,0,0,0.127449751,65,OPTIMAL,65,1.172262669,1
0,6,5,13,19,TRUE,TRUE,1,0.268615723,OPTIMAL,2,0,65,0.121041059,0.389656782,0,0,0,0.302151442,65,OPTIMAL,65,0.279243946,1
0,6,5,14,17,TRUE,TRUE,1,0.113515139,OPTIMAL,2,0,70,0.071513653,0.185028791,0,0,0,0.1275177,70,OPTIMAL,70,0.208097458,1
0,6,5,14,18,TRUE,TRUE,1,0.127478123,OPTIMAL,2,0,70,0.09045577,0.217933893,0,0,0,0.150419235,70,OPTIMAL,70,0.875483751,1
0,6,5,14,19,TRUE,TRUE,1,0.104530573,OPTIMAL,2,0,70,0.12095499,0.225485563,0,0,0,0.134938717,70,OPTIMAL,70,0.339579105,1
0,6,5,14,20,TRUE,TRUE,1,0.135539532,OPTIMAL,2,0,70,0.117885113,0.253424644,0,0,0,0.17489624,70,OPTIMAL,70,0.9710567,1
0,6,5,15,18,TRUE,TRUE,1,0.024512291,OPTIMAL,2,0,75,0.064675331,0.089187622,0,0,0,0.03851223,75,OPTIMAL,75,0.054506063,1
0,6,5,15,19,TRUE,TRUE,1,0.115677118,OPTIMAL,2,0,75,0.102525949,0.218203068,0,0,0,0.140676737,75,OPTIMAL,75,0.5510602,1
0,6,5,15,20,TRUE,TRUE,1,0.066010475,OPTIMAL,2,0,75,0.09351325,0.159523726,0,0,0,0.083003521,75,OPTIMAL,75,1.249378443,1
0,6,5,15,21,TRUE,TRUE,1,0.113430977,OPTIMAL,2,0,75,0.106526613,0.21995759,0,0,0,0.136445999,75,OPTIMAL,75,0.272806644,1
0,6,6,4,4,TRUE,TRUE,1,0.014999866,OPTIMAL,2,0,24,0.026013136,0.041013002,0,0,0,0.041013002,24,OPTIMAL,24,0.02300024,1
0,6,6,5,5,TRUE,TRUE,1,0.027997732,OPTIMAL,2,0,30,0.03099966,0.058997393,0,0,0,0.039997816,30,OPTIMAL,30,0.026009321,1
0,6,6,6,6,TRUE,TRUE,1,0.031009436,OPTIMAL,2,0,36,0.056515932,0.087525368,0,0,0,0.044015408,36,OPTIMAL,36,0.063908577,1
0,6,6,6,7,TRUE,TRUE,1,0.081511974,OPTIMAL,2,0,36,0.08929801,0.170809984,0,0,0,0.108513594,36,OPTIMAL,36,0.333757401,1
0,6,6,7,7,TRUE,TRUE,1,0.014000893,OPTIMAL,2,0,42,0.0495193,0.063520193,0,0,0,0.029000521,42,OPTIMAL,42,0.044311762,1
0,6,6,7,8,TRUE,TRUE,1,0.098782778,OPTIMAL,2,0,42,0.069442272,0.16822505,0,0,0,0.11378026,42,OPTIMAL,42,0.207996607,1
0,6,6,8,8,TRUE,TRUE,1,0.012998104,OPTIMAL,2,0,48,0.091336012,0.104334116,0,0,0,0.032892704,48,OPTIMAL,48,0.044532776,1
0,6,6,8,9,TRUE,TRUE,1,0.071004629,OPTIMAL,2,0,48,0.104935169,0.175939798,0,0,0,0.093004227,48,OPTIMAL,48,0.307601213,1
0,6,6,9,9,TRUE,TRUE,1,0.013008833,OPTIMAL,2,0,54,0.066537857,0.07954669,0,0,0,0.026011229,54,OPTIMAL,54,0.04100585,1
0,6,6,9,10,TRUE,TRUE,1,0.094296217,OPTIMAL,2,0,54,0.085531712,0.179827929,0,0,0,0.107311726,54,OPTIMAL,54,0.306007624,1
0,6,6,10,10,TRUE,TRUE,1,0.019994259,OPTIMAL,2,0,60,0.076516628,0.096510887,0,0,0,0.032512188,60,OPTIMAL,60,0.044513941,1
0,6,6,10,11,TRUE,TRUE,1,0.105526209,OPTIMAL,2,0,60,0.096525192,0.202051401,0,0,0,0.118525267,60,OPTIMAL,60,0.156517506,1
0,6,6,11,11,TRUE,TRUE,1,0.014508247,OPTIMAL,2,0,66,0.082316399,0.096824646,0,0,0,0.0294168,66,OPTIMAL,66,0.067615986,1
0,6,6,11,12,TRUE,TRUE,1,0.154326439,OPTIMAL,2,0,66,0.12086463,0.275191069,0,0,0,0.169323206,66,OPTIMAL,66,0.968874216,1
0,6,6,11,13,TRUE,TRUE,1,0.161521673,OPTIMAL,2,0,66,0.118532658,0.280054331,0,0,0,0.179518461,66,OPTIMAL,66,1.17761445,1
0,6,6,12,12,TRUE,TRUE,1,0.019002914,OPTIMAL,2,0,72,0.148318768,0.167321682,0,0,0,0.167321682,72,OPTIMAL,72,0.055789948,1
0,6,6,12,13,TRUE,TRUE,1,0.123106241,OPTIMAL,2,0,72,0.122921705,0.246027946,0,0,0,0.136106491,72,OPTIMAL,72,0.253015518,1
0,6,6,12,14,TRUE,TRUE,1,0.099520206,OPTIMAL,2,0,72,0.135813475,0.235333681,0,0,0,0.117518187,72,OPTIMAL,72,0.763999462,1
0,6,6,13,13,TRUE,TRUE,1,0.016003847,OPTIMAL,2,0,78,0.099422932,0.115426779,0,0,0,0.036915302,78,OPTIMAL,78,0.072007895,1
0,6,6,13,14,TRUE,TRUE,1,0.11452198,OPTIMAL,2,0,78,0.13504076,0.24956274,0,0,0,0.129522562,78,OPTIMAL,78,1.347019911,1
0,6,6,13,15,TRUE,TRUE,1,0.086769581,OPTIMAL,2,0,78,0.080510616,0.167280197,0,0,0,0.101772308,78,OPTIMAL,78,0.461052895,1
0,6,6,14,14,TRUE,TRUE,1,0.015515089,OPTIMAL,2,0,84,0.097333908,0.112848997,0,0,0,0.028188944,84,OPTIMAL,84,0.06850791,1
0,6,6,14,15,TRUE,TRUE,1,0.113132715,OPTIMAL,2,0,84,0.139769554,0.252902269,0,0,0,0.127132654,84,OPTIMAL,83.9999972,0.830369473,1.000000033
0,6,6,14,16,TRUE,TRUE,1,0.07451582,OPTIMAL,2,0,84,0.081512928,0.156028748,0,0,0,0.089519978,84,OPTIMAL,84,0.920369387,1
0,6,6,15,15,TRUE,TRUE,1,0.018994808,OPTIMAL,2,0,90,0.134093761,0.15308857,0,0,0,0.032503366,90,OPTIMAL,90,0.11512351,1
0,6,6,15,16,TRUE,TRUE,1,0.198301554,OPTIMAL,2,0,90,0.18116951,0.379471064,0,0,0,0.213306665,90,OPTIMAL,90,1.063580036,1
0,6,6,15,17,TRUE,TRUE,1,0.1257689,OPTIMAL,2,0,90,0.375248432,0.501017332,0,0,0,0.38746047,90,OPTIMAL,89.99998979,1.985381126,1.000000113
0,6,7,7,6,TRUE,TRUE,1,0.013008833,OPTIMAL,2,0,49,0.032999992,0.046008825,0,0,0,0.025009394,49,OPTIMAL,49,0.029533148,1
0,6,7,8,7,TRUE,TRUE,1,0.049000025,OPTIMAL,2,0,56,0.073297501,0.122297525,0,0,0,0.06251812,56,OPTIMAL,56,0.07284379,1
0,6,7,9,8,TRUE,TRUE,1,0.090927124,OPTIMAL,2,0,63,0.163250685,0.254177809,0,0,0,0.109709978,63,OPTIMAL,63,0.09404707,1
0,6,7,10,9,TRUE,TRUE,1,0.118513584,OPTIMAL,2,0,70,0.405295849,0.523809433,0,0,0,0.144514084,70,OPTIMAL,70,0.155750275,1
0,6,7,11,10,TRUE,TRUE,1,0.152603388,OPTIMAL,2,0,77,0.459042788,0.611646175,0,0,0,0.170603514,77,OPTIMAL,77,0.166805506,1
0,6,7,12,11,TRUE,TRUE,1,0.131047964,OPTIMAL,2,0,84,0.892853022,1.023900986,0,0,0,0.160048246,84,OPTIMAL,84,0.585348368,1
0,6,7,13,12,TRUE,TRUE,1,0.168955564,OPTIMAL,2,0,91,1.077379227,1.246334791,0,0,0,0.188955784,91,OPTIMAL,91,1.156443357,1
0,6,7,14,12,TRUE,TRUE,1,0.017000437,OPTIMAL,2,0,98,0.037521124,0.054521561,0,0,0,0.031891584,98,OPTIMAL,98,0.058548927,1
0,6,7,14,13,TRUE,TRUE,1,0.134841204,OPTIMAL,2,0,98,0.733636856,0.86847806,0,0,0,0.172736406,98,OPTIMAL,98,1.386786699,1
0,6,7,15,13,TRUE,TRUE,1,0.166764736,OPTIMAL,2,0,105,0.103532076,0.270296812,0,0,0,0.183764935,105,OPTIMAL,105,0.143069744,1
0,6,7,15,14,TRUE,TRUE,1,0.074009418,OPTIMAL,2,0,105,1.391603231,1.46561265,0,0,0,0.108523607,105,OPTIMAL,105,1.449161291,1
0,6,8,4,3,TRUE,TRUE,1,0.016002655,OPTIMAL,2,0,32,0.020012856,0.036015511,0,0,0,0.029998779,32,OPTIMAL,32,0.025000811,1
0,6,8,5,4,TRUE,TRUE,1,0.083540678,OPTIMAL,2,0,40,0.074529171,0.158069849,0,0,0,0.09954071,40,OPTIMAL,40,0.043697834,1
0,6,8,6,5,TRUE,TRUE,1,0.053269148,OPTIMAL,2,0,48,0.603074789,0.656343937,0,0,0,0.073267937,48,OPTIMAL,48,0.241567135,1
0,6,8,8,6,TRUE,TRUE,1,0.013002634,OPTIMAL,2,0,64,0.033535242,0.046537876,0,0,0,0.026014805,64,OPTIMAL,64,0.03208518,1
0,6,8,9,7,TRUE,TRUE,1,0.091523647,OPTIMAL,2,0,72,0.141741276,0.233264923,0,0,0,0.119052172,72,OPTIMAL,72,0.152415752,1
0,6,8,10,8,TRUE,TRUE,1,0.096613169,OPTIMAL,2,0,80,0.679297209,0.775910378,0,0,0,0.118125677,80,OPTIMAL,80,0.282920361,1
0,6,8,11,9,TRUE,TRUE,1,0.055678606,OPTIMAL,2,0,88,1.130610466,1.186289072,0,0,0,0.091076136,88,OPTIMAL,88,0.62864542,1
0,6,8,12,9,TRUE,TRUE,1,0.020997047,OPTIMAL,2,0,96,0.044516087,0.065513134,0,0,0,0.033518553,96,OPTIMAL,96,0.042519569,1
0,6,8,12,10,TRUE,TRUE,1,0.115529299,OPTIMAL,2,0,96,0.448079824,0.563609123,0,0,0,0.152067661,96,OPTIMAL,96,1.370502949,1
0,6,8,13,10,TRUE,TRUE,1,0.304210186,OPTIMAL,2,0,104,0.192551374,0.49676156,0,0,0,0.33448267,104,OPTIMAL,104,0.168037415,1
0,6,8,13,11,TRUE,TRUE,1,0.079513311,OPTIMAL,2,0,104,1.04589653,1.125409842,0,0,0,0.1115942,104,OPTIMAL,104,1.130532742,1
0,6,8,14,11,TRUE,TRUE,1,0.172235012,OPTIMAL,2,0,112,1.226405621,1.398640633,0,0,0,0.20123148,112,OPTIMAL,112,0.235004425,1
0,6,8,15,12,TRUE,TRUE,1,0.136934996,OPTIMAL,2,5.76E-08,119.9999931,1.458054304,1.5949893,44,40,4,0.171998978,120,OPTIMAL,120,0.296888828,1
0,6,9,6,4,TRUE,TRUE,1,0.017997742,OPTIMAL,2,0,54,0.033512592,0.051510334,0,0,0,0.04351306,54,OPTIMAL,54,0.022001505,1
0,6,9,7,5,TRUE,TRUE,1,0.132040977,OPTIMAL,2,0,63,0.3160851,0.448126078,0,0,0,0.151046991,63,OPTIMAL,63,0.158786535,1
0,6,9,9,6,TRUE,TRUE,1,0.013530016,OPTIMAL,2,0,81,0.059670448,0.073200464,0,0,0,0.029597521,81,OPTIMAL,81,0.046999931,1
0,6,9,10,7,TRUE,TRUE,1,0.129908323,OPTIMAL,2,0,90,0.528100252,0.658008575,0,0,0,0.152070284,90,OPTIMAL,90,0.130003929,1
0,6,9,11,8,TRUE,TRUE,1,0.085538864,OPTIMAL,2,0,99,0.897693634,0.983232498,0,0,0,0.111541033,99,OPTIMAL,99,0.216063499,1
0,6,9,12,8,TRUE,TRUE,1,0.025994062,OPTIMAL,2,0,108,0.040682077,0.06667614,0,0,0,0.042004108,108,OPTIMAL,108,0.040884495,1
0,6,9,13,9,TRUE,TRUE,1,0.164050579,OPTIMAL,2,0,117,0.281426668,0.445477247,0,0,0,0.184050322,117,OPTIMAL,117,0.259219885,1
0,6,9,14,10,TRUE,TRUE,1,0.111533165,OPTIMAL,2,0,126,1.607784986,1.719318151,0,0,0,0.137041569,126,OPTIMAL,126,0.949097157,1
0,6,9,15,10,TRUE,TRUE,1,0.03823638,OPTIMAL,2,0,135,0.035010338,0.073246717,0,0,0,0.051236868,135,OPTIMAL,135,0.055523634,1
0,6,9,15,11,TRUE,TRUE,1,0.162431479,OPTIMAL,2,8.45E-09,134.9999989,1.257239819,1.419671297,0,0,0,0.193948746,135,OPTIMAL,135,0.311094046,1
0,7,5,4,6,TRUE,TRUE,1,0.032317162,OPTIMAL,2,0,20,0.042999983,0.075317144,0,0,0,0.052317142,20,OPTIMAL,20,0.057512283,1
0,7,5,5,7,TRUE,TRUE,1,0.022999525,OPTIMAL,2,0,25,0.063513041,0.086512566,0,0,0,0.036510229,25,OPTIMAL,25,0.032531023,1
0,7,5,5,8,TRUE,TRUE,1,0.064004183,OPTIMAL,2,0,25,0.035000324,0.099004507,0,0,0,0.085005283,25,OPTIMAL,25,0.332085371,1
0,7,5,6,9,TRUE,TRUE,1,0.067109823,OPTIMAL,2,0,30,0.039958239,0.107068062,0,0,0,0.089067459,30,OPTIMAL,30,0.108715773,1
0,7,5,6,10,TRUE,TRUE,1,0.049000978,OPTIMAL,2,0,30,0.041330814,0.090331793,0,0,0,0.0660007,30,OPTIMAL,30,0.521125317,1
0,7,5,7,10,TRUE,TRUE,1,0.027997494,OPTIMAL,2,0,35,0.055156708,0.083154202,0,0,0,0.05999279,35,OPTIMAL,35,0.094513655,1
0,7,5,7,11,TRUE,TRUE,1,0.085763693,OPTIMAL,2,0,35,0.062665224,0.148428917,0,0,0,0.116905689,35,OPTIMAL,35,0.368882656,1
0,7,5,7,12,TRUE,TRUE,1,0.092538357,OPTIMAL,2,0,35,0.062054634,0.154592991,0,0,0,0.125587463,35,OPTIMAL,35,0.96409893,1
0,7,5,8,12,TRUE,TRUE,1,0.07936573,OPTIMAL,2,0,40,0.052010536,0.131376266,0,0,0,0.09936738,40,OPTIMAL,40,0.178195477,1
0,7,5,8,13,TRUE,TRUE,1,0.082969666,OPTIMAL,2,0,40,0.078481197,0.161450863,0,0,0,0.106448412,40,OPTIMAL,40,0.205683231,1
0,7,5,9,13,TRUE,TRUE,1,0.038998842,OPTIMAL,2,0,45,0.055003643,0.094002485,0,0,0,0.057997465,45,OPTIMAL,45,0.123507977,1
0,7,5,9,14,TRUE,TRUE,1,0.100516796,OPTIMAL,2,0,45,0.066282034,0.16679883,0,0,0,0.124800444,45,OPTIMAL,45,0.748510838,1
0,7,5,9,15,TRUE,TRUE,1,0.09053731,OPTIMAL,2,0,45,0.068008184,0.158545494,0,0,0,0.111537933,45,OPTIMAL,45,0.576523066,1
0,7,5,10,14,TRUE,TRUE,1,0.030528069,OPTIMAL,2,0,50,0.047538996,0.078067064,0,0,0,0.048528671,50,OPTIMAL,50,0.038009405,1
0,7,5,10,15,TRUE,TRUE,1,0.054518938,OPTIMAL,2,0,50,0.084245205,0.138764143,0,0,0,0.094527245,50,OPTIMAL,50,0.629878044,1
0,7,5,10,16,TRUE,TRUE,1,0.11288476,OPTIMAL,2,0,50,0.098073959,0.210958719,0,0,0,0.162884951,50,OPTIMAL,50,0.363527536,1
0,7,5,10,17,TRUE,TRUE,1,0.139526844,OPTIMAL,2,0,50,0.100419521,0.239946365,0,0,0,0.175522327,50,OPTIMAL,50,0.822835207,1
0,7,5,11,16,TRUE,TRUE,1,0.198606968,OPTIMAL,2,0,55,0.068041801,0.266648769,0,0,0,0.218128681,55,OPTIMAL,55,0.262117147,1
0,7,5,11,17,TRUE,TRUE,1,0.167553663,OPTIMAL,2,0,55,0.090525389,0.258079052,0,0,0,0.199546576,55,OPTIMAL,55,1.262365341,1
0,7,5,11,18,TRUE,TRUE,1,0.125498295,OPTIMAL,2,0,55,0.115046024,0.240544319,0,0,0,0.153018713,55,OPTIMAL,55,2.289355516,1
0,7,5,11,19,TRUE,FALSE,1.018447616,1.708244562,TIME_LIMIT,9,,55,599.4974551,601.2056997,1492,1290,202,,,OPTIMAL,55,1.749787331,
0,7,5,12,17,TRUE,TRUE,1,0.10363102,OPTIMAL,2,0,60,0.084664583,0.188295603,0,0,0,0.124917984,60,OPTIMAL,60,0.228978634,1
0,7,5,12,18,TRUE,TRUE,1,0.044006109,OPTIMAL,2,0,60,0.128283978,0.172290087,0,0,0,0.095282555,60,OPTIMAL,60,0.763841391,1
0,7,5,12,19,TRUE,TRUE,1,0.109538555,OPTIMAL,2,0,60,0.137540102,0.247078657,0,0,0,0.145550251,60,OPTIMAL,60,1.893412828,1
0,7,5,12,20,TRUE,TRUE,1,0.120182037,OPTIMAL,2,0,60,0.112032175,0.232214212,0,0,0,0.147191286,60,OPTIMAL,60,0.435225487,1
0,7,5,13,19,TRUE,TRUE,1,0.122999907,OPTIMAL,2,0,65,0.126692057,0.249691963,0,0,0,0.151008844,65,OPTIMAL,65,0.774529696,1
0,7,5,13,20,TRUE,TRUE,1,0.124803543,OPTIMAL,2,0,65,0.1480124,0.272815943,0,0,0,0.182814121,65,OPTIMAL,65,0.401873112,1
0,7,5,13,21,TRUE,TRUE,1,0.110762119,OPTIMAL,2,0,65,0.154140711,0.26490283,0,0,0,0.147035599,65,OPTIMAL,65,2.344030857,1
0,7,5,13,22,TRUE,TRUE,1,0.175693512,OPTIMAL,2,0,65,0.168708801,0.344402313,0,0,0,0.211798429,65,OPTIMAL,65,1.963505983,1
0,7,5,14,20,TRUE,TRUE,1,0.130069971,OPTIMAL,2,0,70,0.110086203,0.240156174,0,0,0,0.150075912,70,OPTIMAL,70,0.385819435,1
0,7,5,14,21,TRUE,TRUE,1,0.152078629,OPTIMAL,2,0,70,0.141530514,0.293609142,0,0,0,0.193075895,70,OPTIMAL,70,1.164653063,1
0,7,5,14,22,TRUE,TRUE,1,0.147522926,OPTIMAL,2,0,70,0.118253469,0.265776396,0,0,0,0.181247234,70,OPTIMAL,70,0.560272217,1
0,7,5,14,23,TRUE,TRUE,1,0.203026056,OPTIMAL,2,0,70,0.145122528,0.348148584,0,0,0,0.231556654,70,OPTIMAL,70,1.170845032,1
0,7,5,15,21,TRUE,TRUE,1,0.056533098,OPTIMAL,2,0,75,0.089511395,0.146044493,0,0,0,0.076530933,75,OPTIMAL,75,0.09756422,1
0,7,5,15,22,TRUE,TRUE,1,0.161355019,OPTIMAL,2,0,75,0.16151166,0.322866678,0,0,0,0.199356079,75,OPTIMAL,75,1.019225359,1
0,7,5,15,23,TRUE,TRUE,1,0.10076189,OPTIMAL,2,0,75,0.154437304,0.255199194,0,0,0,0.134781599,75,OPTIMAL,75,3.24539566,1
0,7,5,15,24,TRUE,TRUE,1,0.177728653,OPTIMAL,2,0,75,0.152055502,0.329784155,0,0,0,0.208248138,75,OPTIMAL,75,2.430429459,1
0,7,6,4,5,TRUE,TRUE,1,0.085906029,OPTIMAL,2,0,24,0.03851819,0.124424219,0,0,0,0.101428032,24,OPTIMAL,24,0.071678877,1
0,7,6,5,6,TRUE,TRUE,1,0.035998821,OPTIMAL,2,0,30,0.045687675,0.081686497,0,0,0,0.051002264,30,OPTIMAL,30,0.064116478,1
0,7,6,6,7,TRUE,TRUE,1,0.02100873,OPTIMAL,2,0,36,0.057000399,0.078009129,0,0,0,0.035007954,36,OPTIMAL,36,0.037513971,1
0,7,6,6,8,TRUE,TRUE,1,0.041171789,OPTIMAL,2,0,36,0.084129572,0.125301361,0,0,0,0.063345432,36,OPTIMAL,36,1.071796894,1
0,7,6,7,9,TRUE,TRUE,1,0.136989594,OPTIMAL,2,0,42,0.155536652,0.292526245,0,0,0,0.168992043,42,OPTIMAL,42,0.387751818,1
0,7,6,8,10,TRUE,TRUE,1,0.140062332,OPTIMAL,2,0,48,0.120520353,0.260582685,0,0,0,0.175061226,48,OPTIMAL,48,0.158536196,1
0,7,6,8,11,TRUE,FALSE,1.073170732,1.587959051,INFEASIBLE,3,,inf,69.99711728,71.58507633,642,574,68,,,OPTIMAL,48,0.981075525,
0,7,6,9,11,TRUE,TRUE,1,0.098531723,OPTIMAL,2,0,54,0.110536098,0.209067822,0,0,0,0.119532108,54,OPTIMAL,54,0.182281017,1
0,7,6,9,12,TRUE,TRUE,1,0.096528053,OPTIMAL,2,0,54,0.055078745,0.151606798,0,0,0,0.11432457,54,OPTIMAL,54,0.267571688,1
0,7,6,10,12,TRUE,TRUE,1,0.199022055,OPTIMAL,2,0,60,4.378657579,4.577679634,1309,1182,127,4.460049868,60,OPTIMAL,60,0.215087652,1
0,7,6,10,13,TRUE,TRUE,1,0.082509995,OPTIMAL,2,0,60,0.078511,0.161020994,0,0,0,0.1115098,60,OPTIMAL,60,0.292291403,1
0,7,6,11,13,TRUE,TRUE,1,0.059199572,OPTIMAL,2,0,66,0.066408396,0.125607967,0,0,0,0.076606512,66,OPTIMAL,66,0.17262125,1
0,7,6,11,14,TRUE,TRUE,1,0.12339735,OPTIMAL,2,0,66,0.123528004,0.246925354,0,0,0,0.177515745,66,OPTIMAL,66,0.228595018,1
0,7,6,11,15,TRUE,FALSE,1.050955414,1.93206358,TIME_LIMIT,9,,66,598.2070603,600.1391239,916,818,98,,,OPTIMAL,66,1.374979019,
0,7,6,12,14,TRUE,TRUE,1,0.020898342,OPTIMAL,2,0,72,0.048009872,0.068908215,0,0,0,0.036898375,72,OPTIMAL,72,0.075364351,1
0,7,6,12,15,TRUE,TRUE,1,0.14337039,OPTIMAL,2,0,72,0.1055336,0.24890399,0,0,0,0.178894281,72,OPTIMAL,72,1.172172546,1
0,7,6,12,16,TRUE,TRUE,1,0.185465097,OPTIMAL,2,0,72,0.094780445,0.280245543,0,0,0,0.205466509,72,OPTIMAL,72,1.120055676,1
0,7,6,13,16,TRUE,TRUE,1,0.146126509,OPTIMAL,2,0,78,0.105530739,0.251657248,0,0,0,0.17565155,78,OPTIMAL,78,1.743386745,1
0,7,6,13,17,TRUE,TRUE,1,0.192587852,OPTIMAL,2,0,78,0.109525442,0.302113295,0,0,0,0.227587938,78,OPTIMAL,78,3.833771467,1
0,7,6,13,18,TRUE,FALSE,1.029136888,2.100085258,TIME_LIMIT,9,,78,598.7633812,600.8634665,726,654,72,,,OPTIMAL,78,3.126229048,
0,7,6,14,17,TRUE,TRUE,1,0.256949425,OPTIMAL,2,0,84,0.120529413,0.377478838,0,0,0,0.291481495,84,OPTIMAL,84,0.455698252,1
0,7,6,14,18,TRUE,TRUE,1,0.220060825,OPTIMAL,2,0,84,0.151520491,0.371581316,0,0,0,0.281066656,84,OPTIMAL,84,0.853467226,1
0,7,6,14,19,TRUE,FALSE,1.0390625,2.177322626,TIME_LIMIT,9,,84,598.9449775,601.1223001,808,722,86,,,OPTIMAL,84,4.065862179,
0,7,6,15,18,TRUE,TRUE,1,0.250072956,OPTIMAL,2,0,90,0.172544956,0.422617912,0,0,0,0.314063787,90,OPTIMAL,90,0.399436235,1
0,7,6,15,19,TRUE,TRUE,1,0.153805971,OPTIMAL,2,0,90,0.164969206,0.318775177,0,0,0,0.20032835,90,OPTIMAL,90,2.710000992,1
0,7,6,15,20,TRUE,TRUE,1,0.154900789,OPTIMAL,2,0,90,0.161045551,0.315946341,0,0,0,0.186308146,90,OPTIMAL,89.99997818,1.391777515,1.000000242
0,7,7,4,4,TRUE,TRUE,1,0.016918421,OPTIMAL,2,0,28,0.03858304,0.055501461,0,0,0,0.055501461,28,OPTIMAL,28,0.021002769,1
0,7,7,5,5,TRUE,TRUE,1,0.028609514,OPTIMAL,2,0,35,0.046528578,0.075138092,0,0,0,0.075138092,35,OPTIMAL,35,0.029999733,1
0,7,7,6,6,TRUE,TRUE,1,0.030144691,OPTIMAL,2,0,42,0.053046465,0.083191156,0,0,0,0.050154686,42,OPTIMAL,42,0.045999765,1
0,7,7,7,7,TRUE,TRUE,1,0.032517195,OPTIMAL,2,0,49,0.08654356,0.119060755,0,0,0,0.0655303,49,OPTIMAL,49,0.05251503,1
0,7,7,7,8,TRUE,TRUE,1,0.081528187,OPTIMAL,2,0,49,0.095521212,0.177049398,0,0,0,0.101528168,49,OPTIMAL,49,0.572331429,1
0,7,7,8,8,TRUE,TRUE,1,0.030508518,OPTIMAL,2,0,56,0.107279301,0.137787819,0,0,0,0.057781219,56,OPTIMAL,56,0.049998522,1
0,7,7,8,9,TRUE,TRUE,1,0.191539049,OPTIMAL,2,0,56,0.127127886,0.318666935,0,0,0,0.218537092,56,OPTIMAL,56,1.145203352,1
0,7,7,9,9,TRUE,TRUE,1,0.02499795,OPTIMAL,2,0,63,0.093608379,0.118606329,0,0,0,0.043998241,63,OPTIMAL,63,0.074389458,1
0,7,7,9,10,TRUE,TRUE,1,0.202305794,OPTIMAL,2,0,63,0.144030094,0.346335888,0,0,0,0.232816219,63,OPTIMAL,62.9999874,1.925789595,1.0000002
0,7,7,10,10,TRUE,TRUE,1,0.053610563,OPTIMAL,2,0,70,0.096017122,0.149627686,0,0,0,0.07060957,70,OPTIMAL,70,0.060402155,1
0,7,7,10,11,TRUE,TRUE,1,0.175796032,OPTIMAL,2,0,70,0.170065165,0.345861197,0,0,0,0.205794573,70,OPTIMAL,70,1.348122358,1
0,7,7,11,11,TRUE,TRUE,1,0.044036388,OPTIMAL,2,0,77,0.134531975,0.178568363,0,0,0,0.064035892,77,OPTIMAL,77,0.065009832,1
0,7,7,11,12,TRUE,TRUE,1,0.171045303,OPTIMAL,2,0,77,0.147539616,0.318584919,0,0,0,0.197044611,77,OPTIMAL,77,0.343714952,1
0,7,7,12,12,TRUE,TRUE,1,0.022519588,OPTIMAL,2,0,84,0.158058882,0.18057847,0,0,0,0.179577589,84,OPTIMAL,84,0.075300217,1
0,7,7,12,13,TRUE,TRUE,1,0.147540092,OPTIMAL,2,0,84,0.189296722,0.336836815,0,0,0,0.181293011,84,OPTIMAL,84,2.654019356,1
0,7,7,13,13,TRUE,TRUE,1,0.026690722,OPTIMAL,2,0,91,0.131285667,0.157976389,0,0,0,0.047721148,91,OPTIMAL,91,0.107453585,1
0,7,7,13,14,TRUE,TRUE,1,0.18652463,OPTIMAL,2,0,91,0.181325197,0.367849827,0,0,0,0.206035614,91,OPTIMAL,91,0.414235592,1
0,7,7,13,15,TRUE,TRUE,1,0.137560129,OPTIMAL,2,0,91,0.125057459,0.262617588,0,0,0,0.158953667,91,OPTIMAL,91,1.755751371,1
0,7,7,14,14,TRUE,TRUE,1,0.020010233,OPTIMAL,2,0,98,0.159716129,0.179726362,0,0,0,0.040816545,98,OPTIMAL,98,0.101265192,1
0,7,7,14,15,TRUE,TRUE,1,0.254599094,OPTIMAL,2,0,98,0.211499453,0.466098547,0,0,0,0.27560854,98,OPTIMAL,98,2.848683119,1
0,7,7,14,16,TRUE,TRUE,1,0.214585781,OPTIMAL,2,0,98,0.115512133,0.330097914,0,0,0,0.242581844,98,OPTIMAL,98,1.900933981,1
0,7,7,15,15,TRUE,TRUE,1,0.03917098,OPTIMAL,2,0,105,0.147614002,0.186784983,0,0,0,0.064180374,105,OPTIMAL,105,0.103532314,1
0,7,7,15,16,TRUE,TRUE,1,0.194054127,OPTIMAL,2,0,105,0.184329033,0.37838316,0,0,0,0.216054201,105,OPTIMAL,105,1.700315475,1
0,7,7,15,17,TRUE,TRUE,1,0.223258972,OPTIMAL,2,0,105,0.139225483,0.362484455,0,0,0,0.252275229,105,OPTIMAL,105,2.131077051,1
0,7,8,8,7,TRUE,TRUE,1,0.031998158,OPTIMAL,2,0,64,0.035997391,0.067995548,0,0,0,0.053996325,64,OPTIMAL,64,0.050006628,1
0,7,8,9,8,TRUE,TRUE,1,0.292834044,OPTIMAL,2,0,72,0.111922264,0.404756308,0,0,0,0.336088896,72,OPTIMAL,72,0.11552763,1
0,7,8,10,9,TRUE,TRUE,1,0.302100182,OPTIMAL,2,0,80,0.191430569,0.49353075,0,0,0,0.331658602,80,OPTIMAL,80,0.145777464,1
0,7,8,11,10,TRUE,TRUE,1,0.279247522,OPTIMAL,2,0,88,0.705233335,0.984480858,0,0,0,0.311249495,88,OPTIMAL,88,0.703019381,1
0,7,8,12,11,TRUE,TRUE,1,0.145549059,OPTIMAL,2,0,96,0.891955137,1.037504196,0,0,0,0.181548834,96,OPTIMAL,96,0.31492424,1
0,7,8,13,12,TRUE,TRUE,1,0.29110527,OPTIMAL,2,0,104,11.46595931,11.75706458,724,658,66,0.335107565,104,OPTIMAL,104,1.298373938,1
0,7,8,14,13,TRUE,TRUE,1,0.147310495,OPTIMAL,2,0,112,1.568855286,1.716165781,0,0,0,0.193310499,112,OPTIMAL,112,1.363736391,1
0,7,8,15,14,TRUE,TRUE,1,0.243085861,OPTIMAL,2,0,120,1.88286829,2.125954151,0,0,0,0.313093901,120,OPTIMAL,120,0.782666206,1
0,7,9,5,4,TRUE,TRUE,1,0.086021185,OPTIMAL,2,0,45,0.064755201,0.150776386,0,0,0,0.123535395,45,OPTIMAL,45,0.075002432,1
0,7,9,6,5,TRUE,TRUE,1,0.162870407,OPTIMAL,2,0,54,0.293881655,0.456752062,0,0,0,0.195871353,54,OPTIMAL,54,0.128522873,1
0,7,9,7,6,TRUE,TRUE,1,0.095520496,OPTIMAL,2,0,63,0.510663271,0.606183767,0,0,0,0.124519825,63,OPTIMAL,63,0.417205095,1
0,7,9,9,7,TRUE,TRUE,1,0.019999504,OPTIMAL,2,0,81,0.050999403,0.070998907,0,0,0,0.049998999,81,OPTIMAL,81,0.044995785,1
0,7,9,10,8,TRUE,TRUE,1,0.201050282,OPTIMAL,2,0,90,0.238207102,0.439257383,0,0,0,0.236697912,90,OPTIMAL,90,0.156301498,1
0,7,9,11,9,TRUE,TRUE,1,0.245679855,OPTIMAL,2,0,99,1.001496553,1.247176409,0,0,0,0.28753233,99,OPTIMAL,99,0.900886536,1
0,7,9,12,10,TRUE,TRUE,1,0.23543644,OPTIMAL,2,0,108,1.717869043,1.953305483,0,0,0,0.305947781,108,OPTIMAL,108,0.53332305,1
0,7,9,13,11,TRUE,TRUE,1,0.118576288,OPTIMAL,2,0,117,1.352470398,1.471046686,0,0,0,0.186091423,117,OPTIMAL,117,1.221456766,1
0,7,9,14,11,TRUE,TRUE,1,0.285036802,OPTIMAL,2,0,126,0.243426561,0.528463364,0,0,0,0.317044258,126,OPTIMAL,126,0.268267155,1
0,7,9,14,12,TRUE,TRUE,1,0.15106082,OPTIMAL,2,0,126,0.949048042,1.100108862,0,0,0,0.202126503,126,OPTIMAL,126,1.711503983,1
0,7,9,15,12,TRUE,TRUE,1,0.364607096,OPTIMAL,2,0,135,1.086242199,1.450849295,0,0,0,0.409606218,135,OPTIMAL,135,0.439174414,1
0,7,9,15,13,TRUE,TRUE,1,0.207056284,OPTIMAL,2,0,135,2.153421402,2.360477686,0,0,0,0.269500494,135,OPTIMAL,135,1.525140285,1
0,7,10,4,3,TRUE,TRUE,1,0.067106962,OPTIMAL,2,0,40,0.181391001,0.248497963,0,0,0,0.094623327,40,OPTIMAL,40,0.070509911,1
0,7,10,7,5,TRUE,TRUE,1,0.1630795,OPTIMAL,2,0,70,0.097887039,0.260966539,0,0,0,0.210079432,70,OPTIMAL,70,0.098395348,1
0,7,10,8,6,TRUE,TRUE,1,0.076076269,OPTIMAL,2,0,80,0.571554661,0.64763093,0,0,0,0.117080927,80,OPTIMAL,80,0.532771349,1
0,7,10,10,7,TRUE,TRUE,1,0.022531033,OPTIMAL,2,0,100,0.034189224,0.056720257,0,0,0,0.040188789,100,OPTIMAL,100,0.04389596,1
0,7,10,11,8,TRUE,TRUE,1,0.140906334,OPTIMAL,2,0,110,1.120898247,1.261804581,0,0,0,0.1819098,110,OPTIMAL,110,0.486735821,1
0,7,10,12,9,TRUE,TRUE,1,0.179018736,OPTIMAL,2,0,120,1.903518677,2.082537413,0,0,0,0.226029158,120,OPTIMAL,120,0.363176346,1
0,7,10,13,10,TRUE,TRUE,1,0.268846035,OPTIMAL,2,0,130,2.083081245,2.35192728,0,0,0,0.353406668,130,OPTIMAL,130,1.108021975,1
0,7,10,14,10,TRUE,TRUE,1,0.237050295,OPTIMAL,2,0,140,0.378353119,0.615403414,0,0,0,0.287050486,140,OPTIMAL,140,0.358612061,1
0,7,10,15,11,TRUE,TRUE,1,0.376879692,OPTIMAL,2,0,150,1.47099185,1.847871542,0,0,0,0.425714731,150,OPTIMAL,150,1.317335606,1
0,8,6,4,6,TRUE,TRUE,1,0.173140287,OPTIMAL,2,0,24,0.061524391,0.234664679,0,0,0,0.198664188,24,OPTIMAL,24,0.082529545,1
0,8,6,5,7,TRUE,TRUE,1,0.134059429,OPTIMAL,2,0,30,0.104524612,0.238584042,0,0,0,0.164070606,30,OPTIMAL,30,0.116518259,1
0,8,6,6,8,TRUE,TRUE,1,0.01999712,OPTIMAL,2,0,36,0.090380192,0.110377312,0,0,0,0.041512728,36,OPTIMAL,36,0.048108816,1
0,8,6,6,9,TRUE,TRUE,1,0.065517426,OPTIMAL,2,0,36,0.06105113,0.126568556,0,0,0,0.102566719,36,OPTIMAL,36,0.206528902,1
0,8,6,7,10,TRUE,TRUE,1,0.166710138,OPTIMAL,2,0,42,0.08819747,0.254907608,0,0,0,0.210234404,42,OPTIMAL,42,0.333144188,1
0,8,6,7,11,TRUE,FALSE,1.054794521,2.523270369,INFEASIBLE,3,,inf,10.5522716,13.07554197,439,390,49,,,OPTIMAL,42,0.369595766,
0,8,6,8,11,TRUE,TRUE,1,0.245095015,OPTIMAL,2,0,48,0.072528601,0.317623615,0,0,0,0.277624846,48,OPTIMAL,48,0.154628754,1
0,8,6,8,12,TRUE,TRUE,1,0.135039091,OPTIMAL,2,0,48,0.082511902,0.217550993,0,0,0,0.171551466,48,OPTIMAL,48,0.753525972,1
0,8,6,9,12,TRUE,TRUE,1,0.034354687,OPTIMAL,2,0,54,0.071641445,0.105996132,0,0,0,0.069454193,54,OPTIMAL,54,0.034063101,1
0,8,6,9,13,TRUE,TRUE,1,0.124560595,OPTIMAL,2,0,54,0.109678745,0.23423934,0,0,0,0.177708864,54,OPTIMAL,54,1.368245125,1
0,8,6,9,14,TRUE,FALSE,1.041322314,2.767798185,TIME_LIMIT,9,,54,599.187969,601.9557672,684,614,70,,,OPTIMAL,54,1.393333673,
0,8,6,10,14,TRUE,TRUE,1,0.129539251,OPTIMAL,2,0,60,0.121515036,0.251054287,0,0,0,0.178539276,60,OPTIMAL,60,0.61852026,1
0,8,6,10,15,TRUE,TRUE,1,0.137541771,OPTIMAL,2,0,60,0.100592613,0.238134384,0,0,0,0.175059557,60,OPTIMAL,60,2.561047554,1
0,8,6,11,15,TRUE,TRUE,1,0.182420254,OPTIMAL,2,0,66,0.156377077,0.338797331,0,0,0,0.230157852,66,OPTIMAL,66,0.305630922,1
0,8,6,11,16,TRUE,TRUE,1,0.182248354,OPTIMAL,2,0,66,0.111373186,0.29362154,0,0,0,0.22510457,66,OPTIMAL,66,1.52986002,1
0,8,6,11,17,TRUE,FALSE,1.033149171,2.65425992,TIME_LIMIT,9,,66,597.483222,600.1374819,989,884,105,,,OPTIMAL,66,1.807643175,
0,8,6,12,16,TRUE,TRUE,1,0.039519787,OPTIMAL,2,0,72,0.06666851,0.106188297,0,0,0,0.06018424,72,OPTIMAL,72,0.112513304,1
0,8,6,12,17,TRUE,TRUE,1,0.192049503,OPTIMAL,2,0,72,0.164598227,0.35664773,0,0,0,0.265132189,72,OPTIMAL,72,1.61255455,1
0,8,6,12,18,TRUE,TRUE,1,0.228318214,OPTIMAL,2,0,72,0.126860619,0.355178833,0,0,0,0.255833387,72,OPTIMAL,72,4.344982386,1
0,8,6,12,19,TRUE,FALSE,1.065420561,2.96333313,TIME_LIMIT,9,,72,597.3660202,600.3293533,1283,1148,135,,,OPTIMAL,71.99998804,3.128199339,
0,8,6,13,18,TRUE,TRUE,1,0.2406919,OPTIMAL,2,0,78,0.119520426,0.360212326,0,0,0,0.272692919,78,OPTIMAL,78,0.485729456,1
0,8,6,13,19,TRUE,TRUE,1,0.21317935,OPTIMAL,2,0,78,0.203577042,0.416756392,0,0,0,0.262689114,78,OPTIMAL,78,2.264023304,1
0,8,6,13,20,TRUE,FALSE,1.027667984,2.704162121,TIME_LIMIT,9,,78,597.4672456,600.1714077,633,562,71,,,OPTIMAL,78,1.887490749,
0,8,6,14,19,TRUE,TRUE,1,0.669318438,OPTIMAL,2,0,84,0.227282763,0.8966012,0,0,0,0.728928328,84,OPTIMAL,84,0.70125103,1
0,8,6,14,20,TRUE,TRUE,1,0.299005747,OPTIMAL,2,0,84,0.185663462,0.484669209,0,0,0,0.352061033,84,OPTIMAL,84,2.551331043,1
0,8,6,14,21,TRUE,TRUE,1,0.288023233,OPTIMAL,2,0,84,0.264271498,0.552294731,0,0,0,0.351602077,84,OPTIMAL,84,0.960118532,1
0,8,6,14,22,TRUE,FALSE,1.054794521,3.577518225,TIME_LIMIT,9,,84,597.3359492,600.9134674,965,868,97,,,OPTIMAL,84,1.116840839,
0,8,6,15,20,TRUE,TRUE,1,0.058839798,OPTIMAL,2,0,90,0.166618347,0.225458145,0,0,0,0.100818872,90,OPTIMAL,90,0.127897739,1
0,8,6,15,21,TRUE,TRUE,1,0.300288439,OPTIMAL,2,0,90,0.204289913,0.504578352,0,0,0,0.35543251,90,OPTIMAL,90,2.730680704,1
0,8,6,15,22,TRUE,TRUE,1,0.315411329,OPTIMAL,2,0,90,0.253410101,0.56882143,0,0,0,0.398760319,90,OPTIMAL,90,4.27589798,1
0,8,6,15,23,TRUE,FALSE,1.023738872,3.50094533,TIME_LIMIT,9,,90,596.8693945,600.3703399,1022,912,110,,,OPTIMAL,90,8.118068933,
0,8,7,4,5,TRUE,TRUE,1,0.174106598,OPTIMAL,2,0,28,1.937716246,2.111822844,337,291,46,2.068453074,28,OPTIMAL,28,0.219734907,1
0,8,7,5,6,TRUE,TRUE,1,0.41790247,OPTIMAL,2,0,35,5.574662209,5.992564678,876,770,106,5.9076612,35,OPTIMAL,35,0.130378246,1
0,8,7,6,7,TRUE,TRUE,1,0.282930136,OPTIMAL,2,0,42,3.266303539,3.549233675,1187,1060,127,3.428721905,42,OPTIMAL,42,0.132800102,1
0,8,7,7,8,TRUE,TRUE,1,0.027663708,OPTIMAL,2,0,49,0.153711081,0.181374788,0,0,0,0.071868896,49,OPTIMAL,49,0.084528923,1
0,8,7,7,9,TRUE,TRUE,1,0.278476477,OPTIMAL,2,0,49,0.100683689,0.379160166,0,0,0,0.328159571,49,OPTIMAL,49,0.53570509,1
0,8,7,8,10,TRUE,TRUE,1,0.132528067,OPTIMAL,2,0,56,0.097527027,0.230055094,0,0,0,0.183527231,56,OPTIMAL,56,0.268600941,1
0,8,7,9,11,TRUE,TRUE,1,0.316580296,OPTIMAL,2,0,63,43.78543377,44.10201406,2427,2178,249,43.82145596,63,OPTIMAL,63,0.418081522,1
0,8,7,10,12,TRUE,TRUE,1,0.269583464,OPTIMAL,2,0,70,0.094534397,0.364117861,0,0,0,0.308103085,70,OPTIMAL,70,1.255514383,1
0,8,7,10,13,TRUE,TRUE,1,0.449180841,OPTIMAL,2,0,70,0.130526304,0.579707146,0,0,0,0.497181177,70,OPTIMAL,70,2.036568403,1
0,8,7,11,13,TRUE,TRUE,1,0.550837278,OPTIMAL,2,0,77,0.151932955,0.702770233,0,0,0,0.61736989,77,OPTIMAL,77,0.290095806,1
0,8,7,11,14,TRUE,TRUE,1,0.239848137,OPTIMAL,2,0,77,0.128671169,0.368519306,0,0,0,0.301383257,77,OPTIMAL,77,3.646050692,1
0,8,7,12,14,TRUE,TRUE,1,0.565820932,OPTIMAL,2,0,84,0.159754753,0.725575686,0,0,0,0.609000206,84,OPTIMAL,84,0.38009119,1
0,8,7,12,15,TRUE,TRUE,1,0.142148256,OPTIMAL,2,0,84,0.151153326,0.293301582,0,0,0,0.198156595,84,OPTIMAL,84,2.114998102,1
0,8,7,13,15,TRUE,TRUE,1,0.433814526,OPTIMAL,2,0,91,0.138035774,0.5718503,0,0,0,0.483343124,91,OPTIMAL,91,0.316642761,1
0,8,7,13,16,TRUE,TRUE,1,0.239942789,OPTIMAL,2,0,91,0.242513657,0.482456446,0,0,0,0.355707407,91,OPTIMAL,91,1.465466022,1
0,8,7,13,17,TRUE,TRUE,1,0.537961483,OPTIMAL,2,0,91,0.247405291,0.785366774,0,0,0,0.644852161,91,OPTIMAL,91,4.325176477,1
0,8,7,14,16,TRUE,TRUE,1,0.030321836,OPTIMAL,2,0,98,0.093618155,0.123939991,0,0,0,0.059322119,98,OPTIMAL,98,0.099534273,1
0,8,7,14,17,TRUE,TRUE,1,0.403120041,OPTIMAL,2,0,98,0.225558996,0.628679037,0,0,0,0.483037949,98,OPTIMAL,98,3.057260275,1
0,8,7,14,18,TRUE,TRUE,1,0.458152294,OPTIMAL,2,0,98,0.217079639,0.675231934,0,0,0,0.534748077,98,OPTIMAL,98,6.058056116,1
0,8,7,15,18,TRUE,TRUE,1,0.349040747,OPTIMAL,2,0,105,0.240819931,0.589860678,0,0,0,0.422558546,105,OPTIMAL,105,0.943931818,1
0,8,7,15,19,TRUE,TRUE,1,0.197011471,OPTIMAL,2,0,105,0.291590691,0.488602161,0,0,0,0.270853519,105,OPTIMAL,105,5.521058083,1
0,8,8,4,4,TRUE,TRUE,1,0.051311731,OPTIMAL,2,0,32,0.069324017,0.120635748,0,0,0,0.088124514,32,OPTIMAL,32,0.043022394,1
0,8,8,5,5,TRUE,TRUE,1,0.040015936,OPTIMAL,2,0,40,0.084840775,0.12485671,0,0,0,0.082038879,40,OPTIMAL,40,0.039922953,1
0,8,8,6,6,TRUE,TRUE,1,0.052592278,OPTIMAL,2,0,48,0.083101511,0.135693789,0,0,0,0.082110882,48,OPTIMAL,48,0.032000303,1
0,8,8,7,7,TRUE,TRUE,1,0.045010567,OPTIMAL,2,0,56,0.110015154,0.155025721,0,0,0,0.149522781,56,OPTIMAL,56,0.069504976,1
0,8,8,8,8,TRUE,TRUE,1,0.05100131,OPTIMAL,2,0,64,0.152799129,0.20380044,0,0,0,0.101000547,64,OPTIMAL,64,0.064729929,1
0,8,8,8,9,TRUE,TRUE,1,0.291037321,OPTIMAL,2,0,64,0.172962427,0.463999748,0,0,0,0.33697629,64,OPTIMAL,64,1.973128557,1
0,8,8,9,9,TRUE,TRUE,1,0.049868107,OPTIMAL,2,0,72,0.173049212,0.222917318,0,0,0,0.215922832,72,OPTIMAL,72,0.102675915,1
0,8,8,9,10,TRUE,TRUE,1,0.278514624,OPTIMAL,2,0,72,0.166694641,0.445209265,0,0,0,0.311519623,72,OPTIMAL,71.99997748,2.150753498,1.000000313
0,8,8,10,10,TRUE,TRUE,1,0.05411315,OPTIMAL,2,0,80,0.169032335,0.223145485,0,0,0,0.217147112,80,OPTIMAL,80,0.093023062,1
0,8,8,10,11,TRUE,TRUE,1,0.359687328,OPTIMAL,2,0,80,0.222044468,0.581731796,0,0,0,0.415694475,80,OPTIMAL,80,1.454030752,1
0,8,8,11,11,TRUE,TRUE,1,0.030529499,OPTIMAL,2,0,88,0.181604624,0.212134123,0,0,0,0.068608046,88,OPTIMAL,88,0.106514931,1
0,8,8,11,12,TRUE,TRUE,1,0.299428463,OPTIMAL,2,0,88,0.217694283,0.517122746,0,0,0,0.346734285,88,OPTIMAL,88,3.947315216,1
0,8,8,12,12,TRUE,TRUE,1,0.067219973,OPTIMAL,2,0,96,0.183273315,0.250493288,0,0,0,0.109944344,96,OPTIMAL,96,0.099860668,1
0,8,8,12,13,TRUE,TRUE,1,0.371496201,OPTIMAL,2,0,96,0.222926378,0.594422579,0,0,0,0.413495064,96,OPTIMAL,96,2.921133995,1
0,8,8,13,13,TRUE,TRUE,1,0.072000504,OPTIMAL,2,0,104,0.282474279,0.354474783,0,0,0,0.351432323,104,OPTIMAL,104,0.107537746,1
0,8,8,13,14,TRUE,TRUE,1,0.348233938,OPTIMAL,2,0,104,0.266680241,0.614914179,0,0,0,0.381233215,104,OPTIMAL,103.9999992,2.836969376,1.000000008
0,8,8,14,14,TRUE,TRUE,1,0.036519527,OPTIMAL,2,0,112,0.283298016,0.319817543,0,0,0,0.315815926,112,OPTIMAL,112,0.11752224,1
0,8,8,14,15,TRUE,TRUE,1,0.526675701,OPTIMAL,2,0,112,0.284831762,0.811507463,0,0,0,0.561675787,112,OPTIMAL,112,3.19721961,1
0,8,8,15,15,TRUE,TRUE,1,0.070237398,OPTIMAL,2,0,120,0.239833355,0.310070753,0,0,0,0.113508463,120,OPTIMAL,120,0.151344538,1
0,8,8,15,16,TRUE,TRUE,1,0.491426468,OPTIMAL,2,0,120,0.188053131,0.679479599,0,0,0,0.541945457,120,OPTIMAL,120,4.312597752,1
0,8,8,15,17,TRUE,TRUE,1,0.552952528,OPTIMAL,2,0,120,0.181048632,0.73400116,0,0,0,0.583956003,120,OPTIMAL,120,7.387233496,1
0,8,9,9,8,TRUE,TRUE,1,0.062528849,OPTIMAL,2,0,81,0.058609247,0.121138096,0,0,0,0.099050999,81,OPTIMAL,81,0.058981419,1
0,8,9,10,9,TRUE,TRUE,1,0.549616575,OPTIMAL,2,0,90,0.215073586,0.764690161,0,0,0,0.602588892,90,OPTIMAL,90,0.255718946,1
0,8,9,11,10,TRUE,TRUE,1,0.3648386,OPTIMAL,2,0,99,0.235579014,0.600417614,0,0,0,0.406299591,99,OPTIMAL,99,0.298585892,1
0,8,9,12,11,TRUE,TRUE,1,0.482609034,OPTIMAL,2,0,108,1.607264519,2.089873552,0,0,0,0.52912426,108,OPTIMAL,108,0.998684168,1
0,8,9,13,12,TRUE,TRUE,1,0.358993292,OPTIMAL,2,0,117,1.504235029,1.863228321,0,0,0,0.458925009,117,OPTIMAL,117,1.01909852,1
0,8,9,14,13,TRUE,TRUE,1,0.517102242,OPTIMAL,2,0,126,3.855800629,4.37290287,0,0,0,0.606654882,126,OPTIMAL,126,2.367926359,1
0,8,9,15,14,TRUE,TRUE,1,0.553150892,OPTIMAL,2,0,135,2.398822784,2.951973677,0,0,0,0.656816006,135,OPTIMAL,135,0.708710194,1
0,8,10,5,4,TRUE,TRUE,1,0.043021917,OPTIMAL,2,0,50,0.063084602,0.10610652,0,0,0,0.090096474,50,OPTIMAL,50,0.03207469,1
0,8,10,6,5,TRUE,TRUE,1,0.340040684,OPTIMAL,2,0,60,0.1165061,0.456546783,0,0,0,0.389037609,60,OPTIMAL,60,0.162148952,1
0,8,10,7,6,TRUE,TRUE,1,0.286141872,OPTIMAL,2,0,70,0.505440474,0.791582346,0,0,0,0.351722956,70,OPTIMAL,70,0.585684538,1
0,8,10,8,7,TRUE,TRUE,1,0.206164122,OPTIMAL,2,0,80,1.610365152,1.816529274,0,0,0,0.261165142,80,OPTIMAL,80,1.27376771,1
0,8,10,10,8,TRUE,TRUE,1,0.036513567,OPTIMAL,2,0,100,0.067009687,0.103523254,0,0,0,0.064585447,100,OPTIMAL,100,0.080839872,1
0,8,10,11,9,TRUE,TRUE,1,0.300228357,OPTIMAL,2,0,110,0.388919592,0.689147949,0,0,0,0.351229191,110,OPTIMAL,110,0.334253073,1
0,8,10,12,10,TRUE,TRUE,1,0.331025839,OPTIMAL,2,0,120,2.048782587,2.379808426,0,0,0,0.413850069,120,OPTIMAL,120,1.42918992,1
0,8,10,13,11,TRUE,TRUE,1,0.347666025,OPTIMAL,2,0,130,1.560857773,1.908523798,0,0,0,0.475212574,130,OPTIMAL,130,1.980666876,1
0,8,10,14,12,TRUE,TRUE,1,0.489756346,OPTIMAL,2,0,140,3.978148937,4.467905283,0,0,0,0.663407803,140,OPTIMAL,140,1.628412962,1
0,8,10,15,12,TRUE,TRUE,1,0.037524223,OPTIMAL,2,0,150,0.076517582,0.114041805,0,0,0,0.066041231,150,OPTIMAL,150,0.100524902,1
0,8,10,15,13,TRUE,TRUE,1,0.351109028,OPTIMAL,2,0,150,2.630520105,2.981629133,0,0,0,0.434793949,150,OPTIMAL,150,1.258203268,1
0,8,11,4,3,TRUE,TRUE,1,0.221291065,OPTIMAL,2,0,44,0.112579584,0.333870649,0,0,0,0.270955086,44,OPTIMAL,44,0.072319984,1
0,8,11,8,6,TRUE,TRUE,1,0.289455414,OPTIMAL,2,0,88,0.338490963,0.627946377,0,0,0,0.359465599,88,OPTIMAL,88,0.256076336,1
0,8,11,9,7,TRUE,TRUE,1,0.371452093,OPTIMAL,2,0,99,1.505226135,1.876678228,0,0,0,0.441969872,99,OPTIMAL,99,0.343006134,1
0,8,11,11,8,TRUE,TRUE,1,0.034236193,OPTIMAL,2,0,121,0.067521334,0.101757526,0,0,0,0.061241865,121,OPTIMAL,121,0.06767416,1
0,8,11,12,9,TRUE,TRUE,1,0.538161755,OPTIMAL,2,0,132,2.254139662,2.792301416,0,0,0,0.615397215,132,OPTIMAL,132,0.506665707,1
0,8,11,13,10,TRUE,TRUE,1,0.410632372,OPTIMAL,2,0,143,3.008956671,3.419589043,0,0,0,0.503156662,143,OPTIMAL,143,2.450020075,1
0,8,11,14,11,TRUE,TRUE,1,0.286166191,OPTIMAL,2,0,154,2.290625095,2.576791286,0,0,0,0.417034149,154,OPTIMAL,154,2.050173283,1
0,8,11,15,11,TRUE,TRUE,1,0.591270924,OPTIMAL,2,6.83E-05,164.9887303,0.256687403,0.847958326,0,0,0,0.634528637,165,OPTIMAL,165,0.281939983,1
0,9,7,5,7,TRUE,TRUE,1,0.296631575,OPTIMAL,2,0,35,0.079648733,0.376280308,0,0,0,0.352153301,35,OPTIMAL,35,0.196480513,1
0,9,7,6,8,TRUE,TRUE,1,0.092155933,OPTIMAL,2,0,42,0.077523232,0.169679165,0,0,0,0.138678789,42,OPTIMAL,42,0.171010971,1
0,9,7,7,9,TRUE,TRUE,1,0.034646749,OPTIMAL,2,0,49,0.072648287,0.107295036,0,0,0,0.082159519,49,OPTIMAL,49,0.067006826,1
0,9,7,7,10,TRUE,TRUE,1,0.225415707,OPTIMAL,2,0,49,0.131218433,0.35663414,0,0,0,0.296635151,49,OPTIMAL,49,0.34365654,1
0,9,7,8,11,TRUE,TRUE,1,0.341403723,OPTIMAL,2,0,56,0.149900198,0.491303921,0,0,0,0.425288677,56,OPTIMAL,56,1.104044437,1
0,9,7,9,12,TRUE,TRUE,1,0.206151724,OPTIMAL,2,0,63,0.124420404,0.330572128,0,0,0,0.251571417,63,OPTIMAL,63,0.383086681,1
0,9,7,9,13,TRUE,TRUE,1,0.309529305,OPTIMAL,2,0,63,0.169983387,0.479512691,0,0,0,0.386673212,63,OPTIMAL,63,3.550758123,1
0,9,7,10,13,TRUE,TRUE,1,0.832740068,OPTIMAL,2,0,70,0.112200737,0.944940805,0,0,0,0.868249655,70,OPTIMAL,70,0.258609056,1
0,9,7,10,14,TRUE,TRUE,1,0.193464041,OPTIMAL,2,0,70,0.14303422,0.33649826,0,0,0,0.244982243,70,OPTIMAL,70,2.243187189,1
0,9,7,11,15,TRUE,TRUE,1,0.513602257,OPTIMAL,2,0,77,0.225971222,0.739573479,0,0,0,0.595262289,77,OPTIMAL,77,1.667047977,1
0,9,7,11,16,TRUE,TRUE,1,0.506775141,OPTIMAL,2,0,77,0.245377302,0.752152443,0,0,0,0.618155479,77,OPTIMAL,77,2.391189575,1
0,9,7,12,16,TRUE,TRUE,1,0.151971579,OPTIMAL,2,0,84,0.18056345,0.332535028,0,0,0,0.215477467,84,OPTIMAL,84,0.879105568,1
0,9,7,12,17,TRUE,TRUE,1,0.343551874,OPTIMAL,2,0,84,0.254203796,0.597755671,0,0,0,0.43008256,84,OPTIMAL,84,4.585375786,1
0,9,7,13,17,TRUE,TRUE,1,1.029679775,OPTIMAL,2,0,91,0.228578568,1.258258343,0,0,0,1.11626482,91,OPTIMAL,91,0.602199316,1
0,9,7,13,18,TRUE,TRUE,1,0.400268316,OPTIMAL,2,0,91,0.27151227,0.671780586,0,0,0,0.502825022,91,OPTIMAL,91,3.701534033,1
0,9,7,13,19,TRUE,TRUE,1,0.349624157,OPTIMAL,2,0,91,0.247510195,0.597134352,0,0,0,0.421922684,91,OPTIMAL,91,6.336236238,1
0,9,7,14,18,TRUE,TRUE,1,0.052241802,OPTIMAL,2,0,98,0.203398228,0.25564003,0,0,0,0.251689911,98,OPTIMAL,98,0.123043776,1
0,9,7,14,19,TRUE,TRUE,1,0.551290274,OPTIMAL,2,0,98,0.308608055,0.859898329,0,0,0,0.638433218,98,OPTIMAL,98,2.434485197,1
0,9,7,14,20,TRUE,TRUE,1,0.507570267,OPTIMAL,2,0,98,0.408828974,0.91639924,0,0,0,0.626678705,98,OPTIMAL,98,7.576568842,1
0,9,7,15,20,TRUE,TRUE,1,0.359800577,OPTIMAL,2,0,105,0.293022394,0.652822971,0,0,0,0.416811466,105,OPTIMAL,105,1.922326326,1
0,9,7,15,21,TRUE,TRUE,1,0.305234909,OPTIMAL,2,0,105,0.358964205,0.664199114,0,0,0,0.410998821,105,OPTIMAL,105,7.923928022,1
0,9,7,15,22,TRUE,TRUE,1,0.598032236,OPTIMAL,2,0,105,0.320807934,0.91884017,0,0,0,0.674573183,105,OPTIMAL,105,9.27537179,1
0,9,8,4,5,TRUE,TRUE,1,0.146528959,OPTIMAL,2,0,32,0.110852957,0.257381916,0,0,0,0.192143679,32,OPTIMAL,32,0.209023237,1
0,9,8,5,6,TRUE,TRUE,1,0.215075254,OPTIMAL,2,0,40,1.569013834,1.784089088,247,218,29,1.775089502,40,OPTIMAL,40,0.196692467,1
0,9,8,6,7,TRUE,TRUE,1,0.245196104,OPTIMAL,2,0,48,0.145313978,0.390510082,0,0,0,0.286188364,48,OPTIMAL,48,0.23334074,1
0,9,8,7,8,TRUE,TRUE,1,0.110865116,OPTIMAL,2,0,56,0.14705801,0.257923126,0,0,0,0.146865845,56,OPTIMAL,56,0.182044268,1
0,9,8,8,9,TRUE,TRUE,1,0.037983894,OPTIMAL,2,0,64,0.154039383,0.192023277,0,0,0,0.066147566,64,OPTIMAL,64,0.069736481,1
0,9,8,8,10,TRUE,TRUE,1,0.34918046,OPTIMAL,2,0,64,0.105287313,0.454467773,0,0,0,0.404453993,64,OPTIMAL,64,1.727878571,1
0,9,8,9,11,TRUE,TRUE,1,0.314589739,OPTIMAL,2,0,72,0.1275208,0.442110538,0,0,0,0.371100664,72,OPTIMAL,72,0.345995903,1
0,9,8,10,12,TRUE,TRUE,1,0.305588961,OPTIMAL,2,0,80,0.141658306,0.447247267,0,0,0,0.378240108,80,OPTIMAL,80,0.692337513,1
0,9,8,11,13,TRUE,TRUE,1,0.430081129,OPTIMAL,2,0,88,0.152942657,0.583023787,0,0,0,0.485508442,88,OPTIMAL,88,2.110508204,1
0,9,8,11,14,TRUE,FALSE,1.04137931,4.589966774,TIME_LIMIT,9,,88,595.9377072,600.527674,2140,1928,212,,,OPTIMAL,87.99999161,3.780151844,
0,9,8,12,14,TRUE,TRUE,1,0.405138493,OPTIMAL,2,0,96,0.169278622,0.574417114,0,0,0,0.472443104,96,OPTIMAL,96,2.187989473,1
0,9,8,12,15,TRUE,TRUE,1,0.477711916,OPTIMAL,2,0,96,0.281529188,0.759241104,0,0,0,0.516250134,96,OPTIMAL,96,2.9291327,1
0,9,8,13,15,TRUE,TRUE,1,0.751690149,TIME_LIMIT,9,,104,600.4514296,601.2031198,14716,13344,1372,,104,OPTIMAL,104,1.177168846,1
0,9,8,13,16,TRUE,TRUE,1,0.564838409,OPTIMAL,2,0,104,0.233024836,0.797863245,0,0,0,0.64283824,104,OPTIMAL,104,6.228494406,1
0,9,8,14,16,TRUE,TRUE,1,0.462667942,OPTIMAL,2,0,112,0.205010653,0.667678595,0,0,0,0.515625954,112,OPTIMAL,112,0.736392975,1
0,9,8,14,17,TRUE,TRUE,1,0.427793026,OPTIMAL,2,0,112,0.245419502,0.673212528,0,0,0,0.505895615,112,OPTIMAL,112,5.988912344,1
0,9,8,15,17,TRUE,TRUE,1,0.448751688,OPTIMAL,2,0,120,477.0832546,477.5320063,11288,10254,1034,476.7143459,120,OPTIMAL,120,0.502636433,1
0,9,8,15,18,TRUE,TRUE,1,0.520821333,OPTIMAL,2,0,120,0.330592155,0.851413488,0,0,0,0.595354557,120,OPTIMAL,120,4.792807341,1
0,9,8,15,19,TRUE,FALSE,1.043956044,4.960874319,TIME_LIMIT,9,,120,597.3505912,602.3114655,1660,1500,160,,,OPTIMAL,120,11.44438958,
0,9,9,4,4,TRUE,TRUE,1,0.034447193,OPTIMAL,2,0,36,0.061516762,0.095963955,0,0,0,0.063447714,36,OPTIMAL,36,0.069517374,1
0,9,9,5,5,TRUE,TRUE,1,0.048997402,OPTIMAL,2,0,45,0.112530708,0.161528111,0,0,0,0.16052866,45,OPTIMAL,45,0.080535173,1
0,9,9,6,6,TRUE,TRUE,1,0.053537369,OPTIMAL,2,0,54,0.191268682,0.244806051,0,0,0,0.243808746,54,OPTIMAL,54,0.058999538,1
0,9,9,7,7,TRUE,TRUE,1,0.042519569,OPTIMAL,2,0,63,0.17174077,0.21426034,0,0,0,0.193940639,63,OPTIMAL,63,0.0613873,1
0,9,9,8,8,TRUE,TRUE,1,0.054176807,OPTIMAL,2,0,72,0.182097197,0.236274004,0,0,0,0.228254795,72,OPTIMAL,72,0.081528425,1
0,9,9,9,9,TRUE,TRUE,1,0.041009426,OPTIMAL,2,0,81,0.167440414,0.208449841,0,0,0,0.204448223,81,OPTIMAL,81,0.12874651,1
0,9,9,9,10,TRUE,TRUE,1,0.299713612,OPTIMAL,2,0,81,0.251351595,0.551065207,0,0,0,0.347725391,81,OPTIMAL,81,2.288599014,1
0,9,9,10,10,TRUE,TRUE,1,0.03623724,OPTIMAL,2,0,90,0.186043024,0.222280264,0,0,0,0.218275785,90,OPTIMAL,90,0.11948967,1
0,9,9,10,11,TRUE,TRUE,1,0.369608879,OPTIMAL,2,0,90,0.290591002,0.660199881,0,0,0,0.429119587,90,OPTIMAL,90,1.561902046,1
0,9,9,11,11,TRUE,TRUE,1,0.038782835,OPTIMAL,2,0,99,0.247024775,0.28580761,0,0,0,0.279808044,99,OPTIMAL,99,0.132122755,1
0,9,9,11,12,TRUE,TRUE,1,0.420309305,OPTIMAL,2,0,99,0.150064707,0.570374012,0,0,0,0.460319281,99,OPTIMAL,99,3.035370588,1
0,9,9,12,12,TRUE,TRUE,1,0.073948383,OPTIMAL,2,0,108,0.210463524,0.284411907,0,0,0,0.105460644,108,OPTIMAL,108,0.153774977,1
0,9,9,12,13,TRUE,TRUE,1,0.486309052,OPTIMAL,2,0,108,0.247497559,0.73380661,0,0,0,0.549763918,108,OPTIMAL,108,4.728763819,1
0,9,9,13,13,TRUE,TRUE,1,0.03799963,OPTIMAL,2,0,117,0.400743484,0.438743114,0,0,0,0.433748484,117,OPTIMAL,117,0.174327374,1
0,9,9,13,14,TRUE,TRUE,1,0.595659733,OPTIMAL,2,0,117,0.190201998,0.785861731,0,0,0,0.64165616,117,OPTIMAL,117,8.34804821,1
0,9,9,14,14,TRUE,TRUE,1,0.049862862,OPTIMAL,2,0,126,0.198075294,0.247938156,0,0,0,0.08538413,126,OPTIMAL,126,0.17362237,1
0,9,9,14,15,TRUE,TRUE,1,0.497131109,OPTIMAL,2,0,126,0.279721022,0.776852131,0,0,0,0.560655832,126,OPTIMAL,126,1.179566383,1
0,9,9,15,15,TRUE,TRUE,1,0.043006897,OPTIMAL,2,0,135,0.410199165,0.453206062,0,0,0,0.451206207,135,OPTIMAL,135,0.152443171,1
0,9,9,15,16,TRUE,TRUE,1,0.577274799,OPTIMAL,2,0,135,0.285700321,0.862975121,0,0,0,0.627046108,135,OPTIMAL,135,5.495315313,1
0,9,10,10,9,TRUE,TRUE,1,0.047000885,OPTIMAL,2,0,100,0.065516472,0.112517357,0,0,0,0.08051753,100,OPTIMAL,100,0.110113859,1
0,9,10,11,10,TRUE,TRUE,1,0.702596188,OPTIMAL,2,0,110,0.249054193,0.951650381,0,0,0,0.739598513,110,OPTIMAL,110,0.370919943,1
0,9,10,12,11,TRUE,TRUE,1,1.042840719,OPTIMAL,2,0,120,0.423475266,1.466315985,0,0,0,1.088511467,120,OPTIMAL,120,0.521527767,1
0,9,10,13,12,TRUE,TRUE,1,0.304911613,OPTIMAL,2,0,130,2.35050416,2.655415773,0,0,0,0.36691618,130,OPTIMAL,130,0.547822714,1
0,9,10,14,13,TRUE,TRUE,1,0.434691191,OPTIMAL,2,0,140,1.991594553,2.426285744,0,0,0,0.538248777,140,OPTIMAL,140,1.425372601,1
0,9,10,15,14,TRUE,TRUE,1,0.822388649,OPTIMAL,2,0,150,3.108253241,3.93064189,0,0,0,0.9199543,150,OPTIMAL,150,2.757223845,1
0,9,11,6,5,TRUE,TRUE,1,0.335339069,OPTIMAL,2,0,66,0.165295601,0.50063467,0,0,0,0.386788368,66,OPTIMAL,66,0.146107435,1
0,9,11,7,6,TRUE,TRUE,1,0.418176174,OPTIMAL,2,0,77,0.677632093,1.095808268,0,0,0,0.482694626,77,OPTIMAL,77,0.306147814,1
0,9,11,8,7,TRUE,TRUE,1,0.423279047,OPTIMAL,2,0,88,1.696949244,2.120228291,0,0,0,0.491438389,88,OPTIMAL,88,2.447961569,1
0,9,11,9,8,TRUE,TRUE,1,0.221531153,OPTIMAL,2,0,99,2.22125864,2.442789793,0,0,0,0.303062439,99,OPTIMAL,99,2.037746429,1
0,9,11,11,9,TRUE,TRUE,1,0.058948517,OPTIMAL,2,0,121,0.103516579,0.162465096,0,0,0,0.109465837,121,OPTIMAL,121,0.113041639,1
0,9,11,12,10,TRUE,TRUE,1,0.790016651,OPTIMAL,2,0,132,0.562220335,1.352236986,0,0,0,0.857255697,132,OPTIMAL,132,0.654144764,1
0,9,11,13,11,TRUE,TRUE,1,0.516701937,OPTIMAL,2,0,143,2.572821617,3.089523554,0,0,0,0.59320879,143,OPTIMAL,143,1.640134811,1
0,9,11,14,12,TRUE,TRUE,1,0.386695623,OPTIMAL,2,0,154,4.053667068,4.440362692,0,0,0,0.507246971,154,OPTIMAL,154,2.935818195,1
0,9,11,15,13,TRUE,TRUE,1,0.22977519,OPTIMAL,2,0,165,5.19075489,5.420530081,0,0,0,0.371075153,165,OPTIMAL,165,8.784122229,1
0,9,12,4,3,TRUE,TRUE,1,0.052514076,OPTIMAL,2,0,48,0.051999092,0.104513168,0,0,0,0.09551239,48,OPTIMAL,48,0.044000626,1
0,9,12,5,4,TRUE,TRUE,1,0.199481964,OPTIMAL,2,0,60,0.291628599,0.491110563,0,0,0,0.252432108,60,OPTIMAL,60,0.169048071,1
0,9,12,8,6,TRUE,TRUE,1,0.038010836,OPTIMAL,2,0,96,0.057531357,0.095542192,0,0,0,0.067026138,96,OPTIMAL,96,0.054529667,1
0,9,12,9,7,TRUE,TRUE,1,0.294699907,OPTIMAL,2,0,108,1.109875679,1.404575586,0,0,0,0.383695841,108,OPTIMAL,108,0.518234253,1
0,9,12,10,8,TRUE,TRUE,1,0.251960754,OPTIMAL,2,0,120,2.330333948,2.582294703,0,0,0,0.352490664,120,OPTIMAL,120,1.206368208,1
0,9,12,12,9,TRUE,TRUE,1,0.05304265,OPTIMAL,2,0,144,0.083588123,0.136630774,0,0,0,0.087110758,144,OPTIMAL,144,0.124527216,1
0,9,12,13,10,TRUE,TRUE,1,0.401644707,OPTIMAL,2,0,156,2.370918036,2.772562742,0,0,0,0.484177589,156,OPTIMAL,156,1.391097784,1
0,9,12,14,11,TRUE,TRUE,1,0.454721451,OPTIMAL,2,8.33E-08,167.999986,3.371588945,3.826310396,0,0,0,0.576275349,168,OPTIMAL,168,4.537439346,1
0,9,12,15,12,TRUE,TRUE,1,0.407822609,OPTIMAL,2,0,180,85.94202304,86.34984565,0,0,0,0.535676479,180,OPTIMAL,180,5.611151934,1
0,10,8,4,5,TRUE,TRUE,1,0.048538923,OPTIMAL,2,0,32,0.081527472,0.130066395,0,0,0,0.086066723,32,OPTIMAL,32,0.044518471,1
0,10,8,5,7,TRUE,TRUE,1,0.143533707,OPTIMAL,2,0,40,0.093525887,0.237059593,0,0,0,0.194051743,40,OPTIMAL,40,1.016422749,1
0,10,8,6,8,TRUE,TRUE,1,0.233645916,OPTIMAL,2,0,48,0.116761446,0.350407362,0,0,0,0.296408653,48,OPTIMAL,48,0.255553007,1
0,10,8,7,9,TRUE,TRUE,1,0.149758816,OPTIMAL,2,0,56,0.14385891,0.293617725,0,0,0,0.235293388,56,OPTIMAL,56,0.238008022,1
0,10,8,8,10,TRUE,TRUE,1,0.056515694,OPTIMAL,2,0,64,0.11759901,0.174114704,0,0,0,0.108114958,64,OPTIMAL,64,0.092679977,1
0,10,8,8,11,TRUE,TRUE,1,0.500992298,OPTIMAL,2,0,64,0.178248405,0.679240704,0,0,0,0.578712702,64,OPTIMAL,64,2.834951162,1
0,10,8,9,12,TRUE,TRUE,1,0.401826382,OPTIMAL,2,0,72,0.194366932,0.596193314,0,0,0,0.453136206,72,OPTIMAL,72,0.719968557,1
0,10,8,10,13,TRUE,TRUE,1,0.387354136,OPTIMAL,2,0,80,0.185447931,0.572802067,0,0,0,0.456744194,80,OPTIMAL,80,0.901274204,1
0,10,8,10,14,TRUE,TRUE,1,0.567540884,OPTIMAL,2,0,80,0.252424479,0.819965363,0,0,0,0.658918381,80,OPTIMAL,80,4.621053219,1
0,10,8,11,14,TRUE,TRUE,1,0.479060173,OPTIMAL,2,0,88,76.24742723,76.7264874,8184,7418,766,76.30025053,88,OPTIMAL,88,0.712965727,1
0,10,8,11,15,TRUE,TRUE,1,0.494127989,OPTIMAL,2,0,88,0.21505022,0.709178209,0,0,0,0.579521894,88,OPTIMAL,88,5.254005194,1
0,10,8,12,15,TRUE,TRUE,1,0.060503483,OPTIMAL,2,0,96,0.128259897,0.18876338,0,0,0,0.095503807,96,OPTIMAL,96,0.190016508,1
0,10,8,12,16,TRUE,TRUE,1,0.343015194,TIME_LIMIT,9,,96,601.8391919,602.1822071,4298,3886,412,,96,OPTIMAL,96,1.595173836,1
0,10,8,12,17,TRUE,FALSE,1.025862069,7.209841728,TIME_LIMIT,9,,96,593.6873934,600.8972352,1659,1502,157,,,OPTIMAL,96,3.720324755,
0,10,8,13,17,TRUE,TRUE,1,0.532820702,OPTIMAL,2,0,104,0.331165791,0.863986492,0,0,0,0.646353722,104,OPTIMAL,104,5.491701841,1
0,10,8,13,18,TRUE,TRUE,1,0.334281445,OPTIMAL,2,0,104,0.391474485,0.72575593,0,0,0,0.493610382,104,OPTIMAL,104,2.306257725,1
0,10,8,14,18,TRUE,TRUE,1,0.370042324,OPTIMAL,2,0,112,0.304333687,0.674376011,0,0,0,0.436559677,112,OPTIMAL,112,3.365361691,1
0,10,8,14,19,TRUE,TRUE,1,0.408892155,OPTIMAL,2,0,112,0.33630228,0.745194435,0,0,0,0.489985228,112,OPTIMAL,112,9.33244276,1
0,10,8,15,19,TRUE,TRUE,1,0.822607756,OPTIMAL,2,0,120,0.342746496,1.165354252,0,0,0,0.900301933,120,OPTIMAL,120,0.847547531,1
0,10,8,15,20,TRUE,TRUE,1,0.366282225,OPTIMAL,2,0,120,0.318441391,0.684723616,0,0,0,0.435112476,120,OPTIMAL,120,2.108804941,1
0,10,8,15,21,TRUE,TRUE,1,0.507849455,OPTIMAL,2,0,120,0.336557865,0.84440732,0,0,0,0.550854445,120,OPTIMAL,120,7.065060377,1
0,10,9,5,6,TRUE,TRUE,1,0.292624474,OPTIMAL,2,0,45,0.132783413,0.425407887,0,0,0,0.335278273,45,OPTIMAL,45,0.494049072,1
0,10,9,6,7,TRUE,TRUE,1,0.477077246,OPTIMAL,2,0,54,0.196996927,0.674074173,0,0,0,0.522976398,54,OPTIMAL,54,0.358835697,1
0,10,9,7,8,TRUE,TRUE,1,0.714497805,OPTIMAL,2,0,63,0.190149784,0.904647589,0,0,0,0.760287523,63,OPTIMAL,63,0.217418671,1
0,10,9,8,9,TRUE,TRUE,1,0.511189222,OPTIMAL,2,0,72,0.239779711,0.750968933,0,0,0,0.555333614,72,OPTIMAL,72,0.213044167,1
0,10,9,9,10,TRUE,TRUE,1,0.044526577,OPTIMAL,2,0,81,0.1065557,0.151082277,0,0,0,0.102554798,81,OPTIMAL,81,0.11254406,1
0,10,9,9,11,TRUE,TRUE,1,0.478361845,OPTIMAL,2,0,81,0.138575077,0.616936922,0,0,0,0.52836442,81,OPTIMAL,81,1.42899394,1
0,10,9,10,12,TRUE,TRUE,1,0.663258314,OPTIMAL,2,0,90,0.1891222,0.852380514,0,0,0,0.726352215,90,OPTIMAL,90,5.289533138,1
0,10,9,11,13,TRUE,TRUE,1,0.458329678,OPTIMAL,2,0,99,0.203647375,0.661977053,0,0,0,0.533872843,99,OPTIMAL,99,4.051488876,1
0,10,9,12,14,TRUE,TRUE,1,0.397436857,OPTIMAL,2,0,108,0.235211611,0.632648468,0,0,0,0.474269152,108,OPTIMAL,108,4.13480711,1
0,10,9,13,15,TRUE,TRUE,1,0.680009127,OPTIMAL,2,0,117,0.268051624,0.948060751,0,0,0,0.757520676,117,OPTIMAL,117,1.696179152,1
0,10,9,13,16,TRUE,TRUE,1,0.481146336,OPTIMAL,2,0,117,0.290746927,0.771893263,0,0,0,0.582848787,117,OPTIMAL,117,5.58494997,1
0,10,9,14,16,TRUE,TRUE,1,0.593829393,OPTIMAL,2,0,126,0.285998821,0.879828215,0,0,0,0.656348467,126,OPTIMAL,126,2.562041283,1
0,10,9,14,17,TRUE,TRUE,1,0.460921288,OPTIMAL,2,0,126,0.284670591,0.745591879,0,0,0,0.535932541,126,OPTIMAL,126,1.938414335,1
0,10,9,15,17,TRUE,TRUE,1,0.839106083,TIME_LIMIT,9,,135,601.8118527,602.6509588,6667,6054,613,,135,OPTIMAL,135,1.151385307,1
0,10,9,15,18,TRUE,TRUE,1,0.360833168,OPTIMAL,2,0,135,0.347109079,0.707942247,0,0,0,0.437351704,135,OPTIMAL,135,8.028256178,1
0,10,10,4,4,TRUE,TRUE,1,0.044002295,OPTIMAL,2,0,40,0.0841012,0.128103495,0,0,0,0.128103495,40,OPTIMAL,40,0.042626381,1
0,10,10,5,5,TRUE,TRUE,1,0.048015594,OPTIMAL,2,0,50,0.100553513,0.148569107,0,0,0,0.089569569,50,OPTIMAL,50,0.067032576,1
0,10,10,6,6,TRUE,TRUE,1,0.055870056,OPTIMAL,2,0,60,0.140874624,0.19674468,0,0,0,0.090869665,60,OPTIMAL,60,0.079275131,1
0,10,10,7,7,TRUE,TRUE,1,0.043004751,OPTIMAL,2,0,70,0.160424948,0.203429699,0,0,0,0.08588171,70,OPTIMAL,70,0.048232317,1
0,10,10,8,8,TRUE,TRUE,1,0.041280746,OPTIMAL,2,0,80,0.158056259,0.199337006,0,0,0,0.191336155,80,OPTIMAL,80,0.063787699,1
0,10,10,9,9,TRUE,TRUE,1,0.059621811,OPTIMAL,2,0,90,0.214559555,0.274181366,0,0,0,0.099024057,90,OPTIMAL,90,0.132759571,1
0,10,10,10,10,TRUE,TRUE,1,0.041001081,OPTIMAL,2,0,100,0.2101717,0.251172781,0,0,0,0.090529203,100,OPTIMAL,100,0.159847736,1
0,10,10,10,11,TRUE,TRUE,1,0.487398863,OPTIMAL,2,0,100,0.183068037,0.6704669,0,0,0,0.549937963,100,OPTIMAL,100,4.490771055,1
0,10,10,11,11,TRUE,TRUE,1,0.043995142,OPTIMAL,2,0,110,0.247090578,0.29108572,0,0,0,0.099012613,110,OPTIMAL,110,0.160925627,1
0,10,10,11,12,TRUE,TRUE,1,0.484852552,OPTIMAL,2,0,110,0.216928482,0.701781034,0,0,0,0.528856039,110,OPTIMAL,110,3.517033339,1
0,10,10,12,12,TRUE,TRUE,1,0.063995123,OPTIMAL,2,0,120,0.277979136,0.341974258,0,0,0,0.108999729,120,OPTIMAL,120,0.130527496,1
0,10,10,12,13,TRUE,TRUE,1,0.476648808,OPTIMAL,2,0,120,0.245638847,0.722287655,0,0,0,0.525656939,120,OPTIMAL,120,4.350676298,1
0,10,10,13,13,TRUE,TRUE,1,0.058529377,OPTIMAL,2,0,130,0.155825138,0.214354515,0,0,0,0.198354006,130,OPTIMAL,130,0.132706881,1
0,10,10,13,14,TRUE,TRUE,1,0.459652424,OPTIMAL,2,0,130,0.260522604,0.720175028,0,0,0,0.509974957,130,OPTIMAL,130,4.813763618,1
0,10,10,14,14,TRUE,TRUE,1,0.046999931,OPTIMAL,2,0,140,0.173530579,0.22053051,0,0,0,0.101001978,140,OPTIMAL,140,0.176536322,1
0,10,10,14,15,TRUE,TRUE,1,0.431720257,OPTIMAL,2,0,140,0.279578686,0.711298943,0,0,0,0.493733644,140,OPTIMAL,140,8.662427902,1
0,10,10,15,15,TRUE,TRUE,1,0.051316977,OPTIMAL,2,0,150,0.191190243,0.242507219,0,0,0,0.236500978,150,OPTIMAL,150,0.202050209,1
0,10,10,15,16,TRUE,TRUE,1,0.457642078,OPTIMAL,2,0,150,0.335567951,0.79321003,0,0,0,0.51564312,150,OPTIMAL,150,7.540541172,1
0,10,11,11,10,TRUE,TRUE,1,0.041742086,OPTIMAL,2,0,121,0.085509777,0.127251863,0,0,0,0.082740784,121,OPTIMAL,121,0.117021799,1
0,10,11,12,11,TRUE,FALSE,1.008196721,2.900990248,OPTIMAL,2,0,132,5.63053894,8.531529188,1320,1200,120,8.203970194,132,OPTIMAL,132,0.726682663,1
0,10,11,13,12,TRUE,TRUE,1,0.468870878,OPTIMAL,2,0,143,0.52154541,0.990416288,0,0,0,0.552538633,143,OPTIMAL,143,0.732728004,1
0,10,11,14,13,TRUE,TRUE,1,1.633215189,OPTIMAL,2,0,154,1.648425579,3.281640768,0,0,0,1.710281372,154,OPTIMAL,154,0.805853844,1
0,10,11,15,14,TRUE,TRUE,1,0.532528877,OPTIMAL,2,0,165,3.374155998,3.906684875,0,0,0,0.633052826,165,OPTIMAL,165,1.469081163,1
0,10,12,6,5,TRUE,TRUE,1,0.046209812,OPTIMAL,2,0,72,0.07254076,0.118750572,0,0,0,0.084223509,72,OPTIMAL,72,0.070524931,1
0,10,12,7,6,TRUE,TRUE,1,0.450866938,OPTIMAL,2,0,84,0.345179319,0.796046257,0,0,0,0.511867523,84,OPTIMAL,84,0.232064724,1
0,10,12,8,7,TRUE,TRUE,1,0.481712103,OPTIMAL,2,0,96,1.304858446,1.786570549,0,0,0,0.566384554,96,OPTIMAL,96,1.167452097,1
0,10,12,9,8,TRUE,TRUE,1,0.580893993,OPTIMAL,2,0,108,3.081204414,3.662098408,0,0,0,0.669418097,108,OPTIMAL,108,3.76386404,1
0,10,12,10,9,TRUE,TRUE,1,0.338111639,OPTIMAL,2,0,120,3.716148138,4.054259777,0,0,0,0.417218447,120,OPTIMAL,120,4.406075954,1
0,10,12,12,10,TRUE,TRUE,1,0.043588877,OPTIMAL,2,0,144,0.088791609,0.132380486,0,0,0,0.078320265,144,OPTIMAL,144,0.106528759,1
0,10,12,13,11,TRUE,TRUE,1,0.89616394,OPTIMAL,2,0,156,0.592685223,1.488849163,11,10,1,0.960538149,156,OPTIMAL,156,0.82000494,1
0,10,12,14,12,TRUE,TRUE,1,0.913882971,OPTIMAL,2,0,168,2.081911802,2.995794773,0,0,0,0.996411324,168,OPTIMAL,168,1.907828331,1
0,10,12,15,13,TRUE,TRUE,1,0.673299074,OPTIMAL,2,0,180,7.546176434,8.219475508,0,0,0,0.749308825,180,OPTIMAL,180,4.810688734,1
0,10,13,5,4,TRUE,TRUE,1,0.547055483,OPTIMAL,2,0,65,0.255267382,0.802322865,0,0,0,0.623104095,65,OPTIMAL,65,0.161930561,1
0,10,13,9,7,TRUE,TRUE,1,0.358358383,OPTIMAL,2,0,117,0.226874352,0.585232735,0,0,0,0.426375866,117,OPTIMAL,117,0.30209446,1
0,10,13,10,8,TRUE,TRUE,1,0.368604183,OPTIMAL,2,0,130,3.487162352,3.855766535,0,0,0,0.719167471,130,OPTIMAL,130,2.314618349,1
0,10,13,11,9,TRUE,TRUE,1,0.195484161,OPTIMAL,2,0,143,3.110399961,3.305884123,0,0,0,0.332133532,143,OPTIMAL,142.9999971,6.322590113,1.00000002
0,10,13,13,10,TRUE,TRUE,1,0.079030752,OPTIMAL,2,0,169,0.096515417,0.175546169,0,0,0,0.116029501,169,OPTIMAL,169,0.119609833,1
0,10,13,14,11,TRUE,TRUE,1,0.930710793,OPTIMAL,2,0,182,2.195962429,3.126673222,0,0,0,1.009238958,182,OPTIMAL,182,2.405263186,1
0,10,13,15,12,TRUE,TRUE,1,0.666709185,OPTIMAL,2,0,195,8.246871948,8.913581133,0,0,0,0.772237062,195,OPTIMAL,195,4.548104763,1
