seed,n,m,w_bar,u_bar,delta,regular,sum_w,sum_u,feasibility_repairs,brd_found_pne,brd_alpha,brd_time,zr_status,zr_gurobi_status,zr_mip_gap,zr_obj_bound,zr_runtime,zr_time,zr_eis_added_total,zr_eis_added_symmetric,zr_eis_added_core,zr_first_pne_time,best_pne_cost,so_status,so_cost,so_time,pos
0,4,2,4,8,0.2,FALSE,16,17,0,TRUE,1,0.359931469,OPTIMAL,2,0,15,0.019210815,0.379142284,0,0,0,0.3671422,15,OPTIMAL,15,0.024507284,1
0,4,2,4,9,0.2,FALSE,16,19,0,TRUE,1,0.012996912,OPTIMAL,2,0,17,0.051001072,0.063997984,0,0,0,0.021996021,17,OPTIMAL,17,0.05799675,1
0,4,2,4,10,0.2,FALSE,16,23,0,TRUE,1,0.024518251,OPTIMAL,2,0,19,0.088644505,0.113162756,0,0,0,0.033516645,19,OPTIMAL,19,0.098514557,1
0,4,2,4,11,0.2,FALSE,16,25,0,TRUE,1,0.013001442,OPTIMAL,2,0,21,0.179115534,0.192116976,0,0,0,0.021996021,21,OPTIMAL,21,0.052998066,1
0,4,2,5,10,0.2,FALSE,20,20,0,TRUE,1,0.015998125,OPTIMAL,2,0,16,0.036005497,0.052003622,0,0,0,0.02399826,16,OPTIMAL,16,0.017332554,1
0,4,2,5,11,0.2,FALSE,20,20,0,TRUE,1,0.018999338,OPTIMAL,2,0,18,0.035516024,0.054515362,0,0,0,0.032514095,18,OPTIMAL,18,0.024000168,1
0,4,2,5,12,0.2,FALSE,20,21,0,TRUE,1,0.025516033,OPTIMAL,2,0,20,0.020000219,0.045516253,0,0,0,0.033536196,20,OPTIMAL,20,0.029002666,1
0,4,2,5,13,0.2,FALSE,20,23,0,TRUE,1,0.015252113,OPTIMAL,2,0,22,0.04399395,0.059246063,0,0,0,0.023251772,22,OPTIMAL,22,0.03112483,1
0,4,2,6,12,0.2,FALSE,24,24,0,TRUE,1,0.006001472,OPTIMAL,2,0,20,0.030996561,0.036998034,0,0,0,0.013001442,20,OPTIMAL,20,0.036107779,1
0,4,2,6,13,0.2,FALSE,24,24,0,TRUE,1,0.017955303,OPTIMAL,2,0,22,0.028520346,0.046475649,0,0,0,0.024955273,22,OPTIMAL,22,0.030998945,1
0,4,2,6,14,0.2,FALSE,24,25,0,TRUE,1,0.037528038,OPTIMAL,2,0,24,0.029999971,0.067528009,0,0,0,0.046529055,24,OPTIMAL,24,0.019012928,1
0,4,2,6,15,0.2,FALSE,24,26,0,TRUE,1,0.038998604,OPTIMAL,2,0,24,0.036187887,0.075186491,1,0,1,0.046995163,24,OPTIMAL,24,0.025003672,1
0,4,2,7,14,0.2,FALSE,28,28,0,TRUE,1,0.0070014,OPTIMAL,2,0,24,0.035528421,0.042529821,0,0,0,0.015010357,24,OPTIMAL,24,0.043000221,1
0,4,2,7,15,0.2,FALSE,28,28,0,TRUE,1,0.017521143,OPTIMAL,2,0,24,0.017000914,0.034522057,0,0,0,0.024521112,24,OPTIMAL,24,0.01000452,1
0,4,2,7,16,0.2,FALSE,28,28,0,TRUE,1,0.007009506,OPTIMAL,2,0,26,0.015000105,0.022009611,0,0,0,0.014009476,26,OPTIMAL,26,0.021999598,1
0,4,2,7,17,0.2,FALSE,28,30,0,TRUE,1,0.019009113,OPTIMAL,2,0,28,0.036995649,0.056004763,1,0,1,0.027008772,28,OPTIMAL,28,0.038524628,1
0,4,2,8,16,0.2,FALSE,32,32,0,TRUE,1,0.007994652,OPTIMAL,2,0,26,0.018999338,0.02699399,0,0,0,0.015994072,26,OPTIMAL,26,0.010999441,1
0,4,2,8,17,0.2,FALSE,32,32,0,TRUE,1,0.013015509,OPTIMAL,2,0,28,0.03299737,0.046012878,0,0,0,0.033015728,28,OPTIMAL,28,0.012005568,1
0,4,2,8,18,0.2,FALSE,32,32,0,TRUE,1,0.00789094,OPTIMAL,2,0,30,0.02199769,0.02988863,0,0,0,0.017888546,30,OPTIMAL,30,0.012004852,1
0,4,2,8,19,0.2,FALSE,32,34,0,TRUE,1,0.012998104,OPTIMAL,2,0,32,0.0259974,0.038995504,0,0,0,0.019995451,32,OPTIMAL,32,0.042515039,1
0,4,2,9,18,0.2,FALSE,36,36,0,TRUE,1,0.006998539,OPTIMAL,2,0,30,0.025004864,0.032003403,0,0,0,0.014998674,30,OPTIMAL,30,0.021034241,1
0,4,2,9,19,0.2,FALSE,36,36,0,TRUE,1,0.013999939,OPTIMAL,2,0,32,0.036206722,0.050206661,0,0,0,0.027002096,32,OPTIMAL,32,0.016000271,1
0,4,2,9,20,0.2,FALSE,36,36,0,TRUE,1,0.009999752,OPTIMAL,2,0,32,0.027305603,0.037305355,0,0,0,0.02034831,32,OPTIMAL,32,0.011222601,1
0,4,2,9,21,0.2,FALSE,36,36,0,TRUE,1,0.010000229,OPTIMAL,2,0,34,0.029510736,0.039510965,0,0,0,0.017508507,34,OPTIMAL,34,0.022996664,1
0,4,2,10,20,0.2,FALSE,42,42,0,TRUE,1,0.007999897,OPTIMAL,2,0,32,0.024996519,0.032996416,0,0,0,0.015996695,32,OPTIMAL,32,0.017130136,1
0,4,2,10,21,0.2,FALSE,42,42,0,TRUE,1,0.006999493,OPTIMAL,2,0,34,0.033997536,0.040997028,0,0,0,0.024004459,34,OPTIMAL,34,0.017028093,1
0,4,2,10,22,0.2,FALSE,42,42,0,TRUE,1,0.014001608,OPTIMAL,2,0,36,0.024000883,0.038002491,0,0,0,0.021001816,36,OPTIMAL,36,0.017517567,1
0,4,2,10,23,0.2,FALSE,42,42,0,TRUE,1,0.008002281,OPTIMAL,2,0,38,0.043004036,0.051006317,0,0,0,0.020004034,38,OPTIMAL,38,0.030516386,1
0,4,2,12,24,0.2,FALSE,50,50,0,TRUE,1,0.009013176,OPTIMAL,2,0,40,0.029009104,0.03802228,0,0,0,0.017012596,40,OPTIMAL,40,0.021020174,1
0,4,2,12,25,0.2,FALSE,50,50,0,TRUE,1,0.022999287,OPTIMAL,2,0,40,0.030467987,0.053467274,0,0,0,0.03099966,40,OPTIMAL,40,0.045134068,1
0,4,2,12,26,0.2,FALSE,50,50,0,TRUE,1,0.009264708,OPTIMAL,2,0,42,0.057006598,0.066271305,0,0,0,0.030265331,42,OPTIMAL,42,0.035996437,1
0,4,2,12,27,0.2,FALSE,50,50,0,TRUE,1,0.018954992,OPTIMAL,2,0,44,0.03000021,0.048955202,0,0,0,0.026952505,44,OPTIMAL,44,0.017516613,1
0,4,2,13,26,0.2,FALSE,54,54,0,TRUE,1,0.008997917,OPTIMAL,2,0,42,0.039013147,0.048011065,0,0,0,0.022606373,42,OPTIMAL,42,0.025000095,1
0,4,2,13,27,0.2,FALSE,54,54,0,TRUE,1,0.016078472,OPTIMAL,2,0,44,0.058016777,0.074095249,0,0,0,0.029083252,44,OPTIMAL,44,0.039997578,1
0,4,2,13,28,0.2,FALSE,54,54,0,TRUE,1,0.007009268,OPTIMAL,2,0,46,0.030997276,0.038006544,0,0,0,0.015009165,46,OPTIMAL,46,0.025027275,1
0,4,2,13,29,0.2,FALSE,54,54,0,TRUE,1,0.007002831,OPTIMAL,2,0,48,0.037997007,0.044999838,0,0,0,0.02000308,48,OPTIMAL,48,0.022999525,1
0,4,2,14,28,0.2,FALSE,58,58,0,TRUE,1,0.012001514,OPTIMAL,2,0,46,0.034514666,0.04651618,0,0,0,0.020000458,46,OPTIMAL,46,0.04451251,1
0,4,2,14,29,0.2,FALSE,58,58,0,TRUE,1,0.022998095,OPTIMAL,2,0,48,0.053995132,0.076993227,0,0,0,0.043998957,48,OPTIMAL,48,0.049002171,1
0,4,2,14,30,0.2,FALSE,58,58,0,TRUE,1,0.014997005,OPTIMAL,2,0,48,0.050995588,0.065992594,0,0,0,0.034993887,48,OPTIMAL,48,0.031997681,1
0,4,2,14,31,0.2,FALSE,58,58,0,TRUE,1,0.012998104,OPTIMAL,2,0,50,0.035518646,0.04851675,0,0,0,0.021516085,50,OPTIMAL,50,0.031004429,1
0,4,3,4,6,0.2,FALSE,16,19,0,TRUE,1,0.016002893,OPTIMAL,2,0,15,0.059649229,0.075652122,0,0,0,0.03100872,15,OPTIMAL,15,0.051503181,1
0,4,3,4,7,0.2,FALSE,16,22,0,TRUE,1,0.028003454,OPTIMAL,2,0,18,0.122154951,0.150158405,0,0,0,0.042005301,18,OPTIMAL,18,0.16936636,1
0,4,3,5,7,0.2,FALSE,20,20,0,TRUE,1,0.0070014,OPTIMAL,2,0,20,0.024736881,0.031738281,0,0,0,0.014000177,20,OPTIMAL,20,0.027791262,1
0,4,3,5,8,0.2,FALSE,20,21,0,TRUE,1,0.028650045,OPTIMAL,2,0,23,0.023998737,0.052648783,0,0,0,0.036648273,23,OPTIMAL,23,0.035106421,1
0,4,3,5,9,0.2,FALSE,20,24,0,TRUE,1,0.048001528,OPTIMAL,2,0,26,0.333458662,0.38146019,0,0,0,0.063007116,26,OPTIMAL,26,0.074002504,1
0,4,3,6,8,0.2,FALSE,24,24,0,TRUE,1,0.011080503,OPTIMAL,2,0,23,0.014928341,0.026008844,0,0,0,0.019011497,23,OPTIMAL,23,0.024518251,1
0,4,3,6,9,0.2,FALSE,24,24,0,TRUE,1,0.016060352,OPTIMAL,2,0,26,0.029010296,0.045070648,0,0,0,0.035075188,26,OPTIMAL,26,0.019002914,1
0,4,3,6,10,0.2,FALSE,24,25,0,TRUE,1,0.02699852,OPTIMAL,2,0,28,0.032051802,0.059050322,0,0,0,0.044517994,28,OPTIMAL,28,0.034994602,1
0,4,3,6,11,0.2,FALSE,24,28,0,TRUE,1,0.060345888,OPTIMAL,2,0,31,0.2307446,0.291090488,0,0,0,0.071345806,31,OPTIMAL,31,0.093657255,1
0,4,3,7,10,0.2,FALSE,28,28,0,TRUE,1,0.006771564,OPTIMAL,2,0,28,0.017000437,0.023772001,0,0,0,0.014766455,28,OPTIMAL,28,0.015054941,1
0,4,3,7,11,0.2,FALSE,28,28,0,TRUE,1,0.006997347,OPTIMAL,2,0,31,0.022002459,0.028999805,0,0,0,0.016001701,31,OPTIMAL,31,0.025528193,1
0,4,3,7,12,0.2,FALSE,28,31,0,TRUE,1,0.053160191,OPTIMAL,2,1.24E-07,33.9999958,0.059509993,0.112670183,0,0,0,0.065672159,34,OPTIMAL,34,0.05352354,1
0,4,3,7,13,0.2,FALSE,28,34,0,TRUE,1,0.07244873,OPTIMAL,2,0,37,0.409147263,0.481595993,2,0,2,0.092747927,37,OPTIMAL,37,0.22612977,1
0,4,3,8,11,0.2,FALSE,32,32,0,TRUE,1,0.010994434,OPTIMAL,2,0,31,0.032002926,0.04299736,0,0,0,0.029995441,31,OPTIMAL,31,0.012917042,1
0,4,3,8,12,0.2,FALSE,32,32,0,TRUE,1,0.008996248,OPTIMAL,2,0,34,0.019004107,0.028000355,0,0,0,0.016996384,34,OPTIMAL,34,0.021000624,1
0,4,3,8,13,0.2,FALSE,32,34,0,TRUE,1,0.015999794,OPTIMAL,2,0,37,0.053546429,0.069546223,0,0,0,0.025000095,37,OPTIMAL,37,0.029209852,1
0,4,3,8,14,0.2,FALSE,32,37,0,TRUE,1,0.016944647,OPTIMAL,2,0,40,0.338523865,0.355468512,0,0,0,0.026945114,40,OPTIMAL,40,0.130512238,1
0,4,3,9,12,0.2,FALSE,36,36,0,TRUE,1,0.006998301,OPTIMAL,2,0,34,0.019002199,0.0260005,0,0,0,0.014997482,34,OPTIMAL,34,0.014001369,1
0,4,3,9,13,0.2,FALSE,36,36,0,TRUE,1,0.00799942,OPTIMAL,2,0,37,0.019003391,0.027002811,0,0,0,0.015999556,37,OPTIMAL,37,0.013999939,1
0,4,3,9,14,0.2,FALSE,36,37,0,TRUE,1,0.020994902,OPTIMAL,2,3.33E-08,39.99999867,0.028506994,0.049501896,0,0,0,0.029992104,40,OPTIMAL,40,0.036999702,1
0,4,3,9,15,0.2,FALSE,36,38,0,TRUE,1,0.02351141,OPTIMAL,2,0,42,0.032999277,0.056510687,0,0,0,0.033512354,42,OPTIMAL,42,0.059700966,1
0,4,3,10,14,0.2,FALSE,42,42,0,TRUE,1,0.011003256,OPTIMAL,2,0,40,0.031518459,0.042521715,0,0,0,0.020003319,40,OPTIMAL,40,0.016000509,1
0,4,3,10,15,0.2,FALSE,42,42,0,TRUE,1,0.007998705,OPTIMAL,2,0,42,0.024511099,0.032509804,0,0,0,0.015001059,42,OPTIMAL,42,0.01599884,1
0,4,3,10,16,0.2,FALSE,42,42,0,TRUE,1,0.017997742,OPTIMAL,2,0,45,0.024118662,0.042116404,0,0,0,0.027114868,45,OPTIMAL,45,0.018001318,1
0,4,3,10,17,0.2,FALSE,42,44,0,TRUE,1,0.018002033,OPTIMAL,2,0,48,0.077133656,0.095135689,0,0,0,0.027001858,48,OPTIMAL,48,0.052998066,1
0,4,3,11,15,0.2,FALSE,46,46,0,TRUE,1,0.01099968,OPTIMAL,2,0,42,0.024997473,0.035997152,0,0,0,0.018997908,42,OPTIMAL,42,0.01699996,1
0,4,3,11,16,0.2,FALSE,46,46,0,TRUE,1,0.016999483,OPTIMAL,2,0,45,0.024999619,0.041999102,0,0,0,0.024998903,45,OPTIMAL,45,0.018508434,1
0,4,3,11,17,0.2,FALSE,46,46,0,TRUE,1,0.007994175,OPTIMAL,2,0,48,0.037004471,0.044998646,0,0,0,0.015993834,48,OPTIMAL,48,0.018248081,1
0,4,3,11,18,0.2,FALSE,46,47,0,TRUE,1,0.013998508,OPTIMAL,2,0,51,0.035513639,0.049512148,0,0,0,0.021512032,51,OPTIMAL,51,0.048513651,1
0,4,3,12,16,0.2,FALSE,50,50,0,TRUE,1,0.019993782,OPTIMAL,2,0,45,0.032521725,0.052515507,0,0,0,0.027991295,45,OPTIMAL,45,0.01900053,1
0,4,3,12,17,0.2,FALSE,50,50,0,TRUE,1,0.019784927,OPTIMAL,2,0,48,0.036996365,0.056781292,0,0,0,0.036860228,48,OPTIMAL,48,0.019003153,1
0,4,3,12,18,0.2,FALSE,50,50,0,TRUE,1,0.010998487,OPTIMAL,2,0,51,0.02899909,0.039997578,0,0,0,0.019997597,51,OPTIMAL,51,0.019999981,1
0,4,3,12,19,0.2,FALSE,50,50,0,TRUE,1,0.018001556,OPTIMAL,2,0,54,0.026510477,0.044512033,0,0,0,0.026514053,54,OPTIMAL,54,0.019001484,1
0,4,3,13,18,0.2,FALSE,54,54,0,TRUE,1,0.008002043,OPTIMAL,2,0,51,0.034999609,0.043001652,0,0,0,0.016001463,51,OPTIMAL,51,0.022005081,1
0,4,3,13,19,0.2,FALSE,54,54,0,TRUE,1,0.00854826,OPTIMAL,2,0,54,0.033998489,0.042546749,0,0,0,0.016546965,54,OPTIMAL,54,0.02251029,1
0,4,3,13,20,0.2,FALSE,54,54,0,TRUE,1,0.007997274,OPTIMAL,2,0,56,0.035639763,0.043637037,0,0,0,0.016508579,56,OPTIMAL,56,0.023999691,1
0,4,3,13,21,0.2,FALSE,54,54,0,TRUE,1,0.014507771,OPTIMAL,2,0,59,0.033999681,0.048507452,0,0,0,0.022509813,59,OPTIMAL,59,0.02300024,1
0,4,3,14,19,0.2,FALSE,58,58,0,TRUE,1,0.009008169,OPTIMAL,2,0,54,0.041000605,0.050008774,0,0,0,0.018007278,54,OPTIMAL,54,0.023999214,1
0,4,3,14,20,0.2,FALSE,58,58,0,TRUE,1,0.008997202,OPTIMAL,2,0,56,0.040637016,0.049634218,0,0,0,0.017004013,56,OPTIMAL,56,0.023999691,1
0,4,3,14,21,0.2,FALSE,58,58,0,TRUE,1,0.009002686,OPTIMAL,2,0,59,0.042999744,0.05200243,0,0,0,0.018005133,59,OPTIMAL,59,0.023964643,1
0,4,3,14,22,0.2,FALSE,58,58,0,TRUE,1,0.00793314,OPTIMAL,2,0,62,0.039630413,0.047563553,0,0,0,0.015456676,62,OPTIMAL,62,0.024077892,1
0,4,3,15,20,0.2,FALSE,61,61,0,TRUE,1,0.008520603,OPTIMAL,2,0,56,0.044074059,0.052594662,0,0,0,0.017505646,56,OPTIMAL,56,0.025414705,1
0,4,3,15,21,0.2,FALSE,61,61,0,TRUE,1,0.007998466,OPTIMAL,2,0,59,0.04450655,0.052505016,0,0,0,0.016512394,59,OPTIMAL,59,0.025978565,1
0,4,3,15,22,0.2,FALSE,61,61,0,TRUE,1,0.007998705,OPTIMAL,2,0,62,0.04399991,0.051998615,0,0,0,0.017002344,62,OPTIMAL,62,0.0260005,1
0,4,3,15,23,0.2,FALSE,61,61,0,TRUE,1,0.006999493,OPTIMAL,2,0,65,0.045505047,0.052504539,0,0,0,0.014999866,65,OPTIMAL,65,0.025001287,1
0,4,4,4,4,0.2,TRUE,16,16,0,TRUE,1,0.006998301,OPTIMAL,2,0,16,0.01499939,0.02199769,0,0,0,0.01399827,16,OPTIMAL,16,0.012001514,1
0,4,4,4,5,0.2,FALSE,16,20,0,TRUE,1,0.018000364,OPTIMAL,2,0,12,0.014999628,0.032999992,0,0,0,0.027001381,12,OPTIMAL,12,0.014999866,1
0,4,4,5,5,0.2,FALSE,20,20,0,TRUE,1,0.006999016,OPTIMAL,2,0,21,0.014003992,0.021003008,0,0,0,0.014002323,21,OPTIMAL,21,0.013999701,1
0,4,4,5,6,0.2,FALSE,20,20,0,TRUE,1,0.006998777,OPTIMAL,2,0,25,0.013999224,0.020998001,0,0,0,0.013998747,25,OPTIMAL,25,0.013506889,1
0,4,4,6,6,0.2,FALSE,24,24,0,TRUE,1,0.006997585,OPTIMAL,2,0,25,0.016998768,0.023996353,0,0,0,0.014995813,25,OPTIMAL,25,0.01700592,1
0,4,4,6,7,0.2,FALSE,24,24,0,TRUE,1,0.006510258,OPTIMAL,2,0,29,0.014999628,0.021509886,0,0,0,0.014508963,29,OPTIMAL,29,0.017000914,1
0,4,4,7,7,0.2,FALSE,28,28,0,TRUE,1,0.006998539,OPTIMAL,2,0,29,0.015005112,0.022003651,0,0,0,0.015002966,29,OPTIMAL,29,0.014000177,1
0,4,4,7,8,0.2,FALSE,28,28,0,TRUE,1,0.008004189,OPTIMAL,2,0,33,0.014603853,0.022608042,0,0,0,0.015605688,33,OPTIMAL,33,0.015002012,1
0,4,4,7,9,0.2,FALSE,28,32,0,TRUE,1,0.023993969,OPTIMAL,2,1.16E-07,36.99999571,0.355871677,0.379865646,0,0,0,0.031995535,37,OPTIMAL,36.999997,0.314804792,1.000000081
0,4,4,8,8,0.2,FALSE,32,32,0,TRUE,1,0.00799942,OPTIMAL,2,0,33,0.015595436,0.023594856,0,0,0,0.015517235,33,OPTIMAL,33,0.023956299,1
0,4,4,8,9,0.2,FALSE,32,32,0,TRUE,1,0.007910252,OPTIMAL,2,0,37,0.016628981,0.024539232,0,0,0,0.014908552,37,OPTIMAL,37,0.026072741,1
0,4,4,8,10,0.2,FALSE,32,33,0,TRUE,1,0.032089472,OPTIMAL,2,0,43,0.028112888,0.06020236,0,0,0,0.04002142,43,OPTIMAL,43,0.032004356,1
0,4,4,9,9,0.2,FALSE,36,36,0,TRUE,1,0.008004904,OPTIMAL,2,0,37,0.018999815,0.027004719,0,0,0,0.01600337,37,OPTIMAL,37,0.014762163,1
0,4,4,9,10,0.2,FALSE,36,36,0,TRUE,1,0.006432056,OPTIMAL,2,0,43,0.020998955,0.027431011,0,0,0,0.014430523,43,OPTIMAL,43,0.012000799,1
0,4,4,9,11,0.2,FALSE,36,37,0,TRUE,1,0.014015913,OPTIMAL,2,0,47,0.029001951,0.043017864,0,0,0,0.02201581,47,OPTIMAL,47,0.046632051,1
0,4,4,10,10,0.2,FALSE,42,42,0,TRUE,1,0.011003971,OPTIMAL,2,0,43,0.024095774,0.035099745,0,0,0,0.022003651,43,OPTIMAL,43,0.015000105,1
0,4,4,10,11,0.2,FALSE,42,42,0,TRUE,1,0.016999006,OPTIMAL,2,0,47,0.023000717,0.039999723,0,0,0,0.02598834,47,OPTIMAL,47,0.016000748,1
0,4,4,10,12,0.2,FALSE,42,42,0,TRUE,1,0.007997751,OPTIMAL,2,0,51,0.021000385,0.028998137,0,0,0,0.015995741,51,OPTIMAL,51,0.014999866,1
0,4,4,10,13,0.2,FALSE,42,45,0,TRUE,1,0.079272985,OPTIMAL,2,5.45E-08,54.999997,0.088516235,0.167789221,0,0,0,0.089273691,55,OPTIMAL,55,0.165697336,1
0,4,4,11,11,0.2,FALSE,46,46,0,TRUE,1,0.008002043,OPTIMAL,2,0,47,0.023529291,0.031531334,0,0,0,0.017006159,47,OPTIMAL,47,0.014999628,1
0,4,4,11,12,0.2,FALSE,46,46,0,TRUE,1,0.007998228,OPTIMAL,2,0,51,0.027507782,0.03550601,0,0,0,0.018507242,51,OPTIMAL,51,0.02699399,1
0,4,4,11,13,0.2,FALSE,46,46,0,TRUE,1,0.020949125,OPTIMAL,2,0,55,0.032996416,0.053945541,0,0,0,0.033945799,55,OPTIMAL,55,0.015508175,1
0,4,4,11,14,0.2,FALSE,46,49,0,TRUE,1,0.042005301,OPTIMAL,2,0,58.99999709,0.202022076,0.244027376,2,0,2,0.051004648,59,OPTIMAL,59,0.142552853,1
0,4,4,12,12,0.2,FALSE,50,50,0,TRUE,1,0.008003473,OPTIMAL,2,0,51,0.036484003,0.044487476,0,0,0,0.025004864,51,OPTIMAL,51,0.01800704,1
0,4,4,12,13,0.2,FALSE,50,50,0,TRUE,1,0.008001566,OPTIMAL,2,0,55,0.026957273,0.034958839,0,0,0,0.017511129,55,OPTIMAL,55,0.014001369,1
0,4,4,12,14,0.2,FALSE,50,50,0,TRUE,1,0.007998466,OPTIMAL,2,0,59,0.024508715,0.032507181,0,0,0,0.016997576,59,OPTIMAL,59,0.016999722,1
0,4,4,12,15,0.2,FALSE,50,50,0,TRUE,1,0.008003235,OPTIMAL,2,0,64,0.026544571,0.034547806,0,0,0,0.016510248,64,OPTIMAL,64,0.019006968,1
0,4,4,13,13,0.2,FALSE,54,54,0,TRUE,1,0.008000851,OPTIMAL,2,0,55,0.029000282,0.037001133,0,0,0,0.016000986,55,OPTIMAL,55,0.018012762,1
0,4,4,13,14,0.2,FALSE,54,54,0,TRUE,1,0.009000778,OPTIMAL,2,0,59,0.028004885,0.037005663,0,0,0,0.016991377,59,OPTIMAL,59,0.02600503,1
0,4,4,13,15,0.2,FALSE,54,54,0,TRUE,1,0.013993263,OPTIMAL,2,0,64,0.028517485,0.042510748,0,0,0,0.02199316,64,OPTIMAL,64,0.020998955,1
0,4,4,13,16,0.2,FALSE,54,54,0,TRUE,1,0.009996891,OPTIMAL,2,0,68,0.028999329,0.03899622,0,0,0,0.01799655,68,OPTIMAL,68,0.018134832,1
0,4,4,14,14,0.2,FALSE,58,58,0,TRUE,1,0.008507967,OPTIMAL,2,0,59,0.032000303,0.04050827,0,0,0,0.016508579,59,OPTIMAL,59,0.020561695,1
0,4,4,14,15,0.2,FALSE,58,58,0,TRUE,1,0.008998394,OPTIMAL,2,0,64,0.031003237,0.040001631,0,0,0,0.016997576,64,OPTIMAL,64,0.020998716,1
0,4,4,14,16,0.2,FALSE,58,58,0,TRUE,1,0.011991739,OPTIMAL,2,0,68,0.029509306,0.041501045,0,0,0,0.021500826,68,OPTIMAL,68,0.028399467,1
0,4,4,14,17,0.2,FALSE,58,58,0,TRUE,1,0.013004065,OPTIMAL,2,0,72,0.047519207,0.060523272,0,0,0,0.025002003,72,OPTIMAL,72,0.030994177,1
0,4,4,15,15,0.2,FALSE,61,61,0,TRUE,1,0.023527622,OPTIMAL,2,0,64,0.039998531,0.063526154,0,0,0,0.031527758,64,OPTIMAL,64,0.040998936,1
0,4,4,15,16,0.2,FALSE,61,61,0,TRUE,1,0.016997814,OPTIMAL,2,0,68,0.041005135,0.058002949,0,0,0,0.024996281,68,OPTIMAL,68,0.031488895,1
0,4,4,15,17,0.2,FALSE,61,61,0,TRUE,1,0.018004417,OPTIMAL,2,0,72,0.042000532,0.06000495,0,0,0,0.032004595,72,OPTIMAL,72,0.020519257,1
0,4,4,15,18,0.2,FALSE,61,62,0,TRUE,1,0.118520737,OPTIMAL,2,0,76,0.074528217,0.193048954,0,0,0,0.128516197,76,OPTIMAL,76,0.06701088,1
0,4,5,5,4,0.2,FALSE,20,20,0,TRUE,1,0.006999731,OPTIMAL,2,0,20,0.02250886,0.029508591,0,0,0,0.017004013,20,OPTIMAL,20,0.015999794,1
0,4,5,6,5,0.2,FALSE,24,24,0,TRUE,1,0.007000685,OPTIMAL,2,0,27,0.016005278,0.023005962,0,0,0,0.016005278,27,OPTIMAL,27,0.016999245,1
0,4,5,7,6,0.2,FALSE,28,28,0,TRUE,1,0.008000135,OPTIMAL,2,0,32,0.016999245,0.02499938,0,0,0,0.01599884,32,OPTIMAL,32,0.019524813,1
0,4,5,8,7,0.2,FALSE,32,32,0,TRUE,1,0.007998943,OPTIMAL,2,0,37,0.019000053,0.026998997,0,0,0,0.015999556,37,OPTIMAL,37,0.01500535,1
0,4,5,9,8,0.2,FALSE,36,36,0,TRUE,1,0.008000612,OPTIMAL,2,0,42,0.01800108,0.026001692,0,0,0,0.016999722,42,OPTIMAL,42,0.012008429,1
0,4,5,10,8,0.2,FALSE,42,42,0,TRUE,1,0.019000769,OPTIMAL,2,0,42,0.019235849,0.038236618,0,0,0,0.027006388,42,OPTIMAL,42,0.012930155,1
0,4,5,10,9,0.2,FALSE,42,42,0,TRUE,1,0.009042263,OPTIMAL,2,0,47,0.022989511,0.032031775,0,0,0,0.018040419,47,OPTIMAL,47,0.012671471,1
0,4,5,11,9,0.2,FALSE,46,46,0,TRUE,1,0.00798583,OPTIMAL,2,0,47,0.021988869,0.029974699,0,0,0,0.015984535,47,OPTIMAL,47,0.024953127,1
0,4,5,11,10,0.2,FALSE,46,46,0,TRUE,1,0.009042263,OPTIMAL,2,0,56,0.020995378,0.030037642,0,0,0,0.017073631,56,OPTIMAL,56,0.01399374,1
0,4,5,12,10,0.2,FALSE,50,50,0,TRUE,1,0.009024858,OPTIMAL,2,0,56,0.021823406,0.030848265,0,0,0,0.017101049,56,OPTIMAL,56,0.015083551,1
0,4,5,12,11,0.2,FALSE,50,50,0,TRUE,1,0.021002531,OPTIMAL,2,0,61,0.022924423,0.043926954,0,0,0,0.030928135,61,OPTIMAL,61,0.016009808,1
0,4,5,13,11,0.2,FALSE,54,54,0,TRUE,1,0.011996508,OPTIMAL,2,0,61,0.025917053,0.037913561,0,0,0,0.020046949,61,OPTIMAL,61,0.028610468,1
0,4,5,13,12,0.2,FALSE,54,54,0,TRUE,1,0.022001266,OPTIMAL,2,0,66,0.025009632,0.047010899,0,0,0,0.030004025,66,OPTIMAL,66,0.017822742,1
0,4,5,14,12,0.2,FALSE,58,58,0,TRUE,1,0.009001017,OPTIMAL,2,0,66,0.028047085,0.037048101,0,0,0,0.018002987,66,OPTIMAL,66,0.018577337,1
0,4,5,14,13,0.2,FALSE,58,58,0,TRUE,1,0.008995533,OPTIMAL,2,0,71,0.049692154,0.058687687,0,0,0,0.028069735,71,OPTIMAL,71,0.018593311,1
0,4,5,15,12,0.2,FALSE,61,61,0,TRUE,1,0.018991947,OPTIMAL,2,0,66,0.039106369,0.058098316,0,0,0,0.027005196,66,OPTIMAL,66,0.033076286,1
0,4,5,15,13,0.2,FALSE,61,61,0,TRUE,1,0.008281231,OPTIMAL,2,0,71,0.03106451,0.039345741,0,0,0,0.01735425,71,OPTIMAL,71,0.019936085,1
0,4,5,15,14,0.2,FALSE,61,61,0,TRUE,1,0.009560108,OPTIMAL,2,0,76,0.030321121,0.039881229,0,0,0,0.018554688,76,OPTIMAL,76,0.017903328,1
0,4,6,4,3,0.2,TRUE,16,18,0,TRUE,1,0.02800107,OPTIMAL,2,0,18,0.060044289,0.088045359,0,0,0,0.041523218,18,OPTIMAL,18,0.015001774,1
0,4,6,6,4,0.2,FALSE,24,24,0,TRUE,1,0.006524563,OPTIMAL,2,0,24,0.020600557,0.02712512,0,0,0,0.014125586,24,OPTIMAL,24,0.014992952,1
0,4,6,7,5,0.2,FALSE,28,28,0,TRUE,1,0.007005453,OPTIMAL,2,0,33,0.015997887,0.02300334,0,0,0,0.015003204,33,OPTIMAL,33,0.015999794,1
0,4,6,8,6,0.2,FALSE,32,32,0,TRUE,1,0.007996082,OPTIMAL,2,0,39,0.01751256,0.025508642,0,0,0,0.016512632,39,OPTIMAL,39,0.031996965,1
0,4,6,9,6,0.2,FALSE,36,36,0,TRUE,1,0.007362843,OPTIMAL,2,0,39,0.018809319,0.026172161,0,0,0,0.014991522,39,OPTIMAL,39,0.017429113,1
0,4,6,9,7,0.2,FALSE,36,38,0,TRUE,1,0.041005135,OPTIMAL,2,0,45,0.16558075,0.206585884,0,0,0,0.055005312,45,OPTIMAL,45,0.064896584,1
0,4,6,10,7,0.2,FALSE,42,42,0,TRUE,1,0.009003878,OPTIMAL,2,0,45,0.021998167,0.031002045,0,0,0,0.019000769,45,OPTIMAL,45,0.022000313,1
0,4,6,11,8,0.2,FALSE,46,46,0,TRUE,1,0.009004354,OPTIMAL,2,0,51,0.019601822,0.028606176,0,0,0,0.017510414,51,OPTIMAL,51,0.012994528,1
0,4,6,12,8,0.2,FALSE,50,50,0,TRUE,1,0.013996601,OPTIMAL,2,0,51,0.035640001,0.049636602,0,0,0,0.031514168,51,OPTIMAL,51,0.022975445,1
0,4,6,12,9,0.2,FALSE,50,50,0,TRUE,1,0.0089221,OPTIMAL,2,0,57,0.022923231,0.031845331,0,0,0,0.016845465,57,OPTIMAL,57,0.013157845,1
0,4,6,13,9,0.2,FALSE,54,54,0,TRUE,1,0.011418581,OPTIMAL,2,0,57,0.032996416,0.044414997,0,0,0,0.01941967,57,OPTIMAL,57,0.034517765,1
0,4,6,13,10,0.2,FALSE,54,54,0,TRUE,1,0.007999182,OPTIMAL,2,0,67,0.025008678,0.03300786,0,0,0,0.015999079,67,OPTIMAL,67,0.025998831,1
0,4,6,14,10,0.2,FALSE,58,58,0,TRUE,1,0.010008335,OPTIMAL,2,0,67,0.030999184,0.041007519,0,0,0,0.019008875,67,OPTIMAL,67,0.018008947,1
0,4,6,14,11,0.2,FALSE,58,59,0,TRUE,1,0.018995523,OPTIMAL,2,0,73,0.058527231,0.077522755,0,0,0,0.028990746,73,OPTIMAL,73,0.053674698,1
0,4,6,15,10,0.2,FALSE,61,61,0,TRUE,1,0.011999369,OPTIMAL,2,0,67,0.030507326,0.042506695,0,0,0,0.02199626,67,OPTIMAL,67,0.018994808,1
0,4,6,15,11,0.2,FALSE,61,61,0,TRUE,1,0.01000905,OPTIMAL,2,0,73,0.029998302,0.040007353,0,0,0,0.018010616,73,OPTIMAL,73,0.020008326,1
0,4,7,5,3,0.2,FALSE,20,21,0,TRUE,1,0.033180714,OPTIMAL,2,0,21,0.021999836,0.05518055,0,0,0,0.042180777,21,OPTIMAL,21,0.034996033,1
0,4,7,7,4,0.2,FALSE,28,28,0,TRUE,1,0.016000509,OPTIMAL,2,0,28,0.023519039,0.039519548,0,0,0,0.023999453,28,OPTIMAL,28,0.03806591,1
0,4,7,8,5,0.2,FALSE,32,32,0,TRUE,1,0.011003256,OPTIMAL,2,0,38,0.01999855,0.031001806,0,0,0,0.019003153,38,OPTIMAL,38,0.03599906,1
0,4,7,10,6,0.2,FALSE,42,42,0,TRUE,1,0.016000032,OPTIMAL,2,0,45,0.020999908,0.036999941,0,0,0,0.023999929,45,OPTIMAL,45,0.019268274,1
0,4,7,11,7,0.2,FALSE,46,46,0,TRUE,1,0.009995461,OPTIMAL,2,0,52,0.023999214,0.033994675,0,0,0,0.017994881,52,OPTIMAL,52,0.046515465,1
0,4,7,12,7,0.2,FALSE,50,50,0,TRUE,1,0.01900053,OPTIMAL,2,0,52,0.021529913,0.040530443,0,0,0,0.027530193,52,OPTIMAL,52,0.021002293,1
0,4,7,13,8,0.2,FALSE,54,54,0,TRUE,1,0.019216776,OPTIMAL,2,0,59,0.024999619,0.044216394,0,0,0,0.027221203,59,OPTIMAL,59,0.020513296,1
0,4,7,14,8,0.2,FALSE,58,58,0,TRUE,1,0.020739555,OPTIMAL,2,0,59,0.027009487,0.047749043,0,0,0,0.028738499,59,OPTIMAL,59,0.028999567,1
0,4,7,14,9,0.2,FALSE,58,59,0,TRUE,1,0.08962512,OPTIMAL,2,0,66,0.041524649,0.131149769,0,0,0,0.098631859,66,OPTIMAL,66,0.051560879,1
0,4,7,15,9,0.2,FALSE,61,61,0,TRUE,1,0.019079685,OPTIMAL,2,0,66,0.051525116,0.070604801,0,0,0,0.034088612,66,OPTIMAL,66,0.016997576,1
0,5,3,4,7,0.2,FALSE,20,22,0,TRUE,1,0.031525373,OPTIMAL,2,0,18,0.064317703,0.095843077,0,0,0,0.04152751,18,OPTIMAL,18,0.033997774,1
0,5,3,4,8,0.2,FALSE,20,25,0,TRUE,1,0.030003786,OPTIMAL,2,0,21,0.217030048,0.247033834,0,0,0,0.041999817,21,OPTIMAL,21,0.110509872,1
0,5,3,4,9,0.2,FALSE,20,28,0,TRUE,1,0.023004532,OPTIMAL,2,0,24,0.184086561,0.207091093,0,0,0,0.035007238,24,OPTIMAL,24,0.05899477,1
0,5,3,5,9,0.2,FALSE,24,24,0,TRUE,1,0.008067846,OPTIMAL,2,0,27,0.016927958,0.024995804,0,0,0,0.018062592,27,OPTIMAL,27,0.014007568,1
0,5,3,5,10,0.2,FALSE,24,24,0,TRUE,1,0.007958174,OPTIMAL,2,0,31,0.017290115,0.025248289,0,0,0,0.017175913,31,OPTIMAL,31,0.019898891,1
0,5,3,5,11,0.2,FALSE,24,27,0,TRUE,1,0.021083117,OPTIMAL,2,8.82E-08,33.999997,0.050667763,0.071750879,0,0,0,0.031093597,34,OPTIMAL,34,0.059049845,1
0,5,3,5,12,0.2,FALSE,24,30,0,TRUE,1,0.025002718,OPTIMAL,2,0,37,0.306535959,0.331538677,0,0,0,0.035005331,37,OPTIMAL,37,0.210878611,1
0,5,3,6,10,0.2,FALSE,29,29,0,TRUE,1,0.008998394,OPTIMAL,2,0,31,0.018086195,0.027084589,0,0,0,0.018064737,31,OPTIMAL,31,0.010999918,1
0,5,3,6,11,0.2,FALSE,29,29,0,TRUE,1,0.007998705,OPTIMAL,2,0,34,0.018001795,0.0260005,0,0,0,0.017998457,34,OPTIMAL,34,0.013004541,1
0,5,3,6,12,0.2,FALSE,29,30,0,TRUE,1,0.028509855,OPTIMAL,2,0,37,0.025999308,0.054509163,0,0,0,0.037509203,37,OPTIMAL,37,0.036439657,1
0,5,3,6,13,0.2,FALSE,29,33,0,TRUE,1,0.049341679,OPTIMAL,2,0,40,0.068001032,0.11734271,0,0,0,0.063342333,40,OPTIMAL,40,0.135210752,1
0,5,3,7,12,0.2,FALSE,34,34,0,TRUE,1,0.009002209,OPTIMAL,2,0,37,0.02052021,0.029522419,0,0,0,0.018522024,37,OPTIMAL,37,0.013896704,1
0,5,3,7,13,0.2,FALSE,34,34,0,TRUE,1,0.009629726,OPTIMAL,2,0,40,0.027513266,0.037142992,0,0,0,0.018630028,40,OPTIMAL,40,0.015002489,1
0,5,3,7,14,0.2,FALSE,34,36,0,TRUE,1,0.055539131,OPTIMAL,2,0,43,0.079624176,0.135163307,0,0,0,0.065048218,43,OPTIMAL,43,0.049002409,1
0,5,3,7,15,0.2,FALSE,34,36,0,TRUE,1,0.041003227,OPTIMAL,2,0,46,0.063525677,0.104528904,0,0,0,0.057013035,46,OPTIMAL,46,0.041508913,1
0,5,3,8,14,0.2,FALSE,39,39,0,TRUE,1,0.009001732,OPTIMAL,2,0,43,0.030959606,0.039961338,0,0,0,0.026942253,43,OPTIMAL,43,0.016991615,1
0,5,3,8,15,0.2,FALSE,39,39,0,TRUE,1,0.009003162,OPTIMAL,2,0,46,0.026520967,0.03552413,0,0,0,0.021003246,46,OPTIMAL,46,0.015004873,1
0,5,3,8,16,0.2,FALSE,39,39,0,TRUE,1,0.013007402,OPTIMAL,2,0,49,0.021999598,0.035007,0,0,0,0.022006512,49,OPTIMAL,49,0.01500392,1
0,5,3,8,17,0.2,FALSE,39,42,0,TRUE,1,0.032532454,OPTIMAL,2,0,52,0.07950902,0.112041473,0,0,0,0.046528339,52,OPTIMAL,52,0.115513563,1
0,5,3,9,15,0.2,FALSE,44,44,0,TRUE,1,0.010998249,OPTIMAL,2,0,46,0.026000261,0.03699851,0,0,0,0.020998001,46,OPTIMAL,46,0.017999649,1
0,5,3,9,16,0.2,FALSE,44,44,0,TRUE,1,0.023519993,OPTIMAL,2,0,49,0.025000572,0.048520565,0,0,0,0.033520699,49,OPTIMAL,49,0.017000437,1
0,5,3,9,17,0.2,FALSE,44,44,0,TRUE,1,0.01999402,OPTIMAL,2,0,52,0.026510954,0.046504974,0,0,0,0.028998852,52,OPTIMAL,52,0.021996498,1
0,5,3,9,18,0.2,FALSE,44,45,0,TRUE,1,0.022270918,OPTIMAL,2,0,55,0.041000605,0.063271523,0,0,0,0.031271458,55,OPTIMAL,55,0.057999849,1
0,5,3,10,17,0.2,FALSE,51,51,0,TRUE,1,0.012002707,OPTIMAL,2,0,52,0.029002905,0.041005611,0,0,0,0.021003008,52,OPTIMAL,52,0.02199769,1
0,5,3,10,18,0.2,FALSE,51,51,0,TRUE,1,0.016513109,OPTIMAL,2,0,55,0.028999567,0.045512676,0,0,0,0.025512695,55,OPTIMAL,55,0.022001743,1
0,5,3,10,19,0.2,FALSE,51,51,0,TRUE,1,0.009997606,OPTIMAL,2,0,58,0.045696735,0.055694342,0,0,0,0.021001816,58,OPTIMAL,58,0.023103476,1
0,5,3,10,20,0.2,FALSE,51,51,0,TRUE,1,0.009509087,OPTIMAL,2,0,61,0.032001019,0.041510105,0,0,0,0.019509554,61,OPTIMAL,61,0.03800106,1
0,5,3,11,19,0.2,FALSE,56,56,0,TRUE,1,0.023000717,OPTIMAL,2,0,58,0.040006876,0.063007593,0,0,0,0.033005714,58,OPTIMAL,58,0.023520708,1
0,5,3,11,20,0.2,FALSE,56,56,0,TRUE,1,0.009997845,OPTIMAL,2,0,61,0.040048599,0.050046444,0,0,0,0.019971371,61,OPTIMAL,61,0.034990072,1
0,5,3,11,21,0.2,FALSE,56,56,0,TRUE,1,0.009999275,OPTIMAL,2,0,64,0.040982008,0.050981283,0,0,0,0.020031214,64,OPTIMAL,64,0.024749279,1
0,5,3,11,22,0.2,FALSE,56,56,0,TRUE,1,0.023138046,OPTIMAL,2,0,67,0.050510406,0.073648453,0,0,0,0.033142805,67,OPTIMAL,67,0.02478075,1
0,5,3,12,20,0.2,FALSE,61,61,0,TRUE,1,0.023741245,OPTIMAL,2,0,61,0.047654867,0.071396112,0,0,0,0.03274107,61,OPTIMAL,61,0.029998302,1
0,5,3,12,21,0.2,FALSE,61,61,0,TRUE,1,0.019007444,OPTIMAL,2,0,64,0.056069136,0.07507658,0,0,0,0.035004616,64,OPTIMAL,64,0.042007446,1
0,5,3,12,22,0.2,FALSE,61,61,0,TRUE,1,0.020518303,OPTIMAL,2,0,67,0.057559967,0.07807827,0,0,0,0.030709743,67,OPTIMAL,67,0.033001184,1
0,5,3,12,23,0.2,FALSE,61,61,0,TRUE,1,0.022012711,OPTIMAL,2,0,70,0.058511734,0.080524445,0,0,0,0.032017469,70,OPTIMAL,70,0.032525063,1
0,5,3,13,22,0.2,FALSE,66,66,0,TRUE,1,0.019995928,OPTIMAL,2,0,67,0.084997177,0.104993105,0,0,0,0.033993483,67,OPTIMAL,67,0.043679714,1
0,5,3,13,23,0.2,FALSE,66,66,0,TRUE,1,0.016001701,OPTIMAL,2,0,70,0.053273201,0.069274902,0,0,0,0.026278734,70,OPTIMAL,70,0.031511068,1
0,5,3,13,24,0.2,FALSE,66,66,0,TRUE,1,0.009999275,OPTIMAL,2,0,73,0.0732584,0.083257675,0,0,0,0.020002604,73,OPTIMAL,73,0.03192997,1
0,5,3,13,25,0.2,FALSE,66,66,0,TRUE,1,0.008999586,OPTIMAL,2,0,76,0.053999662,0.062999249,0,0,0,0.018998861,76,OPTIMAL,76,0.034507275,1
0,5,3,14,24,0.2,FALSE,71,71,0,TRUE,1,0.018004656,OPTIMAL,2,0,73,0.065509319,0.083513975,0,0,0,0.028512001,73,OPTIMAL,73,0.034999847,1
0,5,3,14,25,0.2,FALSE,71,71,0,TRUE,1,0.018001318,OPTIMAL,2,0,76,0.060827255,0.078828573,0,0,0,0.028001547,76,OPTIMAL,76,0.036009789,1
0,5,3,14,26,0.2,FALSE,71,71,0,TRUE,1,0.018509865,OPTIMAL,2,0,79,0.083528042,0.102037907,0,0,0,0.036511421,79,OPTIMAL,79,0.045342445,1
0,5,3,14,27,0.2,FALSE,71,71,0,TRUE,1,0.031051636,OPTIMAL,2,0,82,0.062001467,0.093053102,0,0,0,0.042052984,82,OPTIMAL,82,0.035000801,1
0,5,3,15,25,0.2,FALSE,75,75,0,TRUE,1,0.0140028,OPTIMAL,2,0,76,0.068509817,0.082512617,0,0,0,0.02400589,76,OPTIMAL,76,0.039510727,1
0,5,3,15,26,0.2,FALSE,75,75,0,TRUE,1,0.013002872,OPTIMAL,2,0,79,0.070127964,0.083130836,0,0,0,0.02300334,79,OPTIMAL,79,0.041614056,1
0,5,3,15,27,0.2,FALSE,75,75,0,TRUE,1,0.02351141,OPTIMAL,2,0,82,0.067020416,0.090531826,0,0,0,0.033510923,82,OPTIMAL,82,0.036516905,1
0,5,3,15,28,0.2,FALSE,75,75,0,TRUE,1,0.013001442,OPTIMAL,2,0,85,0.076612473,0.089613914,0,0,0,0.023104429,85,OPTIMAL,85,0.051515341,1
0,5,4,4,5,0.2,FALSE,20,20,0,TRUE,1,0.013997793,OPTIMAL,2,0,16,0.022513151,0.036510944,0,0,0,0.022509098,16,OPTIMAL,16,0.022997856,1
0,5,4,4,6,0.2,FALSE,20,24,0,TRUE,1,0.042513132,OPTIMAL,2,0,20,0.285833597,0.328346729,0,0,0,0.053510666,20,OPTIMAL,20,0.196014404,1
0,5,4,5,7,0.2,FALSE,24,24,0,TRUE,1,0.00900507,OPTIMAL,2,0,30,0.018234968,0.027240038,0,0,0,0.01770997,30,OPTIMAL,30,0.013999224,1
0,5,4,5,8,0.2,FALSE,24,28,0,TRUE,1,0.052397728,OPTIMAL,2,0,34,0.08251071,0.134908438,0,0,0,0.076393604,34,OPTIMAL,33.9999955,0.117521524,1.000000132
0,5,4,6,8,0.2,FALSE,29,29,0,TRUE,1,0.017008781,OPTIMAL,2,0,34,0.019997597,0.037006378,0,0,0,0.027007103,34,OPTIMAL,34,0.019008875,1
0,5,4,6,9,0.2,FALSE,29,32,0,TRUE,1,0.041508675,OPTIMAL,2,1.08E-07,37.99999589,0.06950593,0.111014605,0,0,0,0.053513765,38,OPTIMAL,38,0.066513777,1
0,5,4,7,9,0.2,FALSE,34,34,0,TRUE,1,0.009003162,OPTIMAL,2,0,38,0.020011187,0.029014349,0,0,0,0.018005371,38,OPTIMAL,38,0.020085335,1
0,5,4,7,10,0.2,FALSE,34,34,0,TRUE,1,0.008997917,OPTIMAL,2,0,45,0.037044525,0.046042442,0,0,0,0.02903223,45,OPTIMAL,45,0.017999172,1
0,5,4,7,11,0.2,FALSE,34,36,0,TRUE,1,0.045525551,OPTIMAL,2,0,49,0.213905573,0.259431124,0,0,0,0.057525635,49,OPTIMAL,49,0.075629234,1
0,5,4,8,10,0.2,FALSE,39,39,0,TRUE,1,0.010996342,OPTIMAL,2,0,45,0.021520376,0.032516718,0,0,0,0.02050662,45,OPTIMAL,45,0.026000738,1
0,5,4,8,11,0.2,FALSE,39,39,0,TRUE,1,0.023011923,OPTIMAL,2,0,49,0.021998644,0.045010567,0,0,0,0.032010555,49,OPTIMAL,49,0.015009165,1
0,5,4,8,12,0.2,FALSE,39,40,0,TRUE,1,0.016516685,OPTIMAL,2,0,53,0.053047657,0.069564342,0,0,0,0.026516676,53,OPTIMAL,53,0.047685385,1
0,5,4,8,13,0.2,FALSE,39,44,0,TRUE,1,0.059113741,OPTIMAL,2,0,57,0.329141617,0.388255358,0,0,0,0.071114063,57,OPTIMAL,56.99999156,0.488121033,1.000000148
0,5,4,9,12,0.2,FALSE,44,44,0,TRUE,1,0.009940147,OPTIMAL,2,0,53,0.027925253,0.0378654,0,0,0,0.019943714,53,OPTIMAL,53,0.017996788,1
0,5,4,9,13,0.2,FALSE,44,44,0,TRUE,1,0.009996653,OPTIMAL,2,0,57,0.024510384,0.034507036,0,0,0,0.0189991,57,OPTIMAL,57,0.015999317,1
0,5,4,9,14,0.2,FALSE,44,48,0,TRUE,1,0.058534384,OPTIMAL,2,0,61,0.289051294,0.347585678,0,0,0,0.071546555,61,OPTIMAL,61,0.240543842,1
0,5,4,10,13,0.2,FALSE,51,51,0,TRUE,1,0.01019311,OPTIMAL,2,0,57,0.029510975,0.039704084,0,0,0,0.019193649,57,OPTIMAL,57,0.020407677,1
0,5,4,10,14,0.2,FALSE,51,51,0,TRUE,1,0.023919582,OPTIMAL,2,0,61,0.030001163,0.053920746,0,0,0,0.033919811,61,OPTIMAL,61,0.020512342,1
0,5,4,10,15,0.2,FALSE,51,51,0,TRUE,1,0.023561239,OPTIMAL,2,0,66,0.031507969,0.055069208,0,0,0,0.033559084,66,OPTIMAL,66,0.021000385,1
0,5,4,10,16,0.2,FALSE,51,53,0,TRUE,1,0.029412508,OPTIMAL,2,2.26E-08,69.99999842,0.10651803,0.135930538,0,0,0,0.040413857,70,OPTIMAL,70,0.131520987,1
0,5,4,11,14,0.2,FALSE,56,56,0,TRUE,1,0.012708902,OPTIMAL,2,0,61,0.059544802,0.072253704,0,0,0,0.039722681,61,OPTIMAL,61,0.047526836,1
0,5,4,11,15,0.2,FALSE,56,56,0,TRUE,1,0.025001764,OPTIMAL,2,0,66,0.033999681,0.059001446,0,0,0,0.035001755,66,OPTIMAL,66,0.022524118,1
0,5,4,11,16,0.2,FALSE,56,56,0,TRUE,1,0.008999348,OPTIMAL,2,0,70,0.03352952,0.042528868,0,0,0,0.017999411,70,OPTIMAL,70,0.02360177,1
0,5,4,11,17,0.2,FALSE,56,57,0,TRUE,1,0.059517384,OPTIMAL,2,0,74,0.067132473,0.126649857,0,0,0,0.070935726,74,OPTIMAL,74,0.084786892,1
0,5,4,12,15,0.2,FALSE,61,61,0,TRUE,1,0.022933006,OPTIMAL,2,0,66,0.062525034,0.08545804,0,0,0,0.040932417,66,OPTIMAL,66,0.035345554,1
0,5,4,12,16,0.2,FALSE,61,61,0,TRUE,1,0.011507511,OPTIMAL,2,0,70,0.041999578,0.05350709,0,0,0,0.02150631,70,OPTIMAL,70,0.033998013,1
0,5,4,12,17,0.2,FALSE,61,61,0,TRUE,1,0.019998074,OPTIMAL,2,0,74,0.039307833,0.059305906,0,0,0,0.030997753,74,OPTIMAL,74,0.026509047,1
0,5,4,12,18,0.2,FALSE,61,61,0,TRUE,1,0.010992527,OPTIMAL,2,0,78,0.046509027,0.057501554,0,0,0,0.026503801,78,OPTIMAL,78,0.028011799,1
0,5,4,13,17,0.2,FALSE,66,66,0,TRUE,1,0.0119977,OPTIMAL,2,0,74,0.044590712,0.056588411,0,0,0,0.022083044,74,OPTIMAL,74,0.031005383,1
0,5,4,13,18,0.2,FALSE,66,66,0,TRUE,1,0.011003971,OPTIMAL,2,0,78,0.046749592,0.057753563,0,0,0,0.022080421,78,OPTIMAL,78,0.028674603,1
0,5,4,13,19,0.2,FALSE,66,66,0,TRUE,1,0.023106575,OPTIMAL,2,0,82,0.062725782,0.085832357,0,0,0,0.036617517,82,OPTIMAL,82,0.04350853,1
0,5,4,13,20,0.2,FALSE,66,66,0,TRUE,1,0.024328947,OPTIMAL,2,0,88,0.04399991,0.068328857,0,0,0,0.034328938,88,OPTIMAL,88,0.042515755,1
0,5,4,14,18,0.2,FALSE,71,71,0,TRUE,1,0.018937588,OPTIMAL,2,0,78,0.054887056,0.073824644,0,0,0,0.02982378,78,OPTIMAL,78,0.033508539,1
0,5,4,14,19,0.2,FALSE,71,71,0,TRUE,1,0.016001225,OPTIMAL,2,0,82,0.064997673,0.080998898,0,0,0,0.025999069,82,OPTIMAL,82,0.045999765,1
0,5,4,14,20,0.2,FALSE,71,71,0,TRUE,1,0.026084185,OPTIMAL,2,0,88,0.057509899,0.083594084,0,0,0,0.035595179,88,OPTIMAL,88,0.032633066,1
0,5,4,14,21,0.2,FALSE,71,71,0,TRUE,1,0.018996954,OPTIMAL,2,0,92,0.051507711,0.070504665,0,0,0,0.028997421,92,OPTIMAL,92,0.033514023,1
0,5,4,15,19,0.2,FALSE,75,75,0,TRUE,1,0.013996363,OPTIMAL,2,0,82,0.062506914,0.076503277,0,0,0,0.024998665,82,OPTIMAL,82,0.036509752,1
0,5,4,15,20,0.2,FALSE,75,75,0,TRUE,1,0.011998892,OPTIMAL,2,0,88,0.064507246,0.076506138,0,0,0,0.022505999,88,OPTIMAL,88,0.036002636,1
0,5,4,15,21,0.2,FALSE,75,75,0,TRUE,1,0.013000011,OPTIMAL,2,0,92,0.078512192,0.091512203,0,0,0,0.023092747,92,OPTIMAL,92,0.03572607,1
0,5,4,15,22,0.2,FALSE,75,75,0,TRUE,1,0.012914419,OPTIMAL,2,0,96,0.06152606,0.074440479,0,0,0,0.022910595,96,OPTIMAL,96,0.034657478,1
0,5,5,4,4,0.2,TRUE,20,20,0,TRUE,1,0.020971298,OPTIMAL,2,0,20,0.022781134,0.043752432,0,0,0,0.043752432,20,OPTIMAL,20,0.020909786,1
0,5,5,5,5,0.2,FALSE,24,24,0,TRUE,1,0.00905323,OPTIMAL,2,0,27,0.017999887,0.027053118,0,0,0,0.018054008,27,OPTIMAL,27,0.018424749,1
0,5,5,5,6,0.2,FALSE,24,27,0,TRUE,1,0.039117813,OPTIMAL,2,0,32,0.111987352,0.151105165,0,0,0,0.049293041,32,OPTIMAL,32,0.072608232,1
0,5,5,6,6,0.2,FALSE,29,29,0,TRUE,1,0.009569883,OPTIMAL,2,0,32,0.02306509,0.032634974,0,0,0,0.018648863,32,OPTIMAL,32,0.015973091,1
0,5,5,6,7,0.2,FALSE,29,32,0,TRUE,1,0.027800083,OPTIMAL,2,0,37,0.154821873,0.182621956,0,0,0,0.038800478,37,OPTIMAL,37,0.093744755,1
0,5,5,7,7,0.2,FALSE,34,34,0,TRUE,1,0.010077,OPTIMAL,2,0,37,0.022981405,0.033058405,0,0,0,0.019069195,37,OPTIMAL,37,0.018318176,1
0,5,5,7,8,0.2,FALSE,34,37,0,TRUE,1,0.065969467,OPTIMAL,2,0,42,0.199481487,0.265450954,0,0,0,0.07796073,42,OPTIMAL,42,0.106698513,1
0,5,5,8,8,0.2,FALSE,39,39,0,TRUE,1,0.011004925,OPTIMAL,2,0,42,0.023622751,0.034627676,0,0,0,0.020118475,42,OPTIMAL,42,0.028999805,1
0,5,5,8,9,0.2,FALSE,39,42,0,TRUE,1,0.048505306,OPTIMAL,2,0,47,0.118517637,0.167022943,0,0,0,0.058505058,47,OPTIMAL,47,0.091513634,1
0,5,5,9,9,0.2,FALSE,44,44,0,TRUE,1,0.009926081,OPTIMAL,2,0,47,0.026999712,0.036925793,0,0,0,0.018925905,47,OPTIMAL,47,0.017014503,1
0,5,5,9,10,0.2,FALSE,44,44,0,TRUE,1,0.009504795,OPTIMAL,2,0,56,0.02679491,0.036299706,0,0,0,0.020508051,56,OPTIMAL,56,0.016011477,1
0,5,5,9,11,0.2,FALSE,44,49,0,TRUE,1,0.034515381,OPTIMAL,2,5.92E-08,60.99999639,0.476700544,0.511215925,2,0,2,0.044519901,61,OPTIMAL,61,0.323818445,1
0,5,5,10,10,0.2,FALSE,51,51,0,TRUE,1,0.010523796,OPTIMAL,2,0,56,0.031014919,0.041538715,0,0,0,0.020521641,56,OPTIMAL,56,0.019508362,1
0,5,5,10,11,0.2,FALSE,51,51,0,TRUE,1,0.010999203,OPTIMAL,2,0,61,0.031253576,0.042252779,0,0,0,0.021154404,61,OPTIMAL,61,0.01900053,1
0,5,5,10,12,0.2,FALSE,51,54,0,TRUE,1,0.079512119,OPTIMAL,2,0,66,0.363188267,0.442700386,0,0,0,0.10678792,66,OPTIMAL,66,0.226248741,1
0,5,5,11,11,0.2,FALSE,56,56,0,TRUE,1,0.010003805,OPTIMAL,2,0,61,0.043511152,0.053514957,0,0,0,0.022511959,61,OPTIMAL,61,0.039012909,1
0,5,5,11,12,0.2,FALSE,56,56,0,TRUE,1,0.020004034,OPTIMAL,2,0,66,0.035509109,0.055513144,0,0,0,0.031008005,66,OPTIMAL,66,0.021000147,1
0,5,5,11,13,0.2,FALSE,56,59,0,TRUE,1,0.108143806,OPTIMAL,2,0,71,0.3036654,0.411809206,0,0,0,0.128141642,71,OPTIMAL,71,0.330534697,1
0,5,5,12,12,0.2,FALSE,61,61,0,TRUE,1,0.010376215,OPTIMAL,2,0,66,0.039912224,0.050288439,0,0,0,0.02038002,66,OPTIMAL,66,0.026511669,1
0,5,5,12,13,0.2,FALSE,61,61,0,TRUE,1,0.01099658,OPTIMAL,2,0,71,0.038510084,0.049506664,0,0,0,0.020996809,71,OPTIMAL,71,0.024005413,1
0,5,5,12,14,0.2,FALSE,61,64,0,TRUE,1,0.111578941,OPTIMAL,2,0,76,0.396120548,0.50769949,0,0,0,0.125577688,76,OPTIMAL,76,0.280703068,1
0,5,5,13,13,0.2,FALSE,66,66,0,TRUE,1,0.011002302,OPTIMAL,2,0,71,0.044437408,0.055439711,0,0,0,0.022433758,71,OPTIMAL,71,0.026300907,1
0,5,5,13,14,0.2,FALSE,66,66,0,TRUE,1,0.011003256,OPTIMAL,2,0,76,0.044001579,0.055004835,0,0,0,0.021004677,76,OPTIMAL,76,0.036511421,1
0,5,5,13,15,0.2,FALSE,66,66,0,TRUE,1,0.030997276,OPTIMAL,2,0,83,0.057007313,0.088004589,0,0,0,0.054001093,83,OPTIMAL,83,0.043997526,1
0,5,5,13,16,0.2,FALSE,66,71,0,TRUE,1,0.088733673,OPTIMAL,2,0,88,0.64131546,0.730049133,0,0,0,0.117739916,88,OPTIMAL,87.99999441,0.516451836,1.000000064
0,5,5,14,14,0.2,FALSE,71,71,0,TRUE,1,0.019169331,OPTIMAL,2,0,76,0.068093538,0.087262869,0,0,0,0.029169083,76,OPTIMAL,76,0.029990435,1
0,5,5,14,15,0.2,FALSE,71,71,0,TRUE,1,0.028995514,OPTIMAL,2,0,83,0.072529793,0.101525307,0,0,0,0.049996614,83,OPTIMAL,83,0.068521738,1
0,5,5,14,16,0.2,FALSE,71,71,0,TRUE,1,0.010994673,OPTIMAL,2,0,88,0.047385693,0.058380365,0,0,0,0.020998478,88,OPTIMAL,88,0.039061069,1
0,5,5,14,17,0.2,FALSE,71,76,0,TRUE,1,0.078521252,OPTIMAL,2,8.45E-08,92.99999214,0.854299307,0.932820559,16,0,16,0.093113899,93,OPTIMAL,93,0.467176676,1
0,5,5,15,15,0.2,FALSE,75,75,0,TRUE,1,0.011013985,OPTIMAL,2,0,83,0.066819668,0.077833652,0,0,0,0.033013105,83,OPTIMAL,83,0.035017014,1
0,5,5,15,16,0.2,FALSE,75,75,0,TRUE,1,0.012010098,OPTIMAL,2,0,88,0.05371356,0.065723658,0,0,0,0.023009777,88,OPTIMAL,88,0.031972408,1
0,5,5,15,17,0.2,FALSE,75,76,0,TRUE,1,0.133061409,OPTIMAL,2,0,93,0.114443779,0.247505188,0,0,0,0.151775837,93,OPTIMAL,93,0.063694239,1
0,5,5,15,18,0.2,FALSE,75,81,0,TRUE,1,0.103750706,OPTIMAL,2,0,98,0.709874392,0.813625097,0,0,0,0.117759705,98,OPTIMAL,98,0.629556417,1
0,5,6,6,5,0.2,FALSE,29,29,0,TRUE,1,0.009002447,OPTIMAL,2,0,33,0.020996571,0.029999018,0,0,0,0.019001484,33,OPTIMAL,33,0.022209644,1
0,5,6,7,6,0.2,FALSE,34,34,0,TRUE,1,0.01064229,OPTIMAL,2,0,39,0.033000946,0.043643236,0,0,0,0.027638912,39,OPTIMAL,39,0.018176556,1
0,5,6,8,7,0.2,FALSE,39,39,0,TRUE,1,0.010000467,OPTIMAL,2,0,45,0.027000189,0.037000656,0,0,0,0.020003796,45,OPTIMAL,45,0.013999939,1
0,5,6,9,8,0.2,FALSE,44,45,0,TRUE,1,0.021003008,OPTIMAL,2,0,51,0.043522835,0.064525843,0,0,0,0.032011747,51,OPTIMAL,51,0.052522182,1
0,5,6,10,9,0.2,FALSE,51,51,0,TRUE,1,0.021998644,OPTIMAL,2,0,57,0.030507565,0.052506208,0,0,0,0.032000065,57,OPTIMAL,57,0.021000147,1
0,5,6,11,10,0.2,FALSE,56,56,0,TRUE,1,0.01899457,OPTIMAL,2,0,67,0.035002947,0.053997517,0,0,0,0.02999258,67,OPTIMAL,67,0.02252841,1
0,5,6,12,10,0.2,FALSE,61,61,0,TRUE,1,0.019001722,OPTIMAL,2,0,67,0.041525364,0.060527086,0,0,0,0.030011654,67,OPTIMAL,67,0.053341866,1
0,5,6,12,11,0.2,FALSE,61,61,0,TRUE,1,0.014009237,OPTIMAL,2,0,73,0.049843311,0.063852549,0,0,0,0.03083396,73,OPTIMAL,73,0.024002552,1
0,5,6,13,11,0.2,FALSE,66,66,0,TRUE,1,0.029002428,OPTIMAL,2,0,73,0.04399991,0.073002338,0,0,0,0.03900075,73,OPTIMAL,73,0.05352354,1
0,5,6,13,12,0.2,FALSE,66,67,0,TRUE,1,0.125119686,OPTIMAL,2,0,79,0.072002411,0.197122097,0,0,0,0.136119604,79,OPTIMAL,79,0.070509195,1
0,5,6,14,12,0.2,FALSE,71,71,0,TRUE,1,0.0119977,OPTIMAL,2,0,79,0.047511816,0.059509516,0,0,0,0.022997379,79,OPTIMAL,79,0.026000977,1
0,5,6,14,13,0.2,FALSE,71,73,0,TRUE,1,0.068511724,OPTIMAL,2,3.37E-08,84.99999714,0.137758255,0.206269979,0,0,0,0.083019972,85,OPTIMAL,85,0.120063066,1
0,5,6,15,13,0.2,FALSE,75,75,0,TRUE,1,0.010997057,OPTIMAL,2,0,85,0.051521063,0.06251812,0,0,0,0.022518873,85,OPTIMAL,85,0.030768871,1
0,5,6,15,14,0.2,FALSE,75,79,0,TRUE,1,0.116445065,OPTIMAL,2,5.86E-08,90.99999467,1.087762594,1.204207659,45,4,41,0.134961605,91,OPTIMAL,90.99999564,0.40312314,1.000000048
0,5,7,4,3,0.2,TRUE,20,21,0,TRUE,1,0.034636497,OPTIMAL,2,0,21,0.06090641,0.095542908,0,0,0,0.057781458,21,OPTIMAL,21,0.02699995,1
0,5,7,5,4,0.2,FALSE,24,28,0,TRUE,1,0.034000158,OPTIMAL,2,0,24,0.029999256,0.063999414,0,0,0,0.046999216,24,OPTIMAL,24,0.03701663,1
0,5,7,7,5,0.2,FALSE,34,34,0,TRUE,1,0.019994736,OPTIMAL,2,0,37,0.023999691,0.043994427,0,0,0,0.029994011,37,OPTIMAL,37,0.019580126,1
0,5,7,8,6,0.2,FALSE,39,40,0,TRUE,1,0.092447758,OPTIMAL,2,0,44,0.038999081,0.131446838,0,0,0,0.103445292,44,OPTIMAL,44,0.038099051,1
0,5,7,9,7,0.2,FALSE,44,47,0,TRUE,1,0.067753792,OPTIMAL,2,0,51,0.285529613,0.353283405,0,0,0,0.081754446,51,OPTIMAL,51,0.177896976,1
0,5,7,10,8,0.2,FALSE,51,54,0,TRUE,1,0.056511641,OPTIMAL,2,0,58,0.315344095,0.371855736,0,0,0,0.090519905,58,OPTIMAL,58,0.427999735,1
0,5,7,11,8,0.2,FALSE,56,56,0,TRUE,1,0.011003494,OPTIMAL,2,0,58,0.034542561,0.045546055,0,0,0,0.022016048,58,OPTIMAL,58,0.018999815,1
0,5,7,11,9,0.2,FALSE,56,61,0,TRUE,1,0.110532045,OPTIMAL,2,0,65,0.86630559,0.976837635,0,0,0,0.131532907,65,OPTIMAL,64.99999429,0.529092312,1.000000088
0,5,7,12,9,0.2,FALSE,61,61,0,TRUE,1,0.015002012,OPTIMAL,2,0,65,0.040155888,0.0551579,0,0,0,0.027145863,65,OPTIMAL,65,0.021999836,1
0,5,7,13,10,0.2,FALSE,66,67,0,TRUE,1,0.03911376,OPTIMAL,2,0,75,0.066514492,0.105628252,0,0,0,0.05111289,75,OPTIMAL,75,0.063013554,1
0,5,7,14,10,0.2,FALSE,71,71,0,TRUE,1,0.011998177,OPTIMAL,2,0,75,0.052047253,0.064045429,0,0,0,0.028535843,75,OPTIMAL,75,0.028506756,1
0,5,7,14,11,0.2,FALSE,71,74,0,TRUE,1,0.028998852,OPTIMAL,2,0,82,0.309781313,0.338780165,0,0,0,0.043011665,82,OPTIMAL,82,0.372213364,1
0,5,7,15,11,0.2,FALSE,75,75,0,TRUE,1,0.013000727,OPTIMAL,2,0,82,0.068004131,0.081004858,0,0,0,0.02399826,82,OPTIMAL,82,0.029000759,1
0,5,7,15,12,0.2,FALSE,75,81,0,TRUE,1,0.156092167,OPTIMAL,2,0,89,1.276178598,1.432270765,0,0,0,0.177259207,89,OPTIMAL,89,0.618606567,1
0,5,8,6,4,0.2,FALSE,29,32,0,TRUE,1,0.037997723,OPTIMAL,2,0,32,0.368775129,0.406772852,0,0,0,0.061512947,32,OPTIMAL,32,0.050855875,1
0,5,8,8,5,0.2,FALSE,39,39,0,TRUE,1,0.013507843,OPTIMAL,2,0,42,0.025738716,0.039246559,0,0,0,0.024247169,42,OPTIMAL,42,0.019000769,1
0,5,8,9,6,0.2,FALSE,44,46,0,TRUE,1,0.10057354,OPTIMAL,2,0,50,0.120512962,0.221086502,0,0,0,0.115573883,50,OPTIMAL,50,0.076465607,1
0,5,8,10,7,0.2,FALSE,51,54,0,TRUE,1,0.058017015,OPTIMAL,2,0,58,0.268707275,0.326724291,0,0,0,0.074017048,58,OPTIMAL,58,0.189020395,1
0,5,8,11,7,0.2,FALSE,56,56,0,TRUE,1,0.011995554,OPTIMAL,2,0,58,0.037628889,0.049624443,0,0,0,0.021999359,58,OPTIMAL,58,0.017925024,1
0,5,8,12,8,0.2,FALSE,61,62,0,TRUE,1,0.135403156,OPTIMAL,2,0,66,0.089713573,0.22511673,0,0,0,0.145986795,66,OPTIMAL,66,0.055992365,1
0,5,8,13,9,0.2,FALSE,66,70,0,TRUE,1,0.078258514,OPTIMAL,2,1.67E-08,73.99999877,0.738742828,0.817001343,8,0,8,0.09825635,74,OPTIMAL,74,0.532819986,1
0,5,8,14,9,0.2,FALSE,71,71,0,TRUE,1,0.011996984,OPTIMAL,2,0,74,0.046658993,0.058655977,0,0,0,0.023153067,74,OPTIMAL,74,0.024000168,1
0,5,8,15,10,0.2,FALSE,75,77,0,TRUE,1,0.132110119,OPTIMAL,2,0,86,0.141795635,0.273905754,0,0,0,0.144110918,86,OPTIMAL,86,0.144041061,1
0,6,4,4,6,0.2,FALSE,24,24,0,TRUE,1,0.015518904,OPTIMAL,2,0,20,0.042146921,0.057665825,0,0,0,0.028518677,20,OPTIMAL,20,0.027705193,1
0,6,4,4,7,0.2,FALSE,24,28,0,TRUE,1,0.026553869,OPTIMAL,2,0,24,0.414447308,0.441001177,0,0,0,0.042062759,24,OPTIMAL,24,0.198081732,1
0,6,4,5,8,0.2,FALSE,28,30,0,TRUE,1,0.034003019,OPTIMAL,2,0,33,0.181610107,0.215613127,0,0,0,0.048516989,33,OPTIMAL,33,0.075992823,1
0,6,4,5,9,0.2,FALSE,28,34,0,TRUE,1,0.123746395,OPTIMAL,2,0,37,0.475407839,0.599154234,0,0,0,0.145929575,37,OPTIMAL,37,0.264398336,1
0,6,4,6,9,0.2,FALSE,34,34,0,TRUE,1,0.011003017,OPTIMAL,2,0,37,0.022999525,0.034002542,0,0,0,0.022003412,37,OPTIMAL,37,0.014010906,1
0,6,4,6,10,0.2,FALSE,34,36,0,TRUE,1,0.038000584,OPTIMAL,2,0,44,0.092533112,0.130533695,0,0,0,0.064533472,44,OPTIMAL,44,0.081608534,1
0,6,4,6,11,0.2,FALSE,34,40,0,TRUE,1,0.037891865,OPTIMAL,2,0,48,0.576668978,0.614560843,3,0,3,0.051410437,48,OPTIMAL,48,0.313158751,1
0,6,4,7,11,0.2,FALSE,40,40,0,TRUE,1,0.011131048,OPTIMAL,2,0,48,0.028999805,0.040130854,0,0,0,0.023130894,48,OPTIMAL,48,0.024131775,1
0,6,4,7,12,0.2,FALSE,40,44,0,TRUE,1,0.050695419,OPTIMAL,2,0,52,0.252547979,0.303243399,0,0,0,0.067695618,52,OPTIMAL,52,0.302568913,1
0,6,4,7,13,0.2,FALSE,40,48,0,TRUE,1,0.027003765,OPTIMAL,2,0,56,0.82428813,0.851291895,0,0,0,0.05152297,56,OPTIMAL,56,0.378079414,1
0,6,4,8,12,0.2,FALSE,46,46,0,TRUE,1,0.011993647,OPTIMAL,2,0,52,0.032002687,0.043996334,0,0,0,0.023993492,52,OPTIMAL,52,0.02100873,1
0,6,4,8,13,0.2,FALSE,46,48,0,TRUE,1,0.087005377,OPTIMAL,2,0,56,0.133823395,0.220828772,0,0,0,0.102307081,56,OPTIMAL,56,0.069521427,1
0,6,4,8,14,0.2,FALSE,46,52,0,TRUE,1,0.028010368,OPTIMAL,2,1.21E-07,59.99999273,0.498152018,0.526162386,0,0,0,0.050012827,60,OPTIMAL,60,0.488084078,1
0,6,4,8,15,0.2,FALSE,46,54,0,TRUE,1,0.07753706,OPTIMAL,2,0,65,0.757443428,0.834980488,0,0,0,0.095533609,65,OPTIMAL,65,0.627978563,1
0,6,4,9,14,0.2,FALSE,52,52,0,TRUE,1,0.012999296,OPTIMAL,2,0,60,0.047515631,0.060514927,0,0,0,0.025507689,60,OPTIMAL,60,0.026084185,1
0,6,4,9,15,0.2,FALSE,52,54,0,TRUE,1,0.057008982,OPTIMAL,2,0,65,0.116524696,0.173533678,0,0,0,0.078006506,65,OPTIMAL,65,0.100028753,1
0,6,4,9,16,0.2,FALSE,52,58,0,TRUE,1,0.044020891,OPTIMAL,2,0,69,0.490590334,0.534611225,0,0,0,0.066030979,69,OPTIMAL,69,0.52735877,1
0,6,4,9,17,0.2,FALSE,52,62,0,TRUE,1,0.063731909,OPTIMAL,2,0,73,1.403021812,1.466753721,0,0,0,0.086730957,73,OPTIMAL,73,0.671802044,1
0,6,4,10,15,0.2,FALSE,59,59,0,TRUE,1,0.012014627,OPTIMAL,2,0,65,0.048000097,0.060014725,0,0,0,0.025017262,65,OPTIMAL,65,0.030996323,1
0,6,4,10,16,0.2,FALSE,59,59,0,TRUE,1,0.012013674,OPTIMAL,2,0,69,0.044997215,0.057010889,0,0,0,0.024006844,69,OPTIMAL,69,0.03052187,1
0,6,4,10,17,0.2,FALSE,59,62,0,TRUE,1,0.081509829,OPTIMAL,2,2.28E-08,72.99999833,0.147017241,0.228527069,0,0,0,0.102512121,73,OPTIMAL,73,0.12609148,1
0,6,4,10,18,0.2,FALSE,59,66,0,TRUE,1,0.038516283,OPTIMAL,2,0,77,1.025747538,1.064263821,0,0,0,0.064025402,77,OPTIMAL,76.99999223,0.794611692,1.000000101
0,6,4,11,17,0.2,FALSE,65,65,0,TRUE,1,0.012999296,OPTIMAL,2,0,73,0.073540926,0.086540222,0,0,0,0.025997162,73,OPTIMAL,73,0.035509586,1
0,6,4,11,18,0.2,FALSE,65,66,0,TRUE,1,0.08562088,OPTIMAL,2,0,77,0.093349934,0.178970814,0,0,0,0.102526903,77,OPTIMAL,77,0.091597319,1
0,6,4,11,19,0.2,FALSE,65,70,0,TRUE,1,0.059508324,OPTIMAL,2,0,81,0.509784937,0.569293261,0,0,0,0.074509382,81,OPTIMAL,81,0.232564211,1
0,6,4,11,20,0.2,FALSE,65,72,0,TRUE,1,0.080417156,OPTIMAL,2,0,86,0.681192636,0.761609793,0,0,0,0.10360074,86,OPTIMAL,86,0.551005602,1
0,6,4,12,18,0.2,FALSE,71,71,0,TRUE,1,0.020785809,OPTIMAL,2,0,77,0.089750528,0.110536337,0,0,0,0.047851324,77,OPTIMAL,77,0.039677143,1
0,6,4,12,19,0.2,FALSE,71,71,0,TRUE,1,0.011996508,OPTIMAL,2,0,81,0.072921038,0.084917545,0,0,0,0.024078369,81,OPTIMAL,81,0.039783239,1
0,6,4,12,20,0.2,FALSE,71,72,0,TRUE,1,0.034998178,OPTIMAL,2,0,86,0.108748913,0.143747091,0,0,0,0.048001528,86,OPTIMAL,86,0.096690416,1
0,6,4,12,21,0.2,FALSE,71,76,0,TRUE,1,0.047052145,OPTIMAL,2,8.87E-08,89.99999202,0.217271328,0.264323473,0,0,0,0.065061092,90,OPTIMAL,90,0.189565897,1
0,6,4,13,20,0.2,FALSE,77,77,0,TRUE,1,0.020009279,OPTIMAL,2,0,86,0.08792448,0.10793376,0,0,0,0.036401987,86,OPTIMAL,86,0.046000481,1
0,6,4,13,21,0.2,FALSE,77,77,0,TRUE,1,0.014999151,OPTIMAL,2,0,90,0.083854675,0.098853827,0,0,0,0.026999474,90,OPTIMAL,90,0.069153547,1
0,6,4,13,22,0.2,FALSE,77,80,0,TRUE,1,0.034004211,OPTIMAL,2,0,94,0.227685452,0.261689663,0,0,0,0.052275896,94,OPTIMAL,94,0.336650848,1
0,6,4,13,23,0.2,FALSE,77,84,0,TRUE,1,0.050518751,OPTIMAL,2,1.66E-07,97.99998372,0.583431959,0.63395071,0,0,0,0.067520618,98,OPTIMAL,98,0.910870314,1
0,6,4,14,21,0.2,FALSE,83,83,0,TRUE,1,0.017998219,OPTIMAL,2,0,90,0.10589242,0.123890638,0,0,0,0.032000303,90,OPTIMAL,90,0.059993267,1
0,6,4,14,22,0.2,FALSE,83,83,0,TRUE,1,0.027059555,OPTIMAL,2,0,94,0.100226641,0.127286196,0,0,0,0.039059877,94,OPTIMAL,94,0.057787895,1
0,6,4,14,23,0.2,FALSE,83,84,0,TRUE,1,0.282577515,OPTIMAL,2,0,98,0.129024029,0.411601543,0,0,0,0.295583725,98,OPTIMAL,98,0.119515181,1
0,6,4,14,24,0.2,FALSE,83,88,0,TRUE,1,0.076510429,OPTIMAL,2,0,102,0.676689625,0.753200054,0,0,0,0.09551096,102,OPTIMAL,101.9999945,0.4395504,1.000000054
0,6,4,15,23,0.2,FALSE,87,87,0,TRUE,1,0.013009071,OPTIMAL,2,0,98,0.189863205,0.202872276,0,0,0,0.032616138,98,OPTIMAL,98,0.060508013,1
0,6,4,15,24,0.2,FALSE,87,88,0,TRUE,1,0.118514776,OPTIMAL,2,0,102,0.146036625,0.264551401,0,0,0,0.132514954,102,OPTIMAL,102,0.148570061,1
0,6,4,15,25,0.2,FALSE,87,89,0,TRUE,1,0.072658062,OPTIMAL,2,0,108,0.166041613,0.238699675,0,0,0,0.098160982,108,OPTIMAL,108,0.159590006,1
0,6,4,15,26,0.2,FALSE,87,93,0,TRUE,1,0.045521259,OPTIMAL,2,5.15E-08,111.9999942,0.342255592,0.387776852,0,0,0,0.075523615,112,OPTIMAL,112,0.51257658,1
0,6,5,4,5,0.2,FALSE,24,24,0,TRUE,1,0.010996103,OPTIMAL,2,0,22,0.033917189,0.044913292,0,0,0,0.033919096,22,OPTIMAL,22,0.022016048,1
0,6,5,5,6,0.2,FALSE,28,28,0,TRUE,1,0.022529125,OPTIMAL,2,0,33,0.043531418,0.066060543,0,0,0,0.041525841,33,OPTIMAL,33,0.032996178,1
0,6,5,5,7,0.2,FALSE,28,33,0,TRUE,1,0.093060732,OPTIMAL,2,0,38,0.341293335,0.434354067,0,0,0,0.106573105,38,OPTIMAL,38,0.298540115,1
0,6,5,6,8,0.2,FALSE,34,38,0,TRUE,1,0.089688063,OPTIMAL,2,0,43,0.704097748,0.79378581,0,0,0,0.109698534,43,OPTIMAL,43,0.316611528,1
0,6,5,7,9,0.2,FALSE,40,43,0,TRUE,1,0.052187204,OPTIMAL,2,0,48,0.263101816,0.315289021,0,0,0,0.067112446,48,OPTIMAL,47.99999345,0.396463633,1.000000136
0,6,5,7,10,0.2,FALSE,40,47,0,TRUE,1,0.326660395,OPTIMAL,2,0,56,0.646009207,0.972669601,0,0,0,0.339170218,56,OPTIMAL,56,0.391880512,1
0,6,5,8,10,0.2,FALSE,46,47,0,TRUE,1,0.174400568,OPTIMAL,2,0,56,0.074533939,0.248934507,0,0,0,0.203919649,56,OPTIMAL,56,0.087521315,1
0,6,5,8,11,0.2,FALSE,46,52,0,TRUE,1,0.059519291,OPTIMAL,2,0,61,1.09378767,1.153306961,0,0,0,0.075525999,61,OPTIMAL,60.9999985,0.667716026,1.000000025
0,6,5,9,11,0.2,FALSE,52,52,0,TRUE,1,0.012006044,OPTIMAL,2,0,61,0.036530495,0.048536539,0,0,0,0.023016453,61,OPTIMAL,61,0.023995399,1
0,6,5,9,12,0.2,FALSE,52,57,0,TRUE,1,0.045526505,OPTIMAL,2,0,66,0.615483284,0.661009789,0,0,0,0.066525936,66,OPTIMAL,66,0.606237888,1
0,6,5,9,13,0.2,FALSE,52,62,0,FALSE,1.106382979,1.184163094,OPTIMAL,2,0,71,6.775963068,7.960126162,152,0,152,7.919125557,71,OPTIMAL,71,0.860366583,1
0,6,5,10,12,0.2,FALSE,59,59,0,TRUE,1,0.014006615,OPTIMAL,2,0,66,0.046507359,0.060513973,0,0,0,0.027518034,66,OPTIMAL,66,0.035519361,1
0,6,5,10,13,0.2,FALSE,59,62,0,TRUE,1,0.093004465,OPTIMAL,2,0,71,0.320964098,0.413968563,0,0,0,0.114001274,71,OPTIMAL,71,0.21587038,1
0,6,5,10,14,0.2,FALSE,59,67,0,TRUE,1,0.057001352,OPTIMAL,2,0,76,1.786148548,1.8431499,0,0,0,0.074001551,76,OPTIMAL,76,0.943802834,1
0,6,5,11,14,0.2,FALSE,65,67,0,TRUE,1,0.146600485,OPTIMAL,2,0,76,0.142190218,0.288790703,0,0,0,0.160600662,76,OPTIMAL,76,0.087513447,1
0,6,5,11,15,0.2,FALSE,65,70,0,TRUE,1,0.066456079,OPTIMAL,2,0,84,0.709290981,0.775747061,0,0,0,0.083455563,84,OPTIMAL,84,0.233156204,1
0,6,5,11,16,0.2,FALSE,65,75,0,TRUE,1,0.069509268,OPTIMAL,2,0,89,1.845330954,1.914840221,0,0,0,0.086510897,89,OPTIMAL,89,1.510378838,1
0,6,5,12,15,0.2,FALSE,71,71,0,TRUE,1,0.016003847,OPTIMAL,2,0,84,0.081183434,0.097187281,0,0,0,0.041008711,84,OPTIMAL,84,0.058008432,1
0,6,5,12,16,0.2,FALSE,71,75,0,TRUE,1,0.120527029,OPTIMAL,2,0,89,0.601088762,0.721615791,0,0,0,0.139525652,89,OPTIMAL,89,0.361660719,1
0,6,5,12,17,0.2,FALSE,71,80,0,TRUE,1,0.108147144,OPTIMAL,2,0,94,1.910041094,2.018188238,0,0,0,0.124249935,94,OPTIMAL,94,1.358569622,1
0,6,5,13,16,0.2,FALSE,77,77,0,TRUE,1,0.028577328,OPTIMAL,2,0,89,0.100486994,0.129064322,0,0,0,0.041678429,89,OPTIMAL,89,0.040991068,1
0,6,5,13,17,0.2,FALSE,77,80,0,TRUE,1,0.238212347,OPTIMAL,2,0,94,0.182512522,0.420724869,0,0,0,0.253211498,94,OPTIMAL,94,0.218175173,1
0,6,5,13,18,0.2,FALSE,77,85,0,TRUE,1,0.154528141,OPTIMAL,2,6.88E-08,98.99999319,1.472239256,1.626767397,9,0,9,0.171528339,99,OPTIMAL,99,1.13283968,1
0,6,5,13,19,0.2,FALSE,77,90,0,TRUE,1,0.164009571,OPTIMAL,2,0,104,2.347164869,2.51117444,0,0,0,0.181026697,104,OPTIMAL,103.999983,1.523901224,1.000000164
0,6,5,14,17,0.2,FALSE,83,83,0,TRUE,1,0.013516665,OPTIMAL,2,0,94,0.110530138,0.124046803,0,0,0,0.027522564,94,OPTIMAL,94,0.052247524,1
0,6,5,14,18,0.2,FALSE,83,85,0,TRUE,1,0.284570456,OPTIMAL,2,0,99,0.169121981,0.453692436,0,0,0,0.298571348,99,OPTIMAL,99,0.175047636,1
0,6,5,14,19,0.2,FALSE,83,90,0,TRUE,1,0.092696905,OPTIMAL,2,0,104,1.483466387,1.576163292,0,0,0,0.110628366,104,OPTIMAL,104,1.277539968,1
0,6,5,14,20,0.2,FALSE,83,93,0,TRUE,1,0.077628851,OPTIMAL,2,0,111,1.68102026,1.758649111,0,0,0,0.104554176,111,OPTIMAL,111,0.923627377,1
0,6,5,15,18,0.2,FALSE,87,87,0,TRUE,1,0.021002769,OPTIMAL,2,0,99,0.113498688,0.134501457,0,0,0,0.042010307,99,OPTIMAL,99,0.060506344,1
0,6,5,15,19,0.2,FALSE,87,90,0,TRUE,1,0.189494848,OPTIMAL,2,3.97E-08,103.9999959,0.281550646,0.471045494,0,0,0,0.207004309,104,OPTIMAL,104,0.320628166,1
0,6,5,15,20,0.2,FALSE,87,93,0,TRUE,1,0.106719494,OPTIMAL,2,0,111,1.088020802,1.194740295,0,0,0,0.130262375,111,OPTIMAL,111,0.511785746,1
0,6,5,15,21,0.2,FALSE,87,98,0,TRUE,1,0.071190357,OPTIMAL,2,0,116,2.932456255,3.003646612,0,0,0,0.093122721,116,OPTIMAL,116,1.850365162,1
0,6,6,4,4,0.2,TRUE,24,24,0,TRUE,1,0.020998716,OPTIMAL,2,0,24,0.034002066,0.055000782,0,0,0,0.055000782,24,OPTIMAL,24,0.023999691,1
0,6,6,5,5,0.2,FALSE,28,29,0,TRUE,1,0.059512377,OPTIMAL,2,0,32,0.04747653,0.106988907,0,0,0,0.070513248,32,OPTIMAL,32,0.032999516,1
0,6,6,6,6,0.2,FALSE,34,35,0,TRUE,1,0.130053282,OPTIMAL,2,0,38,0.041002989,0.171056271,0,0,0,0.143053532,38,OPTIMAL,38,0.05251503,1
0,6,6,6,7,0.2,FALSE,34,41,0,TRUE,1,0.142954111,OPTIMAL,2,0,36,0.068993807,0.211947918,0,0,0,0.157949686,36,OPTIMAL,36,0.06599474,1
0,6,6,7,7,0.2,FALSE,40,41,0,TRUE,1,0.15743041,OPTIMAL,2,3.18E-08,43.9999986,0.048511982,0.205942392,0,0,0,0.168432474,44,OPTIMAL,44,0.049002886,1
0,6,6,7,8,0.2,FALSE,40,47,0,TRUE,1,0.029999018,OPTIMAL,2,0,41,0.036510944,0.066509962,0,0,0,0.046001434,41,OPTIMAL,41,0.046350241,1
0,6,6,8,8,0.2,FALSE,46,47,0,TRUE,1,0.145045757,OPTIMAL,2,0,50,0.051511288,0.196557045,0,0,0,0.157045364,50,OPTIMAL,50,0.060998678,1
0,6,6,8,9,0.2,FALSE,46,53,0,TRUE,1,0.055511236,OPTIMAL,2,0,56,0.876134872,0.931646109,0,0,0,0.074023247,56,OPTIMAL,56,0.283753395,1
0,6,6,9,9,0.2,FALSE,52,53,0,TRUE,1,0.176512003,OPTIMAL,2,0,56,0.063083172,0.239595175,0,0,0,0.18951726,56,OPTIMAL,56,0.051000357,1
0,6,6,9,10,0.2,FALSE,52,59,0,TRUE,1,0.092517614,OPTIMAL,2,0,65,0.677074909,0.769592524,0,0,0,0.115518808,65,OPTIMAL,65,0.586868048,1
0,6,6,10,10,0.2,FALSE,59,59,0,TRUE,1,0.014997959,OPTIMAL,2,0,65,0.054924726,0.069922686,0,0,0,0.026921749,65,OPTIMAL,65,0.031996489,1
0,6,6,10,11,0.2,FALSE,59,65,0,TRUE,1,0.102511883,OPTIMAL,2,0,71,0.941485882,1.043997765,0,0,0,0.126509428,71,OPTIMAL,71,0.511385918,1
0,6,6,11,11,0.2,FALSE,65,65,0,TRUE,1,0.018996477,OPTIMAL,2,0,71,0.051999807,0.070996284,0,0,0,0.031996489,71,OPTIMAL,71,0.030508041,1
0,6,6,11,12,0.2,FALSE,65,71,0,TRUE,1,0.122514248,OPTIMAL,2,0,77,1.166406631,1.288920879,0,0,0,0.15151453,77,OPTIMAL,77,0.797276497,1
0,6,6,11,13,0.2,FALSE,65,77,0,TRUE,1,0.080662966,OPTIMAL,2,0,68,0.469477177,0.550140142,16,0,16,0.109113932,68,OPTIMAL,68,0.118543863,1
0,6,6,12,12,0.2,FALSE,71,71,0,TRUE,1,0.01299262,OPTIMAL,2,0,77,0.072005033,0.084997654,0,0,0,0.024993896,77,OPTIMAL,77,0.034291029,1
0,6,6,12,13,0.2,FALSE,71,77,0,TRUE,1,0.109531641,OPTIMAL,2,0,83,1.149273157,1.258804798,0,0,0,0.12703824,83,OPTIMAL,82.999993,0.816045046,1.000000084
0,6,6,12,14,0.2,FALSE,71,83,0,TRUE,1,0.049227953,OPTIMAL,2,0,73,0.115978241,0.165206194,0,0,0,0.06874752,73,OPTIMAL,73,0.078508377,1
0,6,6,13,13,0.2,FALSE,77,77,0,TRUE,1,0.013999224,OPTIMAL,2,0,83,0.069508076,0.083507299,0,0,0,0.027996778,83,OPTIMAL,83,0.040524006,1
0,6,6,13,14,0.2,FALSE,77,83,0,TRUE,1,0.178885221,OPTIMAL,2,0,89,0.789027691,0.967912912,0,0,0,0.193891048,89,OPTIMAL,89,0.572040319,1
0,6,6,13,15,0.2,FALSE,77,88,0,TRUE,1,0.120308399,OPTIMAL,2,0,97,2.784270763,2.904579163,0,0,0,0.156207323,97,OPTIMAL,97,1.493186951,1
0,6,6,14,14,0.2,FALSE,83,83,0,TRUE,1,0.017000198,OPTIMAL,2,0,89,0.101508617,0.118508816,0,0,0,0.049997807,89,OPTIMAL,89,0.057001591,1
0,6,6,14,15,0.2,FALSE,83,88,0,TRUE,1,0.07351613,OPTIMAL,2,0,97,0.788761616,0.862277746,0,0,0,0.114511251,97,OPTIMAL,97,1.743063688,1
0,6,6,14,16,0.2,FALSE,83,94,0,TRUE,1,0.148337841,OPTIMAL,2,0,103,8.761678696,8.910016537,29,0,29,0.176339626,103,OPTIMAL,103,1.574151993,1
0,6,6,15,15,0.2,FALSE,87,88,0,TRUE,1,0.09654212,OPTIMAL,2,0,97,0.152081966,0.248624086,0,0,0,0.110547066,97,OPTIMAL,97,0.156178236,1
0,6,6,15,16,0.2,FALSE,87,94,0,TRUE,1,0.076515436,OPTIMAL,2,4.92E-08,102.9999949,3.431380987,3.507896423,27,0,27,0.096024036,103,OPTIMAL,103,0.827691078,1
0,6,6,15,17,0.2,FALSE,87,100,0,TRUE,1,0.195844173,OPTIMAL,2,0,109,2.755226612,2.951070786,0,0,0,0.23612237,109,OPTIMAL,109,1.380866766,1
0,6,7,7,6,0.2,FALSE,40,41,0,TRUE,1,0.147340298,OPTIMAL,2,0,45,0.045010567,0.192350864,0,0,0,0.160341024,45,OPTIMAL,45,0.07600832,1
0,6,7,8,7,0.2,FALSE,46,48,0,TRUE,1,0.111172438,OPTIMAL,2,0,52,0.247559547,0.358731985,0,0,0,0.128172398,52,OPTIMAL,52,0.189053059,1
0,6,7,9,8,0.2,FALSE,52,55,0,TRUE,1,0.087810516,OPTIMAL,2,0,59,0.597066879,0.684877396,0,0,0,0.102817774,59,OPTIMAL,59,0.263623714,1
0,6,7,10,9,0.2,FALSE,59,62,0,TRUE,1,0.122360468,OPTIMAL,2,0,66,0.614135504,0.736495972,0,0,0,0.139364004,66,OPTIMAL,66,0.704245329,1
0,6,7,11,10,0.2,FALSE,65,69,0,TRUE,1,0.111594677,OPTIMAL,2,0,77,2.60567522,2.717269897,80,2,78,0.133504152,77,OPTIMAL,77,0.497311592,1
0,6,7,12,11,0.2,FALSE,71,76,0,TRUE,1,0.145745754,OPTIMAL,2,0,83.999999,1.615139246,1.760885,1,0,1,0.17575407,84,OPTIMAL,84,0.71804142,1
0,6,7,13,12,0.2,FALSE,77,83,0,TRUE,1,0.21760726,OPTIMAL,2,0,91,3.489809513,3.707416773,30,0,30,0.253606319,91,OPTIMAL,91,0.92916441,1
0,6,7,14,12,0.2,FALSE,83,83,0,TRUE,1,0.028002501,OPTIMAL,2,0,91,0.072524309,0.10052681,0,0,0,0.041002035,91,OPTIMAL,91,0.05543375,1
0,6,7,14,13,0.2,FALSE,83,90,0,TRUE,1,0.123541594,OPTIMAL,2,0,98,1.592817068,1.716358662,0,0,0,0.152645111,98,OPTIMAL,97.99999785,1.596058369,1.000000022
0,6,7,15,13,0.2,FALSE,87,90,0,TRUE,1,0.212574244,OPTIMAL,2,1.53E-07,97.999985,0.377351999,0.589926243,0,0,0,0.246263266,98,OPTIMAL,98,0.226116896,1
0,6,7,15,14,0.2,FALSE,87,97,0,TRUE,1,0.154682159,OPTIMAL,2,0,105,2.074330568,2.229012728,0,0,0,0.184384823,105,OPTIMAL,105,1.730588675,1
0,6,8,4,3,0.2,TRUE,24,24,0,TRUE,1,0.019073486,OPTIMAL,2,0,24,0.028706551,0.047780037,0,0,0,0.033112288,24,OPTIMAL,24,0.018918753,1
0,6,8,5,4,0.2,FALSE,28,32,0,TRUE,1,0.037358761,OPTIMAL,2,0,28,0.046452522,0.083811283,0,0,0,0.067423344,28,OPTIMAL,28,0.027015924,1
0,6,8,6,5,0.2,FALSE,34,39,0,TRUE,1,0.132931948,OPTIMAL,2,0,37,0.056923628,0.189855576,0,0,0,0.150981426,37,OPTIMAL,37,0.041999817,1
0,6,8,8,6,0.2,FALSE,46,47,0,TRUE,1,0.132713079,OPTIMAL,2,3.09E-08,50.99999842,0.055999994,0.188713074,0,0,0,0.147712708,51,OPTIMAL,51,0.055000067,1
0,6,8,9,7,0.2,FALSE,52,55,0,TRUE,1,0.141429424,OPTIMAL,2,0,59,0.653890371,0.795319796,0,0,0,0.162930727,59,OPTIMAL,58.9999948,0.556045771,1.000000088
0,6,8,10,8,0.2,FALSE,59,63,0,TRUE,1,0.141424179,OPTIMAL,2,0,67,1.261950254,1.403374434,0,0,0,0.165433168,67,OPTIMAL,67,0.730955362,1
0,6,8,11,9,0.2,FALSE,65,71,0,TRUE,1,0.154570818,OPTIMAL,2,0,75,0.870030642,1.02460146,0,0,0,0.186331511,75,OPTIMAL,75,1.358359575,1
0,6,8,12,9,0.2,FALSE,71,71,0,TRUE,1,0.025992155,OPTIMAL,2,0,75,0.059000015,0.08499217,0,0,0,0.043992043,75,OPTIMAL,75,0.028000593,1
0,6,8,12,10,0.2,FALSE,71,80,0,TRUE,1,0.055535793,OPTIMAL,2,0,75,0.904951334,0.960487127,49,0,49,0.080546618,75,OPTIMAL,75,0.126338482,1
0,6,8,13,10,0.2,FALSE,77,80,0,TRUE,1,0.173048258,OPTIMAL,2,0,87,0.598196745,0.771245003,0,0,0,0.199058771,87,OPTIMAL,87,0.19304657,1
0,6,8,13,11,0.2,FALSE,77,88,0,TRUE,1,0.16807723,OPTIMAL,2,0,82,0.291656494,0.459733725,0,0,0,0.198540449,82,OPTIMAL,81.99999963,0.528395176,1.000000005
0,6,8,14,11,0.2,FALSE,83,88,0,TRUE,1,0.082618475,OPTIMAL,2,0,95,2.337195635,2.41981411,0,0,0,0.105619431,95,OPTIMAL,95,1.394243956,1
0,6,8,15,12,0.2,FALSE,87,96,0,TRUE,1,0.2410748,OPTIMAL,2,0,103,2.075481176,2.316555977,0,0,0,0.271374464,103,OPTIMAL,103,0.902757168,1
0,6,9,6,4,0.2,FALSE,34,36,0,TRUE,1,0.061998367,OPTIMAL,2,0,36,0.112675667,0.174674034,0,0,0,0.080999136,36,OPTIMAL,36,0.055538177,1
0,6,9,7,5,0.2,FALSE,40,45,0,TRUE,1,0.079524994,OPTIMAL,2,0,41,0.070526123,0.150051117,0,0,0,0.111524582,41,OPTIMAL,41,0.096090794,1
0,6,9,9,6,0.2,FALSE,52,54,0,TRUE,1,0.053521156,OPTIMAL,2,0,56,0.11570549,0.169226646,0,0,0,0.072528124,56,OPTIMAL,56,0.164936066,1
0,6,9,10,7,0.2,FALSE,59,63,0,TRUE,1,0.133363724,OPTIMAL,2,0,65,1.059662104,1.193025827,0,0,0,0.162367582,65,OPTIMAL,64.9999952,0.533080578,1.000000074
0,6,9,11,8,0.2,FALSE,65,72,0,TRUE,1,0.056081533,OPTIMAL,2,0,65,0.094188929,0.150270462,0,0,0,0.081733465,65,OPTIMAL,65,0.052992582,1
0,6,9,12,8,0.2,FALSE,71,72,0,TRUE,1,0.193581104,OPTIMAL,2,0,74,0.084244728,0.277825832,0,0,0,0.207583666,74,OPTIMAL,74,0.067417145,1
0,6,9,13,9,0.2,FALSE,77,81,0,TRUE,1,0.10944891,OPTIMAL,2,0,83,0.809654474,0.919103384,0,0,0,0.144454956,83,OPTIMAL,83,0.669306993,1
0,6,9,14,10,0.2,FALSE,83,92,0,TRUE,1,0.202075243,OPTIMAL,2,0,83,0.123843193,0.325918436,0,0,0,0.223246336,83,OPTIMAL,83,0.126520395,1
0,6,9,15,10,0.2,FALSE,87,92,0,TRUE,1,0.206683397,OPTIMAL,2,0,94,1.31451726,1.521200657,0,0,0,0.231684446,94,OPTIMAL,93.99999314,1.314829826,1.000000073
0,6,9,15,11,0.2,FALSE,87,101,0,TRUE,1,0.346534967,TIME_LIMIT,9,0.010989084,89.99999333,599.8759904,600.2225254,1787,0,1787,0.389048338,91,OPTIMAL,90,1.318109751,1.011111111
0,7,5,4,6,0.2,FALSE,28,29,0,TRUE,1,0.0355165,OPTIMAL,2,0,27,0.040998697,0.076515198,0,0,0,0.049517393,27,OPTIMAL,27,0.053997993,1
0,7,5,5,7,0.2,FALSE,32,35,0,TRUE,1,0.051508904,OPTIMAL,2,0,37,0.379416227,0.430925131,0,0,0,0.070096493,37,OPTIMAL,37,0.407485485,1
0,7,5,5,8,0.2,FALSE,32,40,0,TRUE,1,0.061115503,OPTIMAL,2,0,33,0.053566217,0.114681721,0,0,0,0.082121849,33,OPTIMAL,33,0.07851243,1
0,7,5,6,9,0.2,FALSE,39,45,0,TRUE,1,0.182617903,OPTIMAL,2,0,47,0.749137402,0.931755304,0,0,0,0.204476833,47,OPTIMAL,47,0.624008894,1
0,7,5,6,10,0.2,FALSE,39,51,0,TRUE,1,0.055992365,OPTIMAL,2,0,43,0.467135906,0.523128271,0,0,0,0.073999166,43,OPTIMAL,43,0.775136948,1
0,7,5,7,10,0.2,FALSE,46,51,0,TRUE,1,0.060901403,OPTIMAL,2,0,55,0.834358454,0.895259857,0,0,0,0.080824375,55,OPTIMAL,55,0.648292542,1
0,7,5,7,11,0.2,FALSE,46,56,0,TRUE,1,0.058514833,OPTIMAL,2,0,48,0.657376766,0.7158916,23,0,23,0.076523542,48,OPTIMAL,48,0.144295454,1
0,7,5,7,12,0.2,FALSE,46,61,0,TRUE,1,0.039818525,OPTIMAL,2,0,51,1.170502663,1.210321188,22,0,22,0.061089039,51,OPTIMAL,51,1.303318977,1
0,7,5,8,12,0.2,FALSE,53,61,0,TRUE,1,0.103313923,OPTIMAL,2,0,65,2.028603077,2.131917,0,0,0,0.126394987,65,OPTIMAL,65,1.491014004,1
0,7,5,8,13,0.2,FALSE,53,66,0,TRUE,1,0.148738384,OPTIMAL,2,0,56,0.732798338,0.881536722,13,0,13,0.16973877,56,OPTIMAL,56,0.206538439,1
0,7,5,9,13,0.2,FALSE,60,66,0,TRUE,1,0.167077541,OPTIMAL,2,0,70,0.766795635,0.933873177,0,0,0,0.19137907,70,OPTIMAL,70,0.71200633,1
0,7,5,9,14,0.2,FALSE,60,71,0,TRUE,1,0.454080582,OPTIMAL,2,0,75,1.062552691,1.516633272,0,0,0,0.47308898,75,OPTIMAL,75,1.327676773,1
0,7,5,9,15,0.2,FALSE,60,76,0,TRUE,1,0.121701479,OPTIMAL,2,0,65,0.686783075,0.808484554,0,0,0,0.152702093,65,OPTIMAL,65,0.997514963,1
0,7,5,10,14,0.2,FALSE,67,71,0,TRUE,1,0.069818735,OPTIMAL,2,7.42E-08,74.99999444,0.752091408,0.821910143,3,0,3,0.092903376,75,OPTIMAL,75,0.498826981,1
0,7,5,10,15,0.2,FALSE,67,76,0,TRUE,1,0.176624775,OPTIMAL,2,0,82,1.481606722,1.658231497,0,0,0,0.197777033,82,OPTIMAL,81.99997249,2.174612284,1.000000336
0,7,5,10,16,0.2,FALSE,67,81,0,TRUE,1,0.084540367,OPTIMAL,2,0,70,0.142138004,0.226678371,0,0,0,0.117546082,70,OPTIMAL,70,0.126511574,1
0,7,5,10,17,0.2,FALSE,67,86,0,TRUE,1,0.050001383,OPTIMAL,2,0,72,1.248313665,1.298315048,48,0,48,0.076003313,72,OPTIMAL,72,1.304397106,1
0,7,5,11,16,0.2,FALSE,74,81,0,TRUE,1,0.087650299,OPTIMAL,2,9.59E-08,86.99999166,3.786835194,3.874485493,27,0,27,0.11164999,87,OPTIMAL,87,1.025457859,1
0,7,5,11,17,0.2,FALSE,74,86,0,TRUE,1,0.266066551,OPTIMAL,2,0,92,2.468369007,2.734435558,0,0,0,0.288583517,92,OPTIMAL,92,1.52666378,1
0,7,5,11,18,0.2,FALSE,74,91,0,TRUE,1,0.059947968,OPTIMAL,2,0,78,0.261063576,0.321011543,0,0,0,0.081469059,78,OPTIMAL,78,0.186508894,1
0,7,5,11,19,0.2,FALSE,74,96,0,TRUE,1,0.054160595,OPTIMAL,2,0,80,0.849430561,0.903591156,3,0,3,0.088470459,80,OPTIMAL,80,1.106036901,1
0,7,5,12,17,0.2,FALSE,81,86,0,TRUE,1,0.088600397,OPTIMAL,2,0,92,0.82243824,0.911038637,0,0,0,0.12933588,92,OPTIMAL,92,1.971099138,1
0,7,5,12,18,0.2,FALSE,81,91,0,TRUE,1,0.098726988,OPTIMAL,2,0,97,1.563960791,1.662687778,0,0,0,0.135727882,97,OPTIMAL,97,1.043159246,1
0,7,5,12,19,0.2,FALSE,81,96,0,TRUE,1,0.31005168,OPTIMAL,2,0,102,1.877910137,2.187961817,0,0,0,0.333392859,102,OPTIMAL,102,2.893206596,1
0,7,5,12,20,0.2,FALSE,81,101,0,TRUE,1,0.081221104,OPTIMAL,2,0,87,0.393732786,0.47495389,0,0,0,0.102216482,87,OPTIMAL,87,0.294750214,1
0,7,5,13,19,0.2,FALSE,88,96,0,TRUE,1,0.073596478,OPTIMAL,2,0,102,3.670978546,3.744575024,4,0,4,0.100288868,102,OPTIMAL,102,1.814840317,1
0,7,5,13,20,0.2,FALSE,88,101,0,TRUE,1,0.187030792,OPTIMAL,2,0,108,8.082226992,8.269257784,35,0,35,0.232514858,108,OPTIMAL,107.9999929,2.299669266,1.000000066
0,7,5,13,21,0.2,FALSE,88,106,0,TRUE,1,0.071708918,OPTIMAL,2,0,91,0.205138445,0.276847363,0,0,0,0.098225832,91,OPTIMAL,91,0.197025299,1
0,7,5,13,22,0.2,FALSE,88,111,0,TRUE,1,0.047006369,OPTIMAL,2,0,94,0.917228937,0.964235306,0,0,0,0.070518494,94,OPTIMAL,94,0.709706068,1
0,7,5,14,20,0.2,FALSE,95,101,0,TRUE,1,0.150529623,OPTIMAL,2,0,108,2.058213949,2.208743572,0,0,0,0.174527168,108,OPTIMAL,108,1.284761429,1
0,7,5,14,21,0.2,FALSE,95,106,0,TRUE,1,0.104327679,OPTIMAL,2,1.32E-07,112.9999851,7.406329393,7.510657072,14,0,14,0.126337528,113,OPTIMAL,113,1.808013201,1
0,7,5,14,22,0.2,FALSE,95,111,0,TRUE,1,0.226580858,OPTIMAL,2,0,118,4.804157495,5.030738354,0,0,0,0.246091127,118,OPTIMAL,118,2.724112511,1
0,7,5,14,23,0.2,FALSE,95,116,0,TRUE,1,0.078717709,OPTIMAL,2,0,99,0.57028985,0.649007559,10,0,10,0.106714725,99,OPTIMAL,99,0.342680931,1
0,7,5,15,21,0.2,FALSE,99,106,0,TRUE,1,0.160034895,OPTIMAL,2,0,113,2.072339773,2.232374668,0,0,0,0.190029621,113,OPTIMAL,113,0.691141844,1
0,7,5,15,22,0.2,FALSE,99,111,0,TRUE,1,0.122534037,OPTIMAL,2,0,118,2.519913912,2.642447948,0,0,0,0.156535625,118,OPTIMAL,117.9999791,8.601079464,1.000000177
0,7,5,15,23,0.2,FALSE,99,116,0,TRUE,1,0.171001673,OPTIMAL,2,0,123,2.964344025,3.135345697,0,0,0,0.195086241,123,OPTIMAL,123,4.020962,1
0,7,5,15,24,0.2,FALSE,99,121,0,TRUE,1,0.092619896,OPTIMAL,2,0,103,0.747530937,0.840150833,9,0,9,0.123546839,103,OPTIMAL,103,0.310996294,1
0,7,6,4,5,0.2,FALSE,28,28,0,TRUE,1,0.014081955,OPTIMAL,2,0,29,0.027000666,0.041082621,0,0,0,0.027079821,29,OPTIMAL,29,0.028011322,1
0,7,6,5,6,0.2,FALSE,32,36,0,TRUE,1,0.163452148,OPTIMAL,2,0,38,0.527159452,0.690611601,0,0,0,0.197977304,38,OPTIMAL,38,0.459707737,1
0,7,6,6,7,0.2,FALSE,39,42,0,TRUE,1,0.092562437,OPTIMAL,2,0,44,1.047823429,1.140385866,0,0,0,0.111568213,44,OPTIMAL,44,0.480266333,1
0,7,6,6,8,0.2,FALSE,39,48,0,TRUE,1,0.066636801,OPTIMAL,2,6.27E-08,40.99999743,0.862647295,0.929284096,47,0,47,0.086638451,41,OPTIMAL,40.99999929,0.492493391,1.000000017
0,7,6,7,9,0.2,FALSE,46,54,0,TRUE,1,0.038516045,OPTIMAL,2,0,46,0.059066534,0.097582579,0,0,0,0.059428692,46,OPTIMAL,46,0.037730694,1
0,7,6,8,10,0.2,FALSE,53,61,0,TRUE,1,0.064013958,OPTIMAL,2,0,53,0.074717283,0.138731241,0,0,0,0.091548204,53,OPTIMAL,53,0.054519653,1
0,7,6,8,11,0.2,FALSE,53,67,0,TRUE,1,0.093514681,OPTIMAL,2,0,58,0.934945107,1.028459787,0,0,0,0.115515947,58,OPTIMAL,58,1.635210752,1
0,7,6,9,11,0.2,FALSE,60,67,0,TRUE,1,0.073687077,OPTIMAL,2,0,71,2.046141386,2.119828463,0,0,0,0.092687368,71,OPTIMAL,71,1.302536011,1
0,7,6,9,12,0.2,FALSE,60,73,0,TRUE,1,0.167053223,OPTIMAL,2,0,63,0.57896924,0.746022463,0,0,0,0.199057817,63,OPTIMAL,63,0.505671024,1
0,7,6,10,12,0.2,FALSE,67,73,0,TRUE,1,0.141459227,OPTIMAL,2,0,77,1.215358734,1.356817961,0,0,0,0.163460732,77,OPTIMAL,76.99999222,1.529588223,1.000000101
0,7,6,10,13,0.2,FALSE,67,79,0,TRUE,1,0.11527276,OPTIMAL,2,0,68,0.133027792,0.248300552,0,0,0,0.135774374,68,OPTIMAL,68,0.155729294,1
0,7,6,11,13,0.2,FALSE,74,79,0,TRUE,1,0.207151413,OPTIMAL,2,0,83,0.960920811,1.168072224,0,0,0,0.23015523,83,OPTIMAL,83,0.573658228,1
0,7,6,11,14,0.2,FALSE,74,85,0,TRUE,1,0.137080431,OPTIMAL,2,0,89,1.884552956,2.021633387,0,0,0,0.161079645,89,OPTIMAL,89,1.898407221,1
0,7,6,11,15,0.2,FALSE,74,91,0,TRUE,1,0.09499526,OPTIMAL,2,0,79,0.856746435,0.951741695,0,0,0,0.125207424,79,OPTIMAL,79,0.599090099,1
0,7,6,12,14,0.2,FALSE,81,85,0,TRUE,1,0.15194726,OPTIMAL,2,0,89,0.832867861,0.984815121,0,0,0,0.174947739,89,OPTIMAL,89,0.806579113,1
0,7,6,12,15,0.2,FALSE,81,91,0,TRUE,1,0.099637508,OPTIMAL,2,1.03E-08,96.999999,3.923910856,4.023548365,0,0,0,0.128907919,97,OPTIMAL,97,1.622233391,1
0,7,6,12,16,0.2,FALSE,81,97,0,TRUE,1,0.125983477,OPTIMAL,2,0,84,0.241573572,0.367557049,0,0,0,0.151993275,84,OPTIMAL,84,0.280096292,1
0,7,6,13,16,0.2,FALSE,88,97,0,TRUE,1,0.096391439,OPTIMAL,2,0,103,3.688639879,3.785031319,0,0,0,0.121392488,103,OPTIMAL,102.9999869,1.715766191,1.000000127
0,7,6,13,17,0.2,FALSE,88,103,0,TRUE,1,0.115036249,OPTIMAL,2,0,89,0.226741314,0.341777563,0,0,0,0.137559891,89,OPTIMAL,89,0.107727289,1
0,7,6,13,18,0.2,FALSE,88,109,0,TRUE,1,0.1175313,OPTIMAL,2,0,94,1.70651722,1.824048519,0,0,0,0.162056923,94,OPTIMAL,93.9999975,2.005171299,1.000000027
0,7,6,14,17,0.2,FALSE,95,103,0,TRUE,1,0.143577337,OPTIMAL,2,0,109,2.065214634,2.208791971,0,0,0,0.165576696,109,OPTIMAL,109,1.327092886,1
0,7,6,14,18,0.2,FALSE,95,109,0,TRUE,1,0.245234251,OPTIMAL,2,0,115,1.971096277,2.216330528,0,0,0,0.286801815,115,OPTIMAL,115,2.716166973,1
0,7,6,14,19,0.2,FALSE,95,115,0,TRUE,1,0.157043934,OPTIMAL,2,0,99,0.399180889,0.556224823,0,0,0,0.185047865,99,OPTIMAL,99,0.389103413,1
0,7,6,15,18,0.2,FALSE,99,109,0,TRUE,1,0.227506399,OPTIMAL,2,0,115,3.038427591,3.26593399,0,0,0,0.268025398,115,OPTIMAL,115,1.384268999,1
0,7,6,15,19,0.2,FALSE,99,115,0,TRUE,1,0.052598,OPTIMAL,2,0,101,0.224573135,0.277171135,0,0,0,0.077604055,101,OPTIMAL,101,0.346132994,1
0,7,6,15,20,0.2,FALSE,99,121,0,TRUE,1,0.19559741,OPTIMAL,2,0,105,1.318860292,1.514457703,0,0,0,0.227596283,105,OPTIMAL,104.9999934,1.37319088,1.000000063
0,7,7,4,4,0.2,TRUE,28,28,0,TRUE,1,0.022901058,OPTIMAL,2,0,28,0.045001268,0.067902327,0,0,0,0.067902327,28,OPTIMAL,28,0.019509792,1
0,7,7,5,5,0.2,FALSE,32,35,0,TRUE,1,0.107364655,OPTIMAL,2,0,37,0.547169209,0.654533863,0,0,0,0.124370575,37,OPTIMAL,37,0.365497828,1
0,7,7,6,6,0.2,FALSE,39,42,0,TRUE,1,0.062589645,OPTIMAL,2,0,44,0.907208204,0.96979785,0,0,0,0.085590363,44,OPTIMAL,44,0.637748003,1
0,7,7,7,7,0.2,FALSE,46,49,0,TRUE,1,0.169044495,OPTIMAL,2,7.84E-08,50.999996,1.576334,1.745378494,44,0,44,0.188044071,51,OPTIMAL,51,0.275713444,1
0,7,7,7,8,0.2,FALSE,46,56,0,TRUE,1,0.090517998,OPTIMAL,2,0,49,0.987322807,1.077840805,0,0,0,0.111530542,49,OPTIMAL,49,0.475528955,1
0,7,7,8,8,0.2,FALSE,53,56,0,TRUE,1,0.07751298,OPTIMAL,2,6.65E-08,57.99999614,1.431054115,1.508567095,69,2,67,0.096516848,58,OPTIMAL,57.99999704,0.379330873,1.000000051
0,7,7,8,9,0.2,FALSE,53,63,0,TRUE,1,0.13552618,OPTIMAL,2,0,55,0.953636408,1.089162588,0,0,0,0.156532049,55,OPTIMAL,55,0.309635162,1
0,7,7,9,9,0.2,FALSE,60,63,0,TRUE,1,0.203086615,OPTIMAL,2,0,65,0.904540539,1.107627153,0,0,0,0.221284389,65,OPTIMAL,65,0.881283998,1
0,7,7,9,10,0.2,FALSE,60,72,0,TRUE,1,0.125130177,OPTIMAL,2,0,63,1.135727644,1.260857821,0,0,0,0.155130386,63,OPTIMAL,63,1.141624451,1
0,7,7,10,10,0.2,FALSE,67,72,0,TRUE,1,0.118506432,OPTIMAL,2,9.14E-08,74.99999314,2.250818491,2.369324923,67,0,67,0.139947653,75,OPTIMAL,75,1.370003223,1
0,7,7,10,11,0.2,FALSE,67,79,0,TRUE,1,0.154636145,OPTIMAL,2,0,69,1.021835327,1.176471472,0,0,0,0.181859016,69,OPTIMAL,68.99999559,0.619991541,1.000000064
0,7,7,11,11,0.2,FALSE,74,79,0,TRUE,1,0.15409565,OPTIMAL,2,4.26E-08,81.99999651,2.037200212,2.191295862,16,0,16,0.174026728,82,OPTIMAL,82,1.050233841,1
0,7,7,11,12,0.2,FALSE,74,86,0,TRUE,1,0.155644655,OPTIMAL,2,0,75,0.482591391,0.638236046,0,0,0,0.179657221,75,OPTIMAL,75,0.340934038,1
0,7,7,12,12,0.2,FALSE,81,86,0,TRUE,1,0.307367802,OPTIMAL,2,6.99E-08,88.99999378,2.35422349,2.661591291,59,0,59,0.343376398,89,OPTIMAL,89,0.721713305,1
0,7,7,12,13,0.2,FALSE,81,93,0,TRUE,1,0.142912626,OPTIMAL,2,0,81,0.206666946,0.349579573,1,0,1,0.165436983,81,OPTIMAL,81,0.186905146,1
0,7,7,13,13,0.2,FALSE,88,93,0,TRUE,1,0.128438234,OPTIMAL,2,0,96,1.072153568,1.200591803,0,0,0,0.151946545,96,OPTIMAL,96,0.736289501,1
0,7,7,13,14,0.2,FALSE,88,100,0,TRUE,1,0.076995373,OPTIMAL,2,0,87,0.135945797,0.21294117,0,0,0,0.102519035,87,OPTIMAL,87,0.111535788,1
0,7,7,13,15,0.2,FALSE,88,107,0,TRUE,1,0.172255993,OPTIMAL,2,9.74E-08,93.99999085,9.00404191,9.176297903,46,0,46,0.206268311,94,OPTIMAL,94,1.846875906,1
0,7,7,14,14,0.2,FALSE,95,100,0,TRUE,1,0.202261686,OPTIMAL,2,0,103,1.662379503,1.86464119,0,0,0,0.570338249,103,OPTIMAL,103,0.925179243,1
0,7,7,14,15,0.2,FALSE,95,107,0,TRUE,1,0.047183514,OPTIMAL,2,0,94,0.13181591,0.178999424,0,0,0,0.071479321,94,OPTIMAL,94,0.11573267,1
0,7,7,14,16,0.2,FALSE,95,114,0,TRUE,1,0.097274542,OPTIMAL,2,0,100,5.207243681,5.304518223,25,0,25,0.129289627,100,OPTIMAL,99.99999482,1.74341464,1.000000052
0,7,7,15,15,0.2,FALSE,99,107,0,TRUE,1,0.128547192,OPTIMAL,2,0,112,3.506318092,3.634865284,0,0,0,0.155546904,112,OPTIMAL,112,1.800652742,1
0,7,7,15,16,0.2,FALSE,99,114,0,TRUE,1,0.137650013,OPTIMAL,2,1.78E-08,99.99999822,0.626772404,0.764422417,0,0,0,0.163649559,100,OPTIMAL,100,0.300317287,1
0,7,7,15,17,0.2,FALSE,99,121,0,TRUE,1,0.092486382,OPTIMAL,2,0,106,6.130233765,6.222720146,6,0,6,0.117491007,106,OPTIMAL,106,3.158376217,1
0,7,8,8,7,0.2,FALSE,53,57,0,TRUE,1,0.075519085,OPTIMAL,2,0,59,1.074195623,1.149714708,0,0,0,0.10451746,59,OPTIMAL,59,1.100212812,1
0,7,8,9,8,0.2,FALSE,60,65,0,TRUE,1,0.153107405,OPTIMAL,2,7.96E-08,66.99999467,2.631199121,2.784306526,67,6,61,0.180638552,67,OPTIMAL,67,1.74716258,1
0,7,8,10,9,0.2,FALSE,67,73,0,TRUE,1,0.117204666,OPTIMAL,2,0,75,1.47888732,1.596091986,5,0,5,0.153210163,75,OPTIMAL,74.99998714,1.899354458,1.000000171
0,7,8,11,10,0.2,FALSE,74,84,0,TRUE,1,0.322274923,OPTIMAL,2,0,75,0.214361429,0.536636353,0,0,0,0.34600234,75,OPTIMAL,75,0.201614618,1
0,7,8,12,11,0.2,FALSE,81,92,0,TRUE,1,0.082289696,OPTIMAL,2,2.85E-08,81.99999767,0.281175137,0.363464832,0,0,0,0.109299421,82,OPTIMAL,82,0.306130409,1
0,7,8,13,12,0.2,FALSE,88,100,0,TRUE,1,0.436527729,OPTIMAL,2,0,89,0.317554235,0.754081964,0,0,0,0.478060246,89,OPTIMAL,89,0.253531218,1
0,7,8,14,13,0.2,FALSE,95,108,0,TRUE,1,0.308158636,OPTIMAL,2,0,96,0.299185276,0.607343912,0,0,0,0.338155508,96,OPTIMAL,96,0.30455184,1
0,7,8,15,14,0.2,FALSE,99,116,0,TRUE,1,0.201341152,OPTIMAL,2,0,102,21.36303949,21.56438065,466,0,466,0.234696865,102,OPTIMAL,102,1.879261971,1
0,7,9,5,4,0.2,FALSE,32,36,0,TRUE,1,0.062015057,OPTIMAL,2,0,32,0.036000729,0.098015785,0,0,0,0.080019951,32,OPTIMAL,32,0.045995951,1
0,7,9,6,5,0.2,FALSE,39,47,0,TRUE,1,0.065962553,OPTIMAL,2,0,36,0.080528259,0.146490812,0,0,0,0.097491026,36,OPTIMAL,36,0.042937517,1
0,7,9,7,6,0.2,FALSE,46,56,0,TRUE,1,0.087889433,OPTIMAL,2,0,43,0.068165779,0.156055212,0,0,0,0.111378431,43,OPTIMAL,43,0.052516937,1
0,7,9,9,7,0.2,FALSE,60,65,0,TRUE,1,0.116515398,OPTIMAL,2,0,64,1.035353184,1.151868582,0,0,0,0.157515764,64,OPTIMAL,64,1.186549187,1
0,7,9,10,8,0.2,FALSE,67,74,0,TRUE,1,0.091863155,OPTIMAL,2,0,65,0.074621201,0.166484356,0,0,0,0.113976955,65,OPTIMAL,65,0.063528538,1
0,7,9,11,9,0.2,FALSE,74,83,0,TRUE,1,0.062525272,OPTIMAL,2,0,72,0.133701086,0.196226358,0,0,0,0.09651494,72,OPTIMAL,72,0.102222681,1
0,7,9,12,10,0.2,FALSE,81,95,0,TRUE,1,0.202147961,OPTIMAL,2,0,80,4.323113918,4.525261879,0,0,0,0.234663963,80,OPTIMAL,80,2.30765295,1
0,7,9,13,11,0.2,FALSE,88,104,0,TRUE,1,0.152585983,OPTIMAL,2,0,88,46.2194066,46.37199259,863,0,863,0.206112385,88,OPTIMAL,87.99999866,7.776777744,1.000000015
0,7,9,14,11,0.2,FALSE,95,104,0,TRUE,1,0.097428322,OPTIMAL,2,0,89,0.129674673,0.227102995,0,0,0,0.125428677,89,OPTIMAL,89,0.089814901,1
0,7,9,14,12,0.2,FALSE,95,113,0,TRUE,1,0.273536205,OPTIMAL,2,0,96,268.1604073,268.4339435,1253,0,1253,0.328535318,96,OPTIMAL,96,14.03236032,1
0,7,9,15,12,0.2,FALSE,99,113,0,TRUE,1,0.371110201,OPTIMAL,2,0,96,12.80067563,13.17178583,275,0,275,0.422114849,96,OPTIMAL,96,1.285854578,1
0,7,9,15,13,0.2,FALSE,99,122,0,TRUE,1,0.335595131,OPTIMAL,2,0,92,0.238662243,0.574257374,0,0,0,0.379206181,92,OPTIMAL,92,0.264046669,1
0,7,10,4,3,0.2,TRUE,28,30,0,TRUE,1,0.04451561,OPTIMAL,2,0,30,0.077514887,0.122030497,0,0,0,0.066516399,30,OPTIMAL,30,0.05850482,1
0,7,10,7,5,0.2,FALSE,46,52,0,TRUE,1,0.118520021,OPTIMAL,2,0,46,0.869779348,0.98829937,57,0,57,0.14352107,46,OPTIMAL,46,0.134717703,1
0,7,10,8,6,0.2,FALSE,53,62,0,TRUE,1,0.085526943,OPTIMAL,2,0,55,1.468361855,1.553888798,0,0,0,0.119288206,55,OPTIMAL,55,1.529534578,1
0,7,10,10,7,0.2,FALSE,67,72,0,TRUE,1,0.294853449,OPTIMAL,2,1.39E-08,71.999999,1.939356804,2.234210253,47,0,47,0.33385396,72,OPTIMAL,71.9999952,2.586119652,1.000000067
0,7,10,11,8,0.2,FALSE,74,82,0,TRUE,1,0.075538874,OPTIMAL,2,0,73,0.187051535,0.262590408,0,0,0,0.098539352,73,OPTIMAL,73,0.109532833,1
0,7,10,12,9,0.2,FALSE,81,92,0,TRUE,1,0.268103838,OPTIMAL,2,0,82,4.054193974,4.322297812,0,0,0,0.307106972,82,OPTIMAL,82,0.810092449,1
0,7,10,13,10,0.2,FALSE,88,106,0,TRUE,1,0.356397867,OPTIMAL,2,0,82,0.272894144,0.629292011,0,0,0,0.398318529,82,OPTIMAL,82,0.325590849,1
0,7,10,14,10,0.2,FALSE,95,106,0,TRUE,1,0.24805975,OPTIMAL,2,0,91,0.237295389,0.485355139,0,0,0,0.282653332,91,OPTIMAL,91,0.589092731,1
0,7,10,15,11,0.2,FALSE,99,116,0,TRUE,1,0.314430714,OPTIMAL,2,0,100,6.105861187,6.420291901,0,0,0,0.362432003,100,OPTIMAL,99.99998069,8.657453299,1.000000193
0,8,6,4,6,0.2,FALSE,32,34,0,TRUE,1,0.058609009,OPTIMAL,2,0,35,0.176098824,0.234707832,0,0,0,0.080414534,35,OPTIMAL,35,0.120954275,1
0,8,6,5,7,0.2,FALSE,36,43,0,TRUE,1,0.058959246,OPTIMAL,2,0,37,0.346784592,0.405743837,24,1,23,0.087949991,37,OPTIMAL,37,0.078185558,1
0,8,6,6,8,0.2,FALSE,44,49,0,TRUE,1,0.078999758,OPTIMAL,2,0,51,1.226625204,1.305624962,0,0,0,0.110920668,51,OPTIMAL,51,1.003135443,1
0,8,6,6,9,0.2,FALSE,44,55,0,TRUE,1,0.062000275,OPTIMAL,2,0,47,0.581414938,0.643415213,0,0,0,0.088003874,47,OPTIMAL,47,0.891456842,1
0,8,6,7,10,0.2,FALSE,52,64,0,TRUE,1,0.119511843,OPTIMAL,2,0,54,0.748901844,0.868413687,0,0,0,0.152021408,54,OPTIMAL,54,0.929332018,1
0,8,6,7,11,0.2,FALSE,52,70,0,TRUE,1,0.1365273,OPTIMAL,2,0,59,2.105449915,2.241977215,0,0,0,0.168770075,59,OPTIMAL,59,1.427979708,1
0,8,6,8,11,0.2,FALSE,60,70,0,TRUE,1,0.112675428,OPTIMAL,2,0,59,0.162545204,0.275220633,0,0,0,0.149676323,59,OPTIMAL,59,0.17203927,1
0,8,6,8,12,0.2,FALSE,60,76,0,TRUE,1,0.191537142,OPTIMAL,2,0,64,1.595459223,1.786996365,0,0,0,0.217065096,64,OPTIMAL,64,1.591350555,1
0,8,6,9,12,0.2,FALSE,68,76,0,TRUE,1,0.071000099,OPTIMAL,2,0,78,2.999987602,3.070987701,0,0,0,0.099012136,78,OPTIMAL,77.9999986,1.51275301,1.000000018
0,8,6,9,13,0.2,FALSE,68,82,0,TRUE,1,0.058580399,OPTIMAL,2,0,69,0.432802677,0.491383076,0,0,0,0.096310377,69,OPTIMAL,69,0.358494997,1
0,8,6,9,14,0.2,FALSE,68,88,0,TRUE,1,0.131208181,OPTIMAL,2,0,74,2.629339457,2.760547638,0,0,0,0.161747456,74,OPTIMAL,74,1.731978416,1
0,8,6,10,14,0.2,FALSE,75,88,0,TRUE,1,0.099176168,OPTIMAL,2,0,74,0.172090769,0.271266937,0,0,0,0.135381937,74,OPTIMAL,74,0.181050539,1
0,8,6,10,15,0.2,FALSE,75,95,0,TRUE,1,0.112527132,OPTIMAL,2,8.19E-08,80.99999337,1.836061954,1.948589087,5,0,5,0.141526222,81,OPTIMAL,80.9999924,2.688924074,1.000000094
0,8,6,11,15,0.2,FALSE,83,95,0,TRUE,1,0.290714025,OPTIMAL,2,0,99,1.187211275,1.477925301,0,0,0,0.329243183,99,OPTIMAL,99,1.083789587,1
0,8,6,11,16,0.2,FALSE,83,101,0,TRUE,1,0.091744184,OPTIMAL,2,0,86,0.911915064,1.003659248,0,0,0,0.126747847,86,OPTIMAL,86,0.651129961,1
0,8,6,11,17,0.2,FALSE,83,107,0,TRUE,1,0.111105919,OPTIMAL,2,0,91,3.496517897,3.607623816,0,0,0,0.148106098,91,OPTIMAL,91,4.286074638,1
0,8,6,12,16,0.2,FALSE,91,101,0,TRUE,1,0.300112724,OPTIMAL,2,0,105,4.510065556,4.81017828,0,0,0,0.373642445,105,OPTIMAL,105,2.973268032,1
0,8,6,12,17,0.2,FALSE,91,107,0,TRUE,1,0.14078474,OPTIMAL,2,0,91,0.28284049,0.423625231,0,0,0,0.178800821,91,OPTIMAL,91,0.191946983,1
0,8,6,12,18,0.2,FALSE,91,113,0,TRUE,1,0.073011637,OPTIMAL,2,0,96,1.861627579,1.934639215,0,0,0,0.115008354,96,OPTIMAL,96,2.017996788,1
0,8,6,12,19,0.2,FALSE,91,119,0,TRUE,1,0.130885363,OPTIMAL,2,5.45E-08,100.9999945,4.523390055,4.654275417,12,0,12,0.163885832,101,OPTIMAL,100.9999889,4.416846275,1.00000011
0,8,6,13,18,0.2,FALSE,99,113,0,TRUE,1,0.332350016,OPTIMAL,2,0,117,3.9223001,4.254650116,0,0,0,0.389867306,117,OPTIMAL,117,2.447596788,1
0,8,6,13,19,0.2,FALSE,99,119,0,TRUE,1,0.070554495,OPTIMAL,2,0,101,3.676132679,3.746687174,95,0,95,0.111095428,101,OPTIMAL,101,0.405037642,1
0,8,6,13,20,0.2,FALSE,99,126,0,TRUE,1,0.193624258,OPTIMAL,2,1.30E-07,107.999986,5.884133816,6.077758074,7,0,7,0.23663187,108,OPTIMAL,108,2.720108509,1
0,8,6,14,19,0.2,FALSE,107,119,0,TRUE,1,0.1813972,OPTIMAL,2,0,123,8.548422575,8.729819775,0,0,0,0.227842808,123,OPTIMAL,123,18.65031242,1
0,8,6,14,20,0.2,FALSE,107,126,0,TRUE,1,0.104649544,OPTIMAL,2,0,108,0.466458797,0.571108341,0,0,0,0.143565655,108,OPTIMAL,108,0.457541466,1
0,8,6,14,21,0.2,FALSE,107,132,0,TRUE,1,0.068130493,OPTIMAL,2,0,113,3.310110092,3.378240585,0,0,0,0.098132133,113,OPTIMAL,113,3.169789791,1
0,8,6,14,22,0.2,FALSE,107,138,0,TRUE,1,0.203436136,OPTIMAL,2,0,118,4.591159105,4.794595242,0,0,0,0.236437559,118,OPTIMAL,118,12.42708302,1
0,8,6,15,20,0.2,FALSE,111,126,0,TRUE,1,0.196998596,OPTIMAL,2,1.59E-07,131.999979,0.705543041,0.902541637,0,0,0,0.23540616,132,OPTIMAL,132,2.77387619,1
0,8,6,15,21,0.2,FALSE,111,132,0,TRUE,1,0.173891306,OPTIMAL,2,0,113,0.488692045,0.662583351,0,0,0,0.216398478,113,OPTIMAL,113,0.574105978,1
0,8,6,15,22,0.2,FALSE,111,138,0,TRUE,1,0.076144934,OPTIMAL,2,6.46E-08,117.9999924,2.344147444,2.420292377,0,0,0,0.107979774,118,OPTIMAL,118,2.505757809,1
0,8,6,15,23,0.2,FALSE,111,144,0,TRUE,1,0.10875392,OPTIMAL,2,1.19E-07,122.9999854,25.64819217,25.75694609,33,0,33,0.140288591,123,OPTIMAL,123,18.91720867,1
0,8,7,4,5,0.2,FALSE,32,32,0,TRUE,1,0.022994757,OPTIMAL,2,0,35,0.040088654,0.06308341,0,0,0,0.042073965,35,OPTIMAL,35,0.022093058,1
0,8,7,5,6,0.2,FALSE,36,44,0,TRUE,1,0.127656698,OPTIMAL,2,0,37,0.985299349,1.112956047,0,0,0,0.15717411,37,OPTIMAL,37,0.672818422,1
0,8,7,6,7,0.2,FALSE,44,51,0,TRUE,1,0.300196171,OPTIMAL,2,0,43,0.154054642,0.454250813,0,0,0,0.334198952,43,OPTIMAL,43,0.148536682,1
0,8,7,7,8,0.2,FALSE,52,58,0,TRUE,1,0.096419334,OPTIMAL,2,0,58,1.168413639,1.264832973,0,0,0,0.121176481,58,OPTIMAL,58,0.570662737,1
0,8,7,7,9,0.2,FALSE,52,65,0,TRUE,1,0.161518574,OPTIMAL,2,9.09E-08,54.999995,2.12728405,2.288802624,6,0,6,0.195023537,55,OPTIMAL,55,1.40022254,1
0,8,7,8,10,0.2,FALSE,60,76,0,TRUE,1,0.142206669,OPTIMAL,2,0,63,2.889977217,3.032183886,0,0,0,0.181206465,63,OPTIMAL,63,2.950770378,1
0,8,7,9,11,0.2,FALSE,68,83,0,TRUE,1,0.146816969,OPTIMAL,2,0,69,1.525192738,1.672009706,0,0,0,0.17381382,69,OPTIMAL,69,2.069965363,1
0,8,7,10,12,0.2,FALSE,75,90,0,TRUE,1,0.09853816,OPTIMAL,2,0,75,1.677632093,1.776170254,0,0,0,0.127542973,75,OPTIMAL,75,2.382726431,1
0,8,7,10,13,0.2,FALSE,75,97,0,TRUE,1,0.091799498,OPTIMAL,2,0,81,7.35194087,7.443740368,0,0,0,0.121737957,81,OPTIMAL,80.99999107,18.84959483,1.00000011
0,8,7,11,13,0.2,FALSE,83,97,0,TRUE,1,0.133995771,OPTIMAL,2,1.57E-08,80.99999873,0.606768131,0.740763903,0,0,0,0.190999746,81,OPTIMAL,81,0.634773254,1
0,8,7,11,14,0.2,FALSE,83,104,0,TRUE,1,0.082544804,OPTIMAL,2,0,87,6.202951193,6.285495996,0,0,0,0.132076502,87,OPTIMAL,87,3.1303792,1
0,8,7,12,14,0.2,FALSE,91,104,0,TRUE,1,0.327692032,OPTIMAL,2,0,88,0.26863122,0.596323252,0,0,0,0.384279251,88,OPTIMAL,88,0.176076889,1
0,8,7,12,15,0.2,FALSE,91,113,0,TRUE,1,0.083291292,OPTIMAL,2,0,93,3.748674154,3.831965446,0,0,0,0.117814302,93,OPTIMAL,93,5.488660336,1
0,8,7,13,15,0.2,FALSE,99,113,0,TRUE,1,0.283385992,OPTIMAL,2,0,94,0.310328245,0.593714237,0,0,0,0.327903271,94,OPTIMAL,94,0.257794857,1
0,8,7,13,16,0.2,FALSE,99,120,0,TRUE,1,0.106799126,OPTIMAL,2,0,99,2.877261162,2.984060287,0,0,0,0.150156021,99,OPTIMAL,98.9999982,2.648638725,1.000000018
0,8,7,13,17,0.2,FALSE,99,127,0,TRUE,1,0.194471836,OPTIMAL,2,0,105,14.28713584,14.48160768,0,0,0,0.254070044,105,OPTIMAL,104.99999,18.59070373,1.000000095
0,8,7,14,16,0.2,FALSE,107,120,0,TRUE,1,0.188707352,OPTIMAL,2,0,118,5.838168621,6.026875973,0,0,0,0.214708567,118,OPTIMAL,118,2.288546085,1
0,8,7,14,17,0.2,FALSE,107,127,0,TRUE,1,0.161454439,OPTIMAL,2,0,105,1.46662426,1.628078699,0,0,0,0.204454422,105,OPTIMAL,105,1.30501318,1
0,8,7,14,18,0.2,FALSE,107,134,0,TRUE,1,0.074832439,OPTIMAL,2,0,111,8.805641651,8.880474091,0,0,0,0.102833271,111,OPTIMAL,111,5.964989424,1
0,8,7,15,18,0.2,FALSE,111,134,0,TRUE,1,0.156094074,OPTIMAL,2,0,111,4.278643847,4.434737921,0,0,0,0.189023972,111,OPTIMAL,111,3.252318859,1
0,8,7,15,19,0.2,FALSE,111,141,0,TRUE,1,0.175955772,OPTIMAL,2,0,117,37.75390983,37.9298656,0,0,0,0.217968941,117,OPTIMAL,117,14.99013019,1
0,8,8,4,4,0.2,TRUE,32,32,0,TRUE,1,0.026002407,OPTIMAL,2,0,32,0.043998957,0.070001364,0,0,0,0.043002605,32,OPTIMAL,32,0.026001215,1
0,8,8,5,5,0.2,FALSE,36,43,0,TRUE,1,0.156545639,OPTIMAL,2,0,35,0.585224628,0.741770267,0,0,0,0.183559418,35,OPTIMAL,35,0.488221169,1
0,8,8,6,6,0.2,FALSE,44,51,0,TRUE,1,0.140571833,OPTIMAL,2,0,42,0.415969372,0.556541204,0,0,0,0.169239044,42,OPTIMAL,42,0.264551163,1
0,8,8,7,7,0.2,FALSE,52,59,0,TRUE,1,0.06415987,OPTIMAL,2,0,49,0.149247408,0.213407278,0,0,0,0.100798607,49,OPTIMAL,49,0.110342741,1
0,8,8,8,8,0.2,FALSE,60,67,0,TRUE,1,0.047526836,OPTIMAL,2,0,57,0.073999405,0.121526241,0,0,0,0.072528362,57,OPTIMAL,57,0.043949127,1
0,8,8,8,9,0.2,FALSE,60,75,0,TRUE,1,0.108106852,OPTIMAL,2,0,63,4.706632853,4.814739704,0,0,0,0.133027792,63,OPTIMAL,63,1.14972496,1
0,8,8,9,9,0.2,FALSE,68,75,0,TRUE,1,0.274064779,OPTIMAL,2,0,73,2.781185865,3.055250645,0,0,0,0.300098419,73,OPTIMAL,73,1.159913063,1
0,8,8,9,10,0.2,FALSE,68,87,0,TRUE,1,0.171549797,OPTIMAL,2,0,60,0.156075716,0.327625513,0,0,0,0.198064566,60,OPTIMAL,60,0.064520836,1
0,8,8,10,10,0.2,FALSE,75,87,0,TRUE,1,0.155590534,OPTIMAL,2,0,71,3.261993885,3.417584419,113,0,113,0.183796644,71,OPTIMAL,71,1.325960159,1
0,8,8,10,11,0.2,FALSE,75,95,0,TRUE,1,0.272780895,OPTIMAL,2,0,69,3.872991323,4.145772219,3,0,3,0.304218292,69,OPTIMAL,69,1.325490713,1
0,8,8,11,11,0.2,FALSE,83,95,0,TRUE,1,0.1806674,OPTIMAL,2,1.98E-08,77.99999845,0.307402611,0.488070011,0,0,0,0.206668615,78,OPTIMAL,78,0.600846529,1
0,8,8,11,12,0.2,FALSE,83,103,0,TRUE,1,0.134302139,OPTIMAL,2,0,85,8.646730423,8.781032562,0,0,0,0.180810928,85,OPTIMAL,85,6.968388796,1
0,8,8,12,12,0.2,FALSE,91,103,0,TRUE,1,0.208071947,OPTIMAL,2,2.50E-08,85.99999785,0.302577496,0.510649443,0,0,0,0.237605333,86,OPTIMAL,86,0.257687807,1
0,8,8,12,13,0.2,FALSE,91,111,0,TRUE,1,0.15353775,OPTIMAL,2,0,92,7.445626736,7.599164486,0,0,0,0.215571165,92,OPTIMAL,92,14.23380566,1
0,8,8,13,13,0.2,FALSE,99,111,0,TRUE,1,0.332800388,OPTIMAL,2,0,93,0.260800123,0.593600512,0,0,0,0.377324104,93,OPTIMAL,93,0.260846376,1
0,8,8,13,14,0.2,FALSE,99,119,0,TRUE,1,0.169214487,OPTIMAL,2,0,99,4.377355576,4.546570063,0,0,0,0.211212635,99,OPTIMAL,99,4.460875034,1
0,8,8,14,14,0.2,FALSE,107,119,0,TRUE,1,0.070205212,OPTIMAL,2,0,100,0.219156981,0.289362192,0,0,0,0.101828575,100,OPTIMAL,100,0.184047461,1
0,8,8,14,15,0.2,FALSE,107,130,0,TRUE,1,0.339256048,OPTIMAL,2,0,104,7.522950649,7.862206697,0,0,0,0.374256611,104,OPTIMAL,104,8.076973915,1
0,8,8,15,15,0.2,FALSE,111,130,0,TRUE,1,0.157910824,OPTIMAL,2,0,104,3.289669752,3.447580576,0,0,0,0.192923307,104,OPTIMAL,104,1.862864017,1
0,8,8,15,16,0.2,FALSE,111,138,0,TRUE,1,0.237785816,OPTIMAL,2,0,111,32.73537731,32.97316313,304,0,304,0.270781994,111,OPTIMAL,110.999992,21.20350266,1.000000072
0,8,8,15,17,0.2,FALSE,111,146,0,TRUE,1,0.071556568,OPTIMAL,2,0,100,0.447021246,0.518577814,0,0,0,0.113561392,100,OPTIMAL,100,0.457859039,1
0,8,9,9,8,0.2,FALSE,68,75,0,TRUE,1,0.08951211,OPTIMAL,2,0,66,0.110410452,0.199922562,0,0,0,0.133034229,66,OPTIMAL,66,0.043028593,1
0,8,9,10,9,0.2,FALSE,75,84,0,TRUE,1,0.063049316,OPTIMAL,2,0,73,0.153535843,0.216585159,0,0,0,0.093057156,73,OPTIMAL,73,0.176063061,1
0,8,9,11,10,0.2,FALSE,83,98,0,TRUE,1,0.819144011,OPTIMAL,2,0,81,7.390112638,8.209256649,34,0,34,0.859158278,81,OPTIMAL,81,3.94822979,1
0,8,9,12,11,0.2,FALSE,91,107,0,TRUE,1,0.404302359,OPTIMAL,2,0,89,6.065871239,6.470173597,0,0,0,0.453301668,89,OPTIMAL,89,2.173210382,1
0,8,9,13,12,0.2,FALSE,99,116,0,TRUE,1,0.198125601,OPTIMAL,2,0,97,6.331888914,6.530014515,0,0,0,0.226126671,97,OPTIMAL,97,2.272294044,1
0,8,9,14,13,0.2,FALSE,107,125,0,TRUE,1,0.306206226,OPTIMAL,2,0,105,4.243660688,4.549866915,0,0,0,0.338713884,105,OPTIMAL,105,3.367324114,1
0,8,9,15,14,0.2,FALSE,111,134,0,TRUE,1,0.254102707,OPTIMAL,2,0,113,8.216587067,8.470689774,0,0,0,0.292503834,113,OPTIMAL,113,8.042757988,1
0,8,10,5,4,0.2,FALSE,36,40,0,TRUE,1,0.066002369,OPTIMAL,2,0,36,0.04199791,0.108000278,0,0,0,0.087000847,36,OPTIMAL,36,0.049529552,1
0,8,10,6,5,0.2,FALSE,44,53,0,TRUE,1,0.050544739,OPTIMAL,2,0,40,0.055529594,0.106074333,0,0,0,0.07454443,40,OPTIMAL,40,0.037999392,1
0,8,10,7,6,0.2,FALSE,52,63,0,TRUE,1,0.129057884,OPTIMAL,2,0,48,0.089529037,0.218586922,0,0,0,0.157586813,48,OPTIMAL,48,0.074514389,1
0,8,10,8,7,0.2,FALSE,60,73,0,TRUE,1,0.100524902,OPTIMAL,2,0,56,0.116303682,0.216828585,0,0,0,0.141046762,56,OPTIMAL,56,0.059433937,1
0,8,10,10,8,0.2,FALSE,75,83,0,TRUE,1,0.085488558,OPTIMAL,2,0,72,0.11954546,0.205034018,0,0,0,0.111490965,72,OPTIMAL,72,0.118019342,1
0,8,10,11,9,0.2,FALSE,83,93,0,TRUE,1,0.21385479,OPTIMAL,2,0,81,0.343105555,0.556960344,0,0,0,0.24937129,81,OPTIMAL,81,0.360077381,1
0,8,10,12,10,0.2,FALSE,91,108,0,TRUE,1,0.277159452,OPTIMAL,2,0,89,5.544215202,5.821374655,0,0,0,0.320747852,89,OPTIMAL,89,13.90748858,1
0,8,10,13,11,0.2,FALSE,99,118,0,TRUE,1,0.296823025,OPTIMAL,2,0,98,13.79254556,14.08936858,5,0,5,0.370467186,98,OPTIMAL,98,9.821387053,1
0,8,10,14,12,0.2,FALSE,107,128,0,TRUE,1,0.350889444,TIME_LIMIT,9,0.018348624,107,600.4160347,600.7669241,1464,12,1452,0.38589406,109,OPTIMAL,107,17.11001706,1.018691589
0,8,10,15,12,0.2,FALSE,111,128,0,TRUE,1,0.264376402,TIME_LIMIT,9,0.018348691,106.9999927,600.4585788,600.7229552,4229,33,4196,0.337901115,109,OPTIMAL,107,7.694504738,1.018691589
0,8,10,15,13,0.2,FALSE,111,138,0,TRUE,1,0.78339529,OPTIMAL,2,0,102,1.604782104,2.388177395,0,0,0,0.837780714,102,OPTIMAL,102,1.413577557,1
0,8,11,4,3,0.2,TRUE,32,33,0,TRUE,1,0.102543354,OPTIMAL,2,0,33,0.057996273,0.160539627,0,0,0,0.122539759,33,OPTIMAL,33,0.077323914,1
0,8,11,8,6,0.2,FALSE,60,69,0,TRUE,1,0.190570116,OPTIMAL,2,0,62,1.701359987,1.891930103,0,0,0,0.247766256,62,OPTIMAL,62,22.28102612,1
0,8,11,9,7,0.2,FALSE,68,80,0,TRUE,1,0.307991266,OPTIMAL,2,0,72,5.62097621,5.928967476,0,0,0,0.401345015,72,OPTIMAL,72,3.515823841,1
0,8,11,11,8,0.2,FALSE,83,91,0,TRUE,1,0.804745674,OPTIMAL,2,0,82,0.235333204,1.040078878,0,0,0,0.877677679,82,OPTIMAL,82,0.192760229,1
0,8,11,12,9,0.2,FALSE,91,102,0,TRUE,1,0.107515812,OPTIMAL,2,0,92,5.11628747,5.223803282,30,2,28,0.187518597,92,OPTIMAL,92,3.458161116,1
0,8,11,13,10,0.2,FALSE,99,118,0,TRUE,1,0.126347303,OPTIMAL,2,0,89,0.322901487,0.449248791,0,0,0,0.195134401,89,OPTIMAL,89,0.398190737,1
0,8,11,14,11,0.2,FALSE,107,129,0,TRUE,1,0.375891447,OPTIMAL,2,0,98,0.554237843,0.93012929,0,0,0,0.435415983,98,OPTIMAL,98,0.906147242,1
0,8,11,15,11,0.2,FALSE,111,129,0,TRUE,1,0.215057135,OPTIMAL,2,1.72E-05,110.998096,48.96713662,49.18219376,172,0,172,0.28256917,111,OPTIMAL,111,11.74708867,1
0,9,7,5,7,0.2,FALSE,40,53,0,TRUE,1,0.33006835,OPTIMAL,2,1.59E-07,42.99999314,3.17330575,3.5033741,14,0,14,0.365711927,43,OPTIMAL,43,1.596349001,1
0,9,7,6,8,0.2,FALSE,49,60,0,TRUE,1,0.089744806,OPTIMAL,2,0,49,1.280423403,1.370168209,0,0,0,0.163243532,49,OPTIMAL,49,1.945571184,1
0,9,7,7,9,0.2,FALSE,58,67,0,TRUE,1,0.150061369,OPTIMAL,2,0,55,0.087785959,0.237847328,0,0,0,0.183591604,55,OPTIMAL,55,0.062150002,1
0,9,7,7,10,0.2,FALSE,58,79,0,TRUE,1,0.117275,OPTIMAL,2,0,52,0.140185356,0.257460356,0,0,0,0.180974245,52,OPTIMAL,52,0.162076473,1
0,9,7,8,11,0.2,FALSE,67,86,0,TRUE,1,0.092512131,OPTIMAL,2,0,69,10.31175232,10.40426445,0,0,0,0.126511812,69,OPTIMAL,69,6.724714279,1
0,9,7,9,12,0.2,FALSE,76,93,0,TRUE,1,0.116448402,OPTIMAL,2,0,75,2.389458656,2.505907059,0,0,0,0.174175978,75,OPTIMAL,75,3.592214346,1
0,9,7,9,13,0.2,FALSE,76,100,0,TRUE,1,0.262830019,OPTIMAL,2,0,81,5.840186834,6.103016853,0,0,0,0.336931705,81,OPTIMAL,81,9.865711689,1
0,9,7,10,13,0.2,FALSE,83,100,0,TRUE,1,0.166784763,OPTIMAL,2,0,81,7.185723543,7.352508307,68,0,68,0.224934816,81,OPTIMAL,81,3.215895176,1
0,9,7,10,14,0.2,FALSE,83,107,0,TRUE,1,0.277778149,OPTIMAL,2,0,87,13.37163448,13.64941263,0,0,0,0.3263762,87,OPTIMAL,86.99999984,6.438226461,1.000000002
0,9,7,11,15,0.2,FALSE,92,117,0,TRUE,1,0.337541819,OPTIMAL,2,0,92,16.10398674,16.44152856,10,0,10,0.388981581,92,OPTIMAL,92,5.584884644,1
0,9,7,11,16,0.2,FALSE,92,124,0,TRUE,1,0.257661343,OPTIMAL,2,0,98,16.98926473,17.24692607,0,0,0,0.363185167,98,OPTIMAL,98,19.19478941,1
0,9,7,12,16,0.2,FALSE,101,124,0,TRUE,1,0.300534725,OPTIMAL,2,6.74E-08,97.9999934,11.20585704,11.50639176,76,2,74,0.356066227,98,OPTIMAL,98,6.258683681,1
0,9,7,12,17,0.2,FALSE,101,131,0,TRUE,1,0.257877111,OPTIMAL,2,1.45E-07,103.999985,8.889315605,9.147192717,8,0,8,0.320408344,104,OPTIMAL,104,23.85850811,1
0,9,7,13,17,0.2,FALSE,110,131,0,TRUE,1,0.315949202,OPTIMAL,2,0,104,2.023074389,2.33902359,0,0,0,0.371644258,104,OPTIMAL,104,2.036205769,1
0,9,7,13,18,0.2,FALSE,110,138,0,TRUE,1,0.24808526,OPTIMAL,2,0,110,5.803896427,6.051981688,0,0,0,0.298084497,110,OPTIMAL,110,8.556467772,1
0,9,7,13,19,0.2,FALSE,110,145,0,TRUE,1,0.318674803,OPTIMAL,2,0,116,25.7706821,26.0893569,0,0,0,0.380192518,116,OPTIMAL,115.9999583,258.392987,1.000000359
0,9,7,14,18,0.2,FALSE,119,138,0,TRUE,1,0.182145596,OPTIMAL,2,0,110,0.488345623,0.670491219,0,0,0,0.234676123,110,OPTIMAL,110,0.486560106,1
0,9,7,14,19,0.2,FALSE,119,145,0,TRUE,1,0.241914511,OPTIMAL,2,0,116,21.27238488,21.51429939,0,0,0,0.314953804,116,OPTIMAL,116,16.33445859,1
0,9,7,14,20,0.2,FALSE,119,155,0,TRUE,1,0.239881754,OPTIMAL,2,1.34E-07,124.9999833,40.01162529,40.25150704,22,0,22,0.319403648,125,OPTIMAL,125,31.34323239,1
0,9,7,15,20,0.2,FALSE,124,155,0,TRUE,1,0.382253647,OPTIMAL,2,0,125,20.43418026,20.81643391,0,0,0,0.44490242,125,OPTIMAL,125,50.42311096,1
0,9,7,15,21,0.2,FALSE,124,162,0,TRUE,1,0.276255608,OPTIMAL,2,0,131,49.52420592,49.80046153,7,0,7,0.331783772,131,OPTIMAL,130.9999774,320.0910594,1.000000173
0,9,7,15,22,0.2,FALSE,124,169,0,TRUE,1,0.1656003,OPTIMAL,2,0,115,0.678889751,0.844490051,0,0,0,0.25234437,115,OPTIMAL,115,7.985989094,1
0,9,8,4,5,0.2,FALSE,36,36,0,TRUE,1,0.035001755,OPTIMAL,2,0,43,0.080493212,0.115494967,0,0,0,0.073965073,43,OPTIMAL,43,0.03200531,1
0,9,8,5,6,0.2,FALSE,40,52,0,TRUE,1,0.120199203,OPTIMAL,2,0,36,0.217340231,0.337539434,0,0,0,0.168462038,36,OPTIMAL,36,0.121495247,1
0,9,8,6,7,0.2,FALSE,49,60,0,TRUE,1,0.100529432,OPTIMAL,2,5.83E-09,48.99999971,2.667404652,2.767934084,34,0,34,0.134886742,49,OPTIMAL,49,1.289562702,1
0,9,8,7,8,0.2,FALSE,58,68,0,TRUE,1,0.173126459,OPTIMAL,2,0,56,0.794498444,0.967624903,0,0,0,0.206339836,56,OPTIMAL,56,0.563793898,1
0,9,8,8,9,0.2,FALSE,67,76,0,TRUE,1,0.090515614,OPTIMAL,2,0,63,0.129039764,0.219555378,0,0,0,0.135026217,63,OPTIMAL,63,0.08651948,1
0,9,8,8,10,0.2,FALSE,67,90,0,TRUE,1,0.105918407,OPTIMAL,2,0,57,0.223555088,0.329473495,0,0,0,0.173444748,57,OPTIMAL,57,0.094587088,1
0,9,8,9,11,0.2,FALSE,76,98,0,TRUE,1,0.195566177,OPTIMAL,2,0,76,18.80454993,19.00011611,9,0,9,0.240530014,76,OPTIMAL,76,7.09477067,1
0,9,8,10,12,0.2,FALSE,83,106,0,TRUE,1,0.412903309,OPTIMAL,2,0,83,21.66640329,22.0793066,6,0,6,0.464916229,83,OPTIMAL,83,13.35707235,1
0,9,8,11,13,0.2,FALSE,92,114,0,TRUE,1,0.15947175,OPTIMAL,2,1.04E-07,89.99999067,20.75818253,20.91765428,93,0,93,0.223482132,90,OPTIMAL,89.99999173,15.06160831,1.000000092
0,9,8,11,14,0.2,FALSE,92,122,0,TRUE,1,0.329896927,OPTIMAL,2,0,83,0.351459742,0.681356668,0,0,0,0.386896133,83,OPTIMAL,83,1.795526981,1
0,9,8,12,14,0.2,FALSE,101,122,0,TRUE,1,0.110274315,OPTIMAL,2,0,97,5.782222271,5.892496586,0,0,0,0.150401592,97,OPTIMAL,96.99999391,15.69461012,1.000000063
0,9,8,12,15,0.2,FALSE,101,133,0,TRUE,1,0.571600676,OPTIMAL,2,0,88,2.478821516,3.050422192,0,0,0,0.626601219,88,OPTIMAL,88,0.39519906,1
0,9,8,13,15,0.2,FALSE,110,133,0,TRUE,1,0.473493338,OPTIMAL,2,7.86E-08,101.999992,23.17343378,23.64692712,98,0,98,0.519021034,102,OPTIMAL,102,13.68575311,1
0,9,8,13,16,0.2,FALSE,110,141,0,TRUE,1,0.325451851,OPTIMAL,2,0,109,47.0748961,47.40034795,0,0,0,0.398133039,109,OPTIMAL,109,20.89310575,1
0,9,8,14,16,0.2,FALSE,119,141,0,TRUE,1,0.250275373,OPTIMAL,2,0,109,4.759936333,5.010211706,0,0,0,0.309794426,109,OPTIMAL,109,2.259672403,1
0,9,8,14,17,0.2,FALSE,119,149,0,TRUE,1,0.237752914,OPTIMAL,2,0,116,41.66018534,41.89793825,0,0,0,0.319797754,116,OPTIMAL,116,27.91662264,1
0,9,8,15,17,0.2,FALSE,124,149,0,TRUE,1,0.142768383,OPTIMAL,2,0,116,257.4189119,257.5616803,1058,0,1058,0.199767828,116,OPTIMAL,116,19.09455657,1
0,9,8,15,18,0.2,FALSE,124,157,0,TRUE,1,0.400355339,OPTIMAL,2,0,123,40.03112674,40.43148208,1,0,1,0.480231047,123,OPTIMAL,123,37.98214912,1
0,9,8,15,19,0.2,FALSE,124,165,0,TRUE,1,0.324451923,OPTIMAL,2,0,112,1.443499327,1.76795125,0,0,0,0.394570351,112,OPTIMAL,112,2.086671829,1
0,9,9,4,4,0.2,TRUE,36,36,0,TRUE,1,0.03251195,OPTIMAL,2,0,36,0.055510044,0.088021994,0,0,0,0.053511858,36,OPTIMAL,36,0.031998634,1
0,9,9,5,5,0.2,FALSE,40,49,0,TRUE,1,0.276845217,OPTIMAL,2,0,41,0.816239119,1.093084335,0,0,0,0.312844992,41,OPTIMAL,41,1.052357435,1
0,9,9,6,6,0.2,FALSE,49,58,0,TRUE,1,0.154090881,OPTIMAL,2,1.04E-07,48.99999491,2.32184577,2.475936651,94,0,94,0.196026564,49,OPTIMAL,49,1.399711847,1
0,9,9,7,7,0.2,FALSE,58,67,0,TRUE,1,0.171406984,OPTIMAL,2,0,57,1.085808754,1.257215738,0,0,0,0.206841946,57,OPTIMAL,57,1.000493765,1
0,9,9,8,8,0.2,FALSE,67,76,0,TRUE,1,0.192639828,OPTIMAL,2,0,65,0.281020403,0.473660231,0,0,0,0.245640755,65,OPTIMAL,65,0.17006278,1
0,9,9,9,9,0.2,FALSE,76,85,0,TRUE,1,0.083514929,OPTIMAL,2,0,73,0.158616781,0.24213171,0,0,0,0.122520208,73,OPTIMAL,73,0.124706507,1
0,9,9,9,10,0.2,FALSE,76,100,0,TRUE,1,0.178828478,OPTIMAL,2,0,69,1.315714359,1.494542837,0,0,0,0.2229352,69,OPTIMAL,69,1.250451565,1
0,9,9,10,10,0.2,FALSE,83,100,0,TRUE,1,0.197467327,OPTIMAL,2,0,81,10.74540949,10.94287682,0,0,0,0.275537729,81,OPTIMAL,81,5.556589603,1
0,9,9,10,11,0.2,FALSE,83,109,0,TRUE,1,0.104048252,OPTIMAL,2,0,76,1.634274721,1.738322973,0,0,0,0.180440664,76,OPTIMAL,76,1.921008348,1
0,9,9,11,11,0.2,FALSE,92,109,0,TRUE,1,0.214323282,OPTIMAL,2,0,89,15.57737184,15.79169512,12,0,12,0.260323048,89,OPTIMAL,88.99999409,4.266915083,1.000000066
0,9,9,11,12,0.2,FALSE,92,118,0,TRUE,1,0.187063456,OPTIMAL,2,0,83,0.418074131,0.605137587,0,0,0,0.267576456,83,OPTIMAL,83,0.276942492,1
0,9,9,12,12,0.2,FALSE,101,118,0,TRUE,1,0.503651619,OPTIMAL,2,0,97,2.515077114,3.018728733,0,0,0,0.551651955,97,OPTIMAL,97,10.17593837,1
0,9,9,12,13,0.2,FALSE,101,127,0,TRUE,1,0.188476324,OPTIMAL,2,0,92,0.337824821,0.526301146,0,0,0,0.255966187,92,OPTIMAL,92,1.345155001,1
0,9,9,13,13,0.2,FALSE,110,127,0,TRUE,1,0.460709333,OPTIMAL,2,0,105,7.969194412,8.429903746,58,0,58,0.526223898,105,OPTIMAL,105,3.460962772,1
0,9,9,13,14,0.2,FALSE,110,136,0,TRUE,1,0.467934847,OPTIMAL,2,0,113,32.34960485,32.81753969,0,0,0,0.539718628,113,OPTIMAL,113,6.21323061,1
0,9,9,14,14,0.2,FALSE,119,136,0,TRUE,1,0.648066998,OPTIMAL,2,2.83E-08,112.9999968,6.931888103,7.579955101,44,0,44,0.710674047,113,OPTIMAL,113,2.603449821,1
0,9,9,14,15,0.2,FALSE,119,148,0,TRUE,1,0.419300318,OPTIMAL,2,0,120,61.87887526,62.29817557,39,0,39,0.487331867,120,OPTIMAL,120,29.98999453,1
0,9,9,15,15,0.2,FALSE,124,148,0,TRUE,1,0.271408558,OPTIMAL,2,0,120,5.735794067,6.007202625,0,0,0,0.31564188,120,OPTIMAL,120,8.538878441,1
0,9,9,15,16,0.2,FALSE,124,157,0,TRUE,1,0.190377474,OPTIMAL,2,0,110,0.514292717,0.704670191,0,0,0,0.250738621,110,OPTIMAL,110,0.323824644,1
0,9,10,10,9,0.2,FALSE,83,94,0,TRUE,1,0.425895929,OPTIMAL,2,6.61E-08,81.99999458,3.925140619,4.351036549,57,15,42,0.48791194,82,OPTIMAL,82,0.723756552,1
0,9,10,11,10,0.2,FALSE,92,110,0,TRUE,1,0.316692114,OPTIMAL,2,1.07E-07,89.9999904,27.84213662,28.15882874,198,0,198,0.364637375,90,OPTIMAL,90,50.04695201,1
0,9,10,12,11,0.2,FALSE,101,120,0,TRUE,1,0.246543407,OPTIMAL,2,0,99,6.850389957,7.096933365,0,0,0,0.289616346,99,OPTIMAL,99,20.71767926,1
0,9,10,13,12,0.2,FALSE,110,130,0,TRUE,1,0.583227873,OPTIMAL,2,0,108,26.59659052,27.17981839,0,0,0,0.646760464,108,OPTIMAL,107.9999993,34.58941317,1.000000007
0,9,10,14,13,0.2,FALSE,119,140,0,TRUE,1,0.619976521,OPTIMAL,2,7.89E-08,116.9999908,26.55275822,27.17273474,118,2,116,0.686695099,117,OPTIMAL,117,25.79096341,1
0,9,10,15,14,0.2,FALSE,124,150,0,TRUE,1,0.330673218,OPTIMAL,2,0,126,40.94226503,41.27293825,0,0,0,0.407429218,126,OPTIMAL,126,30.27883673,1
0,9,11,6,5,0.2,FALSE,49,60,0,TRUE,1,0.154459476,OPTIMAL,2,0,46,0.149573565,0.304033041,0,0,0,0.197982788,46,OPTIMAL,46,0.128421545,1
0,9,11,7,6,0.2,FALSE,58,71,0,TRUE,1,0.09300828,OPTIMAL,2,0,55,0.250361681,0.343369961,0,0,0,0.160289526,55,OPTIMAL,55,0.241877556,1
0,9,11,8,7,0.2,FALSE,67,82,0,TRUE,1,0.302405119,OPTIMAL,2,0,64,0.326027393,0.628432512,0,0,0,0.385875463,64,OPTIMAL,64,0.181662798,1
0,9,11,9,8,0.2,FALSE,76,93,0,TRUE,1,0.159514189,OPTIMAL,2,0,73,0.351592302,0.511106491,0,0,0,0.206513405,73,OPTIMAL,73,0.268589973,1
0,9,11,11,9,0.2,FALSE,92,104,0,TRUE,1,0.366175652,OPTIMAL,2,0,92,1.594592094,1.960767746,0,0,0,0.441705465,92,OPTIMAL,91.9999968,4.127592564,1.000000035
0,9,11,12,10,0.2,FALSE,101,122,0,TRUE,1,0.186828136,OPTIMAL,2,0,90,0.410415649,0.597243786,0,0,0,0.26525712,90,OPTIMAL,90,0.422762156,1
0,9,11,13,11,0.2,FALSE,110,133,0,TRUE,1,0.237873077,OPTIMAL,2,0,99,0.611664772,0.849537849,1,0,1,0.297426462,99,OPTIMAL,99,0.403789759,1
0,9,11,14,12,0.2,FALSE,119,144,0,TRUE,1,0.103342533,OPTIMAL,2,0,108,0.58019805,0.683540583,0,0,0,0.197764158,108,OPTIMAL,108,0.422650099,1
0,9,11,15,13,0.2,FALSE,124,155,0,TRUE,1,0.240809917,OPTIMAL,2,0,116,5.480318546,5.721128464,0,0,0,0.314810991,116,OPTIMAL,116,10.39106631,1
0,9,12,4,3,0.2,TRUE,36,36,0,TRUE,1,0.025086403,OPTIMAL,2,0,36,0.045967817,0.07105422,0,0,0,0.06005621,36,OPTIMAL,36,0.031001329,1
0,9,12,5,4,0.2,FALSE,40,48,0,TRUE,1,0.084161282,OPTIMAL,2,0,40,0.064935207,0.149096489,0,0,0,0.113097191,40,OPTIMAL,40,0.076921225,1
0,9,12,8,6,0.2,FALSE,67,76,0,TRUE,1,0.18505621,OPTIMAL,2,0,67,1.958510876,2.143567085,0,0,0,0.29062891,67,OPTIMAL,67,1.456908703,1
0,9,12,9,7,0.2,FALSE,76,88,0,TRUE,1,0.227903366,OPTIMAL,2,0,78,6.787304878,7.015208244,0,0,0,0.319297314,78,OPTIMAL,77.99999748,11.62291694,1.000000032
0,9,12,10,8,0.2,FALSE,83,100,0,TRUE,1,0.616228342,OPTIMAL,2,0,80,0.30757165,0.923799992,0,0,0,0.687044144,80,OPTIMAL,80,0.193072796,1
0,9,12,12,9,0.2,FALSE,101,112,0,TRUE,1,0.613303185,OPTIMAL,2,0,100,2.058823586,2.67212677,0,0,0,0.66282773,100,OPTIMAL,100,1.953596115,1
0,9,12,13,10,0.2,FALSE,110,131,0,TRUE,1,0.123587608,OPTIMAL,2,0,96,0.314715624,0.438303232,0,0,0,0.168585539,96,OPTIMAL,96,0.374050856,1
0,9,12,14,11,0.2,FALSE,119,143,0,TRUE,1,1.278456211,OPTIMAL,2,9.43E-09,105.999999,1.471863031,2.750319242,0,0,0,1.351970196,106,OPTIMAL,106,0.824812412,1
0,9,12,15,12,0.2,FALSE,124,155,0,TRUE,1,0.369627237,OPTIMAL,2,9.28E-08,115.9999892,42.61624026,42.9858675,224,0,224,0.479841948,116,OPTIMAL,115.9999983,28.92744255,1.000000015
0,10,8,4,5,0.2,FALSE,40,40,0,TRUE,1,0.028002262,OPTIMAL,2,0,43,0.05700016,0.085002422,0,0,0,0.053002834,43,OPTIMAL,43,0.041900873,1
0,10,8,5,7,0.2,FALSE,46,59,0,TRUE,1,0.509810925,OPTIMAL,2,0,50,2.217030525,2.72684145,0,0,0,0.575335741,50,OPTIMAL,50,1.626899242,1
0,10,8,6,8,0.2,FALSE,56,67,0,TRUE,1,0.147536516,OPTIMAL,2,0,57,1.606563807,1.754100323,0,0,0,0.191197872,57,OPTIMAL,57,0.863677263,1
0,10,8,7,9,0.2,FALSE,66,75,0,TRUE,1,0.110967636,OPTIMAL,2,0,64,0.131023169,0.241990805,0,0,0,0.164547682,64,OPTIMAL,64,0.112504244,1
0,10,8,8,10,0.2,FALSE,76,88,0,TRUE,1,0.088372231,OPTIMAL,2,0,71,0.870167494,0.958539724,0,0,0,0.12773037,71,OPTIMAL,71,0.529749155,1
0,10,8,8,11,0.2,FALSE,76,96,0,TRUE,1,0.117788315,OPTIMAL,2,0,78,15.38221073,15.49999905,0,0,0,0.194917679,78,OPTIMAL,78,6.135998249,1
0,10,8,9,12,0.2,FALSE,86,104,0,TRUE,1,0.32822156,OPTIMAL,2,0,85,10.84271908,11.17094064,0,0,0,0.396734715,85,OPTIMAL,85,10.02264762,1
0,10,8,10,13,0.2,FALSE,95,112,0,TRUE,1,0.21858573,OPTIMAL,2,0,92,3.178500652,3.397086382,14,0,14,0.278585911,92,OPTIMAL,92,2.064634085,1
0,10,8,10,14,0.2,FALSE,95,120,0,TRUE,1,0.275681019,OPTIMAL,2,0,98.99999829,26.74360561,27.01928663,12,0,12,0.356212378,99,OPTIMAL,98.99999265,25.36078978,1.000000074
0,10,8,11,14,0.2,FALSE,105,120,0,TRUE,1,0.145851374,OPTIMAL,2,0,99,0.376134634,0.521986008,0,0,0,0.209410429,99,OPTIMAL,99,0.361962557,1
0,10,8,11,15,0.2,FALSE,105,131,0,TRUE,1,0.247568607,OPTIMAL,2,0,105,21.80406475,22.05163336,0,0,0,0.311337709,105,OPTIMAL,105,19.67530394,1
0,10,8,12,15,0.2,FALSE,115,131,0,TRUE,1,0.274026394,OPTIMAL,2,0,105,0.428019524,0.702045918,0,0,0,0.320955276,105,OPTIMAL,105,0.408082247,1
0,10,8,12,16,0.2,FALSE,115,139,0,TRUE,1,0.178509951,OPTIMAL,2,7.05E-08,111.9999921,15.34088492,15.51939487,0,0,0,0.251519203,112,OPTIMAL,111.9999926,17.46702337,1.000000066
0,10,8,12,17,0.2,FALSE,115,147,0,TRUE,1,0.312350273,OPTIMAL,2,0,119,24.10347939,24.41582966,2,0,2,0.363347769,119,OPTIMAL,118.9999954,38.34541798,1.000000039
0,10,8,13,17,0.2,FALSE,125,147,0,TRUE,1,0.111849308,OPTIMAL,2,7.45E-09,118.9999991,4.319796085,4.431645393,74,0,74,0.161926985,119,OPTIMAL,118.9999957,11.49398279,1.000000036
0,10,8,13,18,0.2,FALSE,125,155,0,TRUE,1,0.305987835,OPTIMAL,2,0,126,20.18366122,20.48964906,0,0,0,0.378092766,126,OPTIMAL,125.9999876,71.286798,1.000000098
0,10,8,14,18,0.2,FALSE,135,155,0,TRUE,1,0.195309877,OPTIMAL,2,0,126,10.75859928,10.95390916,386,0,386,0.281369448,126,OPTIMAL,126,0.984184027,1
0,10,8,14,19,0.2,FALSE,135,163,0,TRUE,1,0.450418234,OPTIMAL,2,3.45E-08,132.9999954,16.05477023,16.50518847,28,0,28,0.523411512,133,OPTIMAL,132.9999911,54.67954063,1.000000067
0,10,8,15,19,0.2,FALSE,141,163,0,TRUE,1,0.098847866,OPTIMAL,2,0,133,2.733614206,2.832462072,0,0,0,0.157858133,133,OPTIMAL,132.999998,2.429903984,1.000000015
0,10,8,15,20,0.2,FALSE,141,173,0,TRUE,1,0.200269699,OPTIMAL,2,0,142,7.047554016,7.247823715,0,0,0,0.252575159,142,OPTIMAL,142,38.52407861,1
0,10,8,15,21,0.2,FALSE,141,181,0,TRUE,1,0.356817007,OPTIMAL,2,0,149,79.82000136,80.17681837,0,0,0,0.40335393,149,TIME_LIMIT,149,600.0934336,1
0,10,9,5,6,0.2,FALSE,46,57,0,TRUE,1,0.225930691,OPTIMAL,2,0,48,1.785464048,2.011394739,0,0,0,0.276390076,48,OPTIMAL,48,0.796544313,1
0,10,9,6,7,0.2,FALSE,56,66,0,TRUE,1,0.337597847,OPTIMAL,2,0,56,1.13615346,1.473751307,0,0,0,0.397382975,56,OPTIMAL,56,1.01766777,1
0,10,9,7,8,0.2,FALSE,66,75,0,TRUE,1,0.142590523,OPTIMAL,2,0,64,0.299584389,0.442174911,0,0,0,0.197104931,64,OPTIMAL,64,0.294928312,1
0,10,9,8,9,0.2,FALSE,76,84,0,TRUE,1,0.388644457,OPTIMAL,2,0,82,2.979539871,3.368184328,0,0,0,0.449169159,82,OPTIMAL,82,2.234844685,1
0,10,9,9,10,0.2,FALSE,86,98,0,TRUE,1,0.157521486,OPTIMAL,2,0,79,1.231775045,1.389296532,0,0,0,0.209834337,79,OPTIMAL,79,1.04695487,1
0,10,9,9,11,0.2,FALSE,86,107,0,TRUE,1,0.372313976,OPTIMAL,2,0,87,22.86580157,23.23811555,0,0,0,0.456319809,87,OPTIMAL,86.999987,11.69474554,1.000000149
0,10,9,10,12,0.2,FALSE,95,116,0,TRUE,1,0.275171757,OPTIMAL,2,0,95,10.46229291,10.73746467,0,0,0,0.342187643,95,OPTIMAL,95,13.03667831,1
0,10,9,11,13,0.2,FALSE,105,125,0,TRUE,1,0.443242311,OPTIMAL,2,6.13E-08,102.9999937,28.26325798,28.70650029,63,0,63,0.512298822,103,OPTIMAL,103,8.64077878,1
0,10,9,12,14,0.2,FALSE,115,134,0,TRUE,1,0.169722795,OPTIMAL,2,0,111,5.886027575,6.05575037,0,0,0,0.219727755,111,OPTIMAL,111,7.339396715,1
0,10,9,13,15,0.2,FALSE,125,146,0,TRUE,1,0.273034811,OPTIMAL,2,4.44E-08,116.9999948,12.61878324,12.89181805,35,0,35,0.332068682,117,OPTIMAL,117,8.036450386,1
0,10,9,13,16,0.2,FALSE,125,155,0,TRUE,1,0.465967655,OPTIMAL,2,0,125,28.67069101,29.13665867,23,0,23,0.56781745,125,OPTIMAL,124.9999871,110.1808119,1.000000103
0,10,9,14,16,0.2,FALSE,135,155,0,TRUE,1,0.499899864,OPTIMAL,2,0,125,3.776253223,4.276153088,0,0,0,0.574417591,125,OPTIMAL,125,4.627835989,1
0,10,9,14,17,0.2,FALSE,135,164,0,TRUE,1,0.389193058,OPTIMAL,2,0,133,31.19601202,31.58520508,0,0,0,0.459378719,133,OPTIMAL,133,26.17901206,1
0,10,9,15,17,0.2,FALSE,141,164,0,TRUE,1,0.174239397,OPTIMAL,2,0,132.9999987,14.05415654,14.22839594,0,0,0,0.237594604,133,OPTIMAL,133,8.664851427,1
0,10,9,15,18,0.2,FALSE,141,173,0,TRUE,1,0.385483742,OPTIMAL,2,0,141,50.22029614,50.60577989,0,0,0,0.441762686,141,OPTIMAL,140.9999888,41.91172433,1.00000008
0,10,10,4,4,0.2,TRUE,40,40,0,TRUE,1,0.050525427,OPTIMAL,2,0,40,0.076010942,0.126536369,0,0,0,0.122536659,40,OPTIMAL,40,0.039995193,1
0,10,10,5,5,0.2,FALSE,46,54,0,TRUE,1,0.193702221,OPTIMAL,2,0,46,1.766976118,1.960678339,0,0,0,0.244332075,46,OPTIMAL,46,1.242605686,1
0,10,10,6,6,0.2,FALSE,56,64,0,TRUE,1,0.179726601,OPTIMAL,2,0,55,1.015552521,1.195279121,0,0,0,0.236734629,55,OPTIMAL,55,1.350602865,1
0,10,10,7,7,0.2,FALSE,66,74,0,TRUE,1,0.312439919,OPTIMAL,2,0,64,0.245148182,0.5575881,0,0,0,0.35637641,64,OPTIMAL,64,0.259865761,1
0,10,10,8,8,0.2,FALSE,76,84,0,TRUE,1,0.118912697,OPTIMAL,2,0,73,0.146324396,0.265237093,0,0,0,0.161725044,73,OPTIMAL,73,0.09491396,1
0,10,10,9,9,0.2,FALSE,86,94,0,TRUE,1,0.418834448,OPTIMAL,2,0,92,20.56020379,20.97903824,0,0,0,0.45919466,92,OPTIMAL,92,5.268132448,1
0,10,10,10,10,0.2,FALSE,95,110,0,TRUE,1,0.550673246,OPTIMAL,2,0,89,10.99024606,11.5409193,0,0,0,0.614184618,89,OPTIMAL,89,3.209286213,1
0,10,10,10,11,0.2,FALSE,95,120,0,TRUE,1,0.24619627,OPTIMAL,2,0,85,0.889937401,1.136133671,0,0,0,0.330119133,85,OPTIMAL,85,1.622501373,1
0,10,10,11,11,0.2,FALSE,105,120,0,TRUE,1,0.652304649,OPTIMAL,2,0,98,3.727846861,4.38015151,0,0,0,0.739968777,98,OPTIMAL,98,4.232278347,1
0,10,10,11,12,0.2,FALSE,105,130,0,TRUE,1,0.423378468,OPTIMAL,2,0,94,0.685880184,1.109258652,1,0,1,0.523913622,94,OPTIMAL,94,0.439964056,1
0,10,10,12,12,0.2,FALSE,115,130,0,TRUE,1,0.266189337,OPTIMAL,2,0,107,3.785340548,4.051529884,0,0,0,0.326839447,107,OPTIMAL,107,4.685824633,1
0,10,10,12,13,0.2,FALSE,115,140,0,TRUE,1,0.393496752,OPTIMAL,2,1.83E-07,115.9999788,102.0477672,102.4412639,0,0,0,0.486949921,116,OPTIMAL,116,28.22434735,1
0,10,10,13,13,0.2,FALSE,125,140,0,TRUE,1,0.377375603,OPTIMAL,2,0,116,2.59621501,2.973590612,44,0,44,0.434376478,116,OPTIMAL,116,0.795907736,1
0,10,10,13,14,0.2,FALSE,125,150,0,TRUE,1,0.588497639,OPTIMAL,2,0,125,56.91738629,57.50588393,8,0,8,0.692509174,125,OPTIMAL,124.9999928,42.55627155,1.000000058
0,10,10,14,14,0.2,FALSE,135,150,0,TRUE,1,0.672983408,OPTIMAL,2,0,125,0.729741335,1.402724743,0,0,0,0.732708454,125,OPTIMAL,125,0.485934973,1
0,10,10,14,15,0.2,FALSE,135,164,0,TRUE,1,0.615856409,OPTIMAL,2,0,133,36.64510393,37.26096034,0,0,0,0.692996025,133,OPTIMAL,133,134.4077721,1
0,10,10,15,15,0.2,FALSE,141,164,0,TRUE,1,0.524333,OPTIMAL,2,0,133,9.405665874,9.929998875,0,0,0,0.598488808,133,OPTIMAL,132.9999981,33.25542617,1.000000014
0,10,10,15,16,0.2,FALSE,141,174,0,TRUE,1,0.480006933,OPTIMAL,2,0,126,70.47595167,70.9559586,866,4,862,0.568547487,126,OPTIMAL,126,0.631420612,1
0,10,11,11,10,0.2,FALSE,105,119,0,TRUE,1,0.18219161,OPTIMAL,2,0,100,2.365027905,2.547219515,0,0,0,0.234197855,100,OPTIMAL,100,3.410153151,1
0,10,11,12,11,0.2,FALSE,115,130,0,TRUE,1,0.287613153,OPTIMAL,2,0,110,3.873960257,4.16157341,0,0,0,0.38628912,110,OPTIMAL,109.999999,18.80187225,1.000000009
0,10,11,13,12,0.2,FALSE,125,141,0,TRUE,1,1.619184971,OPTIMAL,2,0,120,2.712827444,4.332012415,0,0,0,1.68671298,120,OPTIMAL,120,5.927906275,1
0,10,11,14,13,0.2,FALSE,135,152,0,TRUE,1,0.427111626,OPTIMAL,2,0,130,7.247709751,7.674821377,0,0,0,0.508921623,130,OPTIMAL,130,6.221712828,1
0,10,11,15,14,0.2,FALSE,141,163,0,TRUE,1,0.478706598,OPTIMAL,2,0,140,41.02619243,41.50489902,0,0,0,0.524722099,140,OPTIMAL,139.9999978,31.82645106,1.000000015
0,10,12,6,5,0.2,FALSE,56,64,0,TRUE,1,0.436815023,OPTIMAL,2,0,56,2.904513359,3.341328382,0,0,0,0.515326977,56,OPTIMAL,56,1.26048851,1
0,10,12,7,6,0.2,FALSE,66,76,0,TRUE,1,0.64258194,OPTIMAL,2,0,67,5.659207821,6.301789761,0,0,0,0.704790115,67,OPTIMAL,67,6.507278204,1
0,10,12,8,7,0.2,FALSE,76,88,0,TRUE,1,0.681843519,OPTIMAL,2,0,78,3.915632248,4.597475767,0,0,0,0.733072042,78,OPTIMAL,78,5.701790571,1
0,10,12,9,8,0.2,FALSE,86,100,0,TRUE,1,0.383300543,OPTIMAL,2,0,89,13.94221282,14.32551336,0,0,0,0.458980322,89,OPTIMAL,89,3.971017361,1
0,10,12,10,9,0.2,FALSE,95,112,0,TRUE,1,0.547921658,OPTIMAL,2,0,92,16.46649289,17.01441455,67,0,67,0.649661064,92,OPTIMAL,92,0.41629076,1
0,10,12,12,10,0.2,FALSE,115,131,0,TRUE,1,0.735879421,OPTIMAL,2,3.33E-08,107.9999964,13.96112657,14.69700599,10,2,8,0.895383358,108,OPTIMAL,108,13.29529977,1
0,10,12,13,11,0.2,FALSE,125,143,0,TRUE,1,0.319129944,OPTIMAL,2,0,119,31.53652763,31.85565758,0,0,0,0.390608549,119,OPTIMAL,119,24.62806129,1
0,10,12,14,12,0.2,FALSE,135,155,0,TRUE,1,0.345077991,OPTIMAL,2,0,130,41.27574062,41.62081861,0,0,0,0.493128061,130,OPTIMAL,130,18.17233229,1
0,10,12,15,13,0.2,FALSE,141,167,0,TRUE,1,0.219632864,OPTIMAL,2,0,127,0.663997889,0.883630753,0,0,0,0.296051979,127,OPTIMAL,127,0.284128666,1
0,10,13,5,4,0.2,FALSE,46,52,0,TRUE,1,0.308689833,OPTIMAL,2,0,48,0.304927349,0.613617182,0,0,0,0.359698296,48,OPTIMAL,48,0.7557621,1
0,10,13,9,7,0.2,FALSE,86,96,0,TRUE,1,0.451574802,OPTIMAL,2,0,83,8.921041489,9.372616291,0,0,0,0.546103001,83,OPTIMAL,82.9999988,8.674164295,1.000000014
0,10,13,10,8,0.2,FALSE,95,109,0,TRUE,1,0.736693382,OPTIMAL,2,0,95,39.3158536,40.05254698,0,0,0,0.861388683,95,OPTIMAL,94.99997358,69.71187854,1.000000278
0,10,13,11,9,0.2,FALSE,105,122,0,TRUE,1,0.259374619,OPTIMAL,2,0,97,0.292193413,0.551568031,0,0,0,0.34052372,97,OPTIMAL,97,0.225367546,1
0,10,13,13,10,0.2,FALSE,125,142,0,TRUE,1,0.541481256,OPTIMAL,2,0,115,10.15558839,10.69706964,5,0,5,0.656396389,115,OPTIMAL,115,12.35143781,1
0,10,13,14,11,0.2,FALSE,135,155,0,TRUE,1,1.153687954,OPTIMAL,2,0,127,23.34438324,24.49807119,0,0,0,1.268846273,127,OPTIMAL,127,22.30153012,1
0,10,13,15,12,0.2,FALSE,141,168,0,TRUE,1,2.396859407,OPTIMAL,2,0,125,3.919081926,6.315941334,0,0,0,2.539381027,125,OPTIMAL,124.9999993,9.404802084,1.000000005
