seed,n,m,w_bar,u_bar,delta,regular,sum_w,sum_u,feasibility_repairs,brd_found_pne,brd_alpha,brd_time,zr_status,zr_gurobi_status,zr_mip_gap,zr_obj_bound,zr_runtime,zr_time,zr_eis_added_total,zr_eis_added_symmetric,zr_eis_added_core,zr_first_pne_time,best_pne_cost,so_status,so_cost,so_time,pos
0,4,2,4,8,0.2,FALSE,16,17,0,TRUE,1,0.045238495,OPTIMAL,2,0,15,0.017994642,0.063233137,0,0,0,0.053237677,15,OPTIMAL,15,0.022006512,1
0,4,2,4,9,0.2,FALSE,16,19,0,TRUE,1,0.014013529,OPTIMAL,2,0,17,0.043819904,0.057833433,0,0,0,0.022015095,17,OPTIMAL,17,0.059506416,1
0,4,2,4,10,0.2,FALSE,16,23,0,TRUE,1,0.019005775,OPTIMAL,2,0,19,0.084522486,0.103528261,0,0,0,0.042681694,19,OPTIMAL,19,0.112015247,1
0,4,2,4,11,0.2,FALSE,16,25,0,TRUE,1,0.012998581,OPTIMAL,2,0,21,0.119034767,0.132033348,0,0,0,0.021066666,21,OPTIMAL,21,0.042513371,1
0,4,2,5,10,0.2,FALSE,20,20,0,TRUE,1,0.019000769,OPTIMAL,2,0,16,0.041095257,0.060096025,0,0,0,0.040532589,16,OPTIMAL,16,0.01699996,1
0,4,2,5,11,0.2,FALSE,20,20,0,TRUE,1,0.007003307,OPTIMAL,2,0,18,0.023509979,0.030513287,0,0,0,0.014003038,18,OPTIMAL,18,0.023999691,1
0,4,2,5,12,0.2,FALSE,20,21,0,TRUE,1,0.02101326,OPTIMAL,2,0,20,0.017504454,0.038517714,0,0,0,0.028517485,20,OPTIMAL,20,0.019998074,1
0,4,2,5,13,0.2,FALSE,20,23,0,TRUE,1,0.011999607,OPTIMAL,2,0,22,0.059961081,0.071960688,0,0,0,0.019011497,22,OPTIMAL,22,0.040017128,1
0,4,2,6,12,0.2,FALSE,24,24,0,TRUE,1,0.006524324,OPTIMAL,2,0,20,0.026990652,0.033514977,0,0,0,0.018514872,20,OPTIMAL,20,0.028768301,1
0,4,2,6,13,0.2,FALSE,24,24,0,TRUE,1,0.005997896,OPTIMAL,2,0,22,0.023001194,0.02899909,0,0,0,0.014000893,22,OPTIMAL,22,0.030513287,1
0,4,2,6,14,0.2,FALSE,24,25,0,TRUE,1,0.033511877,OPTIMAL,2,0,24,0.024003506,0.057515383,0,0,0,0.045510292,24,OPTIMAL,24,0.027122259,1
0,4,2,6,15,0.2,FALSE,24,26,0,TRUE,1,0.018999577,OPTIMAL,2,0,24,0.053703785,0.072703362,1,0,1,0.030995131,24,OPTIMAL,24,0.033771515,1
0,4,2,7,14,0.2,FALSE,28,28,0,TRUE,1,0.008181095,OPTIMAL,2,0,24,0.037404299,0.045585394,0,0,0,0.015060425,24,OPTIMAL,24,0.04753089,1
0,4,2,7,15,0.2,FALSE,28,28,0,TRUE,1,0.013999701,OPTIMAL,2,0,24,0.016996145,0.030995846,0,0,0,0.021995306,24,OPTIMAL,24,0.010996342,1
0,4,2,7,16,0.2,FALSE,28,28,0,TRUE,1,0.00599885,OPTIMAL,2,0,26,0.021000147,0.026998997,0,0,0,0.013999224,26,OPTIMAL,26,0.017520189,1
0,4,2,7,17,0.2,FALSE,28,30,0,TRUE,1,0.040701628,OPTIMAL,2,0,28,0.041861773,0.0825634,1,0,1,0.052569389,28,OPTIMAL,28,0.052524328,1
0,4,2,8,16,0.2,FALSE,32,32,0,TRUE,1,0.007957458,OPTIMAL,2,0,26,0.022004366,0.029961824,0,0,0,0.015957594,26,OPTIMAL,26,0.025511026,1
0,4,2,8,17,0.2,FALSE,32,32,0,TRUE,1,0.020006418,OPTIMAL,2,0,28,0.036997795,0.057004213,0,0,0,0.038004875,28,OPTIMAL,28,0.009997845,1
0,4,2,8,18,0.2,FALSE,32,32,0,TRUE,1,0.017507553,OPTIMAL,2,0,30,0.035994768,0.053502321,0,0,0,0.033500195,30,OPTIMAL,30,0.026518583,1
0,4,2,8,19,0.2,FALSE,32,34,0,TRUE,1,0.014004946,OPTIMAL,2,0,32,0.035603046,0.049607992,1,0,1,0.021002054,32,OPTIMAL,32,0.040999651,1
0,4,2,9,18,0.2,FALSE,36,36,0,TRUE,1,0.007000923,OPTIMAL,2,0,30,0.017324686,0.024325609,0,0,0,0.014510393,30,OPTIMAL,30,0.023002625,1
0,4,2,9,19,0.2,FALSE,36,36,0,TRUE,1,0.008471727,OPTIMAL,2,0,32,0.018996477,0.027468204,0,0,0,0.01846838,32,OPTIMAL,32,0.01974535,1
0,4,2,9,20,0.2,FALSE,36,36,0,TRUE,1,0.00849247,OPTIMAL,2,0,32,0.020004749,0.028497219,0,0,0,0.018496513,32,OPTIMAL,32,0.012000322,1
0,4,2,9,21,0.2,FALSE,36,36,0,TRUE,1,0.009502411,OPTIMAL,2,0,34,0.018995762,0.028498173,0,0,0,0.017498732,34,OPTIMAL,34,0.01400423,1
0,4,2,10,20,0.2,FALSE,42,42,0,TRUE,1,0.010995388,OPTIMAL,2,0,32,0.029002428,0.039997816,0,0,0,0.026995182,32,OPTIMAL,32,0.017007828,1
0,4,2,10,21,0.2,FALSE,42,42,0,TRUE,1,0.007377386,OPTIMAL,2,0,34,0.020478487,0.027855873,0,0,0,0.015848875,34,OPTIMAL,34,0.026594639,1
0,4,2,10,22,0.2,FALSE,42,42,0,TRUE,1,0.011009693,OPTIMAL,2,0,36,0.019587994,0.030597687,0,0,0,0.018019915,36,OPTIMAL,36,0.033998013,1
0,4,2,10,23,0.2,FALSE,42,42,0,TRUE,1,0.006996393,OPTIMAL,2,0,38,0.020523548,0.027519941,0,0,0,0.014508247,38,OPTIMAL,38,0.026966572,1
0,4,2,12,24,0.2,FALSE,50,50,0,TRUE,1,0.009008408,OPTIMAL,2,0,40,0.02699995,0.036008358,0,0,0,0.020006418,40,OPTIMAL,40,0.021716118,1
0,4,2,12,25,0.2,FALSE,50,50,0,TRUE,1,0.018997431,OPTIMAL,2,0,40,0.038992167,0.057989597,0,0,0,0.029989004,40,OPTIMAL,40,0.030518293,1
0,4,2,12,26,0.2,FALSE,50,50,0,TRUE,1,0.020995617,OPTIMAL,2,0,42,0.033816338,0.054811954,0,0,0,0.033788681,42,OPTIMAL,42,0.03012991,1
0,4,2,12,27,0.2,FALSE,50,50,0,TRUE,1,0.009002686,OPTIMAL,2,0,44,0.033025742,0.042028427,0,0,0,0.025027752,44,OPTIMAL,44,0.046999454,1
0,4,2,13,26,0.2,FALSE,54,54,0,TRUE,1,0.016999483,OPTIMAL,2,0,42,0.040000916,0.057000399,0,0,0,0.023999214,42,OPTIMAL,42,0.034501314,1
0,4,2,13,27,0.2,FALSE,54,54,0,TRUE,1,0.015218973,OPTIMAL,2,0,44,0.046221972,0.061440945,0,0,0,0.027717113,44,OPTIMAL,44,0.023118496,1
0,4,2,13,28,0.2,FALSE,54,54,0,TRUE,1,0.006999254,OPTIMAL,2,0,46,0.024999142,0.031998396,0,0,0,0.015002012,46,OPTIMAL,46,0.037517071,1
0,4,2,13,29,0.2,FALSE,54,54,0,TRUE,1,0.017850637,OPTIMAL,2,0,48,0.028004646,0.045855284,0,0,0,0.027853489,48,OPTIMAL,48,0.054527998,1
0,4,2,14,28,0.2,FALSE,58,58,0,TRUE,1,0.029999495,OPTIMAL,2,0,46,0.02800703,0.058006525,0,0,0,0.043000221,46,OPTIMAL,46,0.026013374,1
0,4,2,14,29,0.2,FALSE,58,58,0,TRUE,1,0.025989294,OPTIMAL,2,0,48,0.052007675,0.077996969,0,0,0,0.043001652,48,OPTIMAL,48,0.028534651,1
0,4,2,14,30,0.2,FALSE,58,58,0,TRUE,1,0.024999142,OPTIMAL,2,0,48,0.033523321,0.058522463,0,0,0,0.032998562,48,OPTIMAL,48,0.037078381,1
0,4,2,14,31,0.2,FALSE,58,58,0,TRUE,1,0.021888733,OPTIMAL,2,0,50,0.026011705,0.047900438,0,0,0,0.031888962,50,OPTIMAL,50,0.025909662,1
0,4,3,4,6,0.2,FALSE,16,19,0,TRUE,1,0.025518417,OPTIMAL,2,0,15,0.073733568,0.099251986,0,0,0,0.035035849,15,OPTIMAL,15,0.05501008,1
0,4,3,4,7,0.2,FALSE,16,22,0,TRUE,1,0.028000832,OPTIMAL,2,0,18,0.108594179,0.136595011,0,0,0,0.036001921,18,OPTIMAL,18,0.184022427,1
0,4,3,5,7,0.2,FALSE,20,20,0,TRUE,1,0.008998156,OPTIMAL,2,0,20,0.015035152,0.024033308,0,0,0,0.018033743,20,OPTIMAL,20,0.018003225,1
0,4,3,5,8,0.2,FALSE,20,21,0,TRUE,1,0.013504267,OPTIMAL,2,0,23,0.019009352,0.032513618,0,0,0,0.022504807,23,OPTIMAL,23,0.025004864,1
0,4,3,5,9,0.2,FALSE,20,24,0,TRUE,1,0.025033236,OPTIMAL,2,0,26,0.172458649,0.197491884,0,0,0,0.035037994,26,OPTIMAL,26,0.073185444,1
0,4,3,6,8,0.2,FALSE,24,24,0,TRUE,1,0.006885529,OPTIMAL,2,0,23,0.013000011,0.01988554,0,0,0,0.01388526,23,OPTIMAL,23,0.018999815,1
0,4,3,6,9,0.2,FALSE,24,24,0,TRUE,1,0.018250704,OPTIMAL,2,0,26,0.028997898,0.047248602,0,0,0,0.037253618,26,OPTIMAL,26,0.015000582,1
0,4,3,6,10,0.2,FALSE,24,25,0,TRUE,1,0.013516188,OPTIMAL,2,0,28,0.037996531,0.051512718,0,0,0,0.032588005,28,OPTIMAL,28,0.02651763,1
0,4,3,6,11,0.2,FALSE,24,28,0,TRUE,1,0.052006483,OPTIMAL,2,0,31,0.097160339,0.149166822,0,0,0,0.07065773,31,OPTIMAL,31,0.089617491,1
0,4,3,7,10,0.2,FALSE,28,28,0,TRUE,1,0.007000923,OPTIMAL,2,0,28,0.014999628,0.022000551,0,0,0,0.015000343,28,OPTIMAL,28,0.022269011,1
0,4,3,7,11,0.2,FALSE,28,28,0,TRUE,1,0.016514063,OPTIMAL,2,0,31,0.013998985,0.030513048,0,0,0,0.02351284,31,OPTIMAL,31,0.011000156,1
0,4,3,7,12,0.2,FALSE,28,31,0,TRUE,1,0.047009945,OPTIMAL,2,1.24E-07,33.9999958,0.041513205,0.088523149,0,0,0,0.057525158,34,OPTIMAL,34,0.050350904,1
0,4,3,7,13,0.2,FALSE,28,34,0,TRUE,1,0.033003092,OPTIMAL,2,2.03E-07,36.9999925,0.311323643,0.344326735,6,0,6,0.043011904,37,OPTIMAL,37,0.244023561,1
0,4,3,8,11,0.2,FALSE,32,32,0,TRUE,1,0.00800395,OPTIMAL,2,0,31,0.018071651,0.026075602,0,0,0,0.018079519,31,OPTIMAL,31,0.014796734,1
0,4,3,8,12,0.2,FALSE,32,32,0,TRUE,1,0.01199913,OPTIMAL,2,0,34,0.019088268,0.031087399,0,0,0,0.019997835,34,OPTIMAL,34,0.012001038,1
0,4,3,8,13,0.2,FALSE,32,34,0,TRUE,1,0.018984318,OPTIMAL,2,0,37,0.031001091,0.049985409,0,0,0,0.029984236,37,OPTIMAL,37,0.045513868,1
0,4,3,8,14,0.2,FALSE,32,37,0,TRUE,1,0.017999172,OPTIMAL,2,0,40,0.069508314,0.087507486,0,0,0,0.029000044,40,OPTIMAL,40,0.125323772,1
0,4,3,9,12,0.2,FALSE,36,36,0,TRUE,1,0.007004499,OPTIMAL,2,0,34,0.016862154,0.023866653,0,0,0,0.01500988,34,OPTIMAL,34,0.016994953,1
0,4,3,9,13,0.2,FALSE,36,36,0,TRUE,1,0.006995916,OPTIMAL,2,0,37,0.018929005,0.025924921,0,0,0,0.017197609,37,OPTIMAL,37,0.021999359,1
0,4,3,9,14,0.2,FALSE,36,37,0,TRUE,1,0.032515764,OPTIMAL,2,0,40,0.038532019,0.071047783,0,0,0,0.042522907,40,OPTIMAL,40,0.052996159,1
0,4,3,9,15,0.2,FALSE,36,38,0,TRUE,1,0.040523291,OPTIMAL,2,0,42,0.046505213,0.087028503,0,0,0,0.051524401,42,OPTIMAL,42,0.060504913,1
0,4,3,10,14,0.2,FALSE,42,42,0,TRUE,1,0.011006594,OPTIMAL,2,0,40,0.020495653,0.031502247,0,0,0,0.021501303,40,OPTIMAL,40,0.016769171,1
0,4,3,10,15,0.2,FALSE,42,42,0,TRUE,1,0.008893728,OPTIMAL,2,0,42,0.022099972,0.0309937,0,0,0,0.016894341,42,OPTIMAL,42,0.029528379,1
0,4,3,10,16,0.2,FALSE,42,42,0,TRUE,1,0.018000841,OPTIMAL,2,0,45,0.02099824,0.038999081,0,0,0,0.027001381,45,OPTIMAL,45,0.01699996,1
0,4,3,10,17,0.2,FALSE,42,44,0,TRUE,1,0.024008512,OPTIMAL,2,0,48,0.031996965,0.056005478,0,0,0,0.033003807,48,OPTIMAL,48,0.06999898,1
0,4,3,11,15,0.2,FALSE,46,46,0,TRUE,1,0.01494813,OPTIMAL,2,0,42,0.019999743,0.034947872,0,0,0,0.022952795,42,OPTIMAL,42,0.043530226,1
0,4,3,11,16,0.2,FALSE,46,46,0,TRUE,1,0.016997814,OPTIMAL,2,0,45,0.02099967,0.037997484,0,0,0,0.024999142,45,OPTIMAL,45,0.022014141,1
0,4,3,11,17,0.2,FALSE,46,46,0,TRUE,1,0.017999411,OPTIMAL,2,0,48,0.029998541,0.047997952,0,0,0,0.03099823,48,OPTIMAL,48,0.038391113,1
0,4,3,11,18,0.2,FALSE,46,47,0,TRUE,1,0.026999474,OPTIMAL,2,0,51,0.036524296,0.063523769,0,0,0,0.034997702,51,OPTIMAL,51,0.06151557,1
0,4,3,12,16,0.2,FALSE,50,50,0,TRUE,1,0.020000935,OPTIMAL,2,0,45,0.020000458,0.040001392,0,0,0,0.02800107,45,OPTIMAL,45,0.033798933,1
0,4,3,12,17,0.2,FALSE,50,50,0,TRUE,1,0.021998882,OPTIMAL,2,0,48,0.020517588,0.04251647,0,0,0,0.030518532,48,OPTIMAL,48,0.028347015,1
0,4,3,12,18,0.2,FALSE,50,50,0,TRUE,1,0.010998011,OPTIMAL,2,0,51,0.024250746,0.035248756,0,0,0,0.021998882,51,OPTIMAL,51,0.033001661,1
0,4,3,12,19,0.2,FALSE,50,50,0,TRUE,1,0.010452509,OPTIMAL,2,0,54,0.021186829,0.031639338,0,0,0,0.019459009,54,OPTIMAL,54,0.027999878,1
0,4,3,13,18,0.2,FALSE,54,54,0,TRUE,1,0.016998768,OPTIMAL,2,0,51,0.028618813,0.04561758,0,0,0,0.025997639,51,OPTIMAL,51,0.026204348,1
0,4,3,13,19,0.2,FALSE,54,54,0,TRUE,1,0.016366243,OPTIMAL,2,0,54,0.039011717,0.05537796,0,0,0,0.02936554,54,OPTIMAL,54,0.024001598,1
0,4,3,13,20,0.2,FALSE,54,54,0,TRUE,1,0.008002043,OPTIMAL,2,0,56,0.025004387,0.03300643,0,0,0,0.016001701,56,OPTIMAL,56,0.022002935,1
0,4,3,13,21,0.2,FALSE,54,54,0,TRUE,1,0.008513451,OPTIMAL,2,0,59,0.026000977,0.034514427,0,0,0,0.016513348,59,OPTIMAL,59,0.022509813,1
0,4,3,14,19,0.2,FALSE,58,58,0,TRUE,1,0.016999006,OPTIMAL,2,0,54,0.041513681,0.058512688,0,0,0,0.031010866,54,OPTIMAL,54,0.023530245,1
0,4,3,14,20,0.2,FALSE,58,58,0,TRUE,1,0.009001017,OPTIMAL,2,0,56,0.044054985,0.053056002,0,0,0,0.017002583,56,OPTIMAL,56,0.023198843,1
0,4,3,14,21,0.2,FALSE,58,58,0,TRUE,1,0.015155792,OPTIMAL,2,0,59,0.03400135,0.049157143,0,0,0,0.026157141,59,OPTIMAL,59,0.029960155,1
0,4,3,14,22,0.2,FALSE,58,58,0,TRUE,1,0.009005547,OPTIMAL,2,0,62,0.040018559,0.049024105,0,0,0,0.02400589,62,OPTIMAL,62,0.038998365,1
0,4,3,15,20,0.2,FALSE,61,61,0,TRUE,1,0.00852704,OPTIMAL,2,0,56,0.053005695,0.061532736,0,0,0,0.02052784,56,OPTIMAL,56,0.032026291,1
0,4,3,15,21,0.2,FALSE,61,61,0,TRUE,1,0.019014597,OPTIMAL,2,0,59,0.029999971,0.049014568,0,0,0,0.027014256,59,OPTIMAL,59,0.02552247,1
0,4,3,15,22,0.2,FALSE,61,61,0,TRUE,1,0.00799799,OPTIMAL,2,0,62,0.031529427,0.039527416,0,0,0,0.016002178,62,OPTIMAL,62,0.028344393,1
0,4,3,15,23,0.2,FALSE,61,61,0,TRUE,1,0.019520283,OPTIMAL,2,0,65,0.054828167,0.07434845,0,0,0,0.034173489,65,OPTIMAL,65,0.026000023,1
0,4,4,4,4,0.2,TRUE,16,16,0,TRUE,1,0.00799489,OPTIMAL,2,0,16,0.022516966,0.030511856,0,0,0,0.021002054,16,OPTIMAL,16,0.020999908,1
0,4,4,4,5,0.2,FALSE,16,20,0,TRUE,1,0.02541256,OPTIMAL,2,0,12,0.04271841,0.06813097,0,0,0,0.045484066,12,OPTIMAL,12,0.018997669,1
0,4,4,5,5,0.2,FALSE,20,20,0,TRUE,1,0.014176607,OPTIMAL,2,0,21,0.029999256,0.044175863,0,0,0,0.032171965,21,OPTIMAL,21,0.025515079,1
0,4,4,5,6,0.2,FALSE,20,20,0,TRUE,1,0.006997824,OPTIMAL,2,0,25,0.011003017,0.018000841,0,0,0,0.013999939,25,OPTIMAL,25,0.013000727,1
0,4,4,6,6,0.2,FALSE,24,24,0,TRUE,1,0.018514156,OPTIMAL,2,0,25,0.013001204,0.03151536,0,0,0,0.0265131,25,OPTIMAL,25,0.019005775,1
0,4,4,6,7,0.2,FALSE,24,24,0,TRUE,1,0.007497787,OPTIMAL,2,0,29,0.024998903,0.032496691,0,0,0,0.025496483,29,OPTIMAL,29,0.018000603,1
0,4,4,7,7,0.2,FALSE,28,28,0,TRUE,1,0.007002831,OPTIMAL,2,0,29,0.012999296,0.020002127,0,0,0,0.014001608,29,OPTIMAL,29,0.031996012,1
0,4,4,7,8,0.2,FALSE,28,28,0,TRUE,1,0.00800395,OPTIMAL,2,0,33,0.012999773,0.021003723,0,0,0,0.016003609,33,OPTIMAL,33,0.011997938,1
0,4,4,7,9,0.2,FALSE,28,32,0,TRUE,1,0.022521019,OPTIMAL,2,0,37,0.292539358,0.315060377,0,0,0,0.030519485,37,OPTIMAL,36.999997,0.316639423,1.000000081
0,4,4,8,8,0.2,FALSE,32,32,0,TRUE,1,0.006998777,OPTIMAL,2,0,33,0.015511274,0.022510052,0,0,0,0.01451087,33,OPTIMAL,33,0.029992342,1
0,4,4,8,9,0.2,FALSE,32,32,0,TRUE,1,0.017004967,OPTIMAL,2,0,37,0.015999794,0.033004761,0,0,0,0.026003838,37,OPTIMAL,37,0.038505554,1
0,4,4,8,10,0.2,FALSE,32,33,0,TRUE,1,0.053005219,OPTIMAL,2,0,43,0.029000521,0.082005739,0,0,0,0.063006878,43,OPTIMAL,43,0.037361145,1
0,4,4,9,9,0.2,FALSE,36,36,0,TRUE,1,0.008997917,OPTIMAL,2,0,37,0.026339054,0.035336971,0,0,0,0.025331974,37,OPTIMAL,37,0.024001598,1
0,4,4,9,10,0.2,FALSE,36,36,0,TRUE,1,0.007997513,OPTIMAL,2,0,43,0.027031898,0.035029411,0,0,0,0.023977995,43,OPTIMAL,43,0.013640642,1
0,4,4,9,11,0.2,FALSE,36,37,0,TRUE,1,0.027007103,OPTIMAL,2,0,47,0.025997162,0.053004265,0,0,0,0.035004139,47,OPTIMAL,47,0.055506468,1
0,4,4,10,10,0.2,FALSE,42,42,0,TRUE,1,0.008998156,OPTIMAL,2,0,43,0.021998644,0.030996799,0,0,0,0.021994829,43,OPTIMAL,43,0.014505863,1
0,4,4,10,11,0.2,FALSE,42,42,0,TRUE,1,0.008079767,OPTIMAL,2,0,47,0.017001152,0.025080919,0,0,0,0.016079187,47,OPTIMAL,47,0.014000416,1
0,4,4,10,12,0.2,FALSE,42,42,0,TRUE,1,0.009510279,OPTIMAL,2,0,51,0.01800251,0.027512789,0,0,0,0.01750946,51,OPTIMAL,51,0.01300025,1
0,4,4,10,13,0.2,FALSE,42,45,0,TRUE,1,0.066511869,OPTIMAL,2,0,55,0.195019007,0.261530876,0,0,0,0.076514959,55,OPTIMAL,55,0.152015686,1
0,4,4,11,11,0.2,FALSE,46,46,0,TRUE,1,0.008233786,OPTIMAL,2,0,47,0.019692659,0.027926445,0,0,0,0.016233444,47,OPTIMAL,47,0.018294573,1
0,4,4,11,12,0.2,FALSE,46,46,0,TRUE,1,0.022014856,OPTIMAL,2,0,51,0.018000364,0.040015221,0,0,0,0.030019522,51,OPTIMAL,51,0.013998985,1
0,4,4,11,13,0.2,FALSE,46,46,0,TRUE,1,0.0210042,OPTIMAL,2,0,55,0.030511379,0.051515579,0,0,0,0.029003859,55,OPTIMAL,55,0.015005112,1
0,4,4,11,14,0.2,FALSE,46,49,0,TRUE,1,0.030510426,OPTIMAL,2,0,59,0.257523775,0.288034201,0,0,0,0.039508343,59,OPTIMAL,59,0.14312458,1
0,4,4,12,12,0.2,FALSE,50,50,0,TRUE,1,0.008016109,OPTIMAL,2,0,51,0.038999081,0.04701519,0,0,0,0.023017645,51,OPTIMAL,51,0.018509626,1
0,4,4,12,13,0.2,FALSE,50,50,0,TRUE,1,0.009998798,OPTIMAL,2,0,55,0.026098967,0.036097765,0,0,0,0.023994684,55,OPTIMAL,55,0.022022009,1
0,4,4,12,14,0.2,FALSE,50,50,0,TRUE,1,0.016313553,OPTIMAL,2,0,59,0.019649506,0.035963058,0,0,0,0.024315119,59,OPTIMAL,59,0.016998529,1
0,4,4,12,15,0.2,FALSE,50,50,0,TRUE,1,0.007998943,OPTIMAL,2,0,64,0.029525757,0.0375247,0,0,0,0.015994072,64,OPTIMAL,64,0.016997576,1
0,4,4,13,13,0.2,FALSE,54,54,0,TRUE,1,0.017996073,OPTIMAL,2,0,55,0.022000313,0.039996386,0,0,0,0.027995825,55,OPTIMAL,55,0.02951169,1
0,4,4,13,14,0.2,FALSE,54,54,0,TRUE,1,0.007995129,OPTIMAL,2,0,59,0.051093817,0.059088945,0,0,0,0.028004885,59,OPTIMAL,59,0.018001795,1
0,4,4,13,15,0.2,FALSE,54,54,0,TRUE,1,0.022526979,OPTIMAL,2,0,64,0.021998405,0.044525385,0,0,0,0.030525208,64,OPTIMAL,64,0.018502951,1
0,4,4,13,16,0.2,FALSE,54,54,0,TRUE,1,0.018153429,OPTIMAL,2,0,68,0.023002148,0.041155577,0,0,0,0.027155638,68,OPTIMAL,68,0.017995596,1
0,4,4,14,14,0.2,FALSE,58,58,0,TRUE,1,0.019011736,OPTIMAL,2,0,59,0.033828974,0.05284071,0,0,0,0.027989149,59,OPTIMAL,59,0.027095795,1
0,4,4,14,15,0.2,FALSE,58,58,0,TRUE,1,0.01299715,OPTIMAL,2,0,64,0.03100729,0.04400444,0,0,0,0.028004169,64,OPTIMAL,64,0.031955004,1
0,4,4,14,16,0.2,FALSE,58,58,0,TRUE,1,0.008998394,OPTIMAL,2,0,68,0.022997141,0.031995535,0,0,0,0.016995192,68,OPTIMAL,68,0.021002769,1
0,4,4,14,17,0.2,FALSE,58,58,0,TRUE,1,0.019994497,OPTIMAL,2,0,72,0.040999651,0.060994148,0,0,0,0.034998178,72,OPTIMAL,72,0.021003485,1
0,4,4,15,15,0.2,FALSE,61,61,0,TRUE,1,0.009000778,OPTIMAL,2,0,64,0.027998924,0.036999702,0,0,0,0.02200532,64,OPTIMAL,64,0.036002159,1
0,4,4,15,16,0.2,FALSE,61,61,0,TRUE,1,0.007999182,OPTIMAL,2,0,68,0.038005352,0.046004534,0,0,0,0.02799964,68,OPTIMAL,68,0.02099967,1
0,4,4,15,17,0.2,FALSE,61,61,0,TRUE,1,0.021007776,OPTIMAL,2,0,72,0.025505781,0.046513557,0,0,0,0.029007673,72,OPTIMAL,72,0.034891844,1
0,4,4,15,18,0.2,FALSE,61,62,0,TRUE,1,0.123238325,OPTIMAL,2,0,76,0.040999174,0.164237499,0,0,0,0.131237507,76,OPTIMAL,76,0.059996367,1
0,4,5,5,4,0.2,FALSE,20,20,0,TRUE,1,0.006999731,OPTIMAL,2,0,20,0.018999338,0.025999069,0,0,0,0.016999006,20,OPTIMAL,20,0.02700305,1
0,4,5,6,5,0.2,FALSE,24,24,0,TRUE,1,0.016514063,OPTIMAL,2,0,27,0.015999079,0.032513142,0,0,0,0.024512053,27,OPTIMAL,27,0.034517288,1
0,4,5,7,6,0.2,FALSE,28,28,0,TRUE,1,0.017002821,OPTIMAL,2,0,32,0.013999224,0.031002045,0,0,0,0.025002003,32,OPTIMAL,32,0.034999132,1
0,4,5,8,7,0.2,FALSE,32,32,0,TRUE,1,0.009997368,OPTIMAL,2,0,37,0.029674768,0.039672136,0,0,0,0.029152393,37,OPTIMAL,37,0.024997234,1
0,4,5,9,8,0.2,FALSE,36,36,0,TRUE,1,0.017000914,OPTIMAL,2,0,42,0.033004999,0.050005913,0,0,0,0.031001091,42,OPTIMAL,42,0.018009186,1
0,4,5,10,8,0.2,FALSE,42,42,0,TRUE,1,0.010995626,OPTIMAL,2,0,42,0.028002501,0.038998127,0,0,0,0.018994331,42,OPTIMAL,42,0.019518614,1
0,4,5,10,9,0.2,FALSE,42,42,0,TRUE,1,0.008998871,OPTIMAL,2,0,47,0.030002594,0.039001465,0,0,0,0.029003382,47,OPTIMAL,47,0.021510124,1
0,4,5,11,9,0.2,FALSE,46,46,0,TRUE,1,0.018999577,OPTIMAL,2,0,47,0.033520937,0.052520514,0,0,0,0.039003611,47,OPTIMAL,47,0.020999193,1
0,4,5,11,10,0.2,FALSE,46,46,0,TRUE,1,0.017537117,OPTIMAL,2,0,56,0.03099966,0.048536777,0,0,0,0.037539244,56,OPTIMAL,56,0.025521994,1
0,4,5,12,10,0.2,FALSE,50,50,0,TRUE,1,0.010997295,OPTIMAL,2,0,56,0.016057014,0.02705431,0,0,0,0.017996311,56,OPTIMAL,56,0.013999939,1
0,4,5,12,11,0.2,FALSE,50,50,0,TRUE,1,0.011992216,OPTIMAL,2,0,61,0.017515659,0.029507875,0,0,0,0.020499706,61,OPTIMAL,61,0.0140028,1
0,4,5,13,11,0.2,FALSE,54,54,0,TRUE,1,0.018994808,OPTIMAL,2,0,61,0.027009964,0.046004772,0,0,0,0.03399539,61,OPTIMAL,61,0.015994549,1
0,4,5,13,12,0.2,FALSE,54,54,0,TRUE,1,0.011992931,OPTIMAL,2,0,66,0.018003464,0.029996395,0,0,0,0.019991636,66,OPTIMAL,66,0.038994789,1
0,4,5,14,12,0.2,FALSE,58,58,0,TRUE,1,0.021001339,OPTIMAL,2,0,66,0.029150963,0.050152302,0,0,0,0.038152218,66,OPTIMAL,66,0.027528048,1
0,4,5,14,13,0.2,FALSE,58,58,0,TRUE,1,0.009000301,OPTIMAL,2,0,71,0.032001019,0.04100132,0,0,0,0.028000116,71,OPTIMAL,71,0.018000364,1
0,4,5,15,12,0.2,FALSE,61,61,0,TRUE,1,0.020016193,OPTIMAL,2,0,66,0.021265745,0.041281939,0,0,0,0.028280973,66,OPTIMAL,66,0.019001961,1
0,4,5,15,13,0.2,FALSE,61,61,0,TRUE,1,0.008004189,OPTIMAL,2,0,71,0.03200841,0.040012598,0,0,0,0.016015291,71,OPTIMAL,71,0.03853178,1
0,4,5,15,14,0.2,FALSE,61,61,0,TRUE,1,0.019999743,OPTIMAL,2,0,76,0.041530132,0.061529875,0,0,0,0.040007591,76,OPTIMAL,76,0.044522285,1
0,4,6,4,3,0.2,TRUE,16,18,0,TRUE,1,0.041996241,OPTIMAL,2,0,18,0.073527813,0.115524054,0,0,0,0.060519218,18,OPTIMAL,18,0.015995264,1
0,4,6,6,4,0.2,FALSE,24,24,0,TRUE,1,0.016518354,OPTIMAL,2,0,24,0.018998861,0.035517216,0,0,0,0.024517775,24,OPTIMAL,24,0.016012669,1
0,4,6,7,5,0.2,FALSE,28,28,0,TRUE,1,0.01852417,OPTIMAL,2,0,33,0.013028383,0.031552553,0,0,0,0.026548862,33,OPTIMAL,33,0.033509016,1
0,4,6,8,6,0.2,FALSE,32,32,0,TRUE,1,0.011997461,OPTIMAL,2,0,39,0.012996197,0.024993658,0,0,0,0.018998146,39,OPTIMAL,39,0.047523737,1
0,4,6,9,6,0.2,FALSE,36,36,0,TRUE,1,0.016007662,OPTIMAL,2,0,39,0.018535137,0.034542799,0,0,0,0.026537657,39,OPTIMAL,39,0.015998125,1
0,4,6,9,7,0.2,FALSE,36,38,0,TRUE,1,0.041524887,OPTIMAL,2,3.56E-08,44.9999984,0.067519903,0.10904479,0,0,0,0.054525375,45,OPTIMAL,45,0.065511227,1
0,4,6,10,7,0.2,FALSE,42,42,0,TRUE,1,0.012999773,OPTIMAL,2,0,45,0.016000509,0.029000282,0,0,0,0.02099967,45,OPTIMAL,45,0.026997328,1
0,4,6,11,8,0.2,FALSE,46,46,0,TRUE,1,0.018997431,OPTIMAL,2,0,51,0.039263248,0.058260679,0,0,0,0.037260771,51,OPTIMAL,51,0.013518572,1
0,4,6,12,8,0.2,FALSE,50,50,0,TRUE,1,0.008018255,OPTIMAL,2,0,51,0.017005682,0.025023937,0,0,0,0.016023159,51,OPTIMAL,51,0.02800107,1
0,4,6,12,9,0.2,FALSE,50,50,0,TRUE,1,0.014523268,OPTIMAL,2,0,57,0.016504526,0.031027794,0,0,0,0.022525311,57,OPTIMAL,57,0.012997627,1
0,4,6,13,9,0.2,FALSE,54,54,0,TRUE,1,0.012007475,OPTIMAL,2,0,57,0.019004107,0.031011581,0,0,0,0.020009518,57,OPTIMAL,57,0.036522388,1
0,4,6,13,10,0.2,FALSE,54,54,0,TRUE,1,0.018992662,OPTIMAL,2,0,67,0.018520594,0.037513256,0,0,0,0.027004957,67,OPTIMAL,67,0.015999794,1
0,4,6,14,10,0.2,FALSE,58,58,0,TRUE,1,0.021997452,OPTIMAL,2,0,67,0.019003868,0.04100132,0,0,0,0.030000925,67,OPTIMAL,67,0.022999525,1
0,4,6,14,11,0.2,FALSE,58,59,0,TRUE,1,0.025418043,OPTIMAL,2,0,73,0.045008898,0.070426941,0,0,0,0.035417795,73,OPTIMAL,73,0.05608511,1
0,4,6,15,10,0.2,FALSE,61,61,0,TRUE,1,0.018502951,OPTIMAL,2,0,67,0.048011541,0.066514492,0,0,0,0.035501003,67,OPTIMAL,67,0.02600646,1
0,4,6,15,11,0.2,FALSE,61,61,0,TRUE,1,0.018522263,OPTIMAL,2,0,73,0.020004749,0.038527012,0,0,0,0.026526451,73,OPTIMAL,73,0.032954931,1
0,4,7,5,3,0.2,FALSE,20,21,0,TRUE,1,0.048667192,OPTIMAL,2,0,21,0.036000252,0.084667444,0,0,0,0.06666851,21,OPTIMAL,21,0.035032749,1
0,4,7,7,4,0.2,FALSE,28,28,0,TRUE,1,0.017000675,OPTIMAL,2,0,28,0.019011259,0.036011934,0,0,0,0.025005102,28,OPTIMAL,28,0.019632339,1
0,4,7,8,5,0.2,FALSE,32,32,0,TRUE,1,0.017999649,OPTIMAL,2,0,38,0.02402401,0.042023659,0,0,0,0.031002283,38,OPTIMAL,38,0.022998333,1
0,4,7,10,6,0.2,FALSE,42,42,0,TRUE,1,0.007998943,OPTIMAL,2,0,45,0.035518408,0.043517351,0,0,0,0.023513556,45,OPTIMAL,45,0.0213902,1
0,4,7,11,7,0.2,FALSE,46,46,0,TRUE,1,0.01851511,OPTIMAL,2,0,52,0.034230947,0.052746058,0,0,0,0.033748627,52,OPTIMAL,52,0.046428204,1
0,4,7,12,7,0.2,FALSE,50,50,0,TRUE,1,0.018012047,OPTIMAL,2,0,52,0.025010109,0.043022156,0,0,0,0.035018921,52,OPTIMAL,52,0.025523424,1
0,4,7,13,8,0.2,FALSE,54,54,0,TRUE,1,0.008999348,OPTIMAL,2,0,59,0.035174847,0.044174194,0,0,0,0.025085449,59,OPTIMAL,59,0.024007797,1
0,4,7,14,8,0.2,FALSE,58,58,0,TRUE,1,0.018011332,OPTIMAL,2,0,59,0.029300928,0.04731226,0,0,0,0.034314632,59,OPTIMAL,59,0.015007496,1
0,4,7,14,9,0.2,FALSE,58,59,0,TRUE,1,0.120522738,OPTIMAL,2,0,66,0.057520866,0.178043604,0,0,0,0.13952589,66,OPTIMAL,66,0.06851244,1
0,4,7,15,9,0.2,FALSE,61,61,0,TRUE,1,0.009993553,OPTIMAL,2,0,66,0.028549194,0.038542747,0,0,0,0.021034718,66,OPTIMAL,66,0.020002365,1
0,5,3,4,7,0.2,FALSE,20,22,0,TRUE,1,0.020998955,OPTIMAL,2,0,18,0.072493792,0.093492746,0,0,0,0.036748648,18,OPTIMAL,18,0.034508705,1
0,5,3,4,8,0.2,FALSE,20,25,0,TRUE,1,0.028998852,OPTIMAL,2,0,21,0.084637642,0.113636494,0,0,0,0.040005684,21,OPTIMAL,21,0.108648062,1
0,5,3,4,9,0.2,FALSE,20,28,0,TRUE,1,0.025514126,OPTIMAL,2,0,24,0.1899755,0.215489626,0,0,0,0.037446737,24,OPTIMAL,24,0.063513517,1
0,5,3,5,9,0.2,FALSE,24,24,0,TRUE,1,0.008997679,OPTIMAL,2,0,27,0.016000509,0.024998188,0,0,0,0.019997835,27,OPTIMAL,27,0.015508175,1
0,5,3,5,10,0.2,FALSE,24,24,0,TRUE,1,0.009000063,OPTIMAL,2,0,31,0.015000582,0.024000645,0,0,0,0.018000126,31,OPTIMAL,31,0.014003515,1
0,5,3,5,11,0.2,FALSE,24,27,0,TRUE,1,0.017997742,OPTIMAL,2,0,34,0.052004337,0.070002079,0,0,0,0.03000021,34,OPTIMAL,34,0.04399991,1
0,5,3,5,12,0.2,FALSE,24,30,0,TRUE,1,0.018997192,OPTIMAL,2,0,37,0.365670204,0.384667397,0,0,0,0.032997847,37,OPTIMAL,37,0.193029165,1
0,5,3,6,10,0.2,FALSE,29,29,0,TRUE,1,0.009486675,OPTIMAL,2,0,31,0.019003868,0.028490543,0,0,0,0.020491362,31,OPTIMAL,31,0.013000011,1
0,5,3,6,11,0.2,FALSE,29,29,0,TRUE,1,0.009008646,OPTIMAL,2,0,34,0.029000282,0.038008928,0,0,0,0.030008554,34,OPTIMAL,34,0.012000084,1
0,5,3,6,12,0.2,FALSE,29,30,0,TRUE,1,0.024531841,OPTIMAL,2,0,37,0.032999516,0.057531357,0,0,0,0.04053092,37,OPTIMAL,37,0.031011105,1
0,5,3,6,13,0.2,FALSE,29,33,0,TRUE,1,0.052994967,OPTIMAL,2,0,40,0.192088604,0.24508357,0,0,0,0.065009117,40,OPTIMAL,40,0.170312405,1
0,5,3,7,12,0.2,FALSE,34,34,0,TRUE,1,0.012915373,OPTIMAL,2,0,37,0.023999214,0.036914587,0,0,0,0.027913809,37,OPTIMAL,37,0.013999939,1
0,5,3,7,13,0.2,FALSE,34,34,0,TRUE,1,0.010003805,OPTIMAL,2,0,40,0.023000002,0.033003807,0,0,0,0.019004583,40,OPTIMAL,40,0.012996912,1
0,5,3,7,14,0.2,FALSE,34,36,0,TRUE,1,0.042516708,OPTIMAL,2,0,43,0.084595203,0.127111912,0,0,0,0.052025557,43,OPTIMAL,43,0.065673351,1
0,5,3,7,15,0.2,FALSE,34,36,0,TRUE,1,0.052531481,OPTIMAL,2,0,46,0.06300211,0.11553359,0,0,0,0.063533783,46,OPTIMAL,46,0.042268753,1
0,5,3,8,14,0.2,FALSE,39,39,0,TRUE,1,0.009516716,OPTIMAL,2,0,43,0.021994829,0.031511545,0,0,0,0.021039963,43,OPTIMAL,43,0.02099967,1
0,5,3,8,15,0.2,FALSE,39,39,0,TRUE,1,0.009391069,OPTIMAL,2,0,46,0.037261963,0.046653032,0,0,0,0.026390553,46,OPTIMAL,46,0.025012255,1
0,5,3,8,16,0.2,FALSE,39,39,0,TRUE,1,0.021998644,OPTIMAL,2,0,49,0.02199626,0.043994904,0,0,0,0.031991005,49,OPTIMAL,49,0.028911591,1
0,5,3,8,17,0.2,FALSE,39,42,0,TRUE,1,0.040531397,OPTIMAL,2,3.04E-08,51.99999842,0.098519087,0.139050484,0,0,0,0.060535431,52,OPTIMAL,52,0.122989893,1
0,5,3,9,15,0.2,FALSE,44,44,0,TRUE,1,0.012003183,OPTIMAL,2,0,46,0.021000624,0.033003807,0,0,0,0.022003412,46,OPTIMAL,46,0.017000914,1
0,5,3,9,16,0.2,FALSE,44,44,0,TRUE,1,0.012000561,OPTIMAL,2,0,49,0.024000168,0.036000729,0,0,0,0.023001194,49,OPTIMAL,49,0.019510984,1
0,5,3,9,17,0.2,FALSE,44,44,0,TRUE,1,0.010999203,OPTIMAL,2,0,52,0.023000717,0.03399992,0,0,0,0.020999908,52,OPTIMAL,52,0.026513577,1
0,5,3,9,18,0.2,FALSE,44,45,0,TRUE,1,0.017999172,OPTIMAL,2,0,55,0.035511971,0.053511143,0,0,0,0.027999163,55,OPTIMAL,55,0.047599077,1
0,5,3,10,17,0.2,FALSE,51,51,0,TRUE,1,0.009002686,OPTIMAL,2,0,52,0.02399826,0.033000946,0,0,0,0.019001961,52,OPTIMAL,52,0.022508383,1
0,5,3,10,18,0.2,FALSE,51,51,0,TRUE,1,0.019999743,OPTIMAL,2,0,55,0.024003983,0.044003725,0,0,0,0.029999018,55,OPTIMAL,55,0.030002356,1
0,5,3,10,19,0.2,FALSE,51,51,0,TRUE,1,0.008997917,OPTIMAL,2,0,58,0.025589466,0.034587383,0,0,0,0.017998457,58,OPTIMAL,58,0.022000074,1
0,5,3,10,20,0.2,FALSE,51,51,0,TRUE,1,0.010002851,OPTIMAL,2,0,61,0.026997566,0.037000418,0,0,0,0.020000696,61,OPTIMAL,61,0.022003174,1
0,5,3,11,19,0.2,FALSE,56,56,0,TRUE,1,0.00999999,OPTIMAL,2,0,58,0.03100419,0.041004181,0,0,0,0.020000458,58,OPTIMAL,58,0.021681309,1
0,5,3,11,20,0.2,FALSE,56,56,0,TRUE,1,0.009999514,OPTIMAL,2,0,61,0.030003786,0.0400033,0,0,0,0.020003557,61,OPTIMAL,61,0.025750637,1
0,5,3,11,21,0.2,FALSE,56,56,0,TRUE,1,0.01099658,OPTIMAL,2,0,64,0.03100419,0.042000771,0,0,0,0.020998716,64,OPTIMAL,64,0.025264978,1
0,5,3,11,22,0.2,FALSE,56,56,0,TRUE,1,0.010582924,OPTIMAL,2,0,67,0.031513929,0.042096853,0,0,0,0.020582676,67,OPTIMAL,67,0.025526762,1
0,5,3,12,20,0.2,FALSE,61,61,0,TRUE,1,0.009998798,OPTIMAL,2,0,61,0.036002159,0.046000957,0,0,0,0.019998312,61,OPTIMAL,61,0.059881449,1
0,5,3,12,21,0.2,FALSE,61,61,0,TRUE,1,0.010002613,OPTIMAL,2,0,64,0.035997391,0.046000004,0,0,0,0.019999981,64,OPTIMAL,64,0.027504921,1
0,5,3,12,22,0.2,FALSE,61,61,0,TRUE,1,0.009999037,OPTIMAL,2,0,67,0.033514261,0.043513298,0,0,0,0.020002842,67,OPTIMAL,67,0.031002522,1
0,5,3,12,23,0.2,FALSE,61,61,0,TRUE,1,0.011527777,OPTIMAL,2,0,70,0.049002647,0.060530424,0,0,0,0.030528069,70,OPTIMAL,70,0.028000355,1
0,5,3,13,22,0.2,FALSE,66,66,0,TRUE,1,0.010003567,OPTIMAL,2,0,67,0.034997463,0.04500103,0,0,0,0.020000219,67,OPTIMAL,67,0.030512094,1
0,5,3,13,23,0.2,FALSE,66,66,0,TRUE,1,0.008996248,OPTIMAL,2,0,70,0.035512686,0.044508934,0,0,0,0.018999338,70,OPTIMAL,70,0.047926426,1
0,5,3,13,24,0.2,FALSE,66,66,0,TRUE,1,0.017003536,OPTIMAL,2,0,73,0.065009356,0.082012892,0,0,0,0.035999298,73,OPTIMAL,73,0.031000376,1
0,5,3,13,25,0.2,FALSE,66,66,0,TRUE,1,0.008998871,OPTIMAL,2,0,76,0.053108931,0.062107801,0,0,0,0.020002842,76,OPTIMAL,76,0.041999578,1
0,5,3,14,24,0.2,FALSE,71,71,0,TRUE,1,0.031512976,OPTIMAL,2,0,73,0.061879396,0.093392372,0,0,0,0.043021202,73,OPTIMAL,73,0.044002056,1
0,5,3,14,25,0.2,FALSE,71,71,0,TRUE,1,0.03499794,OPTIMAL,2,0,76,0.041084766,0.076082706,0,0,0,0.045076132,76,OPTIMAL,76,0.037000179,1
0,5,3,14,26,0.2,FALSE,71,71,0,TRUE,1,0.027506828,OPTIMAL,2,0,79,0.054769516,0.082276344,0,0,0,0.042598248,79,OPTIMAL,79,0.035808325,1
0,5,3,14,27,0.2,FALSE,71,71,0,TRUE,1,0.017916441,OPTIMAL,2,0,82,0.042701721,0.060618162,0,0,0,0.027916431,82,OPTIMAL,82,0.035009384,1
0,5,3,15,25,0.2,FALSE,75,75,0,TRUE,1,0.013064384,OPTIMAL,2,0,76,0.04750967,0.060574055,0,0,0,0.023575783,76,OPTIMAL,76,0.052512169,1
0,5,3,15,26,0.2,FALSE,75,75,0,TRUE,1,0.012896776,OPTIMAL,2,0,79,0.055516243,0.068413019,0,0,0,0.031421661,79,OPTIMAL,79,0.045473337,1
0,5,3,15,27,0.2,FALSE,75,75,0,TRUE,1,0.013998747,OPTIMAL,2,0,82,0.043508768,0.057507515,0,0,0,0.023997307,82,OPTIMAL,82,0.042013645,1
0,5,3,15,28,0.2,FALSE,75,75,0,TRUE,1,0.015996933,OPTIMAL,2,0,85,0.067515135,0.083512068,0,0,0,0.034996748,85,OPTIMAL,85,0.041507721,1
0,5,4,4,5,0.2,FALSE,20,20,0,TRUE,1,0.010997772,OPTIMAL,2,0,16,0.016070604,0.027068377,0,0,0,0.022066832,16,OPTIMAL,16,0.019512177,1
0,5,4,4,6,0.2,FALSE,20,24,0,TRUE,1,0.042994976,OPTIMAL,2,0,20,0.295399666,0.338394642,0,0,0,0.053504229,20,OPTIMAL,20,0.197235346,1
0,5,4,5,7,0.2,FALSE,24,24,0,TRUE,1,0.014999151,OPTIMAL,2,0,30,0.023998022,0.038997173,0,0,0,0.031999111,30,OPTIMAL,30,0.01500082,1
0,5,4,5,8,0.2,FALSE,24,28,0,TRUE,1,0.041211128,OPTIMAL,2,0,34,0.128016233,0.169227362,0,0,0,0.052212954,34,OPTIMAL,33.9999955,0.095510483,1.000000132
0,5,4,6,8,0.2,FALSE,29,29,0,TRUE,1,0.009999275,OPTIMAL,2,0,34,0.016998053,0.026997328,0,0,0,0.019995928,34,OPTIMAL,34,0.019999743,1
0,5,4,6,9,0.2,FALSE,29,32,0,TRUE,1,0.058510303,OPTIMAL,2,1.08E-07,37.99999589,0.071257114,0.129767418,0,0,0,0.070511818,38,OPTIMAL,38,0.063506126,1
0,5,4,7,9,0.2,FALSE,34,34,0,TRUE,1,0.008999109,OPTIMAL,2,0,38,0.025436163,0.034435272,0,0,0,0.026435375,38,OPTIMAL,38,0.01999712,1
0,5,4,7,10,0.2,FALSE,34,34,0,TRUE,1,0.018511295,OPTIMAL,2,0,45,0.01699996,0.035511255,0,0,0,0.027511835,45,OPTIMAL,45,0.03301549,1
0,5,4,7,11,0.2,FALSE,34,36,0,TRUE,1,0.061994076,OPTIMAL,2,0,49,0.128261328,0.190255404,0,0,0,0.072499514,49,OPTIMAL,49,0.092517376,1
0,5,4,8,10,0.2,FALSE,39,39,0,TRUE,1,0.009996176,OPTIMAL,2,0,45,0.018506765,0.028502941,0,0,0,0.019503117,45,OPTIMAL,45,0.024990797,1
0,5,4,8,11,0.2,FALSE,39,39,0,TRUE,1,0.018998861,OPTIMAL,2,0,49,0.029999256,0.048998117,0,0,0,0.037999392,49,OPTIMAL,49,0.013999939,1
0,5,4,8,12,0.2,FALSE,39,40,0,TRUE,1,0.017003775,OPTIMAL,2,0,53,0.030003309,0.047007084,0,0,0,0.027005911,53,OPTIMAL,53,0.03869009,1
0,5,4,8,13,0.2,FALSE,39,44,0,TRUE,1,0.058526754,OPTIMAL,2,1.55E-08,56.99999911,0.429526091,0.488052845,14,0,14,0.070529699,57,OPTIMAL,56.99999156,0.465456963,1.000000148
0,5,4,9,12,0.2,FALSE,44,44,0,TRUE,1,0.010994434,OPTIMAL,2,0,53,0.023008347,0.034002781,0,0,0,0.022001743,53,OPTIMAL,53,0.017011642,1
0,5,4,9,13,0.2,FALSE,44,44,0,TRUE,1,0.010523796,OPTIMAL,2,0,57,0.020999908,0.031523705,0,0,0,0.02052331,57,OPTIMAL,57,0.016010523,1
0,5,4,9,14,0.2,FALSE,44,48,0,TRUE,1,0.045999527,OPTIMAL,2,0,61,0.303996325,0.349995852,0,0,0,0.067517757,61,OPTIMAL,61,0.257565022,1
0,5,4,10,13,0.2,FALSE,51,51,0,TRUE,1,0.009919167,OPTIMAL,2,0,57,0.023000479,0.032919645,0,0,0,0.01991868,57,OPTIMAL,57,0.021011353,1
0,5,4,10,14,0.2,FALSE,51,51,0,TRUE,1,0.016013861,OPTIMAL,2,0,61,0.035015106,0.051028967,0,0,0,0.026013136,61,OPTIMAL,61,0.023000002,1
0,5,4,10,15,0.2,FALSE,51,51,0,TRUE,1,0.011995077,OPTIMAL,2,0,66,0.024527073,0.03652215,0,0,0,0.021995306,66,OPTIMAL,66,0.023999214,1
0,5,4,10,16,0.2,FALSE,51,53,0,TRUE,1,0.040519953,OPTIMAL,2,2.26E-08,69.99999842,0.098019838,0.138539791,0,0,0,0.052517414,70,OPTIMAL,70,0.146798134,1
0,5,4,11,14,0.2,FALSE,56,56,0,TRUE,1,0.00999856,OPTIMAL,2,0,61,0.024001122,0.033999681,0,0,0,0.019999266,61,OPTIMAL,61,0.040532827,1
0,5,4,11,15,0.2,FALSE,56,56,0,TRUE,1,0.025994062,OPTIMAL,2,0,66,0.022999763,0.048993826,0,0,0,0.035993338,66,OPTIMAL,66,0.022628069,1
0,5,4,11,16,0.2,FALSE,56,56,0,TRUE,1,0.011004925,OPTIMAL,2,0,70,0.032771349,0.043776274,0,0,0,0.022504568,70,OPTIMAL,70,0.034778833,1
0,5,4,11,17,0.2,FALSE,56,57,0,TRUE,1,0.049759626,OPTIMAL,2,0,74,0.052518368,0.102277994,0,0,0,0.070276022,74,OPTIMAL,74,0.076517582,1
0,5,4,12,15,0.2,FALSE,61,61,0,TRUE,1,0.010998487,OPTIMAL,2,0,66,0.0259974,0.036995888,0,0,0,0.021000862,66,OPTIMAL,66,0.02651763,1
0,5,4,12,16,0.2,FALSE,61,61,0,TRUE,1,0.010003328,OPTIMAL,2,0,70,0.031513691,0.041517019,0,0,0,0.019995928,70,OPTIMAL,70,0.047999144,1
0,5,4,12,17,0.2,FALSE,61,61,0,TRUE,1,0.020997286,OPTIMAL,2,0,74,0.050539017,0.071536303,0,0,0,0.042352676,74,OPTIMAL,74,0.040221214,1
0,5,4,12,18,0.2,FALSE,61,61,0,TRUE,1,0.023043394,OPTIMAL,2,0,78,0.027106285,0.050149679,0,0,0,0.033590794,78,OPTIMAL,78,0.038003922,1
0,5,4,13,17,0.2,FALSE,66,66,0,TRUE,1,0.031004429,OPTIMAL,2,0,74,0.027999878,0.059004307,0,0,0,0.041006804,74,OPTIMAL,74,0.028000116,1
0,5,4,13,18,0.2,FALSE,66,66,0,TRUE,1,0.011996269,OPTIMAL,2,0,78,0.029999495,0.041995764,0,0,0,0.021995783,78,OPTIMAL,78,0.028005838,1
0,5,4,13,19,0.2,FALSE,66,66,0,TRUE,1,0.0119977,OPTIMAL,2,0,82,0.029000998,0.040998697,0,0,0,0.021997929,82,OPTIMAL,82,0.030002832,1
0,5,4,13,20,0.2,FALSE,66,66,0,TRUE,1,0.014001846,OPTIMAL,2,0,88,0.027999878,0.042001724,0,0,0,0.024001598,88,OPTIMAL,88,0.028006792,1
0,5,4,14,18,0.2,FALSE,71,71,0,TRUE,1,0.017001629,OPTIMAL,2,0,78,0.029995918,0.046997547,0,0,0,0.028000116,78,OPTIMAL,78,0.029000282,1
0,5,4,14,19,0.2,FALSE,71,71,0,TRUE,1,0.013002157,OPTIMAL,2,0,82,0.027002573,0.04000473,0,0,0,0.022999525,82,OPTIMAL,82,0.026517391,1
0,5,4,14,20,0.2,FALSE,71,71,0,TRUE,1,0.02799511,OPTIMAL,2,0,88,0.055066347,0.083061457,0,0,0,0.045081377,88,OPTIMAL,88,0.026007414,1
0,5,4,14,21,0.2,FALSE,71,71,0,TRUE,1,0.013995171,OPTIMAL,2,0,92,0.052228212,0.066223383,0,0,0,0.037131786,92,OPTIMAL,92,0.041556597,1
0,5,4,15,19,0.2,FALSE,75,75,0,TRUE,1,0.019150019,OPTIMAL,2,0,82,0.039515018,0.058665037,0,0,0,0.032151222,82,OPTIMAL,82,0.035511971,1
0,5,4,15,20,0.2,FALSE,75,75,0,TRUE,1,0.025775671,OPTIMAL,2,0,88,0.079003811,0.104779482,0,0,0,0.041775942,88,OPTIMAL,88,0.035998821,1
0,5,4,15,21,0.2,FALSE,75,75,0,TRUE,1,0.016997576,OPTIMAL,2,0,92,0.054337978,0.071335554,0,0,0,0.027004242,92,OPTIMAL,92,0.04135561,1
0,5,4,15,22,0.2,FALSE,75,75,0,TRUE,1,0.016126633,OPTIMAL,2,0,96,0.04243803,0.058564663,0,0,0,0.026566505,96,OPTIMAL,96,0.049516678,1
0,5,5,4,4,0.2,TRUE,20,20,0,TRUE,1,0.017999172,OPTIMAL,2,0,20,0.026294947,0.044294119,0,0,0,0.044294119,20,OPTIMAL,20,0.029000521,1
0,5,5,5,5,0.2,FALSE,24,24,0,TRUE,1,0.01699996,OPTIMAL,2,0,27,0.017001152,0.034001112,0,0,0,0.02700305,27,OPTIMAL,27,0.031999588,1
0,5,5,5,6,0.2,FALSE,24,27,0,TRUE,1,0.037964821,OPTIMAL,2,0,32,0.070358753,0.108323574,0,0,0,0.048964024,32,OPTIMAL,32,0.071680307,1
0,5,5,6,6,0.2,FALSE,29,29,0,TRUE,1,0.011565685,OPTIMAL,2,0,32,0.017999411,0.029565096,0,0,0,0.022569418,32,OPTIMAL,32,0.017029524,1
0,5,5,6,7,0.2,FALSE,29,32,0,TRUE,1,0.033732414,OPTIMAL,2,8.65E-08,36.9999968,0.078522682,0.112255096,0,0,0,0.044740438,37,OPTIMAL,37,0.098515749,1
0,5,5,7,7,0.2,FALSE,34,34,0,TRUE,1,0.01264596,OPTIMAL,2,0,37,0.037134171,0.04978013,0,0,0,0.038781166,37,OPTIMAL,37,0.018005371,1
0,5,5,7,8,0.2,FALSE,34,37,0,TRUE,1,0.068998337,OPTIMAL,2,7.14E-08,41.999997,0.11519146,0.184189796,0,0,0,0.079508066,42,OPTIMAL,42,0.091410398,1
0,5,5,8,8,0.2,FALSE,39,39,0,TRUE,1,0.014003515,OPTIMAL,2,0,42,0.020004272,0.034007788,0,0,0,0.024003744,42,OPTIMAL,42,0.043002367,1
0,5,5,8,9,0.2,FALSE,39,42,0,TRUE,1,0.090055943,OPTIMAL,2,0,47,0.267035246,0.357091188,0,0,0,0.102057934,47,OPTIMAL,47,0.096514702,1
0,5,5,9,9,0.2,FALSE,44,44,0,TRUE,1,0.009662867,OPTIMAL,2,0,47,0.020998478,0.030661345,0,0,0,0.019661427,47,OPTIMAL,47,0.01785779,1
0,5,5,9,10,0.2,FALSE,44,44,0,TRUE,1,0.021854401,OPTIMAL,2,0,56,0.022235155,0.044089556,0,0,0,0.032583237,56,OPTIMAL,56,0.023999214,1
0,5,5,9,11,0.2,FALSE,44,49,0,TRUE,1,0.06551981,OPTIMAL,2,1.18E-07,60.99999278,0.518147469,0.583667278,0,0,0,0.084051132,61,OPTIMAL,61,0.329187632,1
0,5,5,10,10,0.2,FALSE,51,51,0,TRUE,1,0.015515566,OPTIMAL,2,0,56,0.026312351,0.041827917,0,0,0,0.027831078,56,OPTIMAL,56,0.018002272,1
0,5,5,10,11,0.2,FALSE,51,51,0,TRUE,1,0.011998892,OPTIMAL,2,0,61,0.022792816,0.034791708,0,0,0,0.022006273,61,OPTIMAL,61,0.038115978,1
0,5,5,10,12,0.2,FALSE,51,54,0,TRUE,1,0.088519335,OPTIMAL,2,0,66,0.358587503,0.447106838,0,0,0,0.102529764,66,OPTIMAL,66,0.196247101,1
0,5,5,11,11,0.2,FALSE,56,56,0,TRUE,1,0.014008045,OPTIMAL,2,0,61,0.022993803,0.037001848,0,0,0,0.024030447,61,OPTIMAL,61,0.021017551,1
0,5,5,11,12,0.2,FALSE,56,56,0,TRUE,1,0.009958982,OPTIMAL,2,0,66,0.024900913,0.034859896,0,0,0,0.019954205,66,OPTIMAL,66,0.041977644,1
0,5,5,11,13,0.2,FALSE,56,59,0,TRUE,1,0.085912943,OPTIMAL,2,0,71,0.167651415,0.253564358,0,0,0,0.098444223,71,OPTIMAL,71,0.313655615,1
0,5,5,12,12,0.2,FALSE,61,61,0,TRUE,1,0.012001991,OPTIMAL,2,0,66,0.027004242,0.039006233,0,0,0,0.02300024,66,OPTIMAL,66,0.022999763,1
0,5,5,12,13,0.2,FALSE,61,61,0,TRUE,1,0.019012928,OPTIMAL,2,0,71,0.0388906,0.057903528,0,0,0,0.039803743,71,OPTIMAL,71,0.025995731,1
0,5,5,12,14,0.2,FALSE,61,64,0,TRUE,1,0.109208107,OPTIMAL,2,0,76,0.25067687,0.359884977,0,0,0,0.134208918,76,OPTIMAL,76,0.263925314,1
0,5,5,13,13,0.2,FALSE,66,66,0,TRUE,1,0.010998487,OPTIMAL,2,0,71,0.042003632,0.053002119,0,0,0,0.034994841,71,OPTIMAL,71,0.026004314,1
0,5,5,13,14,0.2,FALSE,66,66,0,TRUE,1,0.020521402,OPTIMAL,2,0,76,0.027281761,0.047803164,0,0,0,0.03053093,76,OPTIMAL,76,0.026916027,1
0,5,5,13,15,0.2,FALSE,66,66,0,TRUE,1,0.017008781,OPTIMAL,2,0,83,0.030986547,0.047995329,0,0,0,0.028068066,83,OPTIMAL,83,0.027518988,1
0,5,5,13,16,0.2,FALSE,66,71,0,TRUE,1,0.083534002,OPTIMAL,2,6.37E-08,87.9999944,0.632744551,0.716278553,3,0,3,0.10154295,88,OPTIMAL,87.99999441,0.539744616,1.000000064
0,5,5,14,14,0.2,FALSE,71,71,0,TRUE,1,0.01099515,OPTIMAL,2,0,76,0.031009912,0.042005062,0,0,0,0.021995068,76,OPTIMAL,76,0.035999775,1
0,5,5,14,15,0.2,FALSE,71,71,0,TRUE,1,0.016999483,OPTIMAL,2,0,83,0.031008959,0.048008442,0,0,0,0.026999474,83,OPTIMAL,83,0.031999588,1
0,5,5,14,16,0.2,FALSE,71,71,0,TRUE,1,0.011009693,OPTIMAL,2,0,88,0.031004667,0.04201436,0,0,0,0.021014452,88,OPTIMAL,88,0.029999256,1
0,5,5,14,17,0.2,FALSE,71,76,0,TRUE,1,0.052522421,OPTIMAL,2,0,93,0.352352858,0.404875278,0,0,0,0.073531389,93,OPTIMAL,93,0.455993652,1
0,5,5,15,15,0.2,FALSE,75,75,0,TRUE,1,0.018995523,OPTIMAL,2,0,83,0.040938854,0.059934378,0,0,0,0.02950573,83,OPTIMAL,83,0.050525427,1
0,5,5,15,16,0.2,FALSE,75,75,0,TRUE,1,0.014996767,OPTIMAL,2,0,88,0.033515692,0.048512459,0,0,0,0.025517941,88,OPTIMAL,88,0.032008648,1
0,5,5,15,17,0.2,FALSE,75,76,0,TRUE,1,0.106528759,OPTIMAL,2,0,93,0.060243368,0.166772127,0,0,0,0.117543221,93,OPTIMAL,93,0.08063674,1
0,5,5,15,18,0.2,FALSE,75,81,0,TRUE,1,0.114512682,OPTIMAL,2,0,98,0.66741538,0.781928062,0,0,0,0.127514124,98,OPTIMAL,98,0.611244202,1
0,5,6,6,5,0.2,FALSE,29,29,0,TRUE,1,0.008996964,OPTIMAL,2,0,33,0.027997017,0.03699398,0,0,0,0.028996229,33,OPTIMAL,33,0.021998405,1
0,5,6,7,6,0.2,FALSE,34,34,0,TRUE,1,0.011002541,OPTIMAL,2,0,39,0.02099824,0.03200078,0,0,0,0.024003506,39,OPTIMAL,39,0.020343542,1
0,5,6,8,7,0.2,FALSE,39,39,0,TRUE,1,0.018629074,OPTIMAL,2,0,45,0.022006035,0.040635109,0,0,0,0.029628515,45,OPTIMAL,45,0.013998747,1
0,5,6,9,8,0.2,FALSE,44,45,0,TRUE,1,0.020411015,OPTIMAL,2,0,51,0.052695036,0.07310605,0,0,0,0.032074213,51,OPTIMAL,51,0.0405128,1
0,5,6,10,9,0.2,FALSE,51,51,0,TRUE,1,0.011001825,OPTIMAL,2,0,57,0.022999525,0.03400135,0,0,0,0.021002293,57,OPTIMAL,57,0.019001007,1
0,5,6,11,10,0.2,FALSE,56,56,0,TRUE,1,0.01599741,OPTIMAL,2,0,67,0.023507833,0.039505243,0,0,0,0.025505066,67,OPTIMAL,67,0.021000147,1
0,5,6,12,10,0.2,FALSE,61,61,0,TRUE,1,0.010996819,OPTIMAL,2,0,67,0.026997089,0.037993908,0,0,0,0.021993876,67,OPTIMAL,67,0.02300477,1
0,5,6,12,11,0.2,FALSE,61,61,0,TRUE,1,0.018450737,OPTIMAL,2,0,73,0.032011986,0.050462723,0,0,0,0.034450769,73,OPTIMAL,73,0.023998499,1
0,5,6,13,11,0.2,FALSE,66,66,0,TRUE,1,0.029519558,OPTIMAL,2,0,73,0.031528711,0.061048269,0,0,0,0.042528629,73,OPTIMAL,73,0.025201082,1
0,5,6,13,12,0.2,FALSE,66,67,0,TRUE,1,0.119730473,OPTIMAL,2,0,79,0.049822569,0.169553041,0,0,0,0.130730152,79,OPTIMAL,79,0.065999269,1
0,5,6,14,12,0.2,FALSE,71,71,0,TRUE,1,0.011003733,OPTIMAL,2,0,79,0.02999711,0.041000843,0,0,0,0.022001028,79,OPTIMAL,79,0.026000977,1
0,5,6,14,13,0.2,FALSE,71,73,0,TRUE,1,0.074522018,OPTIMAL,2,3.37E-08,84.99999714,0.12052083,0.195042849,0,0,0,0.088521242,85,OPTIMAL,85,0.12633872,1
0,5,6,15,13,0.2,FALSE,75,75,0,TRUE,1,0.010998726,OPTIMAL,2,0,85,0.044928789,0.055927515,0,0,0,0.034922361,85,OPTIMAL,85,0.069016218,1
0,5,6,15,14,0.2,FALSE,75,79,0,TRUE,1,0.164852619,OPTIMAL,2,0,91,0.436700583,0.601553202,0,0,0,0.182849169,91,OPTIMAL,90.99999564,0.406623602,1.000000048
0,5,7,4,3,0.2,TRUE,20,21,0,TRUE,1,0.046014547,OPTIMAL,2,0,21,0.029998064,0.076012611,0,0,0,0.056014538,21,OPTIMAL,21,0.043522358,1
0,5,7,5,4,0.2,FALSE,24,28,0,TRUE,1,0.03500104,OPTIMAL,2,0,24,0.025418758,0.060419798,0,0,0,0.048007727,24,OPTIMAL,24,0.036004543,1
0,5,7,7,5,0.2,FALSE,34,34,0,TRUE,1,0.01100421,OPTIMAL,2,0,37,0.018002272,0.029006481,0,0,0,0.021004438,37,OPTIMAL,37,0.019999743,1
0,5,7,8,6,0.2,FALSE,39,40,0,TRUE,1,0.100263834,OPTIMAL,2,0,44,0.031077385,0.131341219,0,0,0,0.11126709,44,OPTIMAL,44,0.032513618,1
0,5,7,9,7,0.2,FALSE,44,47,0,TRUE,1,0.08801198,OPTIMAL,2,0,51,0.291182041,0.379194021,0,0,0,0.103012085,51,OPTIMAL,51,0.183563471,1
0,5,7,10,8,0.2,FALSE,51,54,0,TRUE,1,0.081985474,OPTIMAL,2,0,58,0.507457018,0.589442492,0,0,0,0.110510111,58,OPTIMAL,58,0.426449299,1
0,5,7,11,8,0.2,FALSE,56,56,0,TRUE,1,0.01100421,OPTIMAL,2,0,58,0.059526443,0.070530653,0,0,0,0.031638145,58,OPTIMAL,58,0.022540331,1
0,5,7,11,9,0.2,FALSE,56,61,0,TRUE,1,0.10813117,OPTIMAL,2,0,65,0.659586906,0.767718077,0,0,0,0.141653538,65,OPTIMAL,64.99999429,0.475959301,1.000000088
0,5,7,12,9,0.2,FALSE,61,61,0,TRUE,1,0.01100111,OPTIMAL,2,0,65,0.041917801,0.052918911,0,0,0,0.020915747,65,OPTIMAL,65,0.021000385,1
0,5,7,13,10,0.2,FALSE,66,67,0,TRUE,1,0.092517138,OPTIMAL,2,0,75,0.099235773,0.191752911,0,0,0,0.113517761,75,OPTIMAL,75,0.070511818,1
0,5,7,14,10,0.2,FALSE,71,71,0,TRUE,1,0.016646147,OPTIMAL,2,0,75,0.037536621,0.054182768,0,0,0,0.031647444,75,OPTIMAL,75,0.026001215,1
0,5,7,14,11,0.2,FALSE,71,74,0,TRUE,1,0.033260107,OPTIMAL,2,0,82,0.356352568,0.389612675,0,0,0,0.047261953,82,OPTIMAL,82,0.38982892,1
0,5,7,15,11,0.2,FALSE,75,75,0,TRUE,1,0.01299572,OPTIMAL,2,0,82,0.047276735,0.060272455,0,0,0,0.027997255,82,OPTIMAL,82,0.031522036,1
0,5,7,15,12,0.2,FALSE,75,81,0,TRUE,1,0.122608662,OPTIMAL,2,0,89,1.614565372,1.737174034,0,0,0,0.160612822,89,OPTIMAL,89,0.622303486,1
0,5,8,6,4,0.2,FALSE,29,32,0,TRUE,1,0.0605371,OPTIMAL,2,0,32,0.167380095,0.227917194,0,0,0,0.087534189,32,OPTIMAL,32,0.053075314,1
0,5,8,8,5,0.2,FALSE,39,39,0,TRUE,1,0.022219658,OPTIMAL,2,0,42,0.032016277,0.054235935,0,0,0,0.037223816,42,OPTIMAL,42,0.019999981,1
0,5,8,9,6,0.2,FALSE,44,46,0,TRUE,1,0.11170578,OPTIMAL,2,0,50,0.092998028,0.204703808,0,0,0,0.128707886,50,OPTIMAL,50,0.082400084,1
0,5,8,10,7,0.2,FALSE,51,54,0,TRUE,1,0.080508471,OPTIMAL,2,0,58,0.518900633,0.599409103,0,0,0,0.107724667,58,OPTIMAL,58,0.188574314,1
0,5,8,11,7,0.2,FALSE,56,56,0,TRUE,1,0.012999058,OPTIMAL,2,0,58,0.046528578,0.059527636,0,0,0,0.029529095,58,OPTIMAL,58,0.018004417,1
0,5,8,12,8,0.2,FALSE,61,62,0,TRUE,1,0.143516541,OPTIMAL,2,0,66,0.048019409,0.19153595,0,0,0,0.160499334,66,OPTIMAL,66,0.059867859,1
0,5,8,13,9,0.2,FALSE,66,70,0,TRUE,1,0.059517622,OPTIMAL,2,0,74,0.623739243,0.683256865,0,0,0,0.078687429,74,OPTIMAL,74,0.561159849,1
0,5,8,14,9,0.2,FALSE,71,71,0,TRUE,1,0.012528658,OPTIMAL,2,0,74,0.028004169,0.040532827,0,0,0,0.023528814,74,OPTIMAL,74,0.035105944,1
0,5,8,15,10,0.2,FALSE,75,77,0,TRUE,1,0.137953997,OPTIMAL,2,0,86,0.12394762,0.261901617,0,0,0,0.157952309,86,OPTIMAL,86,0.129507065,1
0,6,4,4,6,0.2,FALSE,24,24,0,TRUE,1,0.012002945,OPTIMAL,2,0,20,0.026528835,0.03853178,0,0,0,0.031521082,20,OPTIMAL,20,0.029999256,1
0,6,4,4,7,0.2,FALSE,24,28,0,TRUE,1,0.056623936,OPTIMAL,2,0,24,0.367484331,0.424108267,0,0,0,0.083815336,24,OPTIMAL,24,0.184022903,1
0,6,4,5,8,0.2,FALSE,28,30,0,TRUE,1,0.056998253,OPTIMAL,2,0,33,0.070000172,0.126998425,0,0,0,0.084995747,33,OPTIMAL,33,0.058993101,1
0,6,4,5,9,0.2,FALSE,28,34,0,TRUE,1,0.136115313,OPTIMAL,2,0,37,0.237354994,0.373470306,0,0,0,0.153112888,37,OPTIMAL,37,0.290550947,1
0,6,4,6,9,0.2,FALSE,34,34,0,TRUE,1,0.019000053,OPTIMAL,2,0,37,0.032005787,0.05100584,0,0,0,0.029999495,37,OPTIMAL,37,0.015000105,1
0,6,4,6,10,0.2,FALSE,34,36,0,TRUE,1,0.051650047,OPTIMAL,2,0,44,0.088509083,0.14015913,0,0,0,0.07165122,44,OPTIMAL,44,0.079514027,1
0,6,4,6,11,0.2,FALSE,34,40,0,TRUE,1,0.042002439,OPTIMAL,2,0,48,0.42064786,0.462650299,0,0,0,0.055594683,48,OPTIMAL,48,0.309267282,1
0,6,4,7,11,0.2,FALSE,40,40,0,TRUE,1,0.012014866,OPTIMAL,2,0,48,0.028225183,0.040240049,0,0,0,0.025145054,48,OPTIMAL,48,0.018275738,1
0,6,4,7,12,0.2,FALSE,40,44,0,TRUE,1,0.029661894,OPTIMAL,2,0,52,0.205628872,0.235290766,0,0,0,0.048665762,52,OPTIMAL,52,0.319782495,1
0,6,4,7,13,0.2,FALSE,40,48,0,TRUE,1,0.025002956,OPTIMAL,2,0,56,0.72113657,0.746139526,0,0,0,0.052005529,56,OPTIMAL,56,0.318772316,1
0,6,4,8,12,0.2,FALSE,46,46,0,TRUE,1,0.013998747,OPTIMAL,2,0,52,0.039207458,0.053206205,0,0,0,0.025998354,52,OPTIMAL,52,0.034427166,1
0,6,4,8,13,0.2,FALSE,46,48,0,TRUE,1,0.14560008,OPTIMAL,2,0,56,0.107508421,0.253108501,0,0,0,0.160600901,56,OPTIMAL,56,0.06199789,1
0,6,4,8,14,0.2,FALSE,46,52,0,TRUE,1,0.02851963,OPTIMAL,2,1.14E-07,59.99999318,0.499225378,0.527745008,0,0,0,0.044518948,60,OPTIMAL,60,0.468667984,1
0,6,4,8,15,0.2,FALSE,46,54,0,TRUE,1,0.077323437,OPTIMAL,2,0,64.999988,0.887681246,0.965004683,5,0,5,0.091751337,65,OPTIMAL,65,0.635032177,1
0,6,4,9,14,0.2,FALSE,52,52,0,TRUE,1,0.016996622,OPTIMAL,2,0,60,0.03592205,0.052918673,0,0,0,0.028918266,60,OPTIMAL,60,0.027003765,1
0,6,4,9,15,0.2,FALSE,52,54,0,TRUE,1,0.072510958,OPTIMAL,2,0,65,0.056004763,0.12851572,0,0,0,0.089509249,65,OPTIMAL,65,0.089520931,1
0,6,4,9,16,0.2,FALSE,52,58,0,TRUE,1,0.041999102,OPTIMAL,2,1.26E-07,68.99999129,0.458554506,0.500553608,0,0,0,0.074998856,69,OPTIMAL,69,0.438058376,1
0,6,4,9,17,0.2,FALSE,52,62,0,TRUE,1,0.057523489,OPTIMAL,2,0,73,0.909349442,0.966872931,0,0,0,0.074182749,73,OPTIMAL,73,0.637740135,1
0,6,4,10,15,0.2,FALSE,59,59,0,TRUE,1,0.011998177,OPTIMAL,2,0,65,0.047930479,0.059928656,0,0,0,0.02499795,65,OPTIMAL,65,0.033592224,1
0,6,4,10,16,0.2,FALSE,59,59,0,TRUE,1,0.012988329,OPTIMAL,2,0,69,0.034505129,0.047493458,0,0,0,0.024989843,69,OPTIMAL,69,0.030002356,1
0,6,4,10,17,0.2,FALSE,59,62,0,TRUE,1,0.095506907,OPTIMAL,2,0,73,0.132508278,0.228015184,0,0,0,0.123507738,73,OPTIMAL,73,0.128690004,1
0,6,4,10,18,0.2,FALSE,59,66,0,TRUE,1,0.033000469,OPTIMAL,2,0,77,0.73249197,0.765492439,0,0,0,0.053998947,77,OPTIMAL,76.99999223,0.758228302,1.000000101
0,6,4,11,17,0.2,FALSE,65,65,0,TRUE,1,0.013012409,OPTIMAL,2,0,73,0.073807001,0.08681941,0,0,0,0.033932447,73,OPTIMAL,73,0.05230689,1
0,6,4,11,18,0.2,FALSE,65,66,0,TRUE,1,0.107509136,OPTIMAL,2,0,77,0.063998461,0.171507597,0,0,0,0.119510412,77,OPTIMAL,77,0.092005253,1
0,6,4,11,19,0.2,FALSE,65,70,0,TRUE,1,0.058083057,OPTIMAL,2,0,81,0.364626408,0.422709465,0,0,0,0.075078011,81,OPTIMAL,81,0.258151054,1
0,6,4,11,20,0.2,FALSE,65,72,0,TRUE,1,0.076997042,OPTIMAL,2,0,86,0.549133778,0.626130819,0,0,0,0.103998423,86,OPTIMAL,86,0.581809282,1
0,6,4,12,18,0.2,FALSE,71,71,0,TRUE,1,0.018996477,OPTIMAL,2,0,77,0.094243526,0.113240004,0,0,0,0.039995193,77,OPTIMAL,77,0.034716129,1
0,6,4,12,19,0.2,FALSE,71,71,0,TRUE,1,0.028589249,OPTIMAL,2,0,81,0.05709672,0.085685968,0,0,0,0.040582895,81,OPTIMAL,81,0.045495749,1
0,6,4,12,20,0.2,FALSE,71,72,0,TRUE,1,0.049864054,OPTIMAL,2,0,86,0.101676702,0.151540756,0,0,0,0.072614908,86,OPTIMAL,86,0.110916853,1
0,6,4,12,21,0.2,FALSE,71,76,0,TRUE,1,0.047177792,OPTIMAL,2,0,90,0.520166159,0.56734395,0,0,0,0.069177628,90,OPTIMAL,90,0.203577995,1
0,6,4,13,20,0.2,FALSE,77,77,0,TRUE,1,0.025607586,OPTIMAL,2,0,86,0.077524662,0.103132248,0,0,0,0.037608147,86,OPTIMAL,86,0.064791918,1
0,6,4,13,21,0.2,FALSE,77,77,0,TRUE,1,0.014553547,OPTIMAL,2,0,90,0.063383818,0.077937365,0,0,0,0.029042482,90,OPTIMAL,90,0.050531626,1
0,6,4,13,22,0.2,FALSE,77,80,0,TRUE,1,0.045004129,OPTIMAL,2,4.61E-08,93.99999567,0.184869766,0.229873896,0,0,0,0.075441599,94,OPTIMAL,94,0.387342215,1
0,6,4,13,23,0.2,FALSE,77,84,0,TRUE,1,0.043831587,OPTIMAL,2,0,98,0.635519266,0.679350853,0,0,0,0.059828281,98,OPTIMAL,98,0.864546299,1
0,6,4,14,21,0.2,FALSE,83,83,0,TRUE,1,0.020013332,OPTIMAL,2,0,90,0.08736968,0.107383013,0,0,0,0.033011198,90,OPTIMAL,90,0.076518536,1
0,6,4,14,22,0.2,FALSE,83,83,0,TRUE,1,0.037515879,OPTIMAL,2,0,94,0.059402943,0.096918821,0,0,0,0.050646305,94,OPTIMAL,94,0.092433691,1
0,6,4,14,23,0.2,FALSE,83,84,0,TRUE,1,0.27244854,OPTIMAL,2,0,98,0.094514132,0.366962671,0,0,0,0.286447048,98,OPTIMAL,98,0.11965704,1
0,6,4,14,24,0.2,FALSE,83,88,0,TRUE,1,0.096534491,OPTIMAL,2,0,102,0.191302299,0.28783679,0,0,0,0.115044117,102,OPTIMAL,101.9999945,0.436775684,1.000000054
0,6,4,15,23,0.2,FALSE,87,87,0,TRUE,1,0.014523029,OPTIMAL,2,0,98,0.080647945,0.095170975,0,0,0,0.027523279,98,OPTIMAL,98,0.060509443,1
0,6,4,15,24,0.2,FALSE,87,88,0,TRUE,1,0.122511625,OPTIMAL,2,0,102,0.094648123,0.217159748,0,0,0,0.135645628,102,OPTIMAL,102,0.141420603,1
0,6,4,15,25,0.2,FALSE,87,89,0,TRUE,1,0.0537889,OPTIMAL,2,2.78E-08,107.999997,0.184164524,0.237953424,0,0,0,0.072914362,108,OPTIMAL,108,0.144571304,1
0,6,4,15,26,0.2,FALSE,87,93,0,TRUE,1,0.03860116,OPTIMAL,2,0,112,0.595293045,0.633894205,0,0,0,0.059596777,112,OPTIMAL,112,0.48545742,1
0,6,5,4,5,0.2,FALSE,24,24,0,TRUE,1,0.01058054,OPTIMAL,2,0,22,0.030012369,0.040592909,0,0,0,0.021593332,22,OPTIMAL,22,0.021640301,1
0,6,5,5,6,0.2,FALSE,28,28,0,TRUE,1,0.011998892,OPTIMAL,2,0,33,0.02127099,0.033269882,0,0,0,0.02526927,33,OPTIMAL,33,0.049000502,1
0,6,5,5,7,0.2,FALSE,28,33,0,TRUE,1,0.120049477,OPTIMAL,2,0,38,0.299267054,0.41931653,0,0,0,0.135047913,38,OPTIMAL,38,0.292358875,1
0,6,5,6,8,0.2,FALSE,34,38,0,TRUE,1,0.116548538,OPTIMAL,2,0,43,0.541606665,0.658155203,0,0,0,0.13654685,43,OPTIMAL,43,0.3116467,1
0,6,5,7,9,0.2,FALSE,40,43,0,TRUE,1,0.05200243,OPTIMAL,2,0,48,0.233781099,0.285783529,0,0,0,0.066514015,48,OPTIMAL,47.99999345,0.409715414,1.000000136
0,6,5,7,10,0.2,FALSE,40,47,0,TRUE,1,0.414618015,OPTIMAL,2,0,56,0.321468592,0.736086607,0,0,0,0.427617788,56,OPTIMAL,56,0.361766577,1
0,6,5,8,10,0.2,FALSE,46,47,0,TRUE,1,0.146020889,OPTIMAL,2,0,56,0.040016651,0.18603754,0,0,0,0.157105207,56,OPTIMAL,56,0.052995205,1
0,6,5,8,11,0.2,FALSE,46,52,0,TRUE,1,0.06052351,OPTIMAL,2,0,61,0.663069248,0.723592758,0,0,0,0.077470303,61,OPTIMAL,60.9999985,0.672006607,1.000000025
0,6,5,9,11,0.2,FALSE,52,52,0,TRUE,1,0.012005091,OPTIMAL,2,0,61,0.024996519,0.03700161,0,0,0,0.023000479,61,OPTIMAL,61,0.026010275,1
0,6,5,9,12,0.2,FALSE,52,57,0,TRUE,1,0.112530708,OPTIMAL,2,0,66,0.577775955,0.690306664,0,0,0,0.131542683,66,OPTIMAL,66,0.621225119,1
0,6,5,9,13,0.2,FALSE,52,62,0,FALSE,1.106382979,1.113059282,OPTIMAL,2,0,71,27.72427082,28.8373301,223,0,223,28.5727663,71,OPTIMAL,71,0.94154501,1
0,6,5,10,12,0.2,FALSE,59,59,0,TRUE,1,0.015244961,OPTIMAL,2,0,66,0.039024591,0.054269552,0,0,0,0.030752659,66,OPTIMAL,66,0.029001713,1
0,6,5,10,13,0.2,FALSE,59,62,0,TRUE,1,0.074090719,OPTIMAL,2,0,71,0.360347748,0.434438467,0,0,0,0.09942627,71,OPTIMAL,71,0.290784597,1
0,6,5,10,14,0.2,FALSE,59,67,0,TRUE,1,0.075529575,OPTIMAL,2,0,76,1.501858711,1.577388287,0,0,0,0.091534615,76,OPTIMAL,76,0.890004396,1
0,6,5,11,14,0.2,FALSE,65,67,0,TRUE,1,0.137339592,OPTIMAL,2,1.91E-08,75.99999855,0.112538338,0.24987793,0,0,0,0.151330948,76,OPTIMAL,76,0.111983776,1
0,6,5,11,15,0.2,FALSE,65,70,0,TRUE,1,0.094818592,OPTIMAL,2,3.93E-08,83.9999967,0.786448956,0.881267548,0,0,0,0.112818718,84,OPTIMAL,84,0.269465446,1
0,6,5,11,16,0.2,FALSE,65,75,0,TRUE,1,0.083543301,OPTIMAL,2,3.15E-08,88.9999972,1.922577143,2.006120443,5,0,5,0.104330063,89,OPTIMAL,89,1.441604614,1
0,6,5,12,15,0.2,FALSE,71,71,0,TRUE,1,0.023997307,OPTIMAL,2,0,84,0.040014029,0.064011335,0,0,0,0.037002325,84,OPTIMAL,84,0.03500247,1
0,6,5,12,16,0.2,FALSE,71,75,0,TRUE,1,0.117680073,OPTIMAL,2,0,89,0.169714451,0.287394524,0,0,0,0.139690876,89,OPTIMAL,89,0.314662457,1
0,6,5,12,17,0.2,FALSE,71,80,0,TRUE,1,0.100531101,OPTIMAL,2,0,94,1.828439713,1.928970814,0,0,0,0.119530201,94,OPTIMAL,94,1.294280767,1
0,6,5,13,16,0.2,FALSE,77,77,0,TRUE,1,0.025455475,OPTIMAL,2,0,89,0.048087597,0.073543072,0,0,0,0.038454771,89,OPTIMAL,89,0.041983366,1
0,6,5,13,17,0.2,FALSE,77,80,0,TRUE,1,0.25959444,OPTIMAL,2,0,94,0.14403224,0.40362668,0,0,0,0.27559495,94,OPTIMAL,94,0.206212759,1
0,6,5,13,18,0.2,FALSE,77,85,0,TRUE,1,0.160579205,OPTIMAL,2,0,99,1.062136889,1.222716093,0,0,0,0.177577019,99,OPTIMAL,99,1.164312124,1
0,6,5,13,19,0.2,FALSE,77,90,0,TRUE,1,0.160283089,OPTIMAL,2,0,104,1.740799427,1.901082516,0,0,0,0.19980073,104,OPTIMAL,103.999983,1.618865013,1.000000164
0,6,5,14,17,0.2,FALSE,83,83,0,TRUE,1,0.015999556,OPTIMAL,2,0,94,0.055402517,0.071402073,0,0,0,0.028885126,94,OPTIMAL,94,0.047066927,1
0,6,5,14,18,0.2,FALSE,83,85,0,TRUE,1,0.246654034,OPTIMAL,2,2.83E-08,98.9999972,0.10969758,0.356351614,0,0,0,0.261660337,99,OPTIMAL,99,0.147635221,1
0,6,5,14,19,0.2,FALSE,83,90,0,TRUE,1,0.119355917,OPTIMAL,2,2.11E-08,103.9999978,1.442848206,1.562204123,6,0,6,0.135885954,104,OPTIMAL,104,1.14509654,1
0,6,5,14,20,0.2,FALSE,83,93,0,TRUE,1,0.099791527,OPTIMAL,2,0,111,2.116931438,2.216722965,0,0,0,0.124396086,111,OPTIMAL,111,0.84097147,1
0,6,5,15,18,0.2,FALSE,87,87,0,TRUE,1,0.038542986,OPTIMAL,2,0,99,0.069733381,0.108276367,0,0,0,0.055043697,99,OPTIMAL,99,0.052433252,1
0,6,5,15,19,0.2,FALSE,87,90,0,TRUE,1,0.186816454,OPTIMAL,2,0,104,0.188504219,0.375320673,0,0,0,0.218335152,104,OPTIMAL,104,0.322831869,1
0,6,5,15,20,0.2,FALSE,87,93,0,TRUE,1,0.091529131,OPTIMAL,2,0,111,0.343027353,0.434556484,0,0,0,0.118529797,111,OPTIMAL,111,0.479281187,1
0,6,5,15,21,0.2,FALSE,87,98,0,TRUE,1,0.108539343,OPTIMAL,2,0,116,1.464308262,1.572847605,0,0,0,0.139539719,116,OPTIMAL,116,1.716364384,1
0,6,6,4,4,0.2,TRUE,24,24,0,TRUE,1,0.010997057,OPTIMAL,2,0,24,0.056564569,0.067561626,0,0,0,0.066563129,24,OPTIMAL,24,0.028997421,1
0,6,6,5,5,0.2,FALSE,28,29,0,TRUE,1,0.065528154,OPTIMAL,2,0,32,0.045526266,0.11105442,0,0,0,0.09205699,32,OPTIMAL,32,0.047004223,1
0,6,6,6,6,0.2,FALSE,34,35,0,TRUE,1,0.159111261,OPTIMAL,2,0,38,0.03251791,0.191629171,0,0,0,0.171620131,38,OPTIMAL,38,0.061850309,1
0,6,6,6,7,0.2,FALSE,34,41,0,TRUE,1,0.173526049,OPTIMAL,2,0,36,0.065197706,0.238723755,0,0,0,0.188527107,36,OPTIMAL,36,0.082890034,1
0,6,6,7,7,0.2,FALSE,40,41,0,TRUE,1,0.191008091,OPTIMAL,2,0,44,0.049301624,0.240309715,0,0,0,0.20800519,44,OPTIMAL,44,0.063503265,1
0,6,6,7,8,0.2,FALSE,40,47,0,TRUE,1,0.028998137,OPTIMAL,2,0,41,0.031986475,0.060984612,0,0,0,0.047505617,41,OPTIMAL,41,0.039999962,1
0,6,6,8,8,0.2,FALSE,46,47,0,TRUE,1,0.11986804,OPTIMAL,2,2.67E-08,49.99999867,0.053309441,0.173177481,0,0,0,0.144881725,50,OPTIMAL,50,0.051398754,1
0,6,6,8,9,0.2,FALSE,46,53,0,TRUE,1,0.07218504,OPTIMAL,2,0,56,0.596093893,0.668278933,0,0,0,0.108193159,56,OPTIMAL,56,0.289116859,1
0,6,6,9,9,0.2,FALSE,52,53,0,TRUE,1,0.192986012,OPTIMAL,2,0,56,0.046509504,0.239495516,0,0,0,0.205495358,56,OPTIMAL,56,0.05451417,1
0,6,6,9,10,0.2,FALSE,52,59,0,TRUE,1,0.127534866,OPTIMAL,2,0,65,0.658494234,0.7860291,0,0,0,0.150535345,65,OPTIMAL,65,0.565566778,1
0,6,6,10,10,0.2,FALSE,59,59,0,TRUE,1,0.026994944,OPTIMAL,2,0,65,0.032998562,0.059993505,0,0,0,0.039994955,65,OPTIMAL,65,0.028998852,1
0,6,6,10,11,0.2,FALSE,59,65,0,TRUE,1,0.119087219,OPTIMAL,2,0,71,0.911194801,1.030282021,0,0,0,0.151086807,71,OPTIMAL,71,0.484190941,1
0,6,6,11,11,0.2,FALSE,65,65,0,TRUE,1,0.014003038,OPTIMAL,2,0,71,0.036220074,0.050223112,0,0,0,0.027223825,71,OPTIMAL,71,0.047999144,1
0,6,6,11,12,0.2,FALSE,65,71,0,TRUE,1,0.122142792,OPTIMAL,2,0,77,0.992418528,1.114561319,0,0,0,0.145279408,77,OPTIMAL,77,0.839590788,1
0,6,6,11,13,0.2,FALSE,65,77,0,TRUE,1,0.076590061,OPTIMAL,2,0,68,1.203757763,1.280347824,69,0,69,0.099601746,68,OPTIMAL,68,0.127471924,1
0,6,6,12,12,0.2,FALSE,71,71,0,TRUE,1,0.013999224,OPTIMAL,2,0,77,0.084125757,0.098124981,0,0,0,0.043002129,77,OPTIMAL,77,0.03452158,1
0,6,6,12,13,0.2,FALSE,71,77,0,TRUE,1,0.118605852,OPTIMAL,2,0,83,0.573996544,0.692602396,0,0,0,0.138604641,83,OPTIMAL,82.999993,0.742259979,1.000000084
0,6,6,12,14,0.2,FALSE,71,83,0,TRUE,1,0.042678595,OPTIMAL,2,0,73,0.088825941,0.131504536,0,0,0,0.066699743,73,OPTIMAL,73,0.068704844,1
0,6,6,13,13,0.2,FALSE,77,77,0,TRUE,1,0.014014482,OPTIMAL,2,0,83,0.040030718,0.0540452,0,0,0,0.026066303,83,OPTIMAL,83,0.037622929,1
0,6,6,13,14,0.2,FALSE,77,83,0,TRUE,1,0.20077467,OPTIMAL,2,7.66E-08,88.99999318,1.214705944,1.415480614,6,0,6,0.215775251,89,OPTIMAL,89,0.731595516,1
0,6,6,13,15,0.2,FALSE,77,88,0,TRUE,1,0.151048183,OPTIMAL,2,0,97,1.237166166,1.38821435,0,0,0,0.184048176,97,OPTIMAL,97,1.373754263,1
0,6,6,14,14,0.2,FALSE,83,83,0,TRUE,1,0.018999577,OPTIMAL,2,0,89,0.053999424,0.072999001,0,0,0,0.037999153,89,OPTIMAL,89,0.069010496,1
0,6,6,14,15,0.2,FALSE,83,88,0,TRUE,1,0.065940857,OPTIMAL,2,0,97,0.982304573,1.04824543,0,0,0,0.09694767,97,OPTIMAL,97,1.692045927,1
0,6,6,14,16,0.2,FALSE,83,94,0,TRUE,1,0.147856951,OPTIMAL,2,0,103,3.515849352,3.663706303,0,0,0,0.179851532,103,OPTIMAL,103,2.021767616,1
0,6,6,15,15,0.2,FALSE,87,88,0,TRUE,1,0.117534161,OPTIMAL,2,0,97,0.094530582,0.212064743,0,0,0,0.131533861,97,OPTIMAL,97,0.180426836,1
0,6,6,15,16,0.2,FALSE,87,94,0,TRUE,1,0.120052576,OPTIMAL,2,8.89E-08,102.9999908,1.397464752,1.517517328,20,0,20,0.153562307,103,OPTIMAL,103,0.930801392,1
0,6,6,15,17,0.2,FALSE,87,100,0,TRUE,1,0.211401463,OPTIMAL,2,0,109,3.113906622,3.325308084,0,0,0,0.233400583,109,OPTIMAL,109,1.376966238,1
0,6,7,7,6,0.2,FALSE,40,41,0,TRUE,1,0.150056124,OPTIMAL,2,0,45,0.046003342,0.196059465,0,0,0,0.166058779,45,OPTIMAL,45,0.094510555,1
0,6,7,8,7,0.2,FALSE,46,48,0,TRUE,1,0.121397257,OPTIMAL,2,0,52,0.291167498,0.412564754,0,0,0,0.144927979,52,OPTIMAL,52,0.184009075,1
0,6,7,9,8,0.2,FALSE,52,55,0,TRUE,1,0.101049423,OPTIMAL,2,0,59,0.449385881,0.550435305,0,0,0,0.119572401,59,OPTIMAL,59,0.26006937,1
0,6,7,10,9,0.2,FALSE,59,62,0,TRUE,1,0.128531933,OPTIMAL,2,0,66,0.470078945,0.598610878,0,0,0,0.15353179,66,OPTIMAL,66,0.613419771,1
0,6,7,11,10,0.2,FALSE,65,69,0,TRUE,1,0.094844341,OPTIMAL,2,0,77,2.532507658,2.627351999,55,0,55,0.122357607,77,OPTIMAL,77,0.532450914,1
0,6,7,12,11,0.2,FALSE,71,76,0,TRUE,1,0.120182991,OPTIMAL,2,0,84,0.636316538,0.756499529,0,0,0,0.170071363,84,OPTIMAL,84,0.596339941,1
0,6,7,13,12,0.2,FALSE,77,83,0,TRUE,1,0.178868771,OPTIMAL,2,0,91,3.097139359,3.276008129,0,0,0,0.214875221,91,OPTIMAL,91,1.194191933,1
0,6,7,14,12,0.2,FALSE,83,83,0,TRUE,1,0.035165071,OPTIMAL,2,0,91,0.047535896,0.082700968,0,0,0,0.052169085,91,OPTIMAL,91,0.041522264,1
0,6,7,14,13,0.2,FALSE,83,90,0,TRUE,1,0.130262613,OPTIMAL,2,0,98,2.297299147,2.42756176,0,0,0,0.156262398,98,OPTIMAL,97.99999785,1.613376856,1.000000022
0,6,7,15,13,0.2,FALSE,87,90,0,TRUE,1,0.208467245,OPTIMAL,2,0,98,0.508779764,0.717247009,0,0,0,0.228475809,98,OPTIMAL,98,0.251122475,1
0,6,7,15,14,0.2,FALSE,87,97,0,TRUE,1,0.121735811,OPTIMAL,2,0,105,2.813632965,2.935368776,0,0,0,0.150736809,105,OPTIMAL,105,1.801861286,1
0,6,8,4,3,0.2,TRUE,24,24,0,TRUE,1,0.026522636,OPTIMAL,2,0,24,0.019064188,0.045586824,0,0,0,0.041587591,24,OPTIMAL,24,0.017522812,1
0,6,8,5,4,0.2,FALSE,28,32,0,TRUE,1,0.036999941,OPTIMAL,2,0,28,0.031518221,0.068518162,0,0,0,0.060519218,28,OPTIMAL,28,0.033010721,1
0,6,8,6,5,0.2,FALSE,34,39,0,TRUE,1,0.105057955,OPTIMAL,2,0,37,0.046619654,0.151677608,0,0,0,0.132677555,37,OPTIMAL,37,0.04452157,1
0,6,8,8,6,0.2,FALSE,46,47,0,TRUE,1,0.138542175,OPTIMAL,2,0,51,0.036001205,0.174543381,0,0,0,0.151542187,51,OPTIMAL,51,0.056521177,1
0,6,8,9,7,0.2,FALSE,52,55,0,TRUE,1,0.156060219,OPTIMAL,2,0,59,0.379489183,0.535549402,0,0,0,0.177020311,59,OPTIMAL,58.9999948,0.37629199,1.000000088
0,6,8,10,8,0.2,FALSE,59,63,0,TRUE,1,0.120640755,OPTIMAL,2,0,67,0.796230555,0.916871309,0,0,0,0.1416502,67,OPTIMAL,67,0.644803047,1
0,6,8,11,9,0.2,FALSE,65,71,0,TRUE,1,0.125725269,OPTIMAL,2,0,75,0.952778816,1.078504086,0,0,0,0.161734343,75,OPTIMAL,75,1.346047878,1
0,6,8,12,9,0.2,FALSE,71,71,0,TRUE,1,0.035002947,OPTIMAL,2,0,75,0.060521841,0.095524788,0,0,0,0.048003197,75,OPTIMAL,75,0.037009001,1
0,6,8,12,10,0.2,FALSE,71,80,0,TRUE,1,0.04852581,OPTIMAL,2,0,75,3.09674263,3.14526844,290,0,290,0.088523865,75,OPTIMAL,75,0.136949062,1
0,6,8,13,10,0.2,FALSE,77,80,0,TRUE,1,0.210831881,OPTIMAL,2,0,87,0.580373764,0.791205645,0,0,0,0.232057571,87,OPTIMAL,87,0.184860945,1
0,6,8,13,11,0.2,FALSE,77,88,0,TRUE,1,0.228454113,OPTIMAL,2,1.63E-08,81.99999867,1.459993601,1.688447714,106,2,104,0.246454,82,OPTIMAL,81.99999963,0.627304792,1.000000005
0,6,8,14,11,0.2,FALSE,83,88,0,TRUE,1,0.095981359,OPTIMAL,2,0,95,0.81307292,0.909054279,0,0,0,0.117808342,95,OPTIMAL,95,1.419864416,1
0,6,8,15,12,0.2,FALSE,87,96,0,TRUE,1,0.18933773,OPTIMAL,2,0,103,2.873395205,3.062732935,0,0,0,0.228835821,103,OPTIMAL,103,0.978515387,1
0,6,9,6,4,0.2,FALSE,34,36,0,TRUE,1,0.095519304,OPTIMAL,2,0,36,0.080232859,0.175752163,0,0,0,0.114038706,36,OPTIMAL,36,0.038515568,1
0,6,9,7,5,0.2,FALSE,40,45,0,TRUE,1,0.079527855,OPTIMAL,2,0,41,0.087518692,0.167046547,0,0,0,0.098528862,41,OPTIMAL,41,0.087646961,1
0,6,9,9,6,0.2,FALSE,52,54,0,TRUE,1,0.054526091,OPTIMAL,2,0,56,0.105554819,0.16008091,0,0,0,0.074535131,56,OPTIMAL,56,0.161016703,1
0,6,9,10,7,0.2,FALSE,59,63,0,TRUE,1,0.131762028,OPTIMAL,2,7.38E-08,64.9999952,1.485532045,1.617294073,103,6,97,0.165768623,65,OPTIMAL,64.9999952,0.724696398,1.000000074
0,6,9,11,8,0.2,FALSE,65,72,0,TRUE,1,0.071758509,OPTIMAL,2,0,65,0.07153368,0.143292189,0,0,0,0.09975791,65,OPTIMAL,65,0.031268358,1
0,6,9,12,8,0.2,FALSE,71,72,0,TRUE,1,0.200076818,OPTIMAL,2,0,74,0.055534601,0.25561142,0,0,0,0.214076757,74,OPTIMAL,74,0.08752656,1
0,6,9,13,9,0.2,FALSE,77,81,0,TRUE,1,0.128850937,OPTIMAL,2,0,83,0.768544436,0.897395372,0,0,0,0.153855085,83,OPTIMAL,83,0.881534815,1
0,6,9,14,10,0.2,FALSE,83,92,0,TRUE,1,0.275069475,OPTIMAL,2,0,83,0.089519262,0.364588737,0,0,0,0.304588556,83,OPTIMAL,83,0.149976969,1
0,6,9,15,10,0.2,FALSE,87,92,0,TRUE,1,0.246325493,OPTIMAL,2,0,94,0.785862207,1.0321877,0,0,0,0.277327299,94,OPTIMAL,93.99999314,1.147348166,1.000000073
0,6,9,15,11,0.2,FALSE,87,101,0,TRUE,1,0.273869514,TIME_LIMIT,9,0.010989084,89.99999333,599.9173491,600.1912186,3676,3,3673,0.310875177,91,OPTIMAL,90,1.246101618,1.011111111
0,7,5,4,6,0.2,FALSE,28,29,0,TRUE,1,0.030165911,OPTIMAL,2,0,27,0.05453825,0.084704161,0,0,0,0.052167654,27,OPTIMAL,27,0.050528765,1
0,7,5,5,7,0.2,FALSE,32,35,0,TRUE,1,0.053008556,OPTIMAL,2,0,37,0.322595358,0.375603914,0,0,0,0.078007936,37,OPTIMAL,37,0.434189558,1
0,7,5,5,8,0.2,FALSE,32,40,0,TRUE,1,0.042129993,OPTIMAL,2,0,33,0.04995203,0.092082024,0,0,0,0.073078394,33,OPTIMAL,33,0.066999674,1
0,7,5,6,9,0.2,FALSE,39,45,0,TRUE,1,0.177695751,OPTIMAL,2,0,47,0.818430901,0.996126652,0,0,0,0.193692446,47,OPTIMAL,47,0.654154778,1
0,7,5,6,10,0.2,FALSE,39,51,0,TRUE,1,0.058526039,OPTIMAL,2,0,43,0.481863976,0.540390015,0,0,0,0.097056627,43,OPTIMAL,43,0.752276897,1
0,7,5,7,10,0.2,FALSE,46,51,0,TRUE,1,0.091818333,OPTIMAL,2,0,55,0.600491524,0.692309856,0,0,0,0.113816261,55,OPTIMAL,55,0.543431282,1
0,7,5,7,11,0.2,FALSE,46,56,0,TRUE,1,0.090515614,OPTIMAL,2,0,48,0.629961014,0.720476627,52,0,52,0.110563517,48,OPTIMAL,48,0.111595392,1
0,7,5,7,12,0.2,FALSE,46,61,0,TRUE,1,0.064692259,OPTIMAL,2,0,51,0.847873926,0.912566185,18,0,18,0.095154047,51,OPTIMAL,51,1.289015532,1
0,7,5,8,12,0.2,FALSE,53,61,0,TRUE,1,0.100540876,OPTIMAL,2,0,65,1.096117258,1.196658134,0,0,0,0.12206459,65,OPTIMAL,65,1.334019184,1
0,7,5,8,13,0.2,FALSE,53,66,0,TRUE,1,0.145119667,OPTIMAL,2,0,56,1.52154088,1.666660547,102,0,102,0.167005301,56,OPTIMAL,56,0.174145699,1
0,7,5,9,13,0.2,FALSE,60,66,0,TRUE,1,0.14089942,OPTIMAL,2,0,70,0.620613813,0.761513233,0,0,0,0.159902573,70,OPTIMAL,70,0.567742348,1
0,7,5,9,14,0.2,FALSE,60,71,0,TRUE,1,0.393163443,OPTIMAL,2,0,75,1.431551695,1.824715137,0,0,0,0.412167072,75,OPTIMAL,75,1.310357094,1
0,7,5,9,15,0.2,FALSE,60,76,0,TRUE,1,0.118844986,OPTIMAL,2,0,65,0.647236109,0.766081095,0,0,0,0.139846802,65,OPTIMAL,65,0.987013817,1
0,7,5,10,14,0.2,FALSE,67,71,0,TRUE,1,0.106095314,OPTIMAL,2,7.11E-08,74.99999467,0.522674799,0.628770113,0,0,0,0.130874634,75,OPTIMAL,75,0.533934593,1
0,7,5,10,15,0.2,FALSE,67,76,0,TRUE,1,0.234060049,OPTIMAL,2,1.43E-07,81.99998831,2.009371042,2.243431091,15,0,15,0.254205704,82,OPTIMAL,81.99997249,2.157702923,1.000000336
0,7,5,10,16,0.2,FALSE,67,81,0,TRUE,1,0.059007883,OPTIMAL,2,0,70,0.095644712,0.154652596,0,0,0,0.08100915,70,OPTIMAL,70,0.149033546,1
0,7,5,10,17,0.2,FALSE,67,86,0,TRUE,1,0.052232265,OPTIMAL,2,0,72,1.992558479,2.044790745,122,0,122,0.079239845,72,OPTIMAL,72,1.247869015,1
0,7,5,11,16,0.2,FALSE,74,81,0,TRUE,1,0.102593184,OPTIMAL,2,9.87E-08,86.99999141,0.942376852,1.044970036,0,0,0,0.124591351,87,OPTIMAL,87,1.130266905,1
0,7,5,11,17,0.2,FALSE,74,86,0,TRUE,1,0.303605318,OPTIMAL,2,0,92,2.672646523,2.976251841,0,0,0,0.33550334,92,OPTIMAL,92,1.5012362,1
0,7,5,11,18,0.2,FALSE,74,91,0,TRUE,1,0.058529854,OPTIMAL,2,1.54E-08,77.9999988,0.24304986,0.301579714,0,0,0,0.094526768,78,OPTIMAL,78,0.207535267,1
0,7,5,11,19,0.2,FALSE,74,96,0,TRUE,1,0.05590868,OPTIMAL,2,0,80,5.556637764,5.612546444,270,0,270,0.080402613,80,OPTIMAL,80,1.025137901,1
0,7,5,12,17,0.2,FALSE,81,86,0,TRUE,1,0.133400202,OPTIMAL,2,0,92,0.863907337,0.997307539,0,0,0,0.180094004,92,OPTIMAL,92,1.914231062,1
0,7,5,12,18,0.2,FALSE,81,91,0,TRUE,1,0.055063963,OPTIMAL,2,0,97,6.078600645,6.133664608,32,0,32,0.083072424,97,OPTIMAL,97,0.945131779,1
0,7,5,12,19,0.2,FALSE,81,96,0,TRUE,1,0.36235857,OPTIMAL,2,0,102,6.140416861,6.502775431,0,0,0,0.385457277,102,OPTIMAL,102,2.697206497,1
0,7,5,12,20,0.2,FALSE,81,101,0,TRUE,1,0.10806489,OPTIMAL,2,4.31E-08,86.99999625,0.529771566,0.637836456,0,0,0,0.428291321,87,OPTIMAL,87,0.349083424,1
0,7,5,13,19,0.2,FALSE,88,96,0,TRUE,1,0.084320307,OPTIMAL,2,0,102,1.4694314,1.553751707,0,0,0,0.118839979,102,OPTIMAL,102,1.870642185,1
0,7,5,13,20,0.2,FALSE,88,101,0,TRUE,1,0.143310785,OPTIMAL,2,0,108,2.636553526,2.779864311,0,0,0,0.180317402,108,OPTIMAL,107.9999929,2.69547534,1.000000066
0,7,5,13,21,0.2,FALSE,88,106,0,TRUE,1,0.057538986,OPTIMAL,2,0,91,0.152047873,0.209586859,0,0,0,0.086061478,91,OPTIMAL,91,0.201026201,1
0,7,5,13,22,0.2,FALSE,88,111,0,TRUE,1,0.04951334,OPTIMAL,2,0,94,0.738395929,0.787909269,0,0,0,0.080512524,94,OPTIMAL,94,0.674421549,1
0,7,5,14,20,0.2,FALSE,95,101,0,TRUE,1,0.129511595,OPTIMAL,2,0,108,1.708543777,1.838055372,0,0,0,0.151096821,108,OPTIMAL,108,1.218025208,1
0,7,5,14,21,0.2,FALSE,95,106,0,TRUE,1,0.143330097,OPTIMAL,2,0,113,2.050234556,2.193564653,0,0,0,0.178581715,113,OPTIMAL,113,1.776254177,1
0,7,5,14,22,0.2,FALSE,95,111,0,TRUE,1,0.275283337,OPTIMAL,2,0,118,6.835633516,7.110916853,0,0,0,0.3072896,118,OPTIMAL,118,2.56214118,1
0,7,5,14,23,0.2,FALSE,95,116,0,TRUE,1,0.073998213,OPTIMAL,2,0,99,1.303664207,1.37766242,46,0,46,0.10500741,99,OPTIMAL,99,0.373493195,1
0,7,5,15,21,0.2,FALSE,99,106,0,TRUE,1,0.173471928,OPTIMAL,2,0,113,1.059799671,1.233271599,0,0,0,0.19946599,113,OPTIMAL,113,0.619780064,1
0,7,5,15,22,0.2,FALSE,99,111,0,TRUE,1,0.136868,OPTIMAL,2,0,118,2.357024431,2.493892431,0,0,0,0.170448542,118,OPTIMAL,117.9999791,8.501538992,1.000000177
0,7,5,15,23,0.2,FALSE,99,116,0,TRUE,1,0.162145853,OPTIMAL,2,0,123,3.554123402,3.716269255,0,0,0,0.182146549,123,OPTIMAL,123,4.029515982,1
0,7,5,15,24,0.2,FALSE,99,121,0,TRUE,1,0.086655855,OPTIMAL,2,0,103,0.582021236,0.668677092,17,0,17,0.109187841,103,OPTIMAL,103,0.351580858,1
0,7,6,4,5,0.2,FALSE,28,28,0,TRUE,1,0.013998032,OPTIMAL,2,0,29,0.043787241,0.057785273,0,0,0,0.033269405,29,OPTIMAL,29,0.019999027,1
0,7,6,5,6,0.2,FALSE,32,36,0,TRUE,1,0.145759344,OPTIMAL,2,0,38,0.699026823,0.844786167,0,0,0,0.166668653,38,OPTIMAL,38,0.420073032,1
0,7,6,6,7,0.2,FALSE,39,42,0,TRUE,1,0.085994959,OPTIMAL,2,0,44,0.594938278,0.680933237,0,0,0,0.103996515,44,OPTIMAL,44,0.37052083,1
0,7,6,6,8,0.2,FALSE,39,48,0,TRUE,1,0.068538427,OPTIMAL,2,0,41,0.313456059,0.381994486,0,0,0,0.089637995,41,OPTIMAL,40.99999929,0.386059046,1.000000017
0,7,6,7,9,0.2,FALSE,46,54,0,TRUE,1,0.060999155,OPTIMAL,2,0,46,0.061141014,0.122140169,0,0,0,0.088135719,46,OPTIMAL,46,0.034001827,1
0,7,6,8,10,0.2,FALSE,53,61,0,TRUE,1,0.03899765,OPTIMAL,2,0,53,0.043999434,0.082997084,0,0,0,0.059998989,53,OPTIMAL,53,0.039510489,1
0,7,6,8,11,0.2,FALSE,53,67,0,TRUE,1,0.107521534,OPTIMAL,2,0,58,0.969297886,1.07681942,0,0,0,0.128525734,58,OPTIMAL,58,1.626482487,1
0,7,6,9,11,0.2,FALSE,60,67,0,TRUE,1,0.101184607,OPTIMAL,2,0,71,1.616607189,1.717791796,0,0,0,0.11918664,71,OPTIMAL,71,1.320173025,1
0,7,6,9,12,0.2,FALSE,60,73,0,TRUE,1,0.12553525,OPTIMAL,2,0,63,0.484348059,0.609883308,0,0,0,0.148533106,63,OPTIMAL,63,0.525697231,1
0,7,6,10,12,0.2,FALSE,67,73,0,TRUE,1,0.186132669,OPTIMAL,2,0,77,1.586863041,1.77299571,0,0,0,0.227124214,77,OPTIMAL,76.99999222,1.482668877,1.000000101
0,7,6,10,13,0.2,FALSE,67,79,0,TRUE,1,0.113533497,OPTIMAL,2,0,68,0.089687109,0.203220606,0,0,0,0.134227037,68,OPTIMAL,68,0.158525229,1
0,7,6,11,13,0.2,FALSE,74,79,0,TRUE,1,0.161459446,OPTIMAL,2,0,83,0.881676912,1.043136358,0,0,0,0.20046854,83,OPTIMAL,83,0.411642075,1
0,7,6,11,14,0.2,FALSE,74,85,0,TRUE,1,0.117352962,OPTIMAL,2,0,89,1.367539883,1.484892845,0,0,0,0.145358562,89,OPTIMAL,89,1.928784847,1
0,7,6,11,15,0.2,FALSE,74,91,0,TRUE,1,0.129560232,OPTIMAL,2,2.60E-08,78.99999795,1.56338954,1.692949772,66,0,66,0.161562681,79,OPTIMAL,79,0.577521324,1
0,7,6,12,14,0.2,FALSE,81,85,0,TRUE,1,0.187176704,OPTIMAL,2,0,89,0.658477783,0.845654488,0,0,0,0.208684444,89,OPTIMAL,89,0.799145222,1
0,7,6,12,15,0.2,FALSE,81,91,0,TRUE,1,0.087514877,OPTIMAL,2,0,97,3.184523344,3.272038221,0,0,0,0.112516165,97,OPTIMAL,97,1.717463493,1
0,7,6,12,16,0.2,FALSE,81,97,0,TRUE,1,0.145519495,OPTIMAL,2,0,84,0.40623951,0.551759005,0,0,0,0.17152071,84,OPTIMAL,84,0.25527215,1
0,7,6,13,16,0.2,FALSE,88,97,0,TRUE,1,0.085091829,OPTIMAL,2,0,103,2.966453791,3.05154562,0,0,0,0.131804943,103,OPTIMAL,102.9999869,1.726352453,1.000000127
0,7,6,13,17,0.2,FALSE,88,103,0,TRUE,1,0.108081102,OPTIMAL,2,0,89,0.14404273,0.252123833,0,0,0,0.129602671,89,OPTIMAL,89,0.102506638,1
0,7,6,13,18,0.2,FALSE,88,109,0,TRUE,1,0.124674559,OPTIMAL,2,0,94,1.349176168,1.473850727,0,0,0,0.146667242,94,OPTIMAL,93.9999975,1.767980576,1.000000027
0,7,6,14,17,0.2,FALSE,95,103,0,TRUE,1,0.202560425,OPTIMAL,2,0,109,2.305604458,2.508164883,0,0,0,0.229656219,109,OPTIMAL,109,1.349396229,1
0,7,6,14,18,0.2,FALSE,95,109,0,TRUE,1,0.223613024,OPTIMAL,2,0,115,3.42927146,3.652884483,0,0,0,0.246910334,115,OPTIMAL,115,2.367442131,1
0,7,6,14,19,0.2,FALSE,95,115,0,TRUE,1,0.099514246,OPTIMAL,2,0,99,0.656044245,0.755558491,0,0,0,0.133037329,99,OPTIMAL,99,0.351370811,1
0,7,6,15,18,0.2,FALSE,99,109,0,TRUE,1,0.196154118,OPTIMAL,2,0,115,3.413362741,3.609516859,0,0,0,0.220504761,115,OPTIMAL,115,1.465018272,1
0,7,6,15,19,0.2,FALSE,99,115,0,TRUE,1,0.09352231,OPTIMAL,2,0,101,0.167562723,0.261085033,0,0,0,0.126531601,101,OPTIMAL,101,0.403345823,1
0,7,6,15,20,0.2,FALSE,99,121,0,TRUE,1,0.218799829,OPTIMAL,2,0,105,0.746082306,0.964882135,0,0,0,0.243240118,105,OPTIMAL,104.9999934,1.160653114,1.000000063
0,7,7,4,4,0.2,TRUE,28,28,0,TRUE,1,0.029525995,OPTIMAL,2,0,28,0.0454247,0.074950695,0,0,0,0.073951006,28,OPTIMAL,28,0.021001577,1
0,7,7,5,5,0.2,FALSE,32,35,0,TRUE,1,0.117532015,OPTIMAL,2,0,37,0.538317204,0.655849218,0,0,0,0.13253212,37,OPTIMAL,37,0.359907866,1
0,7,7,6,6,0.2,FALSE,39,42,0,TRUE,1,0.054512978,OPTIMAL,2,0,44,0.507992029,0.562505007,0,0,0,0.072525024,44,OPTIMAL,44,0.547537088,1
0,7,7,7,7,0.2,FALSE,46,49,0,TRUE,1,0.133326292,OPTIMAL,2,0,51,0.561554432,0.694880724,0,0,0,0.158322573,51,OPTIMAL,51,0.272782803,1
0,7,7,7,8,0.2,FALSE,46,56,0,TRUE,1,0.122532368,OPTIMAL,2,0,49,0.776008606,0.898540974,0,0,0,0.148536682,49,OPTIMAL,49,0.371973515,1
0,7,7,8,8,0.2,FALSE,53,56,0,TRUE,1,0.104704142,OPTIMAL,2,0,58,0.930627108,1.035331249,6,0,6,0.124219656,58,OPTIMAL,57.99999704,0.44459939,1.000000051
0,7,7,8,9,0.2,FALSE,53,63,0,TRUE,1,0.154635429,OPTIMAL,2,0,55,0.191137791,0.34577322,0,0,0,0.177636385,55,OPTIMAL,55,0.238139391,1
0,7,7,9,9,0.2,FALSE,60,63,0,TRUE,1,0.234389782,OPTIMAL,2,0,65,0.480305195,0.714694977,0,0,0,0.249387741,65,OPTIMAL,65,0.605119944,1
0,7,7,9,10,0.2,FALSE,60,72,0,TRUE,1,0.099518538,OPTIMAL,2,0,63,0.788822174,0.888340712,0,0,0,0.122518539,63,OPTIMAL,63,0.925871372,1
0,7,7,10,10,0.2,FALSE,67,72,0,TRUE,1,0.148769617,OPTIMAL,2,0,75,1.021459341,1.170228958,0,0,0,0.174781561,75,OPTIMAL,75,1.26020956,1
0,7,7,10,11,0.2,FALSE,67,79,0,TRUE,1,0.123846769,OPTIMAL,2,0,69,0.444058418,0.567905188,0,0,0,0.145847082,69,OPTIMAL,68.99999559,0.490592718,1.000000064
0,7,7,11,11,0.2,FALSE,74,79,0,TRUE,1,0.178897142,OPTIMAL,2,0,82,1.08737278,1.266269922,0,0,0,0.196896553,82,OPTIMAL,82,1.123435974,1
0,7,7,11,12,0.2,FALSE,74,86,0,TRUE,1,0.238971472,OPTIMAL,2,0,75,0.474812508,0.713783979,0,0,0,0.261971951,75,OPTIMAL,75,0.368185997,1
0,7,7,12,12,0.2,FALSE,81,86,0,TRUE,1,0.319190502,OPTIMAL,2,0,89,0.821784496,1.140974998,0,0,0,0.3431952,89,OPTIMAL,89,0.664950848,1
0,7,7,12,13,0.2,FALSE,81,93,0,TRUE,1,0.132548094,OPTIMAL,2,0,81,0.158973694,0.291521788,1,0,1,0.164547682,81,OPTIMAL,81,0.161096811,1
0,7,7,13,13,0.2,FALSE,88,93,0,TRUE,1,0.105389595,OPTIMAL,2,0,96,0.711558342,0.816947937,0,0,0,0.130390882,96,OPTIMAL,96,0.819456816,1
0,7,7,13,14,0.2,FALSE,88,100,0,TRUE,1,0.052535534,OPTIMAL,2,0,87,0.104393482,0.156929016,0,0,0,0.082417727,87,OPTIMAL,87,0.099495649,1
0,7,7,13,15,0.2,FALSE,88,107,0,TRUE,1,0.174002647,OPTIMAL,2,1.39E-07,93.99998697,5.54402256,5.718025208,30,0,30,0.199523449,94,OPTIMAL,94,1.881529808,1
0,7,7,14,14,0.2,FALSE,95,100,0,TRUE,1,0.27526474,OPTIMAL,2,0,103,3.249826431,3.525091171,18,0,18,0.297770739,103,OPTIMAL,103,0.957024574,1
0,7,7,14,15,0.2,FALSE,95,107,0,TRUE,1,0.059530497,OPTIMAL,2,0,94,0.084750652,0.144281149,0,0,0,0.082128048,94,OPTIMAL,94,0.112510681,1
0,7,7,14,16,0.2,FALSE,95,114,0,TRUE,1,0.084515095,OPTIMAL,2,7.71E-08,99.99999229,1.87656951,1.961084604,19,0,19,0.106519699,100,OPTIMAL,99.99999482,1.963113308,1.000000052
0,7,7,15,15,0.2,FALSE,99,107,0,TRUE,1,0.161061764,OPTIMAL,2,1.02E-07,111.9999885,4.974087477,5.13514924,0,0,0,0.188748121,112,OPTIMAL,112,1.931738853,1
0,7,7,15,16,0.2,FALSE,99,114,0,TRUE,1,0.170180559,OPTIMAL,2,1.46E-08,99.99999854,0.2588377,0.429018259,0,0,0,0.200858831,100,OPTIMAL,100,0.297539234,1
0,7,7,15,17,0.2,FALSE,99,121,0,TRUE,1,0.095384598,OPTIMAL,2,0,106,5.627372026,5.722756624,16,0,16,0.144607782,106,OPTIMAL,106,2.775989056,1
0,7,8,8,7,0.2,FALSE,53,57,0,TRUE,1,0.118553638,OPTIMAL,2,0,59,0.905746222,1.02429986,0,0,0,0.149560452,59,OPTIMAL,59,0.930657625,1
0,7,8,9,8,0.2,FALSE,60,65,0,TRUE,1,0.104539394,OPTIMAL,2,0,67,1.429381371,1.533920765,0,0,0,0.148538351,67,OPTIMAL,67,1.803113699,1
0,7,8,10,9,0.2,FALSE,67,73,0,TRUE,1,0.099804163,OPTIMAL,2,2.86E-08,74.99999786,2.424873114,2.524677277,39,0,39,0.128805399,75,OPTIMAL,74.99998714,1.79679966,1.000000171
0,7,8,11,10,0.2,FALSE,74,84,0,TRUE,1,0.330607891,OPTIMAL,2,0,75,0.16067481,0.491282701,0,0,0,0.353607655,75,OPTIMAL,75,0.188629627,1
0,7,8,12,11,0.2,FALSE,81,92,0,TRUE,1,0.07952404,OPTIMAL,2,2.85E-08,81.99999767,0.184306383,0.263830423,0,0,0,0.106524467,82,OPTIMAL,82,0.319167852,1
0,7,8,13,12,0.2,FALSE,88,100,0,TRUE,1,0.310582638,OPTIMAL,2,0,89,0.201315641,0.511898279,0,0,0,0.335099697,89,OPTIMAL,89,0.245539427,1
0,7,8,14,13,0.2,FALSE,95,108,0,TRUE,1,0.263409615,OPTIMAL,2,0,96,0.226028442,0.489438057,0,0,0,0.289409876,96,OPTIMAL,96,0.276161432,1
0,7,8,15,14,0.2,FALSE,99,116,0,TRUE,1,0.190665483,OPTIMAL,2,0,102,14.52086449,14.71152997,317,8,309,0.209668159,102,OPTIMAL,102,1.900068521,1
0,7,9,5,4,0.2,FALSE,32,36,0,TRUE,1,0.071741819,OPTIMAL,2,0,32,0.029508829,0.101250648,0,0,0,0.090251446,32,OPTIMAL,32,0.045613527,1
0,7,9,6,5,0.2,FALSE,39,47,0,TRUE,1,0.064528704,OPTIMAL,2,0,36,0.063431263,0.127959967,0,0,0,0.084528923,36,OPTIMAL,36,0.04799819,1
0,7,9,7,6,0.2,FALSE,46,56,0,TRUE,1,0.076530695,OPTIMAL,2,0,43,0.03704524,0.113575935,0,0,0,0.097579479,43,OPTIMAL,43,0.055743933,1
0,7,9,9,7,0.2,FALSE,60,65,0,TRUE,1,0.09659934,OPTIMAL,2,0,64,0.815140247,0.911739588,0,0,0,0.132119656,64,OPTIMAL,64,1.203577995,1
0,7,9,10,8,0.2,FALSE,67,74,0,TRUE,1,0.048972368,OPTIMAL,2,0,65,0.057437658,0.106410027,0,0,0,0.077518702,65,OPTIMAL,65,0.062520981,1
0,7,9,11,9,0.2,FALSE,74,83,0,TRUE,1,0.057523966,OPTIMAL,2,0,72,0.079516411,0.137040377,0,0,0,0.081045389,72,OPTIMAL,72,0.099535942,1
0,7,9,12,10,0.2,FALSE,81,95,0,TRUE,1,0.210123062,OPTIMAL,2,0,80,3.203577995,3.413701057,0,0,0,0.246123075,80,OPTIMAL,80,2.148407698,1
0,7,9,13,11,0.2,FALSE,88,104,0,TRUE,1,0.159438372,OPTIMAL,2,0,88,53.54235959,53.70179796,872,0,872,0.197965145,88,OPTIMAL,87.99999866,7.182892084,1.000000015
0,7,9,14,11,0.2,FALSE,95,104,0,TRUE,1,0.124559641,OPTIMAL,2,0,89,0.071005106,0.195564747,0,0,0,0.150559902,89,OPTIMAL,89,0.093522787,1
0,7,9,14,12,0.2,FALSE,95,113,0,TRUE,1,0.255470276,OPTIMAL,2,0,96,144.779314,145.0347843,1836,0,1836,0.299470186,96,OPTIMAL,96,15.27855968,1
0,7,9,15,12,0.2,FALSE,99,113,0,TRUE,1,0.436412811,OPTIMAL,2,0,96,3.579982758,4.016395569,156,0,156,0.484420061,96,OPTIMAL,96,1.540262222,1
0,7,9,15,13,0.2,FALSE,99,122,0,TRUE,1,0.377097845,OPTIMAL,2,0,92,0.163267851,0.540365696,0,0,0,0.409106016,92,OPTIMAL,92,0.280713558,1
0,7,10,4,3,0.2,TRUE,28,30,0,TRUE,1,0.050217867,OPTIMAL,2,0,30,0.133509636,0.183727503,0,0,0,0.080212593,30,OPTIMAL,30,0.053514004,1
0,7,10,7,5,0.2,FALSE,46,52,0,TRUE,1,0.156030893,OPTIMAL,2,0,46,1.257441521,1.413472414,112,6,106,0.192545652,46,OPTIMAL,46,0.141315937,1
0,7,10,8,6,0.2,FALSE,53,62,0,TRUE,1,0.083274364,OPTIMAL,2,0,55,1.130884171,1.214158535,0,0,0,0.124816895,55,OPTIMAL,55,1.402747631,1
0,7,10,10,7,0.2,FALSE,67,72,0,TRUE,1,0.230548859,OPTIMAL,2,0,71.99999417,2.873218298,3.103767157,2,0,2,0.267063379,72,OPTIMAL,71.9999952,2.227674246,1.000000067
0,7,10,11,8,0.2,FALSE,74,82,0,TRUE,1,0.134367466,OPTIMAL,2,0,73,0.157049417,0.291416883,0,0,0,0.164459229,73,OPTIMAL,73,0.101511002,1
0,7,10,12,9,0.2,FALSE,81,92,0,TRUE,1,0.244829178,OPTIMAL,2,0,82,1.230635166,1.475464344,0,0,0,0.281339169,82,OPTIMAL,82,0.695309877,1
0,7,10,13,10,0.2,FALSE,88,106,0,TRUE,1,0.322412491,OPTIMAL,2,0,82,0.176469803,0.498882294,0,0,0,0.351926804,82,OPTIMAL,82,0.340807199,1
0,7,10,14,10,0.2,FALSE,95,106,0,TRUE,1,0.234981775,OPTIMAL,2,0,91,0.163170099,0.398151875,0,0,0,0.274204969,91,OPTIMAL,91,0.570394516,1
0,7,10,15,11,0.2,FALSE,99,116,0,TRUE,1,0.333337069,OPTIMAL,2,0,100,6.603768349,6.937105417,0,0,0,0.37585187,100,OPTIMAL,99.99998069,8.272963762,1.000000193
0,8,6,4,6,0.2,FALSE,32,34,0,TRUE,1,0.065010548,OPTIMAL,2,0,35,0.155515909,0.220526457,0,0,0,0.085011721,35,OPTIMAL,35,0.115821838,1
0,8,6,5,7,0.2,FALSE,36,43,0,TRUE,1,0.076534986,OPTIMAL,2,0,37,0.215283394,0.29181838,3,0,3,0.099425554,37,OPTIMAL,37,0.090507269,1
0,8,6,6,8,0.2,FALSE,44,49,0,TRUE,1,0.082809925,OPTIMAL,2,0,51,1.240250587,1.323060513,0,0,0,0.108905554,51,OPTIMAL,51,1.062131643,1
0,8,6,6,9,0.2,FALSE,44,55,0,TRUE,1,0.066535711,OPTIMAL,2,0,47,0.456633568,0.523169279,0,0,0,0.089542389,47,OPTIMAL,47,0.766077757,1
0,8,6,7,10,0.2,FALSE,52,64,0,TRUE,1,0.129627943,OPTIMAL,2,8.08E-08,53.99999564,0.797718763,0.927346706,4,0,4,0.160633802,54,OPTIMAL,54,0.85108161,1
0,8,6,7,11,0.2,FALSE,52,70,0,TRUE,1,0.149463415,OPTIMAL,2,0,59,3.101829767,3.251293182,0,0,0,0.173967838,59,OPTIMAL,59,1.393380165,1
0,8,6,8,11,0.2,FALSE,60,70,0,TRUE,1,0.096185446,OPTIMAL,2,0,59,0.105034113,0.201219559,0,0,0,0.124703646,59,OPTIMAL,59,0.133503914,1
0,8,6,8,12,0.2,FALSE,60,76,0,TRUE,1,0.172217607,OPTIMAL,2,0,64,1.201716423,1.373934031,0,0,0,0.197217226,64,OPTIMAL,64,1.555905104,1
0,8,6,9,12,0.2,FALSE,68,76,0,TRUE,1,0.132731199,OPTIMAL,2,0,78,2.676748037,2.809479237,0,0,0,0.177155972,78,OPTIMAL,77.9999986,1.556878805,1.000000018
0,8,6,9,13,0.2,FALSE,68,82,0,TRUE,1,0.0795362,OPTIMAL,2,0,68.99999662,0.785250187,0.864786386,0,0,0,0.114072084,69,OPTIMAL,69,0.445264578,1
0,8,6,9,14,0.2,FALSE,68,88,0,TRUE,1,0.146919012,OPTIMAL,2,1.10E-07,73.99999183,2.147235155,2.294154167,7,0,7,0.178919315,74,OPTIMAL,74,1.641655445,1
0,8,6,10,14,0.2,FALSE,75,88,0,TRUE,1,0.074539661,OPTIMAL,2,0,74,0.107789278,0.182328939,0,0,0,0.103077888,74,OPTIMAL,74,0.191062927,1
0,8,6,10,15,0.2,FALSE,75,95,0,TRUE,1,0.092528343,OPTIMAL,2,0,81,1.149071932,1.241600275,0,0,0,0.123528957,81,OPTIMAL,80.9999924,2.789128304,1.000000094
0,8,6,11,15,0.2,FALSE,83,95,0,TRUE,1,0.321282625,OPTIMAL,2,0,99,2.236591339,2.557873964,0,0,0,0.357279301,99,OPTIMAL,99,1.021259546,1
0,8,6,11,16,0.2,FALSE,83,101,0,TRUE,1,0.103801966,OPTIMAL,2,0,85.99999916,1.219345808,1.323147774,4,0,4,0.134317636,86,OPTIMAL,86,0.625220776,1
0,8,6,11,17,0.2,FALSE,83,107,0,TRUE,1,0.128520489,OPTIMAL,2,0,91,1.732633352,1.861153841,0,0,0,0.178022623,91,OPTIMAL,91,4.104377985,1
0,8,6,12,16,0.2,FALSE,91,101,0,TRUE,1,0.219333649,OPTIMAL,2,0,105,4.203847885,4.423181534,0,0,0,0.254327059,105,OPTIMAL,105,2.744955063,1
0,8,6,12,17,0.2,FALSE,91,107,0,TRUE,1,0.177107096,OPTIMAL,2,0,91,0.14278245,0.319889545,0,0,0,0.209310055,91,OPTIMAL,91,0.206211329,1
0,8,6,12,18,0.2,FALSE,91,113,0,TRUE,1,0.067513466,OPTIMAL,2,5.72E-08,95.9999945,1.273921013,1.341434479,0,0,0,0.096877098,96,OPTIMAL,96,1.748270512,1
0,8,6,12,19,0.2,FALSE,91,119,0,TRUE,1,0.129088163,OPTIMAL,2,0,101,2.935958862,3.065047026,0,0,0,0.168609142,101,OPTIMAL,100.9999889,4.257565737,1.00000011
0,8,6,13,18,0.2,FALSE,99,113,0,TRUE,1,0.25105834,OPTIMAL,2,0,117,3.029486656,3.280544996,0,0,0,0.294190884,117,OPTIMAL,117,2.11907053,1
0,8,6,13,19,0.2,FALSE,99,119,0,TRUE,1,0.097678661,OPTIMAL,2,0,100.9999982,3.982390881,4.080069542,87,0,87,0.681882858,101,OPTIMAL,101,0.404911995,1
0,8,6,13,20,0.2,FALSE,99,126,0,TRUE,1,0.169038773,OPTIMAL,2,9.01E-08,107.9999903,3.272065639,3.441104412,9,0,9,0.217562675,108,OPTIMAL,108,2.510141134,1
0,8,6,14,19,0.2,FALSE,107,119,0,TRUE,1,0.190043449,OPTIMAL,2,0,123,3.217317581,3.407361031,0,0,0,0.22964859,123,OPTIMAL,123,17.29694271,1
0,8,6,14,20,0.2,FALSE,107,126,0,TRUE,1,0.078513145,OPTIMAL,2,1.06E-08,107.9999989,0.304944038,0.383457184,0,0,0,0.114519119,108,OPTIMAL,108,0.467210531,1
0,8,6,14,21,0.2,FALSE,107,132,0,TRUE,1,0.078934669,OPTIMAL,2,0,113,2.112708569,2.191643238,0,0,0,0.120453119,113,OPTIMAL,113,3.072809458,1
0,8,6,14,22,0.2,FALSE,107,138,0,TRUE,1,0.248491764,OPTIMAL,2,0,118,3.769054413,4.017546177,0,0,0,0.282882929,118,OPTIMAL,118,12.11061883,1
0,8,6,15,20,0.2,FALSE,111,126,0,TRUE,1,0.20604825,OPTIMAL,2,4.08E-07,131.9999462,3.919120312,4.125168562,0,0,0,0.242049932,132,OPTIMAL,132,2.883905411,1
0,8,6,15,21,0.2,FALSE,111,132,0,TRUE,1,0.175052166,OPTIMAL,2,0,113,0.351645708,0.526697874,0,0,0,0.204054356,113,OPTIMAL,113,0.51160264,1
0,8,6,15,22,0.2,FALSE,111,138,0,TRUE,1,0.075005531,OPTIMAL,2,0,118,4.493374586,4.568380117,0,0,0,0.123009443,118,OPTIMAL,118,1.972568274,1
0,8,6,15,23,0.2,FALSE,111,144,0,TRUE,1,0.103530645,OPTIMAL,2,0,123,3.838127851,3.941658497,0,0,0,0.132042646,123,OPTIMAL,123,17.70507956,1
0,8,7,4,5,0.2,FALSE,32,32,0,TRUE,1,0.017999411,OPTIMAL,2,0,35,0.053119898,0.071119308,0,0,0,0.054122686,35,OPTIMAL,35,0.021516323,1
0,8,7,5,6,0.2,FALSE,36,44,0,TRUE,1,0.153418064,OPTIMAL,2,0,37,1.005023003,1.158441067,0,0,0,0.176341057,37,OPTIMAL,37,0.538747311,1
0,8,7,6,7,0.2,FALSE,44,51,0,TRUE,1,0.244656086,OPTIMAL,2,0,43,0.070640326,0.315296412,0,0,0,0.267295837,43,OPTIMAL,43,0.111018419,1
0,8,7,7,8,0.2,FALSE,52,58,0,TRUE,1,0.132534742,OPTIMAL,2,0,58,1.555744886,1.688279629,0,0,0,0.160536289,58,OPTIMAL,58,0.474563122,1
0,8,7,7,9,0.2,FALSE,52,65,0,TRUE,1,0.174329996,OPTIMAL,2,0,55,2.117012262,2.291342258,0,0,0,0.219848394,55,OPTIMAL,55,1.319724321,1
0,8,7,8,10,0.2,FALSE,60,76,0,TRUE,1,0.173846722,OPTIMAL,2,0,63,2.079330206,2.253176928,0,0,0,0.20784688,63,OPTIMAL,63,2.819988966,1
0,8,7,9,11,0.2,FALSE,68,83,0,TRUE,1,0.141056776,OPTIMAL,2,0,69,1.563779593,1.704836369,0,0,0,0.172058105,69,OPTIMAL,69,1.966614962,1
0,8,7,10,12,0.2,FALSE,75,90,0,TRUE,1,0.085007906,OPTIMAL,2,0,75,1.275192499,1.360200405,0,0,0,0.116010904,75,OPTIMAL,75,2.31549716,1
0,8,7,10,13,0.2,FALSE,75,97,0,TRUE,1,0.104627848,OPTIMAL,2,0,81,4.600711107,4.705338955,0,0,0,0.147052526,81,OPTIMAL,80.99999107,18.28864241,1.00000011
0,8,7,11,13,0.2,FALSE,83,97,0,TRUE,1,0.138534069,OPTIMAL,2,0,81,0.497047901,0.63558197,0,0,0,0.180545568,81,OPTIMAL,81,0.566548824,1
0,8,7,11,14,0.2,FALSE,83,104,0,TRUE,1,0.12227869,OPTIMAL,2,0,87,3.450724602,3.573003292,0,0,0,0.15256691,87,OPTIMAL,87,3.011052847,1
0,8,7,12,14,0.2,FALSE,91,104,0,TRUE,1,0.379107714,OPTIMAL,2,0,88,0.132580042,0.511687756,0,0,0,0.410105467,88,OPTIMAL,88,0.173028708,1
0,8,7,12,15,0.2,FALSE,91,113,0,TRUE,1,0.111531258,OPTIMAL,2,0,93,3.748044252,3.85957551,0,0,0,0.15714407,93,OPTIMAL,93,5.417710543,1
0,8,7,13,15,0.2,FALSE,99,113,0,TRUE,1,0.333138466,OPTIMAL,2,0,94,0.183962584,0.517101049,0,0,0,0.368642092,94,OPTIMAL,94,0.293153524,1
0,8,7,13,16,0.2,FALSE,99,120,0,TRUE,1,0.132528543,OPTIMAL,2,0,99,2.29899478,2.431523323,0,0,0,0.189524174,99,OPTIMAL,98.9999982,2.460362911,1.000000018
0,8,7,13,17,0.2,FALSE,99,127,0,TRUE,1,0.216035366,OPTIMAL,2,0,105,9.741017342,9.957052708,0,0,0,0.277044296,105,OPTIMAL,104.99999,17.52581215,1.000000095
0,8,7,14,16,0.2,FALSE,107,120,0,TRUE,1,0.203812361,OPTIMAL,2,0,118,3.612101316,3.815913677,0,0,0,0.237813234,118,OPTIMAL,118,2.08550787,1
0,8,7,14,17,0.2,FALSE,107,127,0,TRUE,1,0.138677835,OPTIMAL,2,0,105,0.833507299,0.972185135,0,0,0,0.176679373,105,OPTIMAL,105,1.442551851,1
0,8,7,14,18,0.2,FALSE,107,134,0,TRUE,1,0.065490961,OPTIMAL,2,0,111,6.711797714,6.777288675,0,0,0,0.092085361,111,OPTIMAL,111,6.050753832,1
0,8,7,15,18,0.2,FALSE,111,134,0,TRUE,1,0.118195772,OPTIMAL,2,0,111,2.745405674,2.863601446,0,0,0,0.151846886,111,OPTIMAL,111,3.070524931,1
0,8,7,15,19,0.2,FALSE,111,141,0,TRUE,1,0.143182755,OPTIMAL,2,0,117,13.23259664,13.37577939,0,0,0,0.18781662,117,OPTIMAL,117,17.54239058,1
0,8,8,4,4,0.2,TRUE,32,32,0,TRUE,1,0.0321455,OPTIMAL,2,0,32,0.067519903,0.099665403,0,0,0,0.060145378,32,OPTIMAL,32,0.052006006,1
0,8,8,5,5,0.2,FALSE,36,43,0,TRUE,1,0.192557573,OPTIMAL,2,0,35,0.419926167,0.61248374,0,0,0,0.233078718,35,OPTIMAL,35,0.501515388,1
0,8,8,6,6,0.2,FALSE,44,51,0,TRUE,1,0.087540388,OPTIMAL,2,0,42,0.362788439,0.450328827,0,0,0,0.116540194,42,OPTIMAL,42,0.295553684,1
0,8,8,7,7,0.2,FALSE,52,59,0,TRUE,1,0.076576948,OPTIMAL,2,2.43E-09,48.99999988,0.078001022,0.154577971,0,0,0,0.10857749,49,OPTIMAL,49,0.110551596,1
0,8,8,8,8,0.2,FALSE,60,67,0,TRUE,1,0.051039934,OPTIMAL,2,0,57,0.053080559,0.104120493,0,0,0,0.08051157,57,OPTIMAL,57,0.047518492,1
0,8,8,8,9,0.2,FALSE,60,75,0,TRUE,1,0.12078476,OPTIMAL,2,0,63,4.714207411,4.83499217,0,0,0,0.144290447,63,OPTIMAL,63,1.148797989,1
0,8,8,9,9,0.2,FALSE,68,75,0,TRUE,1,0.274236441,OPTIMAL,2,0,73,1.789951086,2.064187527,0,0,0,0.300236464,73,OPTIMAL,73,1.158082962,1
0,8,8,9,10,0.2,FALSE,68,87,0,TRUE,1,0.139471769,OPTIMAL,2,0,60,0.116852045,0.256323814,0,0,0,0.166831255,60,OPTIMAL,60,0.073512316,1
0,8,8,10,10,0.2,FALSE,75,87,0,TRUE,1,0.100512028,OPTIMAL,2,0,71,2.290894032,2.391406059,0,0,0,0.130516529,71,OPTIMAL,71,1.323596716,1
0,8,8,10,11,0.2,FALSE,75,95,0,TRUE,1,0.231330156,OPTIMAL,2,0,69,2.073720694,2.30505085,3,0,3,0.26324296,69,OPTIMAL,69,1.439614534,1
0,8,8,11,11,0.2,FALSE,83,95,0,TRUE,1,0.184124231,OPTIMAL,2,1.92E-08,77.9999985,0.24299407,0.427118301,0,0,0,0.211647511,78,OPTIMAL,78,0.583695412,1
0,8,8,11,12,0.2,FALSE,83,103,0,TRUE,1,0.086534739,OPTIMAL,2,0,85,9.668489695,9.755024433,0,0,0,0.123526573,85,OPTIMAL,85,6.796564102,1
0,8,8,12,12,0.2,FALSE,91,103,0,TRUE,1,0.211621761,OPTIMAL,2,0,86,0.279516459,0.49113822,0,0,0,0.241741419,86,OPTIMAL,86,0.280863047,1
0,8,8,12,13,0.2,FALSE,91,111,0,TRUE,1,0.139060259,OPTIMAL,2,0,92,7.924499035,8.063559294,0,0,0,0.184063196,92,OPTIMAL,92,13.99062324,1
0,8,8,13,13,0.2,FALSE,99,111,0,TRUE,1,0.269035101,OPTIMAL,2,0,93,0.168075562,0.437110662,0,0,0,0.321556807,93,OPTIMAL,93,0.251777172,1
0,8,8,13,14,0.2,FALSE,99,119,0,TRUE,1,0.186377525,OPTIMAL,2,0,99,4.820486546,5.006864071,0,0,0,0.231464386,99,OPTIMAL,99,3.792787552,1
0,8,8,14,14,0.2,FALSE,107,119,0,TRUE,1,0.075304985,OPTIMAL,2,0,100,0.102528095,0.17783308,0,0,0,0.11030817,100,OPTIMAL,100,0.146564245,1
0,8,8,14,15,0.2,FALSE,107,130,0,TRUE,1,0.271989107,OPTIMAL,2,0,104,8.695420027,8.967409134,0,0,0,0.314988852,104,OPTIMAL,104,8.522148371,1
0,8,8,15,15,0.2,FALSE,111,130,0,TRUE,1,0.160681009,OPTIMAL,2,0,104,2.06947422,2.23015523,0,0,0,0.203687668,104,OPTIMAL,104,2.046266556,1
0,8,8,15,16,0.2,FALSE,111,138,0,TRUE,1,0.249373198,TIME_LIMIT,9,0.017699115,111,599.8883207,600.1376939,1119,0,1119,0.28537488,113,OPTIMAL,110.999992,22.71923208,1.018018091
0,8,8,15,17,0.2,FALSE,111,146,0,TRUE,1,0.088894367,OPTIMAL,2,0,100,0.322315216,0.411209583,0,0,0,0.142413855,100,OPTIMAL,100,0.455487728,1
0,8,9,9,8,0.2,FALSE,68,75,0,TRUE,1,0.163282633,OPTIMAL,2,0,66,0.083528757,0.24681139,0,0,0,0.201283216,66,OPTIMAL,66,0.049380302,1
0,8,9,10,9,0.2,FALSE,75,84,0,TRUE,1,0.06073761,OPTIMAL,2,0,73,0.130545616,0.191283226,0,0,0,0.098738194,73,OPTIMAL,73,0.197820187,1
0,8,9,11,10,0.2,FALSE,83,98,0,TRUE,1,0.908165216,OPTIMAL,2,0,81,13.95701575,14.86518097,36,0,36,0.959427595,81,OPTIMAL,81,4.022926331,1
0,8,9,12,11,0.2,FALSE,91,107,0,TRUE,1,0.399691343,OPTIMAL,2,0,89,2.773352385,3.173043728,0,0,0,0.434818029,89,OPTIMAL,89,2.280681133,1
0,8,9,13,12,0.2,FALSE,99,116,0,TRUE,1,0.297408819,OPTIMAL,2,0,97,3.193826675,3.491235495,0,0,0,0.325405121,97,OPTIMAL,97,2.187271357,1
0,8,9,14,13,0.2,FALSE,107,125,0,TRUE,1,0.35725832,OPTIMAL,2,0,105,5.420883894,5.778142214,0,0,0,0.398563862,105,OPTIMAL,105,3.303714037,1
0,8,9,15,14,0.2,FALSE,111,134,0,TRUE,1,0.300324202,OPTIMAL,2,0,113,13.62093925,13.92126346,0,0,0,0.372770309,113,OPTIMAL,113,8.866122484,1
0,8,10,5,4,0.2,FALSE,36,40,0,TRUE,1,0.11123991,OPTIMAL,2,0,36,0.073429346,0.184669256,0,0,0,0.16266942,36,OPTIMAL,36,0.07489109,1
0,8,10,6,5,0.2,FALSE,44,53,0,TRUE,1,0.081569195,OPTIMAL,2,0,40,0.054012299,0.135581493,0,0,0,0.111569881,40,OPTIMAL,40,0.058245182,1
0,8,10,7,6,0.2,FALSE,52,63,0,TRUE,1,0.264533758,OPTIMAL,2,0,48,0.068372488,0.332906246,0,0,0,0.303052425,48,OPTIMAL,48,0.084509373,1
0,8,10,8,7,0.2,FALSE,60,73,0,TRUE,1,0.177923679,OPTIMAL,2,0,56,0.064513445,0.242437124,0,0,0,0.21292901,56,OPTIMAL,56,0.076228857,1
0,8,10,10,8,0.2,FALSE,75,83,0,TRUE,1,0.0595119,OPTIMAL,2,0,72,0.096512318,0.156024218,0,0,0,0.09002161,72,OPTIMAL,72,0.133882046,1
0,8,10,11,9,0.2,FALSE,83,93,0,TRUE,1,0.234538078,OPTIMAL,2,0,81,0.807504177,1.042042255,0,0,0,0.279537201,81,OPTIMAL,81,0.356619835,1
0,8,10,12,10,0.2,FALSE,91,108,0,TRUE,1,0.299591541,OPTIMAL,2,0,89,14.91139913,15.21099067,0,0,0,0.33511138,89,OPTIMAL,89,14.45978737,1
0,8,10,13,11,0.2,FALSE,99,118,0,TRUE,1,0.338326693,OPTIMAL,2,0,98,11.57712746,11.91545415,0,0,0,0.405853271,98,OPTIMAL,98,8.800231457,1
0,8,10,14,12,0.2,FALSE,107,128,0,TRUE,1,0.348267078,OPTIMAL,2,0,107,111.780318,112.1285851,1112,8,1104,0.390264034,107,OPTIMAL,107,16.04562044,1
0,8,10,15,12,0.2,FALSE,111,128,0,TRUE,1,0.295195103,TIME_LIMIT,9,0.009259335,106.9999918,600.8613796,601.1565747,5199,32,5167,0.35971117,108,OPTIMAL,107,7.534243584,1.009345794
0,8,10,15,13,0.2,FALSE,111,138,0,TRUE,1,0.91706109,OPTIMAL,2,7.54E-10,101.9999999,1.507866144,2.424927235,0,0,0,0.983755827,102,OPTIMAL,102,1.480035067,1
0,8,11,4,3,0.2,TRUE,32,33,0,TRUE,1,0.180494308,OPTIMAL,2,0,33,0.061827421,0.24232173,0,0,0,0.212672949,33,OPTIMAL,33,0.060001612,1
0,8,11,8,6,0.2,FALSE,60,69,0,TRUE,1,0.289868593,OPTIMAL,2,0,62,5.150230408,5.440099001,0,0,0,0.366749048,62,OPTIMAL,62,21.21831059,1
0,8,11,9,7,0.2,FALSE,68,80,0,TRUE,1,0.311549187,OPTIMAL,2,0,72,19.06981373,19.38136292,0,0,0,0.40443182,72,OPTIMAL,72,3.252342939,1
0,8,11,11,8,0.2,FALSE,83,91,0,TRUE,1,0.89580369,OPTIMAL,2,0,82,0.149398088,1.045201778,0,0,0,0.94359374,82,OPTIMAL,82,0.169016361,1
0,8,11,12,9,0.2,FALSE,91,102,0,TRUE,1,0.11725831,OPTIMAL,2,0,92,1.653215885,1.770474195,0,0,0,0.176814079,92,OPTIMAL,92,3.086054087,1
0,8,11,13,10,0.2,FALSE,99,118,0,TRUE,1,0.112455845,OPTIMAL,2,0,89,0.18983531,0.302291155,0,0,0,0.178415537,89,OPTIMAL,89,0.359167099,1
0,8,11,14,11,0.2,FALSE,107,129,0,TRUE,1,0.327813864,OPTIMAL,2,0,98,0.802857399,1.130671263,0,0,0,0.394626141,98,OPTIMAL,98,0.990165234,1
0,8,11,15,11,0.2,FALSE,111,129,0,TRUE,1,0.215244532,OPTIMAL,2,4.31E-07,110.9999521,38.49324012,38.70848465,153,0,153,0.282965899,111,OPTIMAL,111,11.49674106,1
0,9,7,5,7,0.2,FALSE,40,53,0,TRUE,1,0.241327047,OPTIMAL,2,0,43,3.775948286,4.017275333,0,0,0,0.286344767,43,OPTIMAL,43,1.378576279,1
0,9,7,6,8,0.2,FALSE,49,60,0,TRUE,1,0.09751749,OPTIMAL,2,0,49,1.139764786,1.237282276,0,0,0,0.153739452,49,OPTIMAL,49,1.611881256,1
0,9,7,7,9,0.2,FALSE,58,67,0,TRUE,1,0.177109003,OPTIMAL,2,0,55,0.087547541,0.264656544,0,0,0,0.232652426,55,OPTIMAL,55,0.046000242,1
0,9,7,7,10,0.2,FALSE,58,79,0,TRUE,1,0.1310606,OPTIMAL,2,0,52,0.10674262,0.237803221,0,0,0,0.188272953,52,OPTIMAL,52,0.179018497,1
0,9,7,8,11,0.2,FALSE,67,86,0,TRUE,1,0.098598957,OPTIMAL,2,0,69,2.562440872,2.661039829,0,0,0,0.137075663,69,OPTIMAL,69,5.253500462,1
0,9,7,9,12,0.2,FALSE,76,93,0,TRUE,1,0.098531723,OPTIMAL,2,0,75,1.960889339,2.059421062,0,0,0,0.160530806,75,OPTIMAL,75,3.064094782,1
0,9,7,9,13,0.2,FALSE,76,100,0,TRUE,1,0.321922302,OPTIMAL,2,0,81,9.844120264,10.16604257,3,0,3,0.42534399,81,OPTIMAL,81,8.654550076,1
0,9,7,10,13,0.2,FALSE,83,100,0,TRUE,1,0.187727213,OPTIMAL,2,4.94E-08,80.999996,14.01193166,14.19965887,272,0,272,0.268738985,81,OPTIMAL,81,2.941089153,1
0,9,7,10,14,0.2,FALSE,83,107,0,TRUE,1,0.174045801,OPTIMAL,2,0,87,13.94183207,14.11587787,0,0,0,0.242590666,87,OPTIMAL,86.99999984,6.062666893,1.000000002
0,9,7,11,15,0.2,FALSE,92,117,0,TRUE,1,0.372966766,OPTIMAL,2,1.09E-08,91.999999,10.90268922,11.27565598,28,0,28,0.424966812,92,OPTIMAL,92,4.893887758,1
0,9,7,11,16,0.2,FALSE,92,124,0,TRUE,1,0.234592438,OPTIMAL,2,0,98,12.0163269,12.25091934,0,0,0,0.328113079,98,OPTIMAL,98,19.15644073,1
0,9,7,12,16,0.2,FALSE,101,124,0,TRUE,1,0.306793451,OPTIMAL,2,0,98,3.476336002,3.783129454,0,0,0,0.361876488,98,OPTIMAL,98,6.060584545,1
0,9,7,12,17,0.2,FALSE,101,131,0,TRUE,1,0.243705273,OPTIMAL,2,1.19E-07,103.9999877,25.32825541,25.57196069,0,0,0,0.313210249,104,OPTIMAL,104,24.23608184,1
0,9,7,13,17,0.2,FALSE,110,131,0,TRUE,1,0.25191927,OPTIMAL,2,0,104,2.317429304,2.569348574,0,0,0,0.311449528,104,OPTIMAL,104,2.222866058,1
0,9,7,13,18,0.2,FALSE,110,138,0,TRUE,1,0.229124069,OPTIMAL,2,8.64E-08,109.9999905,16.14577413,16.3748982,6,0,6,0.281388521,110,OPTIMAL,110,8.674466372,1
0,9,7,13,19,0.2,FALSE,110,145,0,TRUE,1,0.293816805,OPTIMAL,2,0,116,10.07886863,10.37268543,0,0,0,0.363349199,116,OPTIMAL,115.9999583,240.6578267,1.000000359
0,9,7,14,18,0.2,FALSE,119,138,0,TRUE,1,0.214271069,OPTIMAL,2,0,110,0.276567221,0.490838289,0,0,0,0.266389132,110,OPTIMAL,110,0.505863667,1
0,9,7,14,19,0.2,FALSE,119,145,0,TRUE,1,0.30373168,OPTIMAL,2,0,116,5.901679516,6.205411196,0,0,0,0.368042946,116,OPTIMAL,116,15.70867682,1
0,9,7,14,20,0.2,FALSE,119,155,0,TRUE,1,0.241774321,OPTIMAL,2,0,125,23.51801205,23.75978637,0,0,0,0.31438756,125,OPTIMAL,125,30.16445589,1
0,9,7,15,20,0.2,FALSE,124,155,0,TRUE,1,0.34906292,OPTIMAL,2,1.01E-07,124.9999874,10.72690678,11.0759697,0,0,0,0.422589779,125,OPTIMAL,125,48.83879542,1
0,9,7,15,21,0.2,FALSE,124,162,0,TRUE,1,0.437568903,OPTIMAL,2,0,131,20.43372202,20.87129092,0,0,0,0.494095564,131,OPTIMAL,130.9999774,291.2170329,1.000000173
0,9,7,15,22,0.2,FALSE,124,169,0,TRUE,1,0.144696951,OPTIMAL,2,0,115,0.359950066,0.504647017,0,0,0,0.209549665,115,OPTIMAL,115,7.981219769,1
0,9,8,4,5,0.2,FALSE,36,36,0,TRUE,1,0.029534101,OPTIMAL,2,0,43,0.037518978,0.06705308,0,0,0,0.050054073,43,OPTIMAL,43,0.031994104,1
0,9,8,5,6,0.2,FALSE,40,52,0,TRUE,1,0.154655933,OPTIMAL,2,0,36,0.170550585,0.325206518,0,0,0,0.208486557,36,OPTIMAL,36,0.140020132,1
0,9,8,6,7,0.2,FALSE,49,60,0,TRUE,1,0.097532272,OPTIMAL,2,1.14E-07,48.99999441,3.015102625,3.112634897,19,0,19,0.146531582,49,OPTIMAL,49,1.317949772,1
0,9,8,7,8,0.2,FALSE,58,68,0,TRUE,1,0.198272943,OPTIMAL,2,0,56,0.96648407,1.164757013,0,0,0,0.269022703,56,OPTIMAL,56,0.635353804,1
0,9,8,8,9,0.2,FALSE,67,76,0,TRUE,1,0.094514608,OPTIMAL,2,0,63,0.070858717,0.165373325,0,0,0,0.130515337,63,OPTIMAL,63,0.095244408,1
0,9,8,8,10,0.2,FALSE,67,90,0,TRUE,1,0.115014076,OPTIMAL,2,0,57,0.190822124,0.305836201,0,0,0,0.179027081,57,OPTIMAL,57,0.094515085,1
0,9,8,9,11,0.2,FALSE,76,98,0,TRUE,1,0.186602354,OPTIMAL,2,0,76,14.0053761,14.19197845,0,0,0,0.223115921,76,OPTIMAL,76,7.216883421,1
0,9,8,10,12,0.2,FALSE,83,106,0,TRUE,1,0.393984795,OPTIMAL,2,3.79E-07,82.99996857,30.64162803,31.03561282,132,0,132,0.440505981,83,OPTIMAL,83,13.43062377,1
0,9,8,11,13,0.2,FALSE,92,114,0,TRUE,1,0.146546841,OPTIMAL,2,0,90,6.493106842,6.639653683,0,0,0,0.206087828,90,OPTIMAL,89.99999173,14.42927265,1.000000092
0,9,8,11,14,0.2,FALSE,92,122,0,TRUE,1,0.476738691,OPTIMAL,2,0,83,0.20823431,0.684973001,0,0,0,0.535767794,83,OPTIMAL,83,1.772530079,1
0,9,8,12,14,0.2,FALSE,101,122,0,TRUE,1,0.103732347,OPTIMAL,2,0,97,9.039722681,9.143455029,0,0,0,0.143791914,97,OPTIMAL,96.99999391,15.47521544,1.000000063
0,9,8,12,15,0.2,FALSE,101,133,0,TRUE,1,0.641700029,OPTIMAL,2,1.14E-08,87.999999,2.208082438,2.849782467,0,0,0,0.687708855,88,OPTIMAL,88,0.364746332,1
0,9,8,13,15,0.2,FALSE,110,133,0,TRUE,1,0.52628994,OPTIMAL,2,0,102,7.061598539,7.587888479,0,0,0,0.577349424,102,OPTIMAL,102,13.21311092,1
0,9,8,13,16,0.2,FALSE,110,141,0,TRUE,1,0.543390989,OPTIMAL,2,0,109,45.30406356,45.84745455,7,0,7,0.617920876,109,OPTIMAL,109,21.90457821,1
0,9,8,14,16,0.2,FALSE,119,141,0,TRUE,1,0.263248682,OPTIMAL,2,0,109,3.829061747,4.092310429,0,0,0,0.317258596,109,OPTIMAL,109,2.075367212,1
0,9,8,14,17,0.2,FALSE,119,149,0,TRUE,1,0.262511253,OPTIMAL,2,1.55E-07,115.999982,24.54613686,24.80864811,57,0,57,0.320026636,116,OPTIMAL,116,26.76202297,1
0,9,8,15,17,0.2,FALSE,124,149,0,TRUE,1,0.17906189,OPTIMAL,2,0,116,28.92910647,29.10816836,489,0,489,0.264597654,116,OPTIMAL,116,17.53070593,1
0,9,8,15,18,0.2,FALSE,124,157,0,TRUE,1,0.37567234,OPTIMAL,2,0,123,27.53210402,27.90777636,0,0,0,0.470295429,123,OPTIMAL,123,36.99355364,1
0,9,8,15,19,0.2,FALSE,124,165,0,TRUE,1,0.229883432,OPTIMAL,2,0,112,0.622677326,0.852560759,0,0,0,0.292396069,112,OPTIMAL,112,2.394187212,1
0,9,9,4,4,0.2,TRUE,36,36,0,TRUE,1,0.038531065,OPTIMAL,2,0,36,0.057551861,0.096082926,0,0,0,0.061043024,36,OPTIMAL,36,0.036512613,1
0,9,9,5,5,0.2,FALSE,40,49,0,TRUE,1,0.259917259,OPTIMAL,2,0,41,1.27750206,1.537419319,0,0,0,0.296938419,41,OPTIMAL,41,1.273942232,1
0,9,9,6,6,0.2,FALSE,49,58,0,TRUE,1,0.194870949,OPTIMAL,2,0,49,1.194713831,1.38958478,0,0,0,0.234501362,49,OPTIMAL,49,1.24703002,1
0,9,9,7,7,0.2,FALSE,58,67,0,TRUE,1,0.143121004,OPTIMAL,2,0,57,0.626517773,0.769638777,0,0,0,0.179643393,57,OPTIMAL,57,0.868887663,1
0,9,9,8,8,0.2,FALSE,67,76,0,TRUE,1,0.237515688,OPTIMAL,2,0,65,0.171020269,0.408535957,0,0,0,0.287024021,65,OPTIMAL,65,0.132106304,1
0,9,9,9,9,0.2,FALSE,76,85,0,TRUE,1,0.070290565,OPTIMAL,2,0,73,0.077000618,0.147291183,0,0,0,0.105290651,73,OPTIMAL,73,0.129527807,1
0,9,9,9,10,0.2,FALSE,76,100,0,TRUE,1,0.147744417,OPTIMAL,2,0,69,1.280176878,1.427921295,0,0,0,0.189201355,69,OPTIMAL,69,1.248797417,1
0,9,9,10,10,0.2,FALSE,83,100,0,TRUE,1,0.172834396,OPTIMAL,2,0,81,9.523611069,9.696445465,4,0,4,0.233672142,81,OPTIMAL,81,5.073821068,1
0,9,9,10,11,0.2,FALSE,83,109,0,TRUE,1,0.101512909,OPTIMAL,2,0,76,2.012151003,2.113663912,0,0,0,0.172692299,76,OPTIMAL,76,1.802646637,1
0,9,9,11,11,0.2,FALSE,92,109,0,TRUE,1,0.247206211,OPTIMAL,2,9.96E-09,88.99999911,13.43966961,13.68687582,2,0,2,0.291260481,89,OPTIMAL,88.99999409,3.747519016,1.000000066
0,9,9,11,12,0.2,FALSE,92,118,0,TRUE,1,0.123674154,OPTIMAL,2,0,83,0.218801022,0.342475176,0,0,0,0.185161829,83,OPTIMAL,83,0.26490593,1
0,9,9,12,12,0.2,FALSE,101,118,0,TRUE,1,0.510530949,OPTIMAL,2,0,97,5.325915098,5.836446047,0,0,0,0.566540956,97,OPTIMAL,97,10.05816984,1
0,9,9,12,13,0.2,FALSE,101,127,0,TRUE,1,0.156538486,OPTIMAL,2,0,92,0.305138588,0.461677074,0,0,0,0.269631386,92,OPTIMAL,92,1.374179602,1
0,9,9,13,13,0.2,FALSE,110,127,0,TRUE,1,0.450068712,OPTIMAL,2,0,105,6.752985477,7.20305419,23,0,23,0.492587805,105,OPTIMAL,105,2.893373728,1
0,9,9,13,14,0.2,FALSE,110,136,0,TRUE,1,0.383064032,OPTIMAL,2,0,113,19.62739897,20.010463,0,0,0,0.440601587,113,OPTIMAL,113,5.994942904,1
0,9,9,14,14,0.2,FALSE,119,136,0,TRUE,1,0.49217248,OPTIMAL,2,1.87E-08,112.9999979,2.37331605,2.865488529,7,0,7,0.538172722,113,OPTIMAL,113,2.793823719,1
0,9,9,14,15,0.2,FALSE,119,148,0,TRUE,1,0.434236288,OPTIMAL,2,0,120,63.76761341,64.2018497,8,0,8,0.504672766,120,OPTIMAL,120,29.28564882,1
0,9,9,15,15,0.2,FALSE,124,148,0,TRUE,1,0.328618765,OPTIMAL,2,0,120,20.79609132,21.12471008,0,0,0,0.379620552,120,OPTIMAL,120,8.667604685,1
0,9,9,15,16,0.2,FALSE,124,157,0,TRUE,1,0.142569304,OPTIMAL,2,0,110,0.223060131,0.365629435,0,0,0,0.207092285,110,OPTIMAL,110,0.315083742,1
0,9,10,10,9,0.2,FALSE,83,94,0,TRUE,1,0.332576036,OPTIMAL,2,0,82,0.832785606,1.165361643,0,0,0,0.399104834,82,OPTIMAL,82,0.70091033,1
0,9,10,11,10,0.2,FALSE,92,110,0,TRUE,1,0.292115688,OPTIMAL,2,0,90,10.26192808,10.55404377,0,0,0,0.33762455,90,OPTIMAL,90,49.9286902,1
0,9,10,12,11,0.2,FALSE,101,120,0,TRUE,1,0.263016939,OPTIMAL,2,0,99,32.34986258,32.61287951,0,0,0,0.318025351,99,OPTIMAL,99,16.31466794,1
0,9,10,13,12,0.2,FALSE,110,130,0,TRUE,1,0.644055128,OPTIMAL,2,5.56E-07,107.99994,14.70466232,15.34871745,0,0,0,0.69451952,108,OPTIMAL,107.9999993,34.80066013,1.000000007
0,9,10,14,13,0.2,FALSE,119,140,0,TRUE,1,0.629864693,OPTIMAL,2,0,117,19.78039217,20.41025686,0,0,0,0.683742046,117,OPTIMAL,117,25.18545771,1
0,9,10,15,14,0.2,FALSE,124,150,0,TRUE,1,0.338628531,OPTIMAL,2,0,126,17.45757985,17.79620838,0,0,0,0.412599802,126,OPTIMAL,126,27.43150187,1
0,9,11,6,5,0.2,FALSE,49,60,0,TRUE,1,0.258275032,OPTIMAL,2,0,46,0.134136677,0.392411709,0,0,0,0.29328084,46,OPTIMAL,46,0.159528255,1
0,9,11,7,6,0.2,FALSE,58,71,0,TRUE,1,0.113880396,OPTIMAL,2,0,55,0.187357664,0.30123806,0,0,0,0.156877995,55,OPTIMAL,55,0.249006271,1
0,9,11,8,7,0.2,FALSE,67,82,0,TRUE,1,0.319319963,OPTIMAL,2,0,64,0.189322948,0.508642912,0,0,0,0.380443096,64,OPTIMAL,64,0.163029194,1
0,9,11,9,8,0.2,FALSE,76,93,0,TRUE,1,0.164398432,OPTIMAL,2,0,73,0.212224245,0.376622677,0,0,0,0.206921101,73,OPTIMAL,73,0.242029667,1
0,9,11,11,9,0.2,FALSE,92,104,0,TRUE,1,0.387567043,OPTIMAL,2,0,92,2.307519913,2.695086956,0,0,0,0.448080778,92,OPTIMAL,91.9999968,4.400844097,1.000000035
0,9,11,12,10,0.2,FALSE,101,122,0,TRUE,1,0.185545444,OPTIMAL,2,0,90,0.202540398,0.388085842,0,0,0,0.261847734,90,OPTIMAL,90,0.403628111,1
0,9,11,13,11,0.2,FALSE,110,133,0,TRUE,1,0.229048491,OPTIMAL,2,0,99,0.362043142,0.591091633,0,0,0,0.292755604,99,OPTIMAL,99,0.418092251,1
0,9,11,14,12,0.2,FALSE,119,144,0,TRUE,1,0.113535166,OPTIMAL,2,0,108,0.246845245,0.360380411,0,0,0,0.16519475,108,OPTIMAL,108,0.466351032,1
0,9,11,15,13,0.2,FALSE,124,155,0,TRUE,1,0.214284658,OPTIMAL,2,0,116,5.323971987,5.538256645,0,0,0,0.308229685,116,OPTIMAL,116,10.08332038,1
0,9,12,4,3,0.2,TRUE,36,36,0,TRUE,1,0.033594847,OPTIMAL,2,0,36,0.041513205,0.075108051,0,0,0,0.056100607,36,OPTIMAL,36,0.030508757,1
0,9,12,5,4,0.2,FALSE,40,48,0,TRUE,1,0.120526791,OPTIMAL,2,0,40,0.058999777,0.179526567,0,0,0,0.158526421,40,OPTIMAL,40,0.075005531,1
0,9,12,8,6,0.2,FALSE,67,76,0,TRUE,1,0.256328106,OPTIMAL,2,0,67,1.182035208,1.438363314,0,0,0,0.373106241,67,OPTIMAL,67,1.359681368,1
0,9,12,9,7,0.2,FALSE,76,88,0,TRUE,1,0.181733847,OPTIMAL,2,1.40E-08,77.9999989,10.13092637,10.31266022,35,12,23,0.256255388,78,OPTIMAL,77.99999748,12.02338982,1.000000032
0,9,12,10,8,0.2,FALSE,83,100,0,TRUE,1,0.60052371,OPTIMAL,2,0,80,0.298422575,0.898946285,0,0,0,0.673670769,80,OPTIMAL,80,0.208970785,1
0,9,12,12,9,0.2,FALSE,101,112,0,TRUE,1,0.634742737,OPTIMAL,2,0,100,3.360161066,3.994903803,44,0,44,0.704256296,100,OPTIMAL,100,1.622639894,1
0,9,12,13,10,0.2,FALSE,110,131,0,TRUE,1,0.167288303,OPTIMAL,2,0,96,0.255312204,0.422600508,0,0,0,0.244813681,96,OPTIMAL,96,0.393006325,1
0,9,12,14,11,0.2,FALSE,119,143,0,TRUE,1,1.152819395,OPTIMAL,2,0,106,0.727057934,1.879877329,1,0,1,1.205165148,106,OPTIMAL,106,0.821813107,1
0,9,12,15,12,0.2,FALSE,124,155,0,TRUE,1,0.242212296,OPTIMAL,2,0,116,14.48519659,14.72740889,0,0,0,0.336797953,116,OPTIMAL,115.9999983,27.99402523,1.000000015
0,10,8,4,5,0.2,FALSE,40,40,0,TRUE,1,0.042016268,OPTIMAL,2,0,43,0.054530144,0.096546412,0,0,0,0.069553137,43,OPTIMAL,43,0.070735931,1
0,10,8,5,7,0.2,FALSE,46,59,0,TRUE,1,0.637108803,OPTIMAL,2,3.36E-09,49.99999983,1.183728695,1.820837498,10,0,10,0.683119059,50,OPTIMAL,50,1.266159058,1
0,10,8,6,8,0.2,FALSE,56,67,0,TRUE,1,0.102511406,OPTIMAL,2,0,57,0.922793388,1.025304794,0,0,0,0.145521641,57,OPTIMAL,57,0.898123503,1
0,10,8,7,9,0.2,FALSE,66,75,0,TRUE,1,0.147778511,OPTIMAL,2,0,64,0.083527088,0.231305599,0,0,0,0.18931365,64,OPTIMAL,64,0.115527153,1
0,10,8,8,10,0.2,FALSE,76,88,0,TRUE,1,0.083599806,OPTIMAL,2,2.77E-08,70.99999804,1.675749779,1.759349585,34,0,34,0.133911848,71,OPTIMAL,71,0.487965345,1
0,10,8,8,11,0.2,FALSE,76,96,0,TRUE,1,0.138125181,OPTIMAL,2,0,78,9.439764738,9.577889919,8,0,8,0.19863534,78,OPTIMAL,78,6.224638462,1
0,10,8,9,12,0.2,FALSE,86,104,0,TRUE,1,0.537005663,OPTIMAL,2,0,85,10.16110444,10.6981101,0,0,0,0.590139389,85,OPTIMAL,85,10.64596462,1
0,10,8,10,13,0.2,FALSE,95,112,0,TRUE,1,0.265199423,OPTIMAL,2,1.05E-08,91.99999903,2.718798161,2.983997583,0,0,0,0.312726736,92,OPTIMAL,92,1.968570948,1
0,10,8,10,14,0.2,FALSE,95,120,0,TRUE,1,0.248762131,OPTIMAL,2,0,99,30.3756032,30.62436533,10,0,10,0.32228446,99,OPTIMAL,98.99999265,23.9375422,1.000000074
0,10,8,11,14,0.2,FALSE,105,120,0,TRUE,1,0.102853298,OPTIMAL,2,0,99,0.247097015,0.349950314,0,0,0,0.156374931,99,OPTIMAL,99,0.32338047,1
0,10,8,11,15,0.2,FALSE,105,131,0,TRUE,1,0.272438765,OPTIMAL,2,0,105,11.71263838,11.98507714,0,0,0,0.320967913,105,OPTIMAL,105,19.0971179,1
0,10,8,12,15,0.2,FALSE,115,131,0,TRUE,1,0.259064913,OPTIMAL,2,0,105,0.273290873,0.532355785,0,0,0,0.311146736,105,OPTIMAL,105,0.439745426,1
0,10,8,12,16,0.2,FALSE,115,139,0,TRUE,1,0.137713432,OPTIMAL,2,7.98E-08,111.9999911,48.13288474,48.27059817,132,0,132,0.218717575,112,OPTIMAL,111.9999926,16.15940762,1.000000066
0,10,8,12,17,0.2,FALSE,115,147,0,TRUE,1,0.401725769,OPTIMAL,2,0,118.9999835,41.54414797,41.94587374,0,0,0,0.453727245,119,OPTIMAL,118.9999954,35.65494442,1.000000039
0,10,8,13,17,0.2,FALSE,125,147,0,TRUE,1,0.131065845,OPTIMAL,2,0,119,16.44291592,16.57398176,236,0,236,0.177067757,119,OPTIMAL,118.9999957,11.34305477,1.000000036
0,10,8,13,18,0.2,FALSE,125,155,0,TRUE,1,0.291222095,OPTIMAL,2,0,126,24.2799952,24.5712173,0,0,0,0.341222763,126,OPTIMAL,125.9999876,68.02150631,1.000000098
0,10,8,14,18,0.2,FALSE,135,155,0,TRUE,1,0.186322689,OPTIMAL,2,0,126,6.319492579,6.505815268,120,0,120,0.266580343,126,OPTIMAL,126,0.985532761,1
0,10,8,14,19,0.2,FALSE,135,163,0,TRUE,1,0.434447289,OPTIMAL,2,0,133,17.91637349,18.35082078,0,0,0,0.487466335,133,OPTIMAL,132.9999911,52.55576205,1.000000067
0,10,8,15,19,0.2,FALSE,141,163,0,TRUE,1,0.110615253,OPTIMAL,2,0,133,12.88504815,12.9956634,11,0,11,0.164927006,133,OPTIMAL,132.999998,2.408278227,1.000000015
0,10,8,15,20,0.2,FALSE,141,173,0,TRUE,1,0.206308603,OPTIMAL,2,0,142,11.29658985,11.50289845,0,0,0,0.261829376,142,OPTIMAL,142,38.12184453,1
0,10,8,15,21,0.2,FALSE,141,181,0,TRUE,1,0.398822308,OPTIMAL,2,0,149,50.55507946,50.95390177,0,0,0,0.446406603,149,TIME_LIMIT,149,600.099987,1
0,10,9,5,6,0.2,FALSE,46,57,0,TRUE,1,0.22772193,OPTIMAL,2,0,48,1.686345339,1.914067268,0,0,0,0.277090549,48,OPTIMAL,48,0.836705685,1
0,10,9,6,7,0.2,FALSE,56,66,0,TRUE,1,0.301983118,OPTIMAL,2,0,56,1.201296329,1.503279448,0,0,0,0.378525496,56,OPTIMAL,56,1.153042555,1
0,10,9,7,8,0.2,FALSE,66,75,0,TRUE,1,0.133519888,OPTIMAL,2,0,64,0.258477211,0.391997099,0,0,0,0.182538748,64,OPTIMAL,64,0.264312029,1
0,10,9,8,9,0.2,FALSE,76,84,0,TRUE,1,0.514899254,OPTIMAL,2,0,82,2.498440504,3.013339758,0,0,0,0.577651739,82,OPTIMAL,82,2.800347567,1
0,10,9,9,10,0.2,FALSE,86,98,0,TRUE,1,0.199383736,OPTIMAL,2,0,79,0.90699172,1.106375456,0,0,0,0.262925863,79,OPTIMAL,79,1.060168505,1
0,10,9,9,11,0.2,FALSE,86,107,0,TRUE,1,0.336110592,OPTIMAL,2,0,87,16.42205524,16.75816584,13,0,13,0.394118071,87,OPTIMAL,86.999987,11.18320823,1.000000149
0,10,9,10,12,0.2,FALSE,95,116,0,TRUE,1,0.27372241,OPTIMAL,2,1.43E-07,94.99998638,42.21095586,42.48467827,53,0,53,0.350622892,95,OPTIMAL,95,12.67949224,1
0,10,9,11,13,0.2,FALSE,105,125,0,TRUE,1,0.408775568,OPTIMAL,2,0,103,15.47936654,15.88814211,0,0,0,0.490289211,103,OPTIMAL,103,8.440568686,1
0,10,9,12,14,0.2,FALSE,115,134,0,TRUE,1,0.295295,OPTIMAL,2,0,111,7.105758667,7.401053667,0,0,0,0.35702014,111,OPTIMAL,111,7.520565748,1
0,10,9,13,15,0.2,FALSE,125,146,0,TRUE,1,0.18304491,OPTIMAL,2,0,117,9.855608702,10.03865361,0,0,0,0.237380743,117,OPTIMAL,117,8.069736242,1
0,10,9,13,16,0.2,FALSE,125,155,0,TRUE,1,0.514808893,OPTIMAL,2,0,125,35.75601554,36.27082443,5,0,5,0.602110147,125,OPTIMAL,124.9999871,107.7846136,1.000000103
0,10,9,14,16,0.2,FALSE,135,155,0,TRUE,1,0.593804598,OPTIMAL,2,0,125,2.914837837,3.508642435,0,0,0,0.679321289,125,OPTIMAL,125,4.746094227,1
0,10,9,14,17,0.2,FALSE,135,164,0,TRUE,1,0.410201788,OPTIMAL,2,0,133,32.32965541,32.7398572,0,0,0,0.477725983,133,OPTIMAL,133,26.80272484,1
0,10,9,15,17,0.2,FALSE,141,164,0,TRUE,1,0.257764339,OPTIMAL,2,0,133,4.540051937,4.797816277,0,0,0,0.323905945,133,OPTIMAL,133,8.144102573,1
0,10,9,15,18,0.2,FALSE,141,173,0,TRUE,1,0.423039198,OPTIMAL,2,0,141,28.705194,29.12823319,0,0,0,0.489567041,141,OPTIMAL,140.9999888,41.32048416,1.00000008
0,10,10,4,4,0.2,TRUE,40,40,0,TRUE,1,0.031534195,OPTIMAL,2,0,40,0.092516899,0.124051094,0,0,0,0.124051094,40,OPTIMAL,40,0.035227776,1
0,10,10,5,5,0.2,FALSE,46,54,0,TRUE,1,0.24154377,OPTIMAL,2,0,46,2.26802206,2.50956583,0,0,0,0.298543453,46,OPTIMAL,46,1.416307688,1
0,10,10,6,6,0.2,FALSE,56,64,0,TRUE,1,0.204315186,OPTIMAL,2,0,55,0.654705763,0.859020948,0,0,0,0.271867275,55,OPTIMAL,55,1.364561081,1
0,10,10,7,7,0.2,FALSE,66,74,0,TRUE,1,0.339252472,OPTIMAL,2,0,64,0.240731955,0.579984426,0,0,0,0.392252207,64,OPTIMAL,64,0.270875454,1
0,10,10,8,8,0.2,FALSE,76,84,0,TRUE,1,0.150500774,OPTIMAL,2,0,73,0.12290287,0.273403645,0,0,0,0.205403328,73,OPTIMAL,73,0.103833199,1
0,10,10,9,9,0.2,FALSE,86,94,0,TRUE,1,0.550885439,OPTIMAL,2,0,92,6.023979664,6.574865103,0,0,0,0.590885162,92,OPTIMAL,92,5.110686302,1
0,10,10,10,10,0.2,FALSE,95,110,0,TRUE,1,0.523780584,OPTIMAL,2,0,89,7.842950344,8.366730928,0,0,0,0.57746172,89,OPTIMAL,89,3.014896631,1
0,10,10,10,11,0.2,FALSE,95,120,0,TRUE,1,0.172709227,OPTIMAL,2,0,85,0.850203276,1.022912502,0,0,0,0.261164427,85,OPTIMAL,85,1.683391094,1
0,10,10,11,11,0.2,FALSE,105,120,0,TRUE,1,0.757954836,OPTIMAL,2,0,98,5.25822401,6.016178846,0,0,0,0.813956261,98,OPTIMAL,98,4.147964478,1
0,10,10,11,12,0.2,FALSE,105,130,0,TRUE,1,0.497794628,OPTIMAL,2,0,94,0.485453844,0.983248472,1,0,1,0.574691057,94,OPTIMAL,94,0.386183977,1
0,10,10,12,12,0.2,FALSE,115,130,0,TRUE,1,0.203215361,OPTIMAL,2,0,107,7.804951429,8.00816679,0,0,0,0.271740675,107,OPTIMAL,107,4.887897968,1
0,10,10,12,13,0.2,FALSE,115,140,0,TRUE,1,0.383122683,OPTIMAL,2,1.03E-07,115.999988,78.66366863,79.04679132,311,0,311,0.470646143,116,OPTIMAL,116,25.88802361,1
0,10,10,13,13,0.2,FALSE,125,140,0,TRUE,1,0.562969685,OPTIMAL,2,0,116,1.700671673,2.263641357,0,0,0,0.637491226,116,OPTIMAL,116,0.85222888,1
0,10,10,13,14,0.2,FALSE,125,150,0,TRUE,1,0.690622568,OPTIMAL,2,0,125,45.41662931,46.10725188,8,0,8,0.765649319,125,OPTIMAL,124.9999928,40.67552948,1.000000058
0,10,10,14,14,0.2,FALSE,135,150,0,TRUE,1,0.883075476,OPTIMAL,2,0,125,0.510910034,1.39398551,0,0,0,0.957089186,125,OPTIMAL,125,0.518513441,1
0,10,10,14,15,0.2,FALSE,135,164,0,TRUE,1,0.777473211,OPTIMAL,2,0,133,30.87770247,31.65517569,0,0,0,0.858998537,133,OPTIMAL,133,138.0532379,1
0,10,10,15,15,0.2,FALSE,141,164,0,TRUE,1,0.577293396,OPTIMAL,2,0,133,32.90107632,33.47836971,0,0,0,0.674821615,133,OPTIMAL,132.9999981,33.73917699,1.000000014
0,10,10,15,16,0.2,FALSE,141,174,0,TRUE,1,0.632586241,OPTIMAL,2,0,126,9.193647146,9.826233387,129,2,127,0.725558996,126,OPTIMAL,126,0.577476978,1
0,10,11,11,10,0.2,FALSE,105,119,0,TRUE,1,0.174963474,OPTIMAL,2,0,100,6.348071098,6.523034573,0,0,0,0.223377705,100,OPTIMAL,100,3.545258999,1
0,10,11,12,11,0.2,FALSE,115,130,0,TRUE,1,0.293417692,OPTIMAL,2,9.43E-08,109.9999896,6.679279804,6.972697496,0,0,0,0.379973173,110,OPTIMAL,109.999999,17.98681378,1.000000009
0,10,11,13,12,0.2,FALSE,125,141,0,TRUE,1,1.51981163,OPTIMAL,2,0,120,5.636467457,7.156279087,0,0,0,1.585016727,120,OPTIMAL,120,5.918698788,1
0,10,11,14,13,0.2,FALSE,135,152,0,TRUE,1,0.591711998,OPTIMAL,2,0,130,10.03126287,10.62297487,17,0,17,0.672850132,130,OPTIMAL,130,5.820552588,1
0,10,11,15,14,0.2,FALSE,141,163,0,TRUE,1,0.628214836,OPTIMAL,2,0,140,18.91305065,19.54126549,0,0,0,0.690803528,140,OPTIMAL,139.9999978,31.34973979,1.000000015
0,10,12,6,5,0.2,FALSE,56,64,0,TRUE,1,0.367208242,OPTIMAL,2,0,56,2.730261326,3.097469568,0,0,0,0.451656103,56,OPTIMAL,56,1.185410738,1
0,10,12,7,6,0.2,FALSE,66,76,0,TRUE,1,0.619519949,OPTIMAL,2,0,67,3.73212266,4.351642609,0,0,0,0.683502913,67,OPTIMAL,67,6.084489584,1
0,10,12,8,7,0.2,FALSE,76,88,0,TRUE,1,0.817319632,OPTIMAL,2,0,78,7.104096651,7.921416283,0,0,0,0.882832527,78,OPTIMAL,78,6.132680893,1
0,10,12,9,8,0.2,FALSE,86,100,0,TRUE,1,0.532727718,OPTIMAL,2,0,89,16.38149261,16.91422033,0,0,0,0.619913101,89,OPTIMAL,89,4.521833181,1
0,10,12,10,9,0.2,FALSE,95,112,0,TRUE,1,0.540723562,OPTIMAL,2,0,92,23.8515873,24.39231086,116,0,116,0.608249426,92,OPTIMAL,92,0.357915878,1
0,10,12,12,10,0.2,FALSE,115,131,0,TRUE,1,0.992496967,OPTIMAL,2,1.11E-07,107.999988,26.85170889,27.84420586,284,4,280,1.109006405,108,OPTIMAL,108,13.34401393,1
0,10,12,13,11,0.2,FALSE,125,143,0,TRUE,1,0.412289143,OPTIMAL,2,1.04E-07,118.9999876,37.72187829,38.13416743,119,0,119,0.536338329,119,OPTIMAL,119,24.21286368,1
0,10,12,14,12,0.2,FALSE,135,155,0,TRUE,1,0.357800484,OPTIMAL,2,0,129.9999953,36.91726923,37.27506971,12,2,10,0.504901171,130,OPTIMAL,130,17.27728224,1
0,10,12,15,13,0.2,FALSE,141,167,0,TRUE,1,0.234527349,OPTIMAL,2,0,127,0.257163286,0.491690636,0,0,0,0.307041645,127,OPTIMAL,127,0.300212383,1
0,10,13,5,4,0.2,FALSE,46,52,0,TRUE,1,0.359407425,OPTIMAL,2,0,48,0.371743917,0.731151342,0,0,0,0.416938305,48,OPTIMAL,48,0.696102381,1
0,10,13,9,7,0.2,FALSE,86,96,0,TRUE,1,0.389969587,OPTIMAL,2,0,83,10.85621715,11.24618673,0,0,0,0.49550128,83,OPTIMAL,82.9999988,9.881398201,1.000000014
0,10,13,10,8,0.2,FALSE,95,109,0,TRUE,1,0.765024662,OPTIMAL,2,0,95,18.8274076,19.59243226,3,0,3,0.902531624,95,OPTIMAL,94.99997358,67.49231744,1.000000278
0,10,13,11,9,0.2,FALSE,105,122,0,TRUE,1,0.277287245,OPTIMAL,2,0,97,0.145983696,0.423270941,0,0,0,0.339501381,97,OPTIMAL,97,0.263559103,1
0,10,13,13,10,0.2,FALSE,125,142,0,TRUE,1,0.626723289,OPTIMAL,2,0,115,45.28556561,45.9122889,10,0,10,0.744909763,115,OPTIMAL,115,13.39836836,1
0,10,13,14,11,0.2,FALSE,135,155,0,TRUE,1,1.052381277,OPTIMAL,2,9.31E-08,126.9999882,37.06740141,38.11978269,0,0,0,1.171831369,127,OPTIMAL,127,21.27670956,1
0,10,13,15,12,0.2,FALSE,141,168,0,TRUE,1,1.890199661,OPTIMAL,2,0,125,3.837109566,5.727309227,0,0,0,2.040352345,125,OPTIMAL,124.9999993,9.37274456,1.000000005
