seed,n,m,w,u,regular,brd_found_pne,brd_alpha,brd_time,zr_status,zr_gurobi_status,zr_mip_gap,zr_obj_bound,zr_runtime,zr_time,zr_eis_added_total,zr_eis_added_symmetric,zr_eis_added_core,zr_first_pne_time,best_pne_cost,so_status,so_cost,so_time,pos
0,4,2,4,8,True,True,1.0,0.343420029,OPTIMAL,2,0.0,8.0,0.017519951,0.36093998,0,0,0,0.35493803,8.0,OPTIMAL,8.0,0.019000292,1.0
0,4,2,4,9,True,True,1.0,0.021172047,OPTIMAL,2,0.0,8.0,0.023519754,0.044691801,0,0,0,0.034682751,8.0,OPTIMAL,8.0,0.041996717,1.0
0,4,2,4,10,True,True,1.0,0.013005018,OPTIMAL,2,0.0,8.0,0.026999235,0.040004253,0,0,0,0.021004438,8.0,OPTIMAL,8.0,0.024995565,1.0
0,4,2,4,11,True,True,1.0,0.028510094,OPTIMAL,2,0.0,8.0,0.019999981,0.048510075,0,0,0,0.036509752,8.0,OPTIMAL,8.0,0.041006804,1.0
0,4,2,5,10,True,True,1.0,0.007525921,OPTIMAL,2,0.0,10.0,0.018996716,0.026522636,0,0,0,0.014522314,10.0,OPTIMAL,10.0,0.015000582,1.0
0,4,2,5,11,True,True,1.0,0.020010233,OPTIMAL,2,0.0,10.0,0.018997908,0.039008141,0,0,0,0.028007269,10.0,OPTIMAL,10.0,0.038639069,1.0
0,4,2,5,12,True,True,1.0,0.01200223,OPTIMAL,2,0.0,10.0,0.022004604,0.034006834,0,0,0,0.020000935,10.0,OPTIMAL,10.0,0.041005135,1.0
0,4,2,5,13,True,True,1.0,0.012998581,OPTIMAL,2,0.0,10.0,0.031583071,0.044581652,0,0,0,0.023583412,10.0,OPTIMAL,10.0,0.034519911,1.0
0,4,2,6,12,True,True,1.0,0.012000799,OPTIMAL,2,0.0,12.0,0.030001163,0.042001963,0,0,0,0.023001909,12.0,OPTIMAL,12.0,0.02452445,1.0
0,4,2,6,13,True,True,1.0,0.026994944,OPTIMAL,2,0.0,12.0,0.024008512,0.051003456,0,0,0,0.034998417,12.0,OPTIMAL,12.0,0.026998281,1.0
0,4,2,6,14,True,True,1.0,0.018736362,OPTIMAL,2,0.0,12.0,0.025523186,0.044259548,0,0,0,0.026740789,12.0,OPTIMAL,12.0,0.03613162,1.0
0,4,2,6,15,True,True,1.0,0.027006149,OPTIMAL,2,0.0,12.0,0.027002096,0.054008245,0,0,0,0.035006046,12.0,OPTIMAL,12.0,0.036131382,1.0
0,4,2,7,14,True,True,1.0,0.007002115,OPTIMAL,2,0.0,14.0,0.026232481,0.033234596,0,0,0,0.014012098,14.0,OPTIMAL,14.0,0.010845184,1.0
0,4,2,7,15,True,True,1.0,0.029516459,OPTIMAL,2,0.0,14.0,0.029999733,0.059516191,0,0,0,0.037515879,14.0,OPTIMAL,14.0,0.039548635,1.0
0,4,2,7,16,True,True,1.0,0.037992477,OPTIMAL,2,0.0,14.0,0.059525251,0.097517729,0,0,0,0.048992395,14.0,OPTIMAL,14.0,0.041533709,1.0
0,4,2,7,17,True,True,1.0,0.020011187,OPTIMAL,2,0.0,14.0,0.034350395,0.054361582,0,0,0,0.027011395,14.0,OPTIMAL,14.0,0.044515848,1.0
0,4,2,8,16,True,True,1.0,0.007997274,OPTIMAL,2,0.0,16.0,0.037528276,0.045525551,0,0,0,0.0210042,16.0,OPTIMAL,16.0,0.02100563,1.0
0,4,2,8,17,True,True,1.0,0.026520967,OPTIMAL,2,0.0,16.0,0.045287371,0.071808338,0,0,0,0.03395319,16.0,OPTIMAL,16.0,0.046042681,1.0
0,4,2,8,18,True,True,1.0,0.031973839,OPTIMAL,2,0.0,16.0,0.056958914,0.088932753,0,0,0,0.049926043,16.0,OPTIMAL,16.0,0.051525593,1.0
0,4,2,8,19,True,True,1.0,0.017002821,OPTIMAL,2,0.0,16.0,0.053527355,0.070530176,0,0,0,0.025002003,16.0,OPTIMAL,16.0,0.065638781,1.0
0,4,2,9,18,True,True,1.0,0.008444309,OPTIMAL,2,0.0,18.0,0.049124002,0.057568312,0,0,0,0.016436577,18.0,OPTIMAL,18.0,0.022326231,1.0
0,4,2,9,19,True,True,1.0,0.033567667,OPTIMAL,2,0.0,18.0,0.050233603,0.08380127,0,0,0,0.041572094,18.0,OPTIMAL,18.0,0.034942627,1.0
0,4,2,9,20,True,True,1.0,0.032999992,OPTIMAL,2,0.0,18.0,0.078619719,0.111619711,0,0,0,0.040999413,18.0,OPTIMAL,18.0,0.053023815,1.0
0,4,2,9,21,True,True,1.0,0.018006086,OPTIMAL,2,0.0,18.0,0.081531286,0.099537373,0,0,0,0.029010773,18.0,OPTIMAL,18.0,0.055508852,1.0
0,4,2,10,20,True,True,1.0,0.006006956,OPTIMAL,2,0.0,20.0,0.054535627,0.060542583,0,0,0,0.014000416,20.0,OPTIMAL,20.0,0.017002106,1.0
0,4,2,10,21,True,True,1.0,0.006996155,OPTIMAL,2,0.0,20.0,0.072000504,0.078996658,0,0,0,0.016995907,20.0,OPTIMAL,20.0,0.045003891,1.0
0,4,2,10,22,True,True,1.0,0.045511484,OPTIMAL,2,0.0,20.0,0.073532581,0.119044065,0,0,0,0.053512096,20.0,OPTIMAL,20.0,0.062284946,1.0
0,4,2,10,23,True,True,1.0,0.032476187,OPTIMAL,2,0.0,20.0,0.095529556,0.128005743,0,0,0,0.040476084,20.0,OPTIMAL,20.0,0.093483925,1.0
0,4,2,11,22,True,True,1.0,0.008047819,OPTIMAL,2,0.0,22.0,0.091524839,0.099572659,0,0,0,0.015033722,22.0,OPTIMAL,22.0,0.017006397,1.0
0,4,2,11,23,True,True,1.0,0.046886444,OPTIMAL,2,0.0,22.0,0.092816353,0.139702797,0,0,0,0.053886175,22.0,OPTIMAL,22.0,0.05551672,1.0
0,4,2,11,24,True,True,1.0,0.019995451,OPTIMAL,2,0.0,22.0,0.128543139,0.148538589,0,0,0,0.02800107,22.0,OPTIMAL,22.0,0.063727856,1.0
0,4,2,11,25,True,True,1.0,0.022637844,OPTIMAL,2,0.0,22.0,0.117408037,0.140045881,0,0,0,0.03570962,22.0,OPTIMAL,22.0,0.069601774,1.0
0,4,2,12,24,True,True,1.0,0.019563913,OPTIMAL,2,0.0,24.0,0.120522022,0.140085936,0,0,0,0.02753377,24.0,OPTIMAL,24.0,0.023928404,1.0
0,4,2,12,25,True,True,1.0,0.036273956,OPTIMAL,2,0.0,24.0,0.168472052,0.204746008,0,0,0,0.054363966,24.0,OPTIMAL,24.0,0.065702677,1.0
0,4,2,12,26,True,True,1.0,0.048996449,OPTIMAL,2,0.0,24.0,0.150552511,0.19954896,0,0,0,0.05757761,24.0,OPTIMAL,24.0,0.087306023,1.0
0,4,2,12,27,True,True,1.0,0.041526079,OPTIMAL,2,0.0,24.0,0.161375284,0.202901363,0,0,0,0.049523592,24.0,OPTIMAL,24.0,0.091456652,1.0
0,4,2,13,26,True,True,1.0,0.008986473,OPTIMAL,2,0.0,26.0,0.140532732,0.149519205,0,0,0,0.016986609,26.0,OPTIMAL,26.0,0.022000551,1.0
0,4,2,13,27,True,True,1.0,0.05705142,OPTIMAL,2,0.0,26.0,0.155425072,0.212476492,0,0,0,0.075950623,26.0,OPTIMAL,26.0,0.078508854,1.0
0,4,2,13,28,True,True,1.0,0.029004335,OPTIMAL,2,0.0,26.0,0.146715641,0.175719976,0,0,0,0.037004232,26.0,OPTIMAL,26.0,0.093833208,1.0
0,4,2,13,29,True,True,1.0,0.034521341,OPTIMAL,2,0.0,26.0,0.204838037,0.239359379,0,0,0,0.053448915,26.0,OPTIMAL,26.0,0.132344246,1.0
0,4,2,14,28,True,True,1.0,0.015081882,OPTIMAL,2,0.0,28.0,0.123146772,0.138228655,0,0,0,0.025103331,28.0,OPTIMAL,28.0,0.038073063,1.0
0,4,2,14,29,True,True,1.0,0.02619195,OPTIMAL,2,0.0,28.0,0.177702665,0.203894615,0,0,0,0.034133911,28.0,OPTIMAL,28.0,0.094521999,1.0
0,4,2,14,30,True,True,1.0,0.027961016,OPTIMAL,2,0.0,28.0,0.155542135,0.183503151,0,0,0,0.039635181,28.0,OPTIMAL,28.0,0.097527742,1.0
0,4,2,14,31,True,True,1.0,0.022529602,OPTIMAL,2,0.0,28.0,0.149667025,0.172196627,0,0,0,0.030528307,28.0,OPTIMAL,28.0,0.118615389,1.0
0,4,2,15,31,True,True,1.0,0.009998322,OPTIMAL,2,0.0,30.0,0.153527498,0.16352582,0,0,0,0.018999338,30.0,OPTIMAL,30.0,0.151096344,1.0
0,4,2,15,32,True,True,1.0,0.032006741,OPTIMAL,2,0.0,30.0,0.175813675,0.207820415,0,0,0,0.043118715,30.0,OPTIMAL,30.0,0.099151134,1.0
0,4,2,15,33,True,True,1.0,0.025517941,OPTIMAL,2,0.0,30.0,0.144743443,0.170261383,0,0,0,0.033517838,30.0,OPTIMAL,30.0,0.121033192,1.0
0,4,3,4,6,True,True,1.0,0.025001287,OPTIMAL,2,0.0,12.0,0.023523569,0.048524857,0,0,0,0.035514116,12.0,OPTIMAL,12.0,0.038000345,1.0
0,4,3,4,7,True,True,1.0,0.026926279,OPTIMAL,2,0.0,12.0,0.023999929,0.050926208,0,0,0,0.036925793,12.0,OPTIMAL,12.0,0.02588439,1.0
0,4,3,5,7,True,True,1.0,0.028520346,OPTIMAL,2,0.0,15.0,0.027000904,0.05552125,0,0,0,0.041520357,15.0,OPTIMAL,15.0,0.040519714,1.0
0,4,3,5,8,True,True,1.0,0.015996218,OPTIMAL,2,0.0,15.0,0.033523798,0.049520016,0,0,0,0.026998281,15.0,OPTIMAL,15.0,0.039998055,1.0
0,4,3,5,9,True,True,1.0,0.051527977,OPTIMAL,2,0.0,15.0,0.033002615,0.084530592,0,0,0,0.061527014,15.0,OPTIMAL,15.0,0.07899332,1.0
0,4,3,6,8,True,True,1.0,0.007329941,OPTIMAL,2,0.0,18.0,0.025000572,0.032330513,0,0,0,0.015330076,18.0,OPTIMAL,18.0,0.024519205,1.0
0,4,3,6,9,True,True,1.0,0.045523643,OPTIMAL,2,0.0,18.0,0.034066439,0.079590082,0,0,0,0.055526495,18.0,OPTIMAL,18.0,0.066000938,1.0
0,4,3,6,10,True,True,1.0,0.023178339,OPTIMAL,2,0.0,18.0,0.032997608,0.056175947,0,0,0,0.037172079,18.0,OPTIMAL,18.0,0.101873636,1.0
0,4,3,6,11,True,True,1.0,0.04498744,OPTIMAL,2,0.0,18.0,0.043703079,0.088690519,0,0,0,0.060024023,18.0,OPTIMAL,18.0,0.084919214,1.0
0,4,3,7,10,True,True,1.0,0.016999483,OPTIMAL,2,0.0,21.0,0.055927753,0.072927237,0,0,0,0.027000427,21.0,OPTIMAL,21.0,0.052003384,1.0
0,4,3,7,11,True,True,1.0,0.031997204,OPTIMAL,2,0.0,21.0,0.030012608,0.062009811,0,0,0,0.041996241,21.0,OPTIMAL,21.0,0.057136297,1.0
0,4,3,7,12,True,True,1.0,0.022916555,OPTIMAL,2,0.0,21.0,0.035004139,0.057920694,0,0,0,0.033920765,21.0,OPTIMAL,21.0,0.056527376,1.0
0,4,3,7,13,True,True,1.0,0.033003092,OPTIMAL,2,0.0,21.0,0.046001673,0.079004765,0,0,0,0.043003798,21.0,OPTIMAL,21.0,0.045518398,1.0
0,4,3,8,11,True,True,1.0,0.01300168,OPTIMAL,2,0.0,24.0,0.039008379,0.052010059,0,0,0,0.029000759,24.0,OPTIMAL,24.0,0.059288025,1.0
0,4,3,8,12,True,True,1.0,0.053001165,OPTIMAL,2,0.0,24.0,0.055531979,0.108533144,0,0,0,0.067011118,24.0,OPTIMAL,24.0,0.051531792,1.0
0,4,3,8,13,True,True,1.0,0.017004013,OPTIMAL,2,0.0,24.0,0.043012381,0.060016394,0,0,0,0.027004242,24.0,OPTIMAL,24.0,0.06619668,1.0
0,4,3,8,14,True,True,1.0,0.026515007,OPTIMAL,2,0.0,24.0,0.07247901,0.098994017,0,0,0,0.040955067,24.0,OPTIMAL,24.0,0.126511574,1.0
0,4,3,9,12,True,True,1.0,0.00802207,OPTIMAL,2,0.0,27.0,0.055202246,0.063224316,0,0,0,0.024223804,27.0,OPTIMAL,27.0,0.020379543,1.0
0,4,3,9,13,True,True,1.0,0.027999878,OPTIMAL,2,0.0,27.0,0.096759796,0.124759674,0,0,0,0.049011707,27.0,OPTIMAL,27.0,0.110165358,1.0
0,4,3,9,14,True,True,1.0,0.028998137,OPTIMAL,2,0.0,27.0,0.065522909,0.094521046,0,0,0,0.041997194,27.0,OPTIMAL,27.0,0.172551155,1.0
0,4,3,9,15,True,True,1.0,0.018997908,OPTIMAL,2,0.0,27.0,0.088672638,0.107670546,0,0,0,0.033999205,27.0,OPTIMAL,27.0,0.089384556,1.0
0,4,3,10,14,True,True,1.0,0.034528732,OPTIMAL,2,0.0,30.0,0.07753253,0.112061262,0,0,0,0.046529055,30.0,OPTIMAL,30.0,0.069687366,1.0
0,4,3,10,15,True,True,1.0,0.042301178,OPTIMAL,2,0.0,30.0,0.071929693,0.114230871,0,0,0,0.052330732,30.0,OPTIMAL,30.0,0.063514709,1.0
0,4,3,10,16,True,True,1.0,0.017998934,OPTIMAL,2,0.0,30.0,0.0820086,0.100007534,0,0,0,0.028992653,30.0,OPTIMAL,30.0,0.079704285,1.0
0,4,3,10,17,True,True,1.0,0.043518305,OPTIMAL,2,0.0,30.0,0.087645531,0.131163836,0,0,0,0.060631514,30.0,OPTIMAL,30.0,0.063315153,1.0
0,4,3,11,15,True,True,1.0,0.029999971,OPTIMAL,2,0.0,33.0,0.099686861,0.129686832,0,0,0,0.03750968,33.0,OPTIMAL,33.0,0.081014633,1.0
0,4,3,11,16,True,True,1.0,0.042000055,OPTIMAL,2,0.0,33.0,0.084530354,0.126530409,0,0,0,0.051995993,33.0,OPTIMAL,33.0,0.071519613,1.0
0,4,3,11,17,True,True,1.0,0.049511671,OPTIMAL,2,0.0,33.0,0.077000618,0.126512289,0,0,0,0.060511827,33.0,OPTIMAL,33.0,0.076048374,1.0
0,4,3,11,18,True,True,1.0,0.022519112,OPTIMAL,2,0.0,33.0,0.111438513,0.133957624,0,0,0,0.034430265,33.0,OPTIMAL,33.0,0.078684568,1.0
0,4,3,12,16,True,True,1.0,0.007997751,OPTIMAL,2,0.0,36.0,0.072998762,0.080996513,0,0,0,0.014996529,36.0,OPTIMAL,36.0,0.031922579,1.0
0,4,3,12,17,True,True,1.0,0.031921148,OPTIMAL,2,0.0,36.0,0.094976425,0.126897573,0,0,0,0.047922611,36.0,OPTIMAL,36.0,0.093512535,1.0
0,4,3,12,18,True,True,1.0,0.040002823,OPTIMAL,2,0.0,36.0,0.105521202,0.145524025,0,0,0,0.057005405,36.0,OPTIMAL,36.0,0.075537682,1.0
0,4,3,12,19,True,True,1.0,0.018001795,OPTIMAL,2,0.0,36.0,0.08550024,0.103502035,0,0,0,0.029004097,36.0,OPTIMAL,36.0,0.099585772,1.0
0,4,3,13,18,True,True,1.0,0.044508219,OPTIMAL,2,0.0,39.0,0.093507051,0.13801527,0,0,0,0.055509329,39.0,OPTIMAL,39.0,0.062508106,1.0
0,4,3,13,19,True,True,1.0,0.041006565,OPTIMAL,2,0.0,39.0,0.104727507,0.145734072,0,0,0,0.052006721,39.0,OPTIMAL,39.0,0.159195423,1.0
0,4,3,13,20,True,True,1.0,0.06338048,OPTIMAL,2,0.0,39.0,0.080213308,0.143593788,0,0,0,0.080380917,39.0,OPTIMAL,39.0,0.086513996,1.0
0,4,3,13,21,True,True,1.0,0.019005537,OPTIMAL,2,0.0,39.0,0.09054184,0.109547377,0,0,0,0.030005217,39.0,OPTIMAL,39.0,0.119508505,1.0
0,4,3,14,19,True,True,1.0,0.027024984,OPTIMAL,2,0.0,42.0,0.110530138,0.137555122,0,0,0,0.035027742,42.0,OPTIMAL,42.0,0.070512295,1.0
0,4,3,14,20,True,True,1.0,0.030002832,OPTIMAL,2,0.0,42.0,0.112018824,0.142021656,0,0,0,0.056513786,42.0,OPTIMAL,42.0,0.085016489,1.0
0,4,3,14,21,True,True,1.0,0.040000439,OPTIMAL,2,0.0,42.0,0.080999851,0.12100029,0,0,0,0.054002285,42.0,OPTIMAL,42.0,0.147515535,1.0
0,4,3,14,22,True,True,1.0,0.040070295,OPTIMAL,2,0.0,42.0,0.092655182,0.132725477,0,0,0,0.058999062,42.0,OPTIMAL,42.0,0.142045021,1.0
0,4,3,15,20,True,True,1.0,0.008914709,OPTIMAL,2,0.0,45.0,0.076135635,0.085050344,0,0,0,0.016913652,45.0,OPTIMAL,45.0,0.028521776,1.0
0,4,3,15,21,True,True,1.0,0.038996935,OPTIMAL,2,0.0,45.0,0.103726387,0.142723322,0,0,0,0.049998045,45.0,OPTIMAL,45.0,0.15300107,1.0
0,4,3,15,22,True,True,1.0,0.021031857,OPTIMAL,2,0.0,45.0,0.086931944,0.1079638,0,0,0,0.032948256,45.0,OPTIMAL,45.0,0.165431499,1.0
0,4,3,15,23,True,True,1.0,0.048030376,OPTIMAL,2,0.0,45.0,0.071534157,0.119564533,0,0,0,0.060030937,45.0,OPTIMAL,45.0,0.108529329,1.0
0,4,4,4,4,True,True,1.0,0.007897615,OPTIMAL,2,0.0,16.0,0.015238523,0.023136139,0,0,0,0.01540494,16.0,OPTIMAL,16.0,0.013000965,1.0
0,4,4,4,5,True,True,1.0,0.013997793,OPTIMAL,2,0.0,16.0,0.021510363,0.035508156,0,0,0,0.022507191,16.0,OPTIMAL,16.0,0.025913239,1.0
0,4,4,5,5,True,True,1.0,0.010006428,OPTIMAL,2,0.0,20.0,0.023004293,0.033010721,0,0,0,0.018011332,20.0,OPTIMAL,20.0,0.013000727,1.0
0,4,4,5,6,True,True,1.0,0.031515598,OPTIMAL,2,0.0,20.0,0.027000427,0.058516026,0,0,0,0.039516211,20.0,OPTIMAL,20.0,0.041108847,1.0
0,4,4,6,6,True,True,1.0,0.007996559,OPTIMAL,2,0.0,24.0,0.025999784,0.033996344,0,0,0,0.015995979,24.0,OPTIMAL,24.0,0.019985676,1.0
0,4,4,6,7,True,True,1.0,0.031544924,OPTIMAL,2,0.0,24.0,0.025999784,0.057544708,0,0,0,0.039545298,24.0,OPTIMAL,24.0,0.077509165,1.0
0,4,4,7,7,True,True,1.0,0.00800848,OPTIMAL,2,0.0,28.0,0.026001215,0.034009695,0,0,0,0.016008377,28.0,OPTIMAL,28.0,0.016167641,1.0
0,4,4,7,8,True,True,1.0,0.029529095,OPTIMAL,2,0.0,28.0,0.033000708,0.062529802,0,0,0,0.037529707,28.0,OPTIMAL,28.0,0.042512894,1.0
0,4,4,7,9,True,True,1.0,0.028999329,OPTIMAL,2,0.0,28.0,0.036513567,0.065512896,0,0,0,0.038512707,28.0,OPTIMAL,28.0,0.072050571,1.0
0,4,4,8,8,True,True,1.0,0.006999731,OPTIMAL,2,0.0,32.0,0.031007051,0.038006783,0,0,0,0.014997721,32.0,OPTIMAL,32.0,0.02500248,1.0
0,4,4,8,9,True,True,1.0,0.032005548,OPTIMAL,2,0.0,32.0,0.034517765,0.066523314,0,0,0,0.040526628,32.0,OPTIMAL,32.0,0.143524408,1.0
0,4,4,8,10,True,True,1.0,0.025138855,OPTIMAL,2,0.0,32.0,0.047010183,0.072149038,0,0,0,0.038151979,32.0,OPTIMAL,32.0,0.18476367,1.0
0,4,4,9,9,True,True,1.0,0.015986919,OPTIMAL,2,0.0,36.0,0.051068068,0.067054987,0,0,0,0.024988174,36.0,OPTIMAL,36.0,0.036993027,1.0
0,4,4,9,10,True,True,1.0,0.030228376,OPTIMAL,2,0.0,36.0,0.045095921,0.075324297,0,0,0,0.03822875,36.0,OPTIMAL,36.0,0.13650775,1.0
0,4,4,9,11,True,True,1.0,0.014998198,OPTIMAL,2,0.0,36.0,0.05450964,0.069507837,0,0,0,0.023997784,36.0,OPTIMAL,36.0,0.320175886,1.0
0,4,4,10,10,True,True,1.0,0.006999016,OPTIMAL,2,0.0,40.0,0.043390751,0.050389767,0,0,0,0.014998913,40.0,OPTIMAL,40.0,0.035517931,1.0
0,4,4,10,11,True,True,1.0,0.057996988,OPTIMAL,2,0.0,40.0,0.067001581,0.124998569,0,0,0,0.065995455,40.0,OPTIMAL,40.0,0.099506617,1.0
0,4,4,10,12,True,True,1.0,0.049999714,OPTIMAL,2,0.0,40.0,0.082525015,0.132524729,0,0,0,0.06252718,40.0,OPTIMAL,40.0,0.198515415,1.0
0,4,4,10,13,True,True,1.0,0.036050081,OPTIMAL,2,0.0,40.0,0.092514753,0.128564835,0,0,0,0.052056789,40.0,OPTIMAL,40.0,0.316759348,1.0
0,4,4,11,11,True,True,1.0,0.008332968,OPTIMAL,2,0.0,44.0,0.054534197,0.062867165,0,0,0,0.01633358,44.0,OPTIMAL,44.0,0.034998894,1.0
0,4,4,11,12,True,True,1.0,0.049292564,OPTIMAL,2,0.0,44.0,0.105530739,0.154823303,0,0,0,0.057295084,44.0,OPTIMAL,44.0,0.224249601,1.0
0,4,4,11,13,True,True,1.0,0.039032459,OPTIMAL,2,0.0,44.0,0.082232714,0.121265173,0,0,0,0.047672033,44.0,OPTIMAL,44.0,0.114448071,1.0
0,4,4,11,14,True,True,1.0,0.061084032,OPTIMAL,2,0.0,44.0,0.100312471,0.161396503,0,0,0,0.07008481,44.0,OPTIMAL,44.0,0.098518133,1.0
0,4,4,12,12,True,True,1.0,0.010002136,OPTIMAL,2,0.0,48.0,0.07051158,0.080513716,0,0,0,0.018002033,48.0,OPTIMAL,48.0,0.04051137,1.0
0,4,4,12,13,True,True,1.0,0.073534727,OPTIMAL,2,0.0,48.0,0.104528666,0.178063393,0,0,0,0.081534863,48.0,OPTIMAL,48.0,0.080497503,1.0
0,4,4,12,14,True,True,1.0,0.028996468,OPTIMAL,2,0.0,48.0,0.094589472,0.123585939,0,0,0,0.037998676,48.0,OPTIMAL,48.0,0.081028938,1.0
0,4,4,12,15,True,True,1.0,0.043997288,OPTIMAL,2,0.0,48.0,0.101743937,0.145741224,0,0,0,0.053994179,48.0,OPTIMAL,48.0,0.118432283,1.0
0,4,4,13,13,True,True,1.0,0.00915885,OPTIMAL,2,0.0,52.0,0.088299751,0.097458601,0,0,0,0.02715826,52.0,OPTIMAL,52.0,0.029999495,1.0
0,4,4,13,14,True,True,1.0,0.05860877,OPTIMAL,2,0.0,52.0,0.116494656,0.175103426,0,0,0,0.066503763,52.0,OPTIMAL,52.0,0.081507444,1.0
0,4,4,13,15,True,True,1.0,0.016937733,OPTIMAL,2,0.0,52.0,0.118809462,0.135747194,0,0,0,0.025937319,52.0,OPTIMAL,52.0,0.54573822,1.0
0,4,4,13,16,True,True,1.0,0.036515236,OPTIMAL,2,0.0,52.0,0.104304314,0.14081955,0,0,0,0.046298742,52.0,OPTIMAL,52.0,0.347134113,1.0
0,4,4,14,14,True,True,1.0,0.008993864,OPTIMAL,2,0.0,56.0,0.110525608,0.119519472,0,0,0,0.017993927,56.0,OPTIMAL,56.0,0.037004232,1.0
0,4,4,14,15,True,True,1.0,0.081459045,OPTIMAL,2,0.0,56.0,0.11207056,0.193529606,0,0,0,0.090459585,56.0,OPTIMAL,56.0,0.104926586,1.0
0,4,4,14,16,True,True,1.0,0.028997421,OPTIMAL,2,0.0,56.0,0.101508856,0.130506277,0,0,0,0.03999424,56.0,OPTIMAL,56.0,0.093505859,1.0
0,4,4,14,17,True,True,1.0,0.051537514,OPTIMAL,2,0.0,56.0,0.098528624,0.150066137,0,0,0,0.061537266,56.0,OPTIMAL,56.0,0.569724798,1.0
0,4,4,15,15,True,True,1.0,0.013010263,OPTIMAL,2,0.0,60.0,0.095549822,0.108560085,0,0,0,0.021528959,60.0,OPTIMAL,60.0,0.047001362,1.0
0,4,4,15,16,True,True,1.0,0.033348083,OPTIMAL,2,0.0,60.0,0.108392,0.141740084,0,0,0,0.042352676,60.0,OPTIMAL,60.0,0.157781601,1.0
0,4,4,15,17,True,True,1.0,0.026997328,OPTIMAL,2,0.0,60.0,0.123588085,0.150585413,0,0,0,0.037006855,60.0,OPTIMAL,60.0,0.112719059,1.0
0,4,4,15,18,True,True,1.0,0.074758053,OPTIMAL,2,0.0,60.0,0.118221998,0.192980051,0,0,0,0.085871458,60.0,OPTIMAL,60.0,0.62356925,1.0
0,4,5,5,4,True,True,1.0,0.008065939,OPTIMAL,2,0.0,25.0,0.032612085,0.040678024,0,0,0,0.02499795,25.0,OPTIMAL,25.0,0.014915466,1.0
0,4,5,6,5,True,True,1.0,0.050776958,OPTIMAL,2,0.0,30.0,0.02593565,0.076712608,0,0,0,0.058778048,30.0,OPTIMAL,30.0,0.032008648,1.0
0,4,5,7,6,True,True,1.0,0.031858683,OPTIMAL,2,0.0,35.0,0.045684338,0.07754302,0,0,0,0.040868044,35.0,OPTIMAL,35.0,0.050181389,1.0
0,4,5,8,7,True,True,1.0,0.072606087,OPTIMAL,2,0.0,40.0,0.162654638,0.235260725,0,0,0,0.083793402,40.0,OPTIMAL,40.0,0.075716257,1.0
0,4,5,9,8,True,True,1.0,0.068855524,OPTIMAL,2,0.0,45.0,0.12571311,0.194568634,0,0,0,0.088855743,45.0,OPTIMAL,45.0,0.14700985,1.0
0,4,5,10,8,True,True,1.0,0.012996912,OPTIMAL,2,0.0,50.0,0.046999216,0.059996128,0,0,0,0.023995638,50.0,OPTIMAL,50.0,0.038512707,1.0
0,4,5,10,9,True,True,1.0,0.074400425,OPTIMAL,2,1e-07,49.999995,0.083516359,0.157916784,0,0,0,0.08540225,50.0,OPTIMAL,50.0,0.065999985,1.0
0,4,5,11,9,True,True,1.0,0.0825212,OPTIMAL,2,0.0,55.0,0.064506054,0.147027254,0,0,0,0.09203577,55.0,OPTIMAL,55.0,0.055516481,1.0
0,4,5,11,10,True,True,1.0,0.04737854,OPTIMAL,2,0.0,55.0,0.103509903,0.150888443,0,0,0,0.064378262,55.0,OPTIMAL,55.0,0.288666487,1.0
0,4,5,12,10,True,True,1.0,0.105964184,OPTIMAL,2,0.0,60.0,0.092511654,0.198475838,0,0,0,0.115473509,60.0,OPTIMAL,60.0,0.068357229,1.0
0,4,5,12,11,True,True,1.0,0.051511049,OPTIMAL,2,0.0,60.0,0.691503286,0.743014336,0,0,0,0.075515985,60.0,OPTIMAL,60.0,0.1255126,1.0
0,4,5,13,11,True,True,1.0,0.033003569,OPTIMAL,2,0.0,65.0,0.419118166,0.452121735,0,0,0,0.054001093,65.0,OPTIMAL,65.0,0.112534761,1.0
0,4,5,13,12,True,True,1.0,0.027997971,OPTIMAL,2,0.0,65.0,0.539168119,0.56716609,0,0,0,0.043004513,65.0,OPTIMAL,65.0,0.099509716,1.0
0,4,5,14,12,True,True,1.0,0.131034374,OPTIMAL,2,0.0,70.0,0.46554637,0.596580744,0,0,0,0.147539377,70.0,OPTIMAL,70.0,0.301158428,1.0
0,4,5,14,13,True,True,1.0,0.066616774,OPTIMAL,2,0.0,70.0,0.171346903,0.237963676,0,0,0,0.083674431,70.0,OPTIMAL,70.0,0.617703676,1.0
0,4,5,15,12,True,True,1.0,0.015998602,OPTIMAL,2,0.0,75.0,0.037508726,0.053507328,0,0,0,0.025506496,75.0,OPTIMAL,75.0,0.037869215,1.0
0,4,5,15,13,True,True,1.0,0.035179615,OPTIMAL,2,0.0,75.0,0.408051729,0.443231344,0,0,0,0.05018568,75.0,OPTIMAL,75.0,0.401514292,1.0
0,4,5,15,14,True,True,1.0,0.036998034,OPTIMAL,2,1.42e-07,74.99998938,0.151511192,0.188509226,0,0,0,0.060999393,75.0,OPTIMAL,75.0,0.670077801,1.0
0,4,6,4,3,True,True,1.0,0.025512695,OPTIMAL,2,0.0,24.0,0.064001322,0.089514017,0,0,0,0.043513536,24.0,OPTIMAL,24.0,0.016509533,1.0
0,4,6,6,4,True,True,1.0,0.01099968,OPTIMAL,2,0.0,36.0,0.018998623,0.029998302,0,0,0,0.018998623,36.0,OPTIMAL,36.0,0.020035028,1.0
0,4,6,7,5,True,True,1.0,0.079999447,OPTIMAL,2,0.0,42.0,0.065353632,0.145353079,0,0,0,0.090999603,42.0,OPTIMAL,42.0,0.060997725,1.0
0,4,6,8,6,True,True,1.0,0.031513453,OPTIMAL,2,0.0,48.0,0.155512094,0.187025547,0,0,0,0.044513702,48.0,OPTIMAL,48.0,0.202529192,1.0
0,4,6,9,6,True,True,1.0,0.012998343,OPTIMAL,2,0.0,54.0,0.020995855,0.033994198,0,0,0,0.020994186,54.0,OPTIMAL,54.0,0.036699772,1.0
0,4,6,9,7,True,True,1.0,0.051002979,OPTIMAL,2,0.0,54.0,0.294798374,0.345801353,0,0,0,0.065004349,54.0,OPTIMAL,54.0,0.349321365,1.0
0,4,6,10,7,True,True,1.0,0.052760124,OPTIMAL,2,0.0,60.0,0.056525469,0.109285593,0,0,0,0.063770294,60.0,OPTIMAL,60.0,0.064374685,1.0
0,4,6,11,8,True,True,1.0,0.046998024,OPTIMAL,2,0.0,66.0,0.490093946,0.53709197,0,0,0,0.059504747,66.0,OPTIMAL,66.0,0.278744936,1.0
0,4,6,12,8,True,True,1.0,0.010517359,OPTIMAL,2,0.0,72.0,0.049990177,0.060507536,0,0,0,0.030632019,72.0,OPTIMAL,72.0,0.041999817,1.0
0,4,6,12,9,True,True,1.0,0.044288635,OPTIMAL,2,0.0,72.0,0.087512016,0.131800652,0,0,0,0.058289528,72.0,OPTIMAL,71.9999925,0.216023445,1.000000104
0,4,6,13,9,True,True,1.0,0.057522058,OPTIMAL,2,0.0,78.0,0.101262808,0.158784866,0,0,0,0.071664095,78.0,OPTIMAL,78.0,0.074557781,1.0
0,4,6,13,10,True,True,1.0,0.043524742,OPTIMAL,2,0.0,78.0,0.382477522,0.426002264,0,0,0,0.061729431,78.0,OPTIMAL,78.0,0.109811783,1.0
0,4,6,14,10,True,True,1.0,0.069508553,OPTIMAL,2,0.0,84.0,0.392671108,0.462179661,0,0,0,0.083014965,84.0,OPTIMAL,84.0,0.095808029,1.0
0,4,6,14,11,True,True,1.0,0.050995827,OPTIMAL,2,0.0,84.0,0.340529442,0.391525269,0,0,0,0.071997404,84.0,OPTIMAL,84.0,0.363349438,1.0
0,4,6,15,10,True,True,1.0,0.010014057,OPTIMAL,2,0.0,90.0,0.04251194,0.052525997,0,0,0,0.029016972,90.0,OPTIMAL,90.0,0.027999878,1.0
0,4,6,15,11,True,True,1.0,0.076517344,OPTIMAL,2,0.0,90.0,0.551070213,0.627587557,0,0,0,0.091521502,90.0,OPTIMAL,90.0,0.111626863,1.0
0,4,7,5,3,True,True,1.0,0.021503925,OPTIMAL,2,0.0,35.0,0.028000116,0.049504042,0,0,0,0.029502392,35.0,OPTIMAL,35.0,0.033043385,1.0
0,4,7,7,4,True,True,1.0,0.007610798,OPTIMAL,2,0.0,49.0,0.020999908,0.028610706,0,0,0,0.016610384,49.0,OPTIMAL,49.0,0.02753067,1.0
0,4,7,8,5,True,True,1.0,0.134826422,OPTIMAL,2,0.0,56.0,0.124018908,0.258845329,0,0,0,0.151338816,56.0,OPTIMAL,56.0,0.038997889,1.0
0,4,7,10,6,True,True,1.0,0.043521881,OPTIMAL,2,0.0,70.0,0.088911057,0.132432938,0,0,0,0.054670095,70.0,OPTIMAL,70.0,0.048003674,1.0
0,4,7,11,7,True,True,1.0,0.067509413,OPTIMAL,2,0.0,77.0,0.381123543,0.448632956,0,0,0,0.083510637,77.0,OPTIMAL,77.0,0.067996025,1.0
0,4,7,12,7,True,True,1.0,0.055512428,OPTIMAL,2,0.0,84.0,0.044508696,0.100021124,0,0,0,0.065511227,84.0,OPTIMAL,84.0,0.056005716,1.0
0,4,7,13,8,True,True,1.0,0.047998667,OPTIMAL,2,0.0,91.0,0.402751684,0.450750351,0,0,0,0.064508438,91.0,OPTIMAL,91.0,0.128106594,1.0
0,4,7,14,8,True,True,1.0,0.009135008,OPTIMAL,2,0.0,98.0,0.027789593,0.036924601,0,0,0,0.018223047,98.0,OPTIMAL,98.0,0.048578262,1.0
0,4,7,14,9,True,True,1.0,0.113879681,OPTIMAL,2,9.07e-09,97.99999911,1.115070105,1.228949785,374,336,38,0.133886337,98.0,OPTIMAL,98.0,0.103527784,1.0
0,4,7,15,9,True,True,1.0,0.03003931,OPTIMAL,2,0.0,105.0,0.558528662,0.588567972,0,0,0,0.042550087,105.0,OPTIMAL,105.0,0.154577255,1.0
0,5,3,4,7,True,True,1.0,0.018998623,OPTIMAL,2,0.0,12.0,0.032516241,0.051514864,0,0,0,0.032002211,12.0,OPTIMAL,12.0,0.047476292,1.0
0,5,3,4,8,True,True,1.0,0.033524036,OPTIMAL,2,0.0,12.0,0.028132439,0.061656475,0,0,0,0.043655872,12.0,OPTIMAL,12.0,0.063511848,1.0
0,5,3,4,9,True,True,1.0,0.045508146,OPTIMAL,2,0.0,12.0,0.048001051,0.093509197,0,0,0,0.057509184,12.0,OPTIMAL,12.0,0.125015736,1.0
0,5,3,5,9,True,True,1.0,0.065012693,OPTIMAL,2,0.0,15.0,0.03499794,0.100010633,0,0,0,0.076008558,15.0,OPTIMAL,15.0,0.079604864,1.0
0,5,3,5,10,True,True,1.0,0.030452013,OPTIMAL,2,0.0,15.0,0.050004244,0.080456257,0,0,0,0.04045248,15.0,OPTIMAL,15.0,0.149936199,1.0
0,5,3,5,11,True,True,1.0,0.053013086,OPTIMAL,2,0.0,15.0,0.039623737,0.092636824,0,0,0,0.068013906,15.0,OPTIMAL,15.0,0.04853034,1.0
0,5,3,5,12,True,True,1.0,0.042004824,OPTIMAL,2,0.0,15.0,0.044599533,0.086604357,0,0,0,0.05452466,15.0,OPTIMAL,15.0,0.143296957,1.0
0,5,3,6,10,True,True,1.0,0.00909853,OPTIMAL,2,0.0,18.0,0.052964449,0.062062979,0,0,0,0.018107891,18.0,OPTIMAL,18.0,0.020974636,1.0
0,5,3,6,11,True,True,1.0,0.018981218,OPTIMAL,2,0.0,18.0,0.047170401,0.066151619,0,0,0,0.03098011,18.0,OPTIMAL,18.0,0.074736118,1.0
0,5,3,6,12,True,True,1.0,0.032007456,OPTIMAL,2,0.0,18.0,0.042001963,0.074009418,0,0,0,0.042014122,18.0,OPTIMAL,18.0,0.056501627,1.0
0,5,3,6,13,True,True,1.0,0.046957016,OPTIMAL,2,0.0,18.0,0.061078072,0.108035088,0,0,0,0.056967497,18.0,OPTIMAL,18.0,0.066828728,1.0
0,5,3,7,12,True,True,1.0,0.078518391,OPTIMAL,2,0.0,21.0,0.065998793,0.144517183,0,0,0,0.089517355,21.0,OPTIMAL,21.0,0.070512533,1.0
0,5,3,7,13,True,True,1.0,0.0415411,OPTIMAL,2,0.0,21.0,0.075681448,0.117222548,0,0,0,0.063558578,21.0,OPTIMAL,21.0,0.106575251,1.0
0,5,3,7,14,True,True,1.0,0.037905931,OPTIMAL,2,0.0,21.0,0.08550477,0.123410702,0,0,0,0.048902988,21.0,OPTIMAL,21.0,0.069615364,1.0
0,5,3,7,15,True,True,1.0,0.04264617,OPTIMAL,2,0.0,21.0,0.084099054,0.126745224,0,0,0,0.053646088,21.0,OPTIMAL,21.0,0.221540928,1.0
0,5,3,8,14,True,True,1.0,0.040004015,OPTIMAL,2,0.0,24.0,0.0779984,0.118002415,0,0,0,0.052999973,24.0,OPTIMAL,24.0,0.050999641,1.0
0,5,3,8,15,True,True,1.0,0.023765326,OPTIMAL,2,0.0,24.0,0.085508347,0.109273672,0,0,0,0.041765928,24.0,OPTIMAL,24.0,0.082513571,1.0
0,5,3,8,16,True,True,1.0,0.021045208,OPTIMAL,2,0.0,24.0,0.064540625,0.085585833,0,0,0,0.031553745,24.0,OPTIMAL,24.0,0.071590662,1.0
0,5,3,8,17,True,True,1.0,0.045523643,OPTIMAL,2,0.0,24.0,0.090795994,0.136319637,0,0,0,0.06452632,24.0,OPTIMAL,24.0,0.376677036,1.0
0,5,3,9,15,True,True,1.0,0.010002136,OPTIMAL,2,0.0,27.0,0.088483572,0.098485708,0,0,0,0.025979519,27.0,OPTIMAL,27.0,0.018513918,1.0
0,5,3,9,16,True,True,1.0,0.021998882,OPTIMAL,2,0.0,27.0,0.062512875,0.084511757,0,0,0,0.034999371,27.0,OPTIMAL,27.0,0.078069687,1.0
0,5,3,9,17,True,True,1.0,0.035992861,OPTIMAL,2,0.0,27.0,0.056999683,0.092992544,0,0,0,0.0499928,27.0,OPTIMAL,27.0,0.143552542,1.0
0,5,3,9,18,True,True,1.0,0.042406082,OPTIMAL,2,0.0,27.0,0.074999571,0.117405653,0,0,0,0.055405617,27.0,OPTIMAL,27.0,0.219024897,1.0
0,5,3,10,17,True,True,1.0,0.039525747,OPTIMAL,2,0.0,30.0,0.082505226,0.122030973,0,0,0,0.048526049,30.0,OPTIMAL,30.0,0.069513083,1.0
0,5,3,10,18,True,True,1.0,0.025996923,OPTIMAL,2,0.0,30.0,0.078003407,0.10400033,0,0,0,0.04399848,30.0,OPTIMAL,30.0,0.145179987,1.0
0,5,3,10,19,True,True,1.0,0.027514935,OPTIMAL,2,0.0,30.0,0.07950902,0.107023954,0,0,0,0.051025391,30.0,OPTIMAL,30.0,0.132514715,1.0
0,5,3,10,20,True,True,1.0,0.036516666,OPTIMAL,2,0.0,30.0,0.068510532,0.105027199,0,0,0,0.047516108,30.0,OPTIMAL,30.0,0.141116381,1.0
0,5,3,11,19,True,True,1.0,0.073532581,OPTIMAL,2,0.0,33.0,0.077008009,0.15054059,0,0,0,0.093530655,33.0,OPTIMAL,33.0,0.109510899,1.0
0,5,3,11,20,True,True,1.0,0.050514698,OPTIMAL,2,0.0,33.0,0.077514172,0.12802887,0,0,0,0.062514544,33.0,OPTIMAL,33.0,0.148516178,1.0
0,5,3,11,21,True,True,1.0,0.038199425,OPTIMAL,2,0.0,33.0,0.0971241,0.135323524,0,0,0,0.052205563,33.0,OPTIMAL,33.0,0.232032776,1.0
0,5,3,11,22,True,True,1.0,0.035009146,OPTIMAL,2,0.0,33.0,0.101050615,0.136059761,0,0,0,0.048009396,33.0,OPTIMAL,33.0,0.169029474,1.0
0,5,3,12,20,True,True,1.0,0.023801804,OPTIMAL,2,0.0,36.0,0.069522858,0.093324661,0,0,0,0.033801556,36.0,OPTIMAL,36.0,0.028001547,1.0
0,5,3,12,21,True,True,1.0,0.025513887,OPTIMAL,2,0.0,36.0,0.0855093,0.111023188,0,0,0,0.039512873,36.0,OPTIMAL,36.0,0.136355639,1.0
0,5,3,12,22,True,True,1.0,0.024002552,OPTIMAL,2,0.0,36.0,0.091508389,0.115510941,0,0,0,0.040005922,36.0,OPTIMAL,36.0,0.130507946,1.0
0,5,3,12,23,True,True,1.0,0.050512552,OPTIMAL,2,0.0,36.0,0.10550499,0.156017542,0,0,0,0.071509838,36.0,OPTIMAL,36.0,0.205486536,1.0
0,5,3,13,22,True,True,1.0,0.06250906,OPTIMAL,2,0.0,39.0,0.075509548,0.138018608,0,0,0,0.073019266,39.0,OPTIMAL,39.0,0.106514692,1.0
0,5,3,13,23,True,True,1.0,0.046998501,OPTIMAL,2,0.0,39.0,0.08953166,0.136530161,0,0,0,0.07399869,39.0,OPTIMAL,39.0,0.145187855,1.0
0,5,3,13,24,True,True,1.0,0.028291702,OPTIMAL,2,0.0,39.0,0.115473032,0.143764734,0,0,0,0.054232359,39.0,OPTIMAL,39.0,0.247819901,1.0
0,5,3,13,25,True,True,1.0,0.039093494,OPTIMAL,2,0.0,39.0,0.120424747,0.159518242,0,0,0,0.062976599,39.0,OPTIMAL,39.0,0.173520565,1.0
0,5,3,14,24,True,True,1.0,0.061521053,OPTIMAL,2,0.0,42.0,0.094511271,0.156032324,0,0,0,0.072443247,42.0,OPTIMAL,42.0,0.130802155,1.0
0,5,3,14,25,True,True,1.0,0.053589344,OPTIMAL,2,0.0,42.0,0.131046772,0.184636116,0,0,0,0.068100691,42.0,OPTIMAL,42.0,0.204884529,1.0
0,5,3,14,26,True,True,1.0,0.049511671,OPTIMAL,2,0.0,42.0,0.097017527,0.146529198,0,0,0,0.070517778,42.0,OPTIMAL,42.0,0.21035409,1.0
0,5,3,14,27,True,True,1.0,0.053193331,OPTIMAL,2,0.0,42.0,0.10387516,0.157068491,0,0,0,0.07019186,42.0,OPTIMAL,42.0,0.168018579,1.0
0,5,3,15,25,True,True,1.0,0.010920286,OPTIMAL,2,0.0,45.0,0.077080727,0.088001013,0,0,0,0.020905972,45.0,OPTIMAL,45.0,0.040090561,1.0
0,5,3,15,26,True,True,1.0,0.025761366,OPTIMAL,2,0.0,45.0,0.093655825,0.119417191,0,0,0,0.040740728,45.0,OPTIMAL,45.0,0.221550226,1.0
0,5,3,15,27,True,True,1.0,0.058781624,OPTIMAL,2,0.0,45.0,0.123238087,0.182019711,0,0,0,0.075784206,45.0,OPTIMAL,45.0,0.239928246,1.0
0,5,3,15,28,True,True,1.0,0.048002005,OPTIMAL,2,0.0,45.0,0.100188971,0.148190975,0,0,0,0.064007998,45.0,OPTIMAL,45.0,0.257947206,1.0
0,5,4,4,5,True,True,1.0,0.009998798,OPTIMAL,2,0.0,16.0,0.043007851,0.053006649,0,0,0,0.029129028,16.0,OPTIMAL,16.0,0.019999504,1.0
0,5,4,4,6,True,True,1.0,0.065529346,OPTIMAL,2,0.0,16.0,0.032000065,0.097529411,0,0,0,0.077529192,16.0,OPTIMAL,16.0,0.056147814,1.0
0,5,4,5,7,True,True,1.0,0.028997183,OPTIMAL,2,0.0,20.0,0.049002886,0.078000069,0,0,0,0.040997505,20.0,OPTIMAL,20.0,0.093842268,1.0
0,5,4,5,8,True,False,1.081081081,0.854600906,INFEASIBLE,3,,inf,0.277811766,1.132412672,37,30,7,,,OPTIMAL,20.0,0.058508396,
0,5,4,6,8,True,True,1.0,0.058682203,OPTIMAL,2,0.0,24.0,0.03699708,0.095679283,0,0,0,0.069679022,24.0,OPTIMAL,24.0,0.050997496,1.0
0,5,4,6,9,True,True,1.0,0.04812026,OPTIMAL,2,0.0,24.0,0.054012299,0.102132559,0,0,0,0.062120914,24.0,OPTIMAL,24.0,0.083564997,1.0
0,5,4,7,9,True,True,1.0,0.043508053,OPTIMAL,2,0.0,28.0,0.046005487,0.08951354,0,0,0,0.055508375,28.0,OPTIMAL,28.0,0.071503878,1.0
0,5,4,7,10,True,True,1.0,0.042996883,OPTIMAL,2,0.0,28.0,0.055058718,0.098055601,0,0,0,0.055526257,28.0,OPTIMAL,28.0,0.12161994,1.0
0,5,4,7,11,True,False,1.054794521,0.838485241,INFEASIBLE,3,,inf,0.511752844,1.350238085,49,40,9,,,OPTIMAL,28.0,0.291393518,
0,5,4,8,10,True,True,1.0,0.009521961,OPTIMAL,2,0.0,32.0,0.077679873,0.087201834,0,0,0,0.018606186,32.0,OPTIMAL,32.0,0.040002346,1.0
0,5,4,8,11,True,True,1.0,0.049688101,OPTIMAL,2,0.0,32.0,0.096040726,0.145728827,0,0,0,0.069376707,32.0,OPTIMAL,32.0,0.084837437,1.0
0,5,4,8,12,True,True,1.0,0.057993889,OPTIMAL,2,0.0,32.0,0.115540266,0.173534155,0,0,0,0.06799674,32.0,OPTIMAL,32.0,0.080547333,1.0
0,5,4,8,13,True,False,1.106382979,1.126718521,INFEASIBLE,3,,inf,0.713220596,1.839939117,72,60,12,,,OPTIMAL,32.0,0.331596851,
0,5,4,9,12,True,True,1.0,0.034999847,OPTIMAL,2,0.0,36.0,0.096479893,0.13147974,0,0,0,0.051998138,36.0,OPTIMAL,36.0,0.077078581,1.0
0,5,4,9,13,True,True,1.0,0.057999134,OPTIMAL,2,0.0,36.0,0.088003397,0.146002531,0,0,0,0.073999166,36.0,OPTIMAL,36.0,0.342273474,1.0
0,5,4,9,14,True,False,1.041322314,1.034296036,INFEASIBLE,3,,inf,1.378469467,2.412765503,123,98,25,,,OPTIMAL,36.0,0.150107622,
0,5,4,10,13,True,True,1.0,0.113527536,OPTIMAL,2,0.0,40.0,0.157365084,0.27089262,0,0,0,0.127532482,40.0,OPTIMAL,40.0,0.105523586,1.0
0,5,4,10,14,True,True,1.0,0.046515942,OPTIMAL,2,0.0,40.0,0.094515085,0.141031027,0,0,0,0.063515902,40.0,OPTIMAL,40.0,0.357816696,1.0
0,5,4,10,15,True,True,1.0,0.043001175,OPTIMAL,2,0.0,40.0,0.092529297,0.135530472,0,0,0,0.057998419,40.0,OPTIMAL,40.0,0.600405455,1.0
0,5,4,10,16,True,False,1.066666667,0.962563992,INFEASIBLE,3,,inf,1.576640844,2.539204836,69,54,15,,,OPTIMAL,40.0,0.517154217,
0,5,4,11,14,True,True,1.0,0.069643974,OPTIMAL,2,0.0,44.0,0.101980448,0.171624422,0,0,0,0.088167667,44.0,OPTIMAL,44.0,0.08255887,1.0
0,5,4,11,15,True,True,1.0,0.072667122,OPTIMAL,2,0.0,44.0,0.100820065,0.173487186,0,0,0,0.090672016,44.0,OPTIMAL,44.0,0.286857605,1.0
0,5,4,11,16,True,True,1.0,0.044022799,OPTIMAL,2,0.0,44.0,0.098698378,0.142721176,0,0,0,0.060022593,44.0,OPTIMAL,44.0,0.283526421,1.0
0,5,4,11,17,True,False,1.033149171,0.914738178,INFEASIBLE,3,,inf,2.641396046,3.556134224,95,74,21,,,OPTIMAL,44.0,1.026180983,
0,5,4,12,15,True,True,1.0,0.013068914,OPTIMAL,2,0.0,48.0,0.09885335,0.111922264,0,0,0,0.024069548,48.0,OPTIMAL,48.0,0.043121099,1.0
0,5,4,12,16,True,True,1.0,0.045001507,OPTIMAL,2,0.0,48.0,0.104405165,0.149406672,0,0,0,0.058592319,48.0,OPTIMAL,48.0,0.130350351,1.0
0,5,4,12,17,True,True,1.0,0.06453228,OPTIMAL,2,0.0,48.0,0.122032166,0.186564445,0,0,0,0.089058161,48.0,OPTIMAL,48.0,0.617331505,1.0
0,5,4,12,18,True,True,1.0,0.048057556,OPTIMAL,2,0.0,48.0,0.096702814,0.14476037,0,0,0,0.066757441,48.0,OPTIMAL,48.0,0.686081409,1.0
0,5,4,13,17,True,True,1.0,0.061999321,OPTIMAL,2,0.0,52.0,0.140053034,0.202052355,0,0,0,0.091531992,52.0,OPTIMAL,52.0,0.157027245,1.0
0,5,4,13,18,True,True,1.0,0.105496645,OPTIMAL,2,0.0,52.0,0.132043123,0.237539768,0,0,0,0.121008396,52.0,OPTIMAL,52.0,0.164934874,1.0
0,5,4,13,19,True,True,1.0,0.056199789,OPTIMAL,2,0.0,52.0,0.110211134,0.166410923,0,0,0,0.080312967,52.0,OPTIMAL,52.0,0.279970884,1.0
0,5,4,13,20,True,False,1.027667984,1.010504007,INFEASIBLE,3,,inf,13.2721312,14.28263521,144,118,26,,,OPTIMAL,52.0,0.254627466,
0,5,4,14,18,True,True,1.0,0.090442181,OPTIMAL,2,0.0,56.0,0.110390186,0.200832367,0,0,0,0.104440689,56.0,OPTIMAL,56.0,0.107922316,1.0
0,5,4,14,19,True,True,1.0,0.11661315,OPTIMAL,2,0.0,56.0,0.134787798,0.251400948,0,0,0,0.134738207,56.0,OPTIMAL,56.0,0.22538209,1.0
0,5,4,14,20,True,True,1.0,0.082006216,OPTIMAL,2,0.0,56.0,0.111089468,0.193095684,0,0,0,0.114916325,56.0,OPTIMAL,56.0,0.271649361,1.0
0,5,4,14,21,True,True,1.0,0.02807951,OPTIMAL,2,0.0,56.0,0.130084991,0.158164501,0,0,0,0.044080257,56.0,OPTIMAL,56.0,0.929389954,1.0
0,5,4,15,19,True,True,1.0,0.081196308,OPTIMAL,2,0.0,60.0,0.113517046,0.194713354,0,0,0,0.092200041,60.0,OPTIMAL,60.0,0.103512287,1.0
0,5,4,15,20,True,True,1.0,0.046000481,OPTIMAL,2,0.0,60.0,0.114509821,0.160510302,0,0,0,0.062000036,60.0,OPTIMAL,60.0,0.211395502,1.0
0,5,4,15,21,True,True,1.0,0.05834341,OPTIMAL,2,0.0,60.0,0.103531361,0.161874771,0,0,0,0.07734251,60.0,OPTIMAL,60.0,0.723749399,1.0
0,5,4,15,22,True,True,1.0,0.056527138,OPTIMAL,2,0.0,60.0,0.143458843,0.199985981,0,0,0,0.077262402,60.0,OPTIMAL,60.0,0.787143469,1.0
0,5,5,4,4,True,True,1.0,0.012005568,OPTIMAL,2,0.0,20.0,0.039998531,0.052004099,0,0,0,0.052004099,20.0,OPTIMAL,20.0,0.033335924,1.0
0,5,5,5,5,True,True,1.0,0.017993689,OPTIMAL,2,0.0,25.0,0.064719439,0.082713127,0,0,0,0.034514904,25.0,OPTIMAL,25.0,0.032007456,1.0
0,5,5,5,6,True,True,1.0,0.05770278,OPTIMAL,2,0.0,25.0,0.033524036,0.091226816,0,0,0,0.069705009,25.0,OPTIMAL,25.0,0.212097168,1.0
0,5,5,6,6,True,True,1.0,0.013997078,OPTIMAL,2,0.0,30.0,0.031609535,0.045606613,0,0,0,0.024094105,30.0,OPTIMAL,30.0,0.030745268,1.0
0,5,5,6,7,True,True,1.0,0.08788538,OPTIMAL,2,0.0,30.0,0.055207968,0.143093348,0,0,0,0.098881006,30.0,OPTIMAL,30.0,0.22676754,1.0
0,5,5,7,7,True,True,1.0,0.010228634,OPTIMAL,2,0.0,35.0,0.031908035,0.042136669,0,0,0,0.020215511,35.0,OPTIMAL,35.0,0.019913673,1.0
0,5,5,7,8,True,True,1.0,0.075874805,OPTIMAL,2,0.0,35.0,0.04527235,0.121147156,0,0,0,0.092776775,35.0,OPTIMAL,35.0,0.298131466,1.0
0,5,5,8,8,True,True,1.0,0.010177612,OPTIMAL,2,0.0,40.0,0.065671206,0.075848818,0,0,0,0.020178318,40.0,OPTIMAL,40.0,0.037010193,1.0
0,5,5,8,9,True,True,1.0,0.067549229,OPTIMAL,2,0.0,40.0,0.059004068,0.126553297,0,0,0,0.077549219,40.0,OPTIMAL,40.0,0.285525322,1.0
0,5,5,9,9,True,True,1.0,0.010002851,OPTIMAL,2,0.0,45.0,0.069008589,0.07901144,0,0,0,0.029005527,45.0,OPTIMAL,45.0,0.042999744,1.0
0,5,5,9,10,True,True,1.0,0.06904912,OPTIMAL,2,0.0,45.0,0.068526983,0.137576103,0,0,0,0.080048561,45.0,OPTIMAL,45.0,0.352513552,1.0
0,5,5,9,11,True,True,1.0,0.042346954,OPTIMAL,2,0.0,45.0,0.092512608,0.134859562,0,0,0,0.054855585,45.0,OPTIMAL,45.0,0.356628895,1.0
0,5,5,10,10,True,True,1.0,0.010599852,OPTIMAL,2,0.0,50.0,0.103659868,0.11425972,0,0,0,0.02560401,50.0,OPTIMAL,50.0,0.054515839,1.0
0,5,5,10,11,True,True,1.0,0.086391926,OPTIMAL,2,0.0,50.0,0.13552165,0.221913576,0,0,0,0.100396395,50.0,OPTIMAL,50.0,0.102513313,1.0
0,5,5,10,12,True,True,1.0,0.036991358,OPTIMAL,2,0.0,50.0,0.122528553,0.159519911,0,0,0,0.050992727,50.0,OPTIMAL,50.0,0.578336,1.0
0,5,5,11,11,True,True,1.0,0.009994507,OPTIMAL,2,0.0,55.0,0.085617781,0.095612288,0,0,0,0.019993305,55.0,OPTIMAL,55.0,0.043004751,1.0
0,5,5,11,12,True,True,1.0,0.070418835,OPTIMAL,2,0.0,55.0,0.109694242,0.180113077,0,0,0,0.082417727,55.0,OPTIMAL,55.0,0.113193512,1.0
0,5,5,11,13,True,True,1.0,0.05649209,OPTIMAL,2,0.0,55.0,0.110537767,0.167029858,0,0,0,0.070487738,55.0,OPTIMAL,55.0,0.425595522,1.0
0,5,5,12,12,True,True,1.0,0.012002945,OPTIMAL,2,0.0,60.0,0.09604311,0.108046055,0,0,0,0.023002863,60.0,OPTIMAL,60.0,0.039999247,1.0
0,5,5,12,13,True,True,1.0,0.053520918,OPTIMAL,2,0.0,60.0,0.131634951,0.185155869,0,0,0,0.064032793,60.0,OPTIMAL,60.0,0.505599737,1.0
0,5,5,12,14,True,True,1.0,0.037533045,OPTIMAL,2,0.0,60.0,0.103151798,0.140684843,0,0,0,0.0485394,60.0,OPTIMAL,60.0,0.888175249,1.0
0,5,5,13,13,True,True,1.0,0.012086153,OPTIMAL,2,0.0,65.0,0.094195604,0.106281757,0,0,0,0.023086786,65.0,OPTIMAL,65.0,0.041052103,1.0
0,5,5,13,14,True,True,1.0,0.049214602,OPTIMAL,2,0.0,65.0,0.113686562,0.162901163,0,0,0,0.060344696,65.0,OPTIMAL,65.0,0.180581331,1.0
0,5,5,13,15,True,True,1.0,0.083247662,OPTIMAL,2,0.0,65.0,0.139517069,0.22276473,0,0,0,0.0947721,65.0,OPTIMAL,65.0,0.821877718,1.0
0,5,5,13,16,True,True,1.0,0.116541147,OPTIMAL,2,0.0,65.0,0.138505697,0.255046844,0,0,0,0.142536402,65.0,OPTIMAL,65.0,0.787310362,1.0
0,5,5,14,14,True,True,1.0,0.013997316,OPTIMAL,2,0.0,70.0,0.108128786,0.122126102,0,0,0,0.030503511,70.0,OPTIMAL,70.0,0.04601264,1.0
0,5,5,14,15,True,True,1.0,0.092015028,OPTIMAL,2,0.0,70.0,0.149965525,0.241980553,0,0,0,0.103031158,70.0,OPTIMAL,70.0,0.503660202,1.0
0,5,5,14,16,True,True,1.0,0.077730179,OPTIMAL,2,0.0,70.0,0.156046152,0.233776331,0,0,0,0.089732885,70.0,OPTIMAL,70.0,0.307532072,1.0
0,5,5,14,17,True,True,1.0,0.05328393,OPTIMAL,2,0.0,70.0,0.139129877,0.192413807,0,0,0,0.065285444,70.0,OPTIMAL,70.0,0.58232975,1.0
0,5,5,15,15,True,True,1.0,0.010999203,OPTIMAL,2,0.0,75.0,0.119530201,0.130529404,0,0,0,0.022001743,75.0,OPTIMAL,75.0,0.052389383,1.0
0,5,5,15,16,True,True,1.0,0.070778608,OPTIMAL,2,0.0,75.0,0.144043922,0.214822531,0,0,0,0.081781387,75.0,OPTIMAL,75.0,0.245704651,1.0
0,5,5,15,17,True,True,1.0,0.085802317,OPTIMAL,2,0.0,75.0,0.160533905,0.246336222,0,0,0,0.098809004,75.0,OPTIMAL,75.0,1.279487371,1.0
0,5,5,15,18,True,True,1.0,0.118012667,OPTIMAL,2,0.0,75.0,0.208592653,0.32660532,0,0,0,0.141534567,75.0,OPTIMAL,75.0,1.451272011,1.0
0,5,6,6,5,True,True,1.0,0.018997192,OPTIMAL,2,0.0,36.0,0.023012877,0.042010069,0,0,0,0.028996468,36.0,OPTIMAL,36.0,0.055400848,1.0
0,5,6,7,6,True,True,1.0,0.072529554,OPTIMAL,2,0.0,42.0,0.053533554,0.126063108,0,0,0,0.083533287,42.0,OPTIMAL,42.0,0.087524891,1.0
0,5,6,8,7,True,True,1.0,0.110949993,OPTIMAL,2,0.0,48.0,0.079342842,0.190292835,0,0,0,0.138288975,48.0,OPTIMAL,48.0,0.125622034,1.0
0,5,6,9,8,True,True,1.0,0.078415632,OPTIMAL,2,0.0,54.0,0.345440149,0.423855782,0,0,0,0.100682974,54.0,OPTIMAL,54.0,0.18848443,1.0
0,5,6,10,9,True,True,1.0,0.052105188,OPTIMAL,2,0.0,60.0,0.43744874,0.489553928,0,0,0,0.079108,60.0,OPTIMAL,60.0,0.28902173,1.0
0,5,6,11,10,True,True,1.0,0.076002598,OPTIMAL,2,0.0,66.0,0.525491714,0.601494312,0,0,0,0.095002413,66.0,OPTIMAL,66.0,0.320148706,1.0
0,5,6,12,10,True,True,1.0,0.015938759,OPTIMAL,2,0.0,72.0,0.042540789,0.058479548,0,0,0,0.026940346,72.0,OPTIMAL,72.0,0.032999754,1.0
0,5,6,12,11,True,True,1.0,0.068529129,OPTIMAL,2,0.0,72.0,0.660301447,0.728830576,0,0,0,0.091719627,72.0,OPTIMAL,72.0,0.151299,1.0
0,5,6,13,11,True,True,1.0,0.122542858,OPTIMAL,2,0.0,78.0,0.087186337,0.209729195,0,0,0,0.133542538,78.0,OPTIMAL,78.0,0.09684515,1.0
0,5,6,13,12,True,True,1.0,0.070462465,OPTIMAL,2,0.0,78.0,1.27188468,1.342347145,0,0,0,0.094976187,78.0,OPTIMAL,78.0,0.469592571,1.0
0,5,6,14,12,True,True,1.0,0.099536419,OPTIMAL,2,0.0,84.0,0.171705008,0.271241426,0,0,0,0.122257233,84.0,OPTIMAL,84.0,0.127035379,1.0
0,5,6,14,13,True,True,1.0,0.071002483,OPTIMAL,2,0.0,84.0,1.494181633,1.565184116,0,0,0,0.092003822,84.0,OPTIMAL,84.0,0.165048838,1.0
0,5,6,15,13,True,True,1.0,0.062535048,OPTIMAL,2,0.0,90.0,0.1968081,0.259343147,0,0,0,0.082535982,90.0,OPTIMAL,89.9999955,0.406251669,1.00000005
0,5,6,15,14,True,True,1.0,0.07452178,OPTIMAL,2,0.0,90.0,1.496640444,1.571162224,0,0,0,0.095529556,90.0,OPTIMAL,90.0,0.448322535,1.0
0,5,7,4,3,True,True,1.0,0.03600049,OPTIMAL,2,0.0,28.0,0.041101456,0.077101946,0,0,0,0.047083616,28.0,OPTIMAL,28.0,0.032258749,1.0
0,5,7,5,4,True,True,1.0,0.023518801,OPTIMAL,2,0.0,35.0,0.190613031,0.214131832,0,0,0,0.047519684,35.0,OPTIMAL,35.0,0.050997972,1.0
0,5,7,7,5,True,True,1.0,0.009999275,OPTIMAL,2,0.0,49.0,0.023998499,0.033997774,0,0,0,0.019997358,49.0,OPTIMAL,49.0,0.057509422,1.0
0,5,7,8,6,True,True,1.0,0.079531908,OPTIMAL,2,0.0,56.0,0.071641922,0.15117383,0,0,0,0.091539621,56.0,OPTIMAL,56.0,0.065217972,1.0
0,5,7,9,7,True,True,1.0,0.123326778,OPTIMAL,2,0.0,63.0,0.3432374,0.466564178,0,0,0,0.139321566,63.0,OPTIMAL,63.0,0.144253016,1.0
0,5,7,10,8,True,True,1.0,0.031001329,OPTIMAL,2,0.0,70.0,0.869813204,0.900814533,352,320,32,0.876303196,70.0,OPTIMAL,70.0,0.776679993,1.0
0,5,7,11,8,True,True,1.0,0.10353446,OPTIMAL,2,0.0,77.0,0.089273214,0.192807674,0,0,0,0.114543438,77.0,OPTIMAL,77.0,0.074493647,1.0
0,5,7,11,9,True,True,1.0,0.178298235,OPTIMAL,2,0.0,77.0,0.508213997,0.686512232,0,0,0,0.211299181,77.0,OPTIMAL,77.0,0.588135719,1.0
0,5,7,12,9,True,True,1.0,0.122242928,OPTIMAL,2,0.0,84.0,0.249215841,0.371458769,0,0,0,0.138243914,84.0,OPTIMAL,84.0,0.11953187,1.0
0,5,7,13,10,True,True,1.0,0.066515684,OPTIMAL,2,0.0,91.0,0.614027739,0.680543423,0,0,0,0.085520029,91.0,OPTIMAL,91.0,0.175998449,1.0
0,5,7,14,10,True,True,1.0,0.012015343,OPTIMAL,2,0.0,98.0,0.054728985,0.066744328,0,0,0,0.031015158,98.0,OPTIMAL,98.0,0.038116932,1.0
0,5,7,14,11,True,True,1.0,0.076965332,OPTIMAL,2,0.0,98.0,1.085706472,1.162671804,0,0,0,0.107975006,98.0,OPTIMAL,98.0,0.674249649,1.0
0,5,7,15,11,True,True,1.0,0.090616226,OPTIMAL,2,0.0,105.0,0.169527054,0.26014328,0,0,0,0.112471104,105.0,OPTIMAL,105.0,0.124520779,1.0
0,5,7,15,12,True,True,1.0,0.069708586,OPTIMAL,2,0.0,105.0,0.87145257,0.941161156,0,0,0,0.088733673,105.0,OPTIMAL,104.999955,1.641128302,1.000000429
0,5,8,6,4,True,True,1.0,0.05399704,OPTIMAL,2,0.0,48.0,0.127113342,0.181110382,0,0,0,0.069534779,48.0,OPTIMAL,48.0,0.054499149,1.0
0,5,8,8,5,True,True,1.0,0.010902166,OPTIMAL,2,0.0,64.0,0.025994778,0.036896944,0,0,0,0.021901608,64.0,OPTIMAL,64.0,0.02051568,1.0
0,5,8,9,6,True,True,1.0,0.056683302,OPTIMAL,2,0.0,72.0,0.134739161,0.191422462,0,0,0,0.074683428,72.0,OPTIMAL,72.0,0.087530851,1.0
0,5,8,10,7,True,True,1.0,0.086889505,OPTIMAL,2,0.0,80.0,0.509530544,0.59642005,0,0,0,0.110889435,80.0,OPTIMAL,80.0,0.209179163,1.0
0,5,8,11,7,True,True,1.0,0.059517145,OPTIMAL,2,0.0,88.0,0.062627792,0.122144938,0,0,0,0.070516586,88.0,OPTIMAL,88.0,0.07051158,1.0
0,5,8,12,8,True,True,1.0,0.04493165,OPTIMAL,2,0.0,96.0,0.709189892,0.754121542,0,0,0,0.066938162,96.0,OPTIMAL,96.0,0.106867313,1.0
0,5,8,13,9,True,True,1.0,0.117520094,OPTIMAL,2,0.0,104.0,6.297629833,6.415149927,512,462,50,0.152020931,104.0,OPTIMAL,104.0,0.770140409,1.0
0,5,8,14,9,True,True,1.0,0.045000315,OPTIMAL,2,0.0,112.0,0.165681839,0.210682154,0,0,0,0.061000109,112.0,OPTIMAL,112.0,0.157024622,1.0
0,5,8,15,10,True,True,1.0,0.048998833,OPTIMAL,2,0.0,120.0,0.568931103,0.617929935,0,0,0,0.071000338,120.0,OPTIMAL,119.9999924,0.443495035,1.000000064
0,6,4,4,6,True,True,1.0,0.011999369,OPTIMAL,2,0.0,16.0,0.03424859,0.046247959,0,0,0,0.022999287,16.0,OPTIMAL,16.0,0.024924278,1.0
0,6,4,4,7,True,True,1.0,0.030783653,OPTIMAL,2,0.0,16.0,0.039000988,0.069784641,0,0,0,0.046784163,16.0,OPTIMAL,16.0,0.052534342,1.0
0,6,4,5,8,True,True,1.0,0.083717108,OPTIMAL,2,0.0,20.0,0.051521778,0.135238886,0,0,0,0.098718166,20.0,OPTIMAL,20.0,0.056001425,1.0
0,6,4,5,9,True,True,1.0,0.047898531,OPTIMAL,2,0.0,20.0,0.053516388,0.101414919,0,0,0,0.066905022,20.0,OPTIMAL,20.0,0.264639854,1.0
0,6,4,6,9,True,True,1.0,0.010998487,OPTIMAL,2,0.0,24.0,0.056290865,0.067289352,0,0,0,0.021998882,24.0,OPTIMAL,24.0,0.028001308,1.0
0,6,4,6,10,True,True,1.0,0.051284552,OPTIMAL,2,0.0,24.0,0.070528507,0.121813059,0,0,0,0.068284512,24.0,OPTIMAL,24.0,0.107492447,1.0
0,6,4,6,11,True,True,1.0,0.062299728,OPTIMAL,2,0.0,24.0,0.098512888,0.160812616,0,0,0,0.08730197,24.0,OPTIMAL,24.0,0.111100674,1.0
0,6,4,7,11,True,True,1.0,0.046148539,OPTIMAL,2,0.0,28.0,0.106383801,0.152532339,0,0,0,0.069152594,28.0,OPTIMAL,28.0,0.069509983,1.0
0,6,4,7,12,True,True,1.0,0.042999744,OPTIMAL,2,0.0,28.0,0.091200113,0.134199858,0,0,0,0.061192751,28.0,OPTIMAL,28.0,0.082791567,1.0
0,6,4,7,13,True,True,1.0,0.069506884,OPTIMAL,2,0.0,28.0,0.118913174,0.188420057,0,0,0,0.095504522,28.0,OPTIMAL,28.0,0.33000946,1.0
0,6,4,8,12,True,True,1.0,0.014993668,OPTIMAL,2,0.0,32.0,0.103636026,0.118629694,0,0,0,0.033987522,32.0,OPTIMAL,32.0,0.021510839,1.0
0,6,4,8,13,True,True,1.0,0.073508739,OPTIMAL,2,0.0,32.0,0.118819475,0.192328215,0,0,0,0.099509716,32.0,OPTIMAL,32.0,0.188169479,1.0
0,6,4,8,14,True,True,1.0,0.049810171,OPTIMAL,2,0.0,32.0,0.092991829,0.142802,0,0,0,0.069402933,32.0,OPTIMAL,32.0,0.413722515,1.0
0,6,4,8,15,True,True,1.0,0.064688444,OPTIMAL,2,0.0,32.0,0.119627953,0.184316397,0,0,0,0.087207556,32.0,OPTIMAL,32.0,0.443795204,1.0
0,6,4,9,14,True,True,1.0,0.067876101,OPTIMAL,2,0.0,36.0,0.086505651,0.154381752,0,0,0,0.083382368,36.0,OPTIMAL,36.0,0.072999954,1.0
0,6,4,9,15,True,True,1.0,0.043512821,OPTIMAL,2,0.0,36.0,0.074511766,0.118024588,0,0,0,0.060516596,36.0,OPTIMAL,36.0,0.229184628,1.0
0,6,4,9,16,True,True,1.0,0.069125652,OPTIMAL,2,0.0,36.0,0.090509653,0.159635305,0,0,0,0.086122751,36.0,OPTIMAL,36.0,0.241543531,1.0
0,6,4,9,17,True,True,1.0,0.096026897,OPTIMAL,2,0.0,36.0,0.096508026,0.192534924,0,0,0,0.109028101,36.0,OPTIMAL,36.0,0.38737607,1.0
0,6,4,10,15,True,True,1.0,0.01300025,OPTIMAL,2,0.0,40.0,0.090604544,0.103604794,0,0,0,0.033091307,40.0,OPTIMAL,40.0,0.030529737,1.0
0,6,4,10,16,True,True,1.0,0.076983929,OPTIMAL,2,0.0,40.0,0.109526873,0.186510801,0,0,0,0.109512091,40.0,OPTIMAL,40.0,0.159767628,1.0
0,6,4,10,17,True,True,1.0,0.05100584,OPTIMAL,2,0.0,40.0,0.133683681,0.184689522,0,0,0,0.074161291,40.0,OPTIMAL,40.0,0.283310175,1.0
0,6,4,10,18,True,True,1.0,0.098520279,OPTIMAL,2,0.0,40.0,0.140150309,0.238670588,0,0,0,0.13003993,40.0,OPTIMAL,40.0,0.129564047,1.0
0,6,4,11,17,True,True,1.0,0.056514978,OPTIMAL,2,0.0,44.0,0.099522591,0.156037569,0,0,0,0.084027529,44.0,OPTIMAL,44.0,0.114515305,1.0
0,6,4,11,18,True,True,1.0,0.074528933,OPTIMAL,2,0.0,44.0,0.106532335,0.181061268,0,0,0,0.100527048,44.0,OPTIMAL,44.0,0.132625341,1.0
0,6,4,11,19,True,True,1.0,0.072480679,OPTIMAL,2,0.0,44.0,0.117171526,0.189652205,0,0,0,0.092441559,44.0,OPTIMAL,44.0,0.400322437,1.0
0,6,4,11,20,True,True,1.0,0.100508213,OPTIMAL,2,0.0,44.0,0.121694565,0.222202778,0,0,0,0.121174812,44.0,OPTIMAL,44.0,0.699366808,1.0
0,6,4,12,18,True,True,1.0,0.015011311,OPTIMAL,2,0.0,48.0,0.102949142,0.117960453,0,0,0,0.027012587,48.0,OPTIMAL,48.0,0.057004213,1.0
0,6,4,12,19,True,True,1.0,0.082523346,OPTIMAL,2,0.0,48.0,0.095159292,0.177682638,0,0,0,0.102171421,48.0,OPTIMAL,48.0,0.298806429,1.0
0,6,4,12,20,True,True,1.0,0.082804441,OPTIMAL,2,0.0,48.0,0.117028475,0.199832916,0,0,0,0.100316286,48.0,OPTIMAL,48.0,0.285832882,1.0
0,6,4,12,21,True,True,1.0,0.052992105,OPTIMAL,2,0.0,48.0,0.141787052,0.194779158,0,0,0,0.077388287,48.0,OPTIMAL,48.0,0.178967714,1.0
0,6,4,13,20,True,True,1.0,0.047999144,OPTIMAL,2,0.0,52.0,0.109117746,0.15711689,0,0,0,0.063001871,52.0,OPTIMAL,52.0,0.212219238,1.0
0,6,4,13,21,True,True,1.0,0.05880928,OPTIMAL,2,0.0,52.0,0.147529602,0.206338882,0,0,0,0.082808495,52.0,OPTIMAL,52.0,0.260098934,1.0
0,6,4,13,22,True,True,1.0,0.074833393,OPTIMAL,2,0.0,52.0,0.142529249,0.217362642,0,0,0,0.101835966,52.0,OPTIMAL,52.0,1.105965376,1.0
0,6,4,13,23,True,True,1.0,0.077515364,OPTIMAL,2,0.0,52.0,0.129523039,0.207038403,0,0,0,0.100514174,52.0,OPTIMAL,52.0,1.514756918,1.0
0,6,4,14,21,True,True,1.0,0.013003111,OPTIMAL,2,0.0,56.0,0.114639997,0.127643108,0,0,0,0.030998468,56.0,OPTIMAL,56.0,0.069998503,1.0
0,6,4,14,22,True,True,1.0,0.081003189,OPTIMAL,2,0.0,56.0,0.123673677,0.204676867,0,0,0,0.101164341,56.0,OPTIMAL,56.0,0.321010351,1.0
0,6,4,14,23,True,True,1.0,0.040098906,OPTIMAL,2,0.0,56.0,0.13301301,0.173111916,0,0,0,0.072100163,56.0,OPTIMAL,56.0,0.35372901,1.0
0,6,4,14,24,True,True,1.0,0.087419271,OPTIMAL,2,0.0,56.0,0.14408803,0.231507301,0,0,0,0.108993053,56.0,OPTIMAL,56.0,1.070392132,1.0
0,6,4,15,23,True,True,1.0,0.119521618,OPTIMAL,2,0.0,60.0,0.157601833,0.277123451,0,0,0,0.144510746,60.0,OPTIMAL,60.0,0.280162096,1.0
0,6,4,15,24,True,True,1.0,0.070623875,OPTIMAL,2,0.0,60.0,0.135882139,0.206506014,0,0,0,0.105633974,60.0,OPTIMAL,60.0,0.918990612,1.0
0,6,4,15,25,True,True,1.0,0.081520557,OPTIMAL,2,0.0,60.0,0.153156281,0.234676838,0,0,0,0.103038549,60.0,OPTIMAL,60.0,0.688353539,1.0
0,6,4,15,26,True,True,1.0,0.07800293,OPTIMAL,2,0.0,60.0,0.142970085,0.220973015,0,0,0,0.10201025,60.0,OPTIMAL,60.0,0.445966005,1.0
0,6,5,4,5,True,True,1.0,0.080636263,OPTIMAL,2,0.0,20.0,0.047615767,0.128252029,0,0,0,0.101744652,20.0,OPTIMAL,20.0,0.035937786,1.0
0,6,5,5,6,True,True,1.0,0.013472557,OPTIMAL,2,0.0,25.0,0.03915596,0.052628517,0,0,0,0.025628328,25.0,OPTIMAL,25.0,0.036584377,1.0
0,6,5,5,7,True,True,1.0,0.061001062,OPTIMAL,2,0.0,25.0,0.05299902,0.114000082,0,0,0,0.07700038,25.0,OPTIMAL,25.0,0.291200638,1.0
0,6,5,6,8,True,True,1.0,0.097530842,OPTIMAL,2,0.0,30.0,0.089521408,0.18705225,0,0,0,0.122698069,30.0,OPTIMAL,30.0,0.123623133,1.0
0,6,5,7,9,True,True,1.0,0.061002016,OPTIMAL,2,0.0,35.0,0.077530861,0.138532877,0,0,0,0.079054356,35.0,OPTIMAL,35.0,0.079550028,1.0
0,6,5,7,10,True,True,1.0,0.043999434,OPTIMAL,2,0.0,35.0,0.105512619,0.149512053,0,0,0,0.06700182,35.0,OPTIMAL,35.0,0.266693115,1.0
0,6,5,8,10,True,True,1.0,0.083021641,OPTIMAL,2,0.0,40.0,0.095627308,0.178648949,0,0,0,0.101063013,40.0,OPTIMAL,40.0,0.084512711,1.0
0,6,5,8,11,True,True,1.0,0.059668541,OPTIMAL,2,0.0,40.0,0.090143919,0.14981246,0,0,0,0.07866931,40.0,OPTIMAL,40.0,0.721549988,1.0
0,6,5,9,11,True,True,1.0,0.084701538,OPTIMAL,2,0.0,45.0,0.150020123,0.234721661,0,0,0,0.112704754,45.0,OPTIMAL,45.0,0.094515562,1.0
0,6,5,9,12,True,True,1.0,0.06836319,OPTIMAL,2,0.0,45.0,0.122850418,0.191213608,0,0,0,0.088361979,45.0,OPTIMAL,45.0,0.398134708,1.0
0,6,5,9,13,True,True,1.0,0.078840017,OPTIMAL,2,0.0,45.0,0.147352934,0.226192951,0,0,0,0.106463909,45.0,OPTIMAL,45.0,0.368962526,1.0
0,6,5,10,12,True,True,1.0,0.012001038,OPTIMAL,2,0.0,50.0,0.125542164,0.137543201,0,0,0,0.023997784,50.0,OPTIMAL,50.0,0.043005466,1.0
0,6,5,10,13,True,True,1.0,0.09952879,OPTIMAL,2,0.0,50.0,0.118522882,0.218051672,0,0,0,0.121528864,50.0,OPTIMAL,50.0,0.204345226,1.0
0,6,5,10,14,True,True,1.0,0.068932533,OPTIMAL,2,0.0,50.0,0.142529488,0.211462021,0,0,0,0.086931467,50.0,OPTIMAL,50.0,0.83027792,1.0
0,6,5,11,14,True,True,1.0,0.095522881,OPTIMAL,2,0.0,55.0,0.136489868,0.232012749,0,0,0,0.11631012,55.0,OPTIMAL,55.0,0.152646065,1.0
0,6,5,11,15,True,True,1.0,0.112512827,OPTIMAL,2,0.0,55.0,0.132544756,0.245057583,0,0,0,0.132164478,55.0,OPTIMAL,55.0,0.215025425,1.0
0,6,5,11,16,True,True,1.0,0.084007025,OPTIMAL,2,0.0,55.0,0.098520517,0.182527542,0,0,0,0.104008436,55.0,OPTIMAL,55.0,0.221128464,1.0
0,6,5,12,15,True,True,1.0,0.035000086,OPTIMAL,2,0.0,60.0,0.200046778,0.235046864,0,0,0,0.052999973,60.0,OPTIMAL,60.0,0.17602396,1.0
0,6,5,12,16,True,True,1.0,0.06704402,OPTIMAL,2,0.0,60.0,0.148780346,0.215824366,0,0,0,0.097044468,60.0,OPTIMAL,60.0,0.327404737,1.0
0,6,5,12,17,True,True,1.0,0.100517035,OPTIMAL,2,0.0,60.0,0.133416176,0.23393321,0,0,0,0.123517275,60.0,OPTIMAL,60.0,0.242850304,1.0
0,6,5,13,16,True,True,1.0,0.066510439,OPTIMAL,2,0.0,65.0,43.54634476,43.6128552,1850,1640,210,43.58174086,65.0,OPTIMAL,65.0,0.162441254,1.0
0,6,5,13,17,True,True,1.0,0.091519594,OPTIMAL,2,0.0,65.0,0.157956839,0.249476433,0,0,0,0.114518642,65.0,OPTIMAL,65.0,0.436830997,1.0
0,6,5,13,18,True,True,1.0,0.108524799,OPTIMAL,2,0.0,65.0,0.126512289,0.235037088,0,0,0,0.131516457,65.0,OPTIMAL,65.0,1.123141766,1.0
0,6,5,13,19,True,True,1.0,0.248587608,OPTIMAL,2,0.0,65.0,0.126617193,0.375204802,0,0,0,0.269698381,65.0,OPTIMAL,65.0,0.290421247,1.0
0,6,5,14,17,True,True,1.0,0.08038497,OPTIMAL,2,0.0,70.0,0.145552397,0.225937366,0,0,0,0.094505072,70.0,OPTIMAL,70.0,0.175358772,1.0
0,6,5,14,18,True,True,1.0,0.111518145,OPTIMAL,2,0.0,70.0,0.100117683,0.211635828,0,0,0,0.135518074,70.0,OPTIMAL,70.0,0.887994766,1.0
0,6,5,14,19,True,True,1.0,0.082768679,OPTIMAL,2,0.0,70.0,0.125457287,0.208225965,0,0,0,0.101770163,70.0,OPTIMAL,70.0,0.304584265,1.0
0,6,5,14,20,True,True,1.0,0.133977413,OPTIMAL,2,0.0,70.0,0.151302814,0.285280228,0,0,0,0.16597724,70.0,OPTIMAL,70.0,0.932753563,1.0
0,6,5,15,18,True,True,1.0,0.024511576,OPTIMAL,2,0.0,75.0,0.227374554,0.251886129,0,0,0,0.037511349,75.0,OPTIMAL,75.0,0.050534725,1.0
0,6,5,15,19,True,True,1.0,0.124870062,OPTIMAL,2,0.0,75.0,0.114530087,0.239400148,0,0,0,0.144870281,75.0,OPTIMAL,75.0,0.558511257,1.0
0,6,5,15,20,True,True,1.0,0.05951643,OPTIMAL,2,0.0,75.0,0.12706542,0.18658185,0,0,0,0.077519655,75.0,OPTIMAL,75.0,1.358262062,1.0
0,6,5,15,21,True,True,1.0,0.139982462,OPTIMAL,2,0.0,75.0,0.210677624,0.350660086,0,0,0,0.178514242,75.0,OPTIMAL,75.0,0.287030697,1.0
0,6,6,4,4,True,True,1.0,0.01208806,OPTIMAL,2,0.0,24.0,0.033527374,0.045615435,0,0,0,0.045615435,24.0,OPTIMAL,24.0,0.050647974,1.0
0,6,6,5,5,True,True,1.0,0.01298213,OPTIMAL,2,0.0,30.0,0.032994747,0.045976877,0,0,0,0.025002241,30.0,OPTIMAL,30.0,0.039011478,1.0
0,6,6,6,6,True,True,1.0,0.012947559,OPTIMAL,2,0.0,36.0,0.043504715,0.056452274,0,0,0,0.024825335,36.0,OPTIMAL,36.0,0.028715849,1.0
0,6,6,6,7,True,True,1.0,0.082010984,OPTIMAL,2,0.0,36.0,0.0527215,0.134732485,0,0,0,0.095006466,36.0,OPTIMAL,36.0,0.314210415,1.0
0,6,6,7,7,True,True,1.0,0.014001846,OPTIMAL,2,0.0,42.0,0.058829784,0.072831631,0,0,0,0.026540518,42.0,OPTIMAL,42.0,0.032001495,1.0
0,6,6,7,8,True,True,1.0,0.095524788,OPTIMAL,2,0.0,42.0,0.093520403,0.189045191,0,0,0,0.112519741,42.0,OPTIMAL,42.0,0.243015766,1.0
0,6,6,8,8,True,True,1.0,0.012648821,OPTIMAL,2,0.0,48.0,0.077530861,0.090179682,0,0,0,0.025649071,48.0,OPTIMAL,48.0,0.057517052,1.0
0,6,6,8,9,True,True,1.0,0.08400774,OPTIMAL,2,0.0,48.0,0.091516018,0.175523758,0,0,0,0.09700799,48.0,OPTIMAL,48.0,0.35177207,1.0
0,6,6,9,9,True,True,1.0,0.018000841,OPTIMAL,2,0.0,54.0,0.099523306,0.117524147,0,0,0,0.046014071,54.0,OPTIMAL,54.0,0.051513195,1.0
0,6,6,9,10,True,True,1.0,0.099537134,OPTIMAL,2,0.0,54.0,0.16451931,0.264056444,0,0,0,0.123535872,54.0,OPTIMAL,54.0,0.305233479,1.0
0,6,6,10,10,True,True,1.0,0.016942978,OPTIMAL,2,0.0,60.0,0.091769934,0.108712912,0,0,0,0.028952599,60.0,OPTIMAL,60.0,0.039715528,1.0
0,6,6,10,11,True,True,1.0,0.067386627,OPTIMAL,2,0.0,60.0,0.116523504,0.183910131,0,0,0,0.079457521,60.0,OPTIMAL,60.0,0.127213001,1.0
0,6,6,11,11,True,True,1.0,0.01593852,OPTIMAL,2,0.0,66.0,0.102669477,0.118607998,0,0,0,0.029449463,66.0,OPTIMAL,66.0,0.0430758,1.0
0,6,6,11,12,True,True,1.0,0.156575441,OPTIMAL,2,0.0,66.0,0.134045124,0.290620565,0,0,0,0.169076204,66.0,OPTIMAL,66.0,0.928469896,1.0
0,6,6,11,13,True,True,1.0,0.134305239,OPTIMAL,2,0.0,66.0,0.130553246,0.264858484,0,0,0,0.148304939,66.0,OPTIMAL,66.0,1.542459965,1.0
0,6,6,12,12,True,True,1.0,0.013507366,OPTIMAL,2,0.0,72.0,0.196077585,0.209584951,0,0,0,0.208581209,72.0,OPTIMAL,72.0,0.050998688,1.0
0,6,6,12,13,True,True,1.0,0.08381629,OPTIMAL,2,0.0,72.0,0.137129545,0.220945835,0,0,0,0.099847794,72.0,OPTIMAL,72.0,0.231204987,1.0
0,6,6,12,14,True,True,1.0,0.071513891,OPTIMAL,2,0.0,72.0,0.151513815,0.223027706,0,0,0,0.086513996,72.0,OPTIMAL,72.0,0.759712458,1.0
0,6,6,13,13,True,True,1.0,0.015510798,OPTIMAL,2,0.0,78.0,0.113019228,0.128530025,0,0,0,0.028015614,78.0,OPTIMAL,78.0,0.072537422,1.0
0,6,6,13,14,True,True,1.0,0.098898649,OPTIMAL,2,0.0,78.0,0.202530384,0.301429033,0,0,0,0.131898642,78.0,OPTIMAL,78.0,1.33382082,1.0
0,6,6,13,15,True,True,1.0,0.073156595,OPTIMAL,2,0.0,78.0,0.17280364,0.245960236,0,0,0,0.095455408,78.0,OPTIMAL,78.0,0.427768946,1.0
0,6,6,14,14,True,True,1.0,0.015003204,OPTIMAL,2,0.0,84.0,0.12953186,0.144535065,0,0,0,0.028003454,84.0,OPTIMAL,84.0,0.064285517,1.0
0,6,6,14,15,True,True,1.0,0.111984015,OPTIMAL,2,0.0,84.0,0.168032408,0.280016422,0,0,0,0.128983498,84.0,OPTIMAL,83.9999972,0.789099932,1.000000033
0,6,6,14,16,True,True,1.0,0.085980177,OPTIMAL,2,0.0,84.0,0.199060202,0.285040379,0,0,0,0.100978851,84.0,OPTIMAL,84.0,1.042036772,1.0
0,6,6,15,15,True,True,1.0,0.038179159,OPTIMAL,2,0.0,90.0,0.147794962,0.185974121,0,0,0,0.051183939,90.0,OPTIMAL,90.0,0.071511984,1.0
0,6,6,15,16,True,True,1.0,0.169822454,OPTIMAL,2,0.0,90.0,0.162019253,0.331841707,0,0,0,0.183822155,90.0,OPTIMAL,90.0,1.005665064,1.0
0,6,6,15,17,True,True,1.0,0.099338293,OPTIMAL,2,0.0,90.0,0.225338936,0.324677229,0,0,0,0.114336252,90.0,OPTIMAL,89.99998979,1.472028494,1.000000113
0,6,7,7,6,True,True,1.0,0.020999193,OPTIMAL,2,0.0,49.0,0.041518688,0.062517881,0,0,0,0.033002615,49.0,OPTIMAL,49.0,0.040100574,1.0
0,6,7,8,7,True,True,1.0,0.062525988,OPTIMAL,2,0.0,56.0,0.088522196,0.151048183,0,0,0,0.086042643,56.0,OPTIMAL,56.0,0.086008549,1.0
0,6,7,9,8,True,True,1.0,0.095249414,OPTIMAL,2,0.0,63.0,0.170097589,0.265347004,0,0,0,0.126185894,63.0,OPTIMAL,63.0,0.097125292,1.0
0,6,7,10,9,True,True,1.0,0.12659359,OPTIMAL,2,0.0,70.0,0.400878429,0.527472019,0,0,0,0.148595333,70.0,OPTIMAL,70.0,0.164026499,1.0
0,6,7,11,10,True,True,1.0,0.105516911,OPTIMAL,2,0.0,77.0,0.446988344,0.552505255,0,0,0,0.133514166,77.0,OPTIMAL,77.0,0.162509441,1.0
0,6,7,12,11,True,True,1.0,0.130716801,OPTIMAL,2,0.0,84.0,1.1393435,1.270060301,0,0,0,0.156235456,84.0,OPTIMAL,84.0,0.597241879,1.0
0,6,7,13,12,True,True,1.0,0.188467264,OPTIMAL,2,0.0,91.0,0.926426411,1.114893675,0,0,0,0.20746994,91.0,OPTIMAL,91.0,0.954805136,1.0
0,6,7,14,12,True,True,1.0,0.016520739,OPTIMAL,2,0.0,98.0,0.041515112,0.058035851,0,0,0,0.031527042,98.0,OPTIMAL,98.0,0.058510303,1.0
0,6,7,14,13,True,True,1.0,0.155803204,OPTIMAL,2,0.0,98.0,1.098893881,1.254697084,0,0,0,0.18580699,98.0,OPTIMAL,98.0,1.068728924,1.0
0,6,7,15,13,True,True,1.0,0.168242216,OPTIMAL,2,0.0,105.0,0.183656216,0.351898432,0,0,0,0.184243917,105.0,OPTIMAL,105.0,0.160305262,1.0
0,6,7,15,14,True,True,1.0,0.087440968,OPTIMAL,2,0.0,105.0,1.961512804,2.048953772,0,0,0,0.118442059,105.0,OPTIMAL,105.0,1.17455554,1.0
0,6,8,4,3,True,True,1.0,0.012524843,OPTIMAL,2,0.0,32.0,0.05257225,0.065097094,0,0,0,0.041603088,32.0,OPTIMAL,32.0,0.031508684,1.0
0,6,8,5,4,True,True,1.0,0.05140996,OPTIMAL,2,0.0,40.0,0.102494478,0.153904438,0,0,0,0.065409184,40.0,OPTIMAL,40.0,0.045995474,1.0
0,6,8,6,5,True,True,1.0,0.067546606,OPTIMAL,2,0.0,48.0,0.219097137,0.286643744,0,0,0,0.095546246,48.0,OPTIMAL,48.0,0.238991499,1.0
0,6,8,8,6,True,True,1.0,0.013096333,OPTIMAL,2,0.0,64.0,0.033881426,0.046977758,0,0,0,0.025099754,64.0,OPTIMAL,64.0,0.03900075,1.0
0,6,8,9,7,True,True,1.0,0.113746881,OPTIMAL,2,0.0,72.0,0.144327641,0.258074522,0,0,0,0.137321234,72.0,OPTIMAL,72.0,0.114431381,1.0
0,6,8,10,8,True,True,1.0,0.11126256,OPTIMAL,2,0.0,80.0,0.129528999,0.240791559,0,0,0,0.151265144,80.0,OPTIMAL,80.0,0.266884089,1.0
0,6,8,11,9,True,True,1.0,0.096772194,OPTIMAL,2,0.0,88.0,1.007514477,1.104286671,0,0,0,0.125773668,88.0,OPTIMAL,88.0,0.600119352,1.0
0,6,8,12,9,True,True,1.0,0.019546986,OPTIMAL,2,0.0,96.0,0.055042505,0.074589491,0,0,0,0.04207325,96.0,OPTIMAL,96.0,0.043002605,1.0
0,6,8,12,10,True,True,1.0,0.135035276,OPTIMAL,2,0.0,96.0,0.708518744,0.84355402,0,0,0,0.164556742,96.0,OPTIMAL,96.0,1.262564421,1.0
0,6,8,13,10,True,True,1.0,0.236143827,OPTIMAL,2,0.0,104.0,0.224257469,0.460401297,0,0,0,0.253870487,104.0,OPTIMAL,104.0,0.155847073,1.0
0,6,8,13,11,True,True,1.0,0.081100225,OPTIMAL,2,0.0,104.0,0.819107771,0.900207996,0,0,0,0.112132549,104.0,OPTIMAL,104.0,1.056210041,1.0
0,6,8,14,11,True,True,1.0,0.174050093,OPTIMAL,2,0.0,112.0,0.898097992,1.072148085,0,0,0,0.214174986,112.0,OPTIMAL,112.0,0.251577377,1.0
0,6,8,15,12,True,True,1.0,0.169719219,OPTIMAL,2,0.0,120.0,2.320225,2.48994422,0,0,0,0.20371747,120.0,OPTIMAL,120.0,0.263736248,1.0
0,6,9,6,4,True,True,1.0,0.027002573,OPTIMAL,2,0.0,54.0,0.040941,0.067943573,0,0,0,0.051940441,54.0,OPTIMAL,54.0,0.020000935,1.0
0,6,9,7,5,True,True,1.0,0.147739887,OPTIMAL,2,0.0,63.0,0.317453384,0.465193272,0,0,0,0.171137333,63.0,OPTIMAL,63.0,0.12950635,1.0
0,6,9,9,6,True,True,1.0,0.014946222,OPTIMAL,2,0.0,81.0,0.047996044,0.062942266,0,0,0,0.026946068,81.0,OPTIMAL,81.0,0.040525675,1.0
0,6,9,10,7,True,True,1.0,0.122518301,OPTIMAL,2,0.0,90.0,0.55582571,0.678344011,0,0,0,0.144518614,90.0,OPTIMAL,90.0,0.124380827,1.0
0,6,9,11,8,True,True,1.0,0.073606253,OPTIMAL,2,0.0,99.0,0.478915215,0.552521467,0,0,0,0.116127491,99.0,OPTIMAL,99.0,0.215324163,1.0
0,6,9,12,8,True,True,1.0,0.019784451,OPTIMAL,2,0.0,108.0,0.034011841,0.053796291,0,0,0,0.031784058,108.0,OPTIMAL,108.0,0.071512222,1.0
0,6,9,13,9,True,True,1.0,0.196027994,OPTIMAL,2,0.0,117.0,0.298804283,0.494832277,0,0,0,0.225033045,117.0,OPTIMAL,117.0,0.290599346,1.0
0,6,9,14,10,True,True,1.0,0.121813536,OPTIMAL,2,6.67e-08,125.9999916,16.90131068,17.02312422,1263,1146,117,16.62932897,126.0,OPTIMAL,126.0,0.873202562,1.0
0,6,9,15,10,True,True,1.0,0.015996933,OPTIMAL,2,0.0,135.0,0.0410707,0.057067633,0,0,0,0.032059431,135.0,OPTIMAL,135.0,0.0833745,1.0
0,6,9,15,11,True,True,1.0,0.174697161,OPTIMAL,2,0.0,135.0,1.22076273,1.39545989,0,0,0,0.223222733,135.0,OPTIMAL,135.0,0.260258913,1.0
0,7,5,4,6,True,True,1.0,0.032173872,OPTIMAL,2,0.0,20.0,0.06099987,0.093173742,0,0,0,0.057172775,20.0,OPTIMAL,20.0,0.084087133,1.0
0,7,5,5,7,True,True,1.0,0.015511036,OPTIMAL,2,0.0,25.0,0.065512896,0.081023932,0,0,0,0.045516253,25.0,OPTIMAL,25.0,0.039999247,1.0
0,7,5,5,8,True,True,1.0,0.05937624,OPTIMAL,2,0.0,25.0,0.093531132,0.152907372,0,0,0,0.098912477,25.0,OPTIMAL,25.0,0.323031902,1.0
0,7,5,6,9,True,True,1.0,0.070550919,OPTIMAL,2,0.0,30.0,0.094510555,0.165061474,0,0,0,0.095554352,30.0,OPTIMAL,30.0,0.091546297,1.0
0,7,5,6,10,True,True,1.0,0.031520128,OPTIMAL,2,0.0,30.0,0.100605249,0.132125378,0,0,0,0.05252862,30.0,OPTIMAL,30.0,0.494941711,1.0
0,7,5,7,10,True,True,1.0,0.028000832,OPTIMAL,2,0.0,35.0,0.095006466,0.123007298,0,0,0,0.042004585,35.0,OPTIMAL,35.0,0.088537216,1.0
0,7,5,7,11,True,True,1.0,0.093795538,OPTIMAL,2,0.0,35.0,0.12252903,0.216324568,0,0,0,0.118794441,35.0,OPTIMAL,35.0,0.298489094,1.0
0,7,5,7,12,True,True,1.0,0.077537775,OPTIMAL,2,0.0,35.0,0.073056459,0.150594234,0,0,0,0.101571321,35.0,OPTIMAL,35.0,0.88781333,1.0
0,7,5,8,12,True,True,1.0,0.096934319,OPTIMAL,2,0.0,40.0,0.130246162,0.227180481,0,0,0,0.115945578,40.0,OPTIMAL,40.0,0.174026966,1.0
0,7,5,8,13,True,True,1.0,0.093298197,OPTIMAL,2,0.0,40.0,0.122056723,0.215354919,0,0,0,0.123822212,40.0,OPTIMAL,40.0,0.2314291,1.0
0,7,5,9,13,True,True,1.0,0.031600237,OPTIMAL,2,0.0,45.0,0.12441349,0.156013727,0,0,0,0.065609694,45.0,OPTIMAL,45.0,0.134241343,1.0
0,7,5,9,14,True,True,1.0,0.10370183,OPTIMAL,2,0.0,45.0,0.093515396,0.197217226,0,0,0,0.125702381,45.0,OPTIMAL,45.0,0.750433207,1.0
0,7,5,9,15,True,True,1.0,0.090535879,OPTIMAL,2,0.0,45.0,0.118127108,0.208662987,0,0,0,0.110979319,45.0,OPTIMAL,45.0,0.524796486,1.0
0,7,5,10,14,True,True,1.0,0.019000769,OPTIMAL,2,0.0,50.0,0.068691492,0.087692261,0,0,0,0.033000946,50.0,OPTIMAL,50.0,0.036530256,1.0
0,7,5,10,15,True,True,1.0,0.066877604,OPTIMAL,2,0.0,50.0,0.109529018,0.176406622,0,0,0,0.101406097,50.0,OPTIMAL,50.0,0.49223876,1.0
0,7,5,10,16,True,True,1.0,0.105629444,OPTIMAL,2,0.0,50.0,0.133531809,0.239161253,0,0,0,0.142628908,50.0,OPTIMAL,50.0,0.320096493,1.0
0,7,5,10,17,True,True,1.0,0.089608908,OPTIMAL,2,0.0,50.0,0.156303406,0.245912313,0,0,0,0.118059158,50.0,OPTIMAL,50.0,0.667551041,1.0
0,7,5,11,16,True,True,1.0,0.125181675,OPTIMAL,2,0.0,55.0,0.101681232,0.226862907,0,0,0,0.145848751,55.0,OPTIMAL,55.0,0.285588741,1.0
0,7,5,11,17,True,True,1.0,0.158354521,OPTIMAL,2,0.0,55.0,0.126541138,0.284895658,0,0,0,0.189353466,55.0,OPTIMAL,55.0,1.100107193,1.0
0,7,5,11,18,True,True,1.0,0.085416079,OPTIMAL,2,0.0,55.0,0.126718521,0.2121346,0,0,0,0.118416548,55.0,OPTIMAL,55.0,1.962543964,1.0
0,7,5,11,19,True,False,1.018447616,1.416051149,INFEASIBLE,3,,inf,165.7429113,167.1589625,1066,935,131,,,OPTIMAL,55.0,1.580363274,
0,7,5,12,17,True,True,1.0,0.103597403,OPTIMAL,2,0.0,60.0,0.115028143,0.218625546,0,0,0,0.120108128,60.0,OPTIMAL,60.0,0.202664137,1.0
0,7,5,12,18,True,True,1.0,0.041550875,OPTIMAL,2,0.0,60.0,0.176054001,0.217604876,0,0,0,0.079555035,60.0,OPTIMAL,60.0,0.827970028,1.0
0,7,5,12,19,True,True,1.0,0.08751297,OPTIMAL,2,0.0,60.0,0.152511597,0.240024567,0,0,0,0.118513107,60.0,OPTIMAL,60.0,1.697004557,1.0
0,7,5,12,20,True,True,1.0,0.08964467,OPTIMAL,2,0.0,60.0,0.144825697,0.234470367,0,0,0,0.115926981,60.0,OPTIMAL,60.0,0.386418581,1.0
0,7,5,13,19,True,True,1.0,0.088994503,OPTIMAL,2,0.0,65.0,0.127036572,0.216031075,0,0,0,0.117510319,65.0,OPTIMAL,65.0,0.704899311,1.0
0,7,5,13,20,True,True,1.0,0.137511253,OPTIMAL,2,0.0,65.0,0.149291992,0.286803246,0,0,0,0.164321899,65.0,OPTIMAL,65.0,0.385994196,1.0
0,7,5,13,21,True,True,1.0,0.096457005,OPTIMAL,2,0.0,65.0,0.178085566,0.27454257,0,0,0,0.130668163,65.0,OPTIMAL,65.0,2.781942844,1.0
0,7,5,13,22,True,True,1.0,0.195692539,OPTIMAL,2,0.0,65.0,0.212981701,0.40867424,0,0,0,0.242722511,65.0,OPTIMAL,65.0,1.624837399,1.0
0,7,5,14,20,True,True,1.0,0.127095222,OPTIMAL,2,0.0,70.0,0.171252489,0.298347712,0,0,0,0.146094799,70.0,OPTIMAL,70.0,0.352661371,1.0
0,7,5,14,21,True,True,1.0,0.130547285,OPTIMAL,2,0.0,70.0,0.23072052,0.361267805,0,0,0,0.158546925,70.0,OPTIMAL,70.0,1.047132254,1.0
0,7,5,14,22,True,True,1.0,0.162148714,OPTIMAL,2,0.0,70.0,0.174005985,0.336154699,0,0,0,0.192134857,70.0,OPTIMAL,70.0,0.491396666,1.0
0,7,5,14,23,True,True,1.0,0.14853406,OPTIMAL,2,0.0,70.0,0.21071887,0.35925293,0,0,0,0.177529812,70.0,OPTIMAL,70.0,0.96377492,1.0
0,7,5,15,21,True,True,1.0,0.024898291,OPTIMAL,2,0.0,75.0,0.126607895,0.151506186,0,0,0,0.039898157,75.0,OPTIMAL,75.0,0.093004942,1.0
0,7,5,15,22,True,True,1.0,0.178523064,OPTIMAL,2,0.0,75.0,0.234088898,0.412611961,0,0,0,0.202564001,75.0,OPTIMAL,75.0,1.031682253,1.0
0,7,5,15,23,True,True,1.0,0.086610794,OPTIMAL,2,0.0,75.0,0.446565628,0.533176422,0,0,0,0.347134113,75.0,OPTIMAL,75.0,3.105632544,1.0
0,7,5,15,24,True,True,1.0,0.133682013,OPTIMAL,2,0.0,75.0,0.238263369,0.371945381,0,0,0,0.159205198,75.0,OPTIMAL,75.0,2.38726759,1.0
0,7,6,4,5,True,True,1.0,0.069534302,OPTIMAL,2,0.0,24.0,0.042524576,0.112058878,0,0,0,0.085534573,24.0,OPTIMAL,24.0,0.055003405,1.0
0,7,6,5,6,True,True,1.0,0.040512562,OPTIMAL,2,0.0,30.0,0.048497677,0.089010239,0,0,0,0.055513144,30.0,OPTIMAL,30.0,0.068514824,1.0
0,7,6,6,7,True,True,1.0,0.027000189,OPTIMAL,2,0.0,36.0,0.061489344,0.088489532,0,0,0,0.041672945,36.0,OPTIMAL,36.0,0.037509203,1.0
0,7,6,6,8,True,True,1.0,0.03899765,OPTIMAL,2,0.0,36.0,0.085508347,0.124505997,0,0,0,0.058507442,36.0,OPTIMAL,36.0,1.06210804,1.0
0,7,6,7,9,True,True,1.0,0.109891891,OPTIMAL,2,0.0,42.0,0.102526426,0.212418318,0,0,0,0.126891613,42.0,OPTIMAL,42.0,0.393167257,1.0
0,7,6,8,10,True,True,1.0,0.091632128,OPTIMAL,2,0.0,48.0,0.11651969,0.208151817,0,0,0,0.109632015,48.0,OPTIMAL,48.0,0.14671874,1.0
0,7,6,8,11,True,False,1.073170732,1.278088093,INFEASIBLE,3,,inf,1.853547573,3.131635666,391,350,41,,,OPTIMAL,48.0,0.735482693,
0,7,6,9,11,True,True,1.0,0.096536398,OPTIMAL,2,0.0,54.0,0.124600649,0.221137047,0,0,0,0.114537239,54.0,OPTIMAL,54.0,0.171040535,1.0
0,7,6,9,12,True,True,1.0,0.092684031,OPTIMAL,2,0.0,54.0,0.137423992,0.230108023,0,0,0,0.120686054,54.0,OPTIMAL,54.0,0.261694908,1.0
0,7,6,10,12,True,True,1.0,0.199456692,OPTIMAL,2,0.0,60.0,31.81988788,32.01934457,2627,2362,265,31.75414014,60.0,OPTIMAL,60.0,0.194940805,1.0
0,7,6,10,13,True,True,1.0,0.075538397,OPTIMAL,2,0.0,60.0,0.147213936,0.222752333,0,0,0,0.109538555,60.0,OPTIMAL,60.0,0.286036491,1.0
0,7,6,11,13,True,True,1.0,0.045002699,OPTIMAL,2,0.0,66.0,0.201183319,0.246186018,0,0,0,0.065999746,66.0,OPTIMAL,66.0,0.19153142,1.0
0,7,6,11,14,True,True,1.0,0.115772486,OPTIMAL,2,0.0,66.0,0.202704906,0.318477392,0,0,0,0.149647951,66.0,OPTIMAL,66.0,0.299780846,1.0
0,7,6,11,15,True,False,1.050955414,1.592054129,INFEASIBLE,3,,inf,21.50152826,23.09358239,622,544,78,,,OPTIMAL,66.0,1.193746567,
0,7,6,12,14,True,True,1.0,0.02599597,OPTIMAL,2,0.0,72.0,0.163658619,0.189654589,0,0,0,0.040998697,72.0,OPTIMAL,72.0,0.085634947,1.0
0,7,6,12,15,True,True,1.0,0.152527094,OPTIMAL,2,0.0,72.0,0.127525568,0.280052662,0,0,0,0.174526215,72.0,OPTIMAL,72.0,1.06230855,1.0
0,7,6,12,16,True,True,1.0,0.145062923,OPTIMAL,2,0.0,72.0,0.13553381,0.280596733,0,0,0,0.163063765,72.0,OPTIMAL,72.0,1.02152586,1.0
0,7,6,13,16,True,True,1.0,0.144536495,OPTIMAL,2,0.0,78.0,0.11358285,0.258119345,0,0,0,0.1725986,78.0,OPTIMAL,78.0,1.634743929,1.0
0,7,6,13,17,True,True,1.0,0.142952681,OPTIMAL,2,0.0,78.0,0.132715225,0.275667906,0,0,0,0.168207407,78.0,OPTIMAL,78.0,3.485525846,1.0
0,7,6,13,18,True,False,1.029136888,1.656270504,TIME_LIMIT,9,,78.0,598.4177408,600.0740113,1967,1768,199,,,OPTIMAL,78.0,2.655203104,
0,7,6,14,17,True,True,1.0,0.191603184,OPTIMAL,2,0.0,84.0,0.146384716,0.3379879,0,0,0,0.225400686,84.0,OPTIMAL,84.0,0.369743347,1.0
0,7,6,14,18,True,True,1.0,0.172020674,OPTIMAL,2,0.0,84.0,0.194042683,0.366063356,0,0,0,0.207122803,84.0,OPTIMAL,84.0,0.785666227,1.0
0,7,6,14,19,True,False,1.0390625,1.683387756,INFEASIBLE,3,,inf,148.4395399,150.1229277,1078,962,116,,,OPTIMAL,84.0,3.537665606,
0,7,6,15,18,True,True,1.0,0.129469872,OPTIMAL,2,0.0,90.0,0.1950562,0.324526072,0,0,0,0.174472332,90.0,OPTIMAL,90.0,0.346798658,1.0
0,7,6,15,19,True,True,1.0,0.129521608,OPTIMAL,2,0.0,90.0,0.185802937,0.315324545,0,0,0,0.162271023,90.0,OPTIMAL,90.0,2.310602665,1.0
0,7,6,15,20,True,True,1.0,0.155195475,OPTIMAL,2,0.0,90.0,0.172060728,0.327256203,0,0,0,0.17519474,90.0,OPTIMAL,89.99997818,1.191147089,1.000000242
0,7,7,4,4,True,True,1.0,0.018511772,OPTIMAL,2,0.0,28.0,0.046269894,0.064781666,0,0,0,0.064781666,28.0,OPTIMAL,28.0,0.020142078,1.0
0,7,7,5,5,True,True,1.0,0.014996052,OPTIMAL,2,0.0,35.0,0.046509266,0.061505318,0,0,0,0.061505318,35.0,OPTIMAL,35.0,0.031011581,1.0
0,7,7,6,6,True,True,1.0,0.020997763,OPTIMAL,2,0.0,42.0,0.068513155,0.089510918,0,0,0,0.046504736,42.0,OPTIMAL,42.0,0.037526369,1.0
0,7,7,7,7,True,True,1.0,0.018998146,OPTIMAL,2,0.0,49.0,0.077119589,0.096117735,0,0,0,0.03480792,49.0,OPTIMAL,49.0,0.043508053,1.0
0,7,7,7,8,True,True,1.0,0.072708845,OPTIMAL,2,0.0,49.0,0.102507353,0.175216198,0,0,0,0.088708639,49.0,OPTIMAL,49.0,0.496858597,1.0
0,7,7,8,8,True,True,1.0,0.017999172,OPTIMAL,2,0.0,56.0,0.114783049,0.132782221,0,0,0,0.033628225,56.0,OPTIMAL,56.0,0.050000429,1.0
0,7,7,8,9,True,True,1.0,0.217199802,OPTIMAL,2,0.0,56.0,0.14252305,0.359722853,0,0,0,0.233198643,56.0,OPTIMAL,56.0,0.960107088,1.0
0,7,7,9,9,True,True,1.0,0.020038366,OPTIMAL,2,0.0,63.0,0.12164855,0.141686916,0,0,0,0.035549641,63.0,OPTIMAL,63.0,0.06372571,1.0
0,7,7,9,10,True,True,1.0,0.125417948,OPTIMAL,2,0.0,63.0,0.163149595,0.288567543,0,0,0,0.14141655,63.0,OPTIMAL,62.9999874,1.869255304,1.0000002
0,7,7,10,10,True,True,1.0,0.03900218,OPTIMAL,2,0.0,70.0,0.152521133,0.191523314,0,0,0,0.067000389,70.0,OPTIMAL,70.0,0.076514244,1.0
0,7,7,10,11,True,True,1.0,0.162532806,OPTIMAL,2,0.0,70.0,0.178062439,0.340595245,0,0,0,0.179532766,70.0,OPTIMAL,70.0,1.108848333,1.0
0,7,7,11,11,True,True,1.0,0.032995462,OPTIMAL,2,0.0,77.0,0.138344049,0.171339512,0,0,0,0.050992966,77.0,OPTIMAL,77.0,0.059999704,1.0
0,7,7,11,12,True,True,1.0,0.148076534,OPTIMAL,2,0.0,77.0,0.166524649,0.314601183,0,0,0,0.164079905,77.0,OPTIMAL,77.0,0.338940382,1.0
0,7,7,12,12,True,True,1.0,0.020298958,OPTIMAL,2,0.0,84.0,0.148601055,0.168900013,0,0,0,0.168396473,84.0,OPTIMAL,84.0,0.06400013,1.0
0,7,7,12,13,True,True,1.0,0.136273861,OPTIMAL,2,0.0,84.0,0.160771608,0.297045469,0,0,0,0.15487504,84.0,OPTIMAL,84.0,2.222681999,1.0
0,7,7,13,13,True,True,1.0,0.022997618,OPTIMAL,2,0.0,91.0,0.138513088,0.161510706,0,0,0,0.037998199,91.0,OPTIMAL,91.0,0.079508066,1.0
0,7,7,13,14,True,True,1.0,0.161028862,OPTIMAL,2,0.0,91.0,0.197056293,0.358085155,0,0,0,0.192558289,91.0,OPTIMAL,91.0,0.348474741,1.0
0,7,7,13,15,True,True,1.0,0.144049644,OPTIMAL,2,0.0,91.0,0.189055681,0.333105326,0,0,0,0.161562443,91.0,OPTIMAL,91.0,1.551188707,1.0
0,7,7,14,14,True,True,1.0,0.038015127,OPTIMAL,2,0.0,98.0,0.189493179,0.227508307,0,0,0,0.053496361,98.0,OPTIMAL,98.0,0.102524519,1.0
0,7,7,14,15,True,True,1.0,0.173363209,OPTIMAL,2,0.0,98.0,0.244492769,0.417855978,0,0,0,0.191363096,98.0,OPTIMAL,98.0,2.59574604,1.0
0,7,7,14,16,True,True,1.0,0.170078516,OPTIMAL,2,0.0,98.0,0.161991596,0.332070112,0,0,0,0.210078478,98.0,OPTIMAL,98.0,1.837034941,1.0
0,7,7,15,15,True,True,1.0,0.052533865,OPTIMAL,2,0.0,105.0,0.180356026,0.232889891,0,0,0,0.072049141,105.0,OPTIMAL,105.0,0.110806465,1.0
0,7,7,15,16,True,True,1.0,0.156435728,OPTIMAL,2,0.0,105.0,0.235177279,0.391613007,0,0,0,0.174441338,105.0,OPTIMAL,105.0,1.394269943,1.0
0,7,7,15,17,True,True,1.0,0.19024086,OPTIMAL,2,0.0,105.0,0.15602541,0.34626627,0,0,0,0.210752726,105.0,OPTIMAL,105.0,1.639670372,1.0
0,7,8,8,7,True,True,1.0,0.022001743,OPTIMAL,2,0.0,64.0,0.035332203,0.057333946,0,0,0,0.037001371,64.0,OPTIMAL,64.0,0.036514521,1.0
0,7,8,9,8,True,True,1.0,0.111261606,OPTIMAL,2,0.0,72.0,0.074508905,0.185770512,0,0,0,0.127767324,72.0,OPTIMAL,72.0,0.105512619,1.0
0,7,8,10,9,True,True,1.0,0.226967573,OPTIMAL,2,0.0,80.0,0.142514944,0.369482517,0,0,0,0.244965315,80.0,OPTIMAL,80.0,0.125018597,1.0
0,7,8,11,10,True,True,1.0,0.15221715,OPTIMAL,2,0.0,88.0,0.446957111,0.599174261,0,0,0,0.177357674,88.0,OPTIMAL,88.0,0.6422894,1.0
0,7,8,12,11,True,True,1.0,0.220933437,OPTIMAL,2,0.0,96.0,0.841197491,1.062130928,0,0,0,0.258444071,96.0,OPTIMAL,96.0,0.290550947,1.0
0,7,8,13,12,True,True,1.0,0.167902946,OPTIMAL,2,0.0,104.0,1.432638407,1.600541353,0,0,0,0.197799683,104.0,OPTIMAL,104.0,1.069670916,1.0
0,7,8,14,13,True,True,1.0,0.089356184,OPTIMAL,2,0.0,112.0,0.480418921,0.569775105,0,0,0,0.129889727,112.0,OPTIMAL,112.0,1.224787712,1.0
0,7,8,15,14,True,True,1.0,0.200515032,OPTIMAL,2,0.0,120.0,1.613261223,1.813776255,0,0,0,0.257522106,120.0,OPTIMAL,120.0,0.750744581,1.0
0,7,9,5,4,True,True,1.0,0.058997869,OPTIMAL,2,0.0,45.0,0.047898531,0.1068964,0,0,0,0.074970245,45.0,OPTIMAL,45.0,0.069528103,1.0
0,7,9,6,5,True,True,1.0,0.125265837,OPTIMAL,2,0.0,54.0,0.395071507,0.520337343,0,0,0,0.157278061,54.0,OPTIMAL,54.0,0.114579201,1.0
0,7,9,7,6,True,True,1.0,0.097535372,OPTIMAL,2,0.0,63.0,0.455771208,0.55330658,0,0,0,0.128535271,63.0,OPTIMAL,63.0,0.402329683,1.0
0,7,9,9,7,True,True,1.0,0.068806648,OPTIMAL,2,0.0,81.0,0.032045841,0.100852489,0,0,0,0.084852934,81.0,OPTIMAL,81.0,0.039009809,1.0
0,7,9,10,8,True,True,1.0,0.136526346,OPTIMAL,2,0.0,90.0,0.213994026,0.350520372,0,0,0,0.161046267,90.0,OPTIMAL,90.0,0.12645483,1.0
0,7,9,11,9,True,True,1.0,0.157010317,OPTIMAL,2,0.0,99.0,1.044887066,1.201897383,0,0,0,0.208001137,99.0,OPTIMAL,99.0,0.730709314,1.0
0,7,9,12,10,True,True,1.0,0.216685534,OPTIMAL,2,0.0,108.0,1.691757679,1.908443213,0,0,0,0.28020215,108.0,OPTIMAL,108.0,0.586152554,1.0
0,7,9,13,11,True,True,1.0,0.099846125,OPTIMAL,2,0.0,117.0,2.54080224,2.640648365,0,0,0,0.141967773,117.0,OPTIMAL,117.0,1.017471313,1.0
0,7,9,14,11,True,True,1.0,0.248517513,OPTIMAL,2,0.0,126.0,0.173032045,0.421549559,0,0,0,0.266040802,126.0,OPTIMAL,126.0,0.171517134,1.0
0,7,9,14,12,True,True,1.0,0.114637852,OPTIMAL,2,0.0,126.0,2.110723495,2.225361347,0,0,0,0.154163599,126.0,OPTIMAL,126.0,1.558247089,1.0
0,7,9,15,12,True,True,1.0,0.294666767,OPTIMAL,2,0.0,135.0,1.108006239,1.402673006,0,0,0,0.317662001,135.0,OPTIMAL,135.0,0.362878084,1.0
0,7,9,15,13,True,True,1.0,0.147232771,OPTIMAL,2,0.0,135.0,2.148555994,2.295788765,0,0,0,0.198350906,135.0,OPTIMAL,135.0,1.289239645,1.0
0,7,10,4,3,True,True,1.0,0.051998615,OPTIMAL,2,0.0,40.0,0.077999115,0.12999773,0,0,0,0.072999001,40.0,OPTIMAL,40.0,0.073839426,1.0
0,7,10,7,5,True,True,1.0,0.10629797,OPTIMAL,2,0.0,70.0,0.063446522,0.169744492,0,0,0,0.140230417,70.0,OPTIMAL,70.0,0.073547363,1.0
0,7,10,8,6,True,True,1.0,0.062515736,OPTIMAL,2,0.0,80.0,0.143131018,0.205646753,0,0,0,0.094521761,80.0,OPTIMAL,80.0,0.46249032,1.0
0,7,10,10,7,True,True,1.0,0.022997379,OPTIMAL,2,0.0,100.0,0.032519579,0.055516958,0,0,0,0.038517237,100.0,OPTIMAL,100.0,0.056527615,1.0
0,7,10,11,8,True,True,1.0,0.141718864,OPTIMAL,2,0.0,110.0,0.598023415,0.739742279,0,0,0,0.16971755,110.0,OPTIMAL,110.0,0.354564428,1.0
0,7,10,12,9,True,True,1.0,0.170066595,OPTIMAL,2,0.0,120.0,1.585008383,1.755074978,0,0,0,0.211576223,120.0,OPTIMAL,120.0,0.314543724,1.0
0,7,10,13,10,True,True,1.0,0.197352648,OPTIMAL,2,0.0,130.0,2.381782055,2.579134703,0,0,0,0.252872229,130.0,OPTIMAL,130.0,0.993879795,1.0
0,7,10,14,10,True,True,1.0,0.144910336,OPTIMAL,2,0.0,140.0,0.278089046,0.422999382,0,0,0,0.179424524,140.0,OPTIMAL,140.0,0.309623241,1.0
0,7,10,15,11,True,True,1.0,0.250837088,OPTIMAL,2,0.0,150.0,1.362866879,1.613703966,0,0,0,0.287363768,150.0,OPTIMAL,150.0,1.072919846,1.0
0,8,6,4,6,True,True,1.0,0.101528883,OPTIMAL,2,0.0,24.0,0.053274393,0.154803276,0,0,0,0.119527817,24.0,OPTIMAL,24.0,0.074004889,1.0
0,8,6,5,7,True,True,1.0,0.089646101,OPTIMAL,2,0.0,30.0,0.075080156,0.164726257,0,0,0,0.114210367,30.0,OPTIMAL,30.0,0.098162413,1.0
0,8,6,6,8,True,True,1.0,0.016996861,OPTIMAL,2,0.0,36.0,0.107021332,0.124018192,0,0,0,0.033504009,36.0,OPTIMAL,36.0,0.047003508,1.0
0,8,6,6,9,True,True,1.0,0.040861845,OPTIMAL,2,0.0,36.0,0.110670805,0.15153265,0,0,0,0.062377214,36.0,OPTIMAL,36.0,0.163305521,1.0
0,8,6,7,10,True,True,1.0,0.090398073,OPTIMAL,2,0.0,42.0,0.143511772,0.233909845,0,0,0,0.12439847,42.0,OPTIMAL,42.0,0.31093502,1.0
0,8,6,7,11,True,False,1.054794521,1.776670933,INFEASIBLE,3,,inf,2.484960079,4.261631012,345,308,37,,,OPTIMAL,42.0,0.266262293,
0,8,6,8,11,True,True,1.0,0.157540798,OPTIMAL,2,0.0,48.0,0.178202152,0.33574295,0,0,0,0.208214521,48.0,OPTIMAL,48.0,0.124147654,1.0
0,8,6,8,12,True,True,1.0,0.096552372,OPTIMAL,2,0.0,48.0,0.088521242,0.185073614,0,0,0,0.119074106,48.0,OPTIMAL,48.0,0.713778496,1.0
0,8,6,9,12,True,True,1.0,0.020998001,OPTIMAL,2,0.0,54.0,0.051157475,0.072155476,0,0,0,0.037008047,54.0,OPTIMAL,54.0,0.030999184,1.0
0,8,6,9,13,True,True,1.0,0.087529182,OPTIMAL,2,0.0,54.0,0.110759258,0.198288441,0,0,0,0.123049736,54.0,OPTIMAL,54.0,1.214522839,1.0
0,8,6,9,14,True,False,1.041322314,1.789562702,INFEASIBLE,3,,inf,17.97334313,19.76290584,741,658,83,,,OPTIMAL,54.0,1.21724844,
0,8,6,10,14,True,True,1.0,0.143419266,OPTIMAL,2,0.0,60.0,0.118988276,0.262407541,0,0,0,0.175870895,60.0,OPTIMAL,60.0,0.514160633,1.0
0,8,6,10,15,True,True,1.0,0.086371422,OPTIMAL,2,0.0,60.0,0.13513875,0.221510172,0,0,0,0.119719028,60.0,OPTIMAL,60.0,2.292409182,1.0
0,8,6,11,15,True,True,1.0,0.176367521,OPTIMAL,2,0.0,66.0,0.118532419,0.29489994,0,0,0,0.202377558,66.0,OPTIMAL,66.0,0.325590134,1.0
0,8,6,11,16,True,True,1.0,0.159041643,OPTIMAL,2,0.0,66.0,0.143597126,0.302638769,0,0,0,0.19658637,66.0,OPTIMAL,66.0,1.314823151,1.0
0,8,6,11,17,True,False,1.033149171,1.904916763,INFEASIBLE,3,,inf,83.79873848,85.70365524,944,840,104,,,OPTIMAL,66.0,1.77476263,
0,8,6,12,16,True,True,1.0,0.032803297,OPTIMAL,2,0.0,72.0,0.110538483,0.14334178,0,0,0,0.051803112,72.0,OPTIMAL,72.0,0.080529213,1.0
0,8,6,12,17,True,True,1.0,0.139057159,OPTIMAL,2,0.0,72.0,0.191059351,0.33011651,0,0,0,0.190066099,72.0,OPTIMAL,72.0,1.540681839,1.0
0,8,6,12,18,True,True,1.0,0.255458117,OPTIMAL,2,0.0,72.0,0.195628405,0.451086521,0,0,0,0.29328537,72.0,OPTIMAL,72.0,4.161389828,1.0
0,8,6,12,19,True,False,1.065420561,2.244118452,TIME_LIMIT,9,,72.0,598.8562889,601.1004074,786,702,84,,,OPTIMAL,71.99998804,2.733603239,
0,8,6,13,18,True,True,1.0,0.191252947,OPTIMAL,2,0.0,78.0,0.150914192,0.342167139,0,0,0,0.215779781,78.0,OPTIMAL,78.0,0.469985247,1.0
0,8,6,13,19,True,True,1.0,0.167527199,OPTIMAL,2,0.0,78.0,0.2229352,0.390462399,0,0,0,0.20452857,78.0,OPTIMAL,78.0,1.747528791,1.0
0,8,6,13,20,True,False,1.027667984,2.118980408,TIME_LIMIT,9,,78.0,598.5565617,600.6755421,1255,1118,137,,,OPTIMAL,78.0,1.742251158,
0,8,6,14,19,True,True,1.0,0.499906301,OPTIMAL,2,0.0,84.0,0.180031061,0.679937363,0,0,0,0.526908636,84.0,OPTIMAL,84.0,0.635151863,1.0
0,8,6,14,20,True,True,1.0,0.244074583,OPTIMAL,2,0.0,84.0,0.229616165,0.473690748,0,0,0,0.283059597,84.0,OPTIMAL,84.0,2.676217556,1.0
0,8,6,14,21,True,True,1.0,0.209659576,OPTIMAL,2,0.0,84.0,0.311553001,0.521212578,0,0,0,0.253661394,84.0,OPTIMAL,84.0,0.938021898,1.0
0,8,6,14,22,True,False,1.054794521,2.662511349,INFEASIBLE,3,,inf,233.3438687,236.0063801,773,690,83,,,OPTIMAL,84.0,1.021167994,
0,8,6,15,20,True,True,1.0,0.030999422,OPTIMAL,2,0.0,90.0,0.168923378,0.1999228,0,0,0,0.063265324,90.0,OPTIMAL,90.0,0.116056204,1.0
0,8,6,15,21,True,True,1.0,0.187029123,OPTIMAL,2,0.0,90.0,0.209026098,0.396055222,0,0,0,0.225035191,90.0,OPTIMAL,90.0,2.342220306,1.0
0,8,6,15,22,True,True,1.0,0.278702974,OPTIMAL,2,0.0,90.0,0.276361465,0.55506444,0,0,0,0.341836214,90.0,OPTIMAL,90.0,3.694694519,1.0
0,8,6,15,23,True,False,1.023738872,2.35462141,TIME_LIMIT,9,,90.0,597.7675762,600.1221976,1521,1354,167,,,OPTIMAL,90.0,5.691191673,
0,8,7,4,5,True,True,1.0,0.091525078,OPTIMAL,2,0.0,28.0,0.88169837,0.973223448,355,314,41,0.963397026,28.0,OPTIMAL,28.0,0.186482191,1.0
0,8,7,5,6,True,True,1.0,0.304848433,OPTIMAL,2,0.0,35.0,4.736898661,5.041747093,983,867,116,4.792845964,35.0,OPTIMAL,35.0,0.071527004,1.0
0,8,7,6,7,True,True,1.0,0.138107061,OPTIMAL,2,0.0,42.0,0.183525085,0.321632147,0,0,0,0.321632147,42.0,OPTIMAL,42.0,0.126678705,1.0
0,8,7,7,8,True,True,1.0,0.02799511,OPTIMAL,2,0.0,49.0,0.106527328,0.134522438,0,0,0,0.046513557,49.0,OPTIMAL,49.0,0.070010662,1.0
0,8,7,7,9,True,True,1.0,0.208562613,OPTIMAL,2,0.0,49.0,0.168749332,0.377311945,0,0,0,0.237077475,49.0,OPTIMAL,49.0,0.420035839,1.0
0,8,7,8,10,True,True,1.0,0.12351799,OPTIMAL,2,0.0,56.0,0.145665169,0.269183159,0,0,0,0.16351819,56.0,OPTIMAL,56.0,0.192635536,1.0
0,8,7,9,11,True,True,1.0,0.197026491,OPTIMAL,2,0.0,63.0,22.47058511,22.6676116,1925,1732,193,22.59559512,63.0,OPTIMAL,63.0,0.351135254,1.0
0,8,7,10,12,True,True,1.0,0.184247494,OPTIMAL,2,0.0,70.0,0.091150999,0.275398493,0,0,0,0.209867716,70.0,OPTIMAL,70.0,1.043249607,1.0
0,8,7,10,13,True,True,1.0,0.263826847,OPTIMAL,2,0.0,70.0,0.148063898,0.411890745,0,0,0,0.294836998,70.0,OPTIMAL,70.0,1.823917866,1.0
0,8,7,11,13,True,True,1.0,0.361937046,OPTIMAL,2,0.0,77.0,0.143187046,0.505124092,0,0,0,0.414936304,77.0,OPTIMAL,77.0,0.215571642,1.0
0,8,7,11,14,True,True,1.0,0.15554738,OPTIMAL,2,0.0,77.0,0.129050016,0.284597397,0,0,0,0.18906641,77.0,OPTIMAL,77.0,3.283521652,1.0
0,8,7,12,14,True,True,1.0,0.331007957,OPTIMAL,2,0.0,84.0,0.131024122,0.46203208,0,0,0,0.359518528,84.0,OPTIMAL,84.0,0.335091352,1.0
0,8,7,12,15,True,True,1.0,0.136120558,OPTIMAL,2,0.0,84.0,0.151583672,0.287704229,0,0,0,0.18565321,84.0,OPTIMAL,84.0,1.804608822,1.0
0,8,7,13,15,True,True,1.0,0.268227816,OPTIMAL,2,0.0,91.0,0.134862185,0.40309,0,0,0,0.308228254,91.0,OPTIMAL,91.0,0.254064083,1.0
0,8,7,13,16,True,True,1.0,0.144001961,OPTIMAL,2,0.0,91.0,0.194425583,0.338427544,0,0,0,0.208897591,91.0,OPTIMAL,91.0,1.195067883,1.0
0,8,7,13,17,True,True,1.0,0.322114229,OPTIMAL,2,0.0,91.0,0.248175383,0.570289612,0,0,0,0.40963316,91.0,OPTIMAL,91.0,3.614958763,1.0
0,8,7,14,16,True,True,1.0,0.039543152,OPTIMAL,2,0.0,98.0,0.094535589,0.134078741,0,0,0,0.06054306,98.0,OPTIMAL,98.0,0.079089642,1.0
0,8,7,14,17,True,True,1.0,0.25090313,OPTIMAL,2,0.0,98.0,0.205533981,0.456437111,0,0,0,0.291897774,98.0,OPTIMAL,98.0,2.675548553,1.0
0,8,7,14,18,True,True,1.0,0.356664896,OPTIMAL,2,0.0,98.0,0.219552755,0.576217651,0,0,0,0.405117512,98.0,OPTIMAL,98.0,4.999989986,1.0
0,8,7,15,18,True,True,1.0,0.222245216,OPTIMAL,2,0.0,105.0,0.274293184,0.496538401,0,0,0,0.274009228,105.0,OPTIMAL,105.0,0.763246775,1.0
0,8,7,15,19,True,True,1.0,0.175283909,OPTIMAL,2,0.0,105.0,0.2395823,0.414866209,0,0,0,0.211803913,105.0,OPTIMAL,105.0,4.62054801,1.0
0,8,8,4,4,True,True,1.0,0.036510944,OPTIMAL,2,0.0,32.0,0.0674541,0.103965044,0,0,0,0.060959578,32.0,OPTIMAL,32.0,0.026808262,1.0
0,8,8,5,5,True,True,1.0,0.042996645,OPTIMAL,2,0.0,40.0,0.05399704,0.096993685,0,0,0,0.060989618,40.0,OPTIMAL,40.0,0.03851366,1.0
0,8,8,6,6,True,True,1.0,0.028993368,OPTIMAL,2,0.0,48.0,0.091107845,0.120101213,0,0,0,0.047993183,48.0,OPTIMAL,48.0,0.026710987,1.0
0,8,8,7,7,True,True,1.0,0.034487724,OPTIMAL,2,0.0,56.0,0.106538534,0.141026258,0,0,0,0.137028456,56.0,OPTIMAL,56.0,0.057528973,1.0
0,8,8,8,8,True,True,1.0,0.033998013,OPTIMAL,2,0.0,64.0,0.128516436,0.162514448,0,0,0,0.052997828,64.0,OPTIMAL,64.0,0.065010071,1.0
0,8,8,8,9,True,True,1.0,0.154783249,OPTIMAL,2,0.0,64.0,0.198668003,0.353451252,0,0,0,0.199888468,64.0,OPTIMAL,64.0,1.551841497,1.0
0,8,8,9,9,True,True,1.0,0.050519705,OPTIMAL,2,0.0,72.0,0.137694836,0.18821454,0,0,0,0.184212685,72.0,OPTIMAL,72.0,0.08451581,1.0
0,8,8,9,10,True,True,1.0,0.208031654,OPTIMAL,2,0.0,72.0,0.186076164,0.394107819,0,0,0,0.240032911,72.0,OPTIMAL,71.99997748,1.708827972,1.000000313
0,8,8,10,10,True,True,1.0,0.023999453,OPTIMAL,2,0.0,80.0,0.186035633,0.210035086,0,0,0,0.206033468,80.0,OPTIMAL,80.0,0.084716558,1.0
0,8,8,10,11,True,True,1.0,0.246863127,OPTIMAL,2,0.0,80.0,0.237681627,0.484544754,0,0,0,0.272377253,80.0,OPTIMAL,80.0,1.172877789,1.0
0,8,8,11,11,True,True,1.0,0.0305233,OPTIMAL,2,0.0,88.0,0.153182745,0.183706045,0,0,0,0.052449465,88.0,OPTIMAL,88.0,0.080509663,1.0
0,8,8,11,12,True,True,1.0,0.186350107,OPTIMAL,2,0.0,88.0,0.26601696,0.452367067,0,0,0,0.223347664,88.0,OPTIMAL,88.0,3.156219482,1.0
0,8,8,12,12,True,True,1.0,0.059345484,OPTIMAL,2,0.0,96.0,0.211943626,0.27128911,0,0,0,0.089859009,96.0,OPTIMAL,96.0,0.108193398,1.0
0,8,8,12,13,True,True,1.0,0.179523468,OPTIMAL,2,0.0,96.0,0.26743722,0.446960688,0,0,0,0.222061634,96.0,OPTIMAL,96.0,2.584533453,1.0
0,8,8,13,13,True,True,1.0,0.058180094,OPTIMAL,2,0.0,104.0,0.261895895,0.320075989,0,0,0,0.317078114,104.0,OPTIMAL,104.0,0.106900692,1.0
0,8,8,13,14,True,True,1.0,0.236502886,OPTIMAL,2,0.0,104.0,0.257643938,0.494146824,0,0,0,0.265511751,104.0,OPTIMAL,103.9999992,2.30219245,1.000000008
0,8,8,14,14,True,True,1.0,0.036678314,OPTIMAL,2,0.0,112.0,0.313688755,0.350367069,0,0,0,0.347309828,112.0,OPTIMAL,112.0,0.120539904,1.0
0,8,8,14,15,True,True,1.0,0.321433067,OPTIMAL,2,0.0,112.0,0.333931446,0.655364513,0,0,0,0.376831055,112.0,OPTIMAL,112.0,2.685380936,1.0
0,8,8,15,15,True,True,1.0,0.030993223,OPTIMAL,2,0.0,120.0,0.230117559,0.261110783,0,0,0,0.051992416,120.0,OPTIMAL,120.0,0.109529972,1.0
0,8,8,15,16,True,True,1.0,0.31959486,OPTIMAL,2,0.0,120.0,0.405865431,0.725460291,0,0,0,0.367885828,120.0,OPTIMAL,120.0,3.753319263,1.0
0,8,8,15,17,True,True,1.0,0.358742476,OPTIMAL,2,0.0,120.0,0.281791687,0.640534163,0,0,0,0.388744116,120.0,OPTIMAL,120.0,6.245526552,1.0
0,8,9,9,8,True,True,1.0,0.036994457,OPTIMAL,2,0.0,81.0,0.058001518,0.094995975,0,0,0,0.056994677,81.0,OPTIMAL,81.0,0.056000471,1.0
0,8,9,10,9,True,True,1.0,0.332015514,OPTIMAL,2,0.0,90.0,0.153647184,0.485662699,0,0,0,0.354057789,90.0,OPTIMAL,90.0,0.236178875,1.0
0,8,9,11,10,True,True,1.0,0.20416379,OPTIMAL,2,0.0,99.0,0.286059856,0.490223646,0,0,0,0.23116231,99.0,OPTIMAL,99.0,0.274569035,1.0
0,8,9,12,11,True,True,1.0,0.322489262,OPTIMAL,2,0.0,108.0,1.305280685,1.627769947,0,0,0,0.350702286,108.0,OPTIMAL,108.0,0.834230185,1.0
0,8,9,13,12,True,True,1.0,0.330870867,OPTIMAL,2,0.0,117.0,1.772240877,2.103111744,0,0,0,0.38938427,117.0,OPTIMAL,117.0,0.77138567,1.0
0,8,9,14,13,True,True,1.0,0.382131815,OPTIMAL,2,0.0,126.0,1.624927998,2.007059813,0,0,0,0.429130793,126.0,OPTIMAL,126.0,2.292581558,1.0
0,8,9,15,14,True,True,1.0,0.28260541,OPTIMAL,2,0.0,135.0,2.147433519,2.430038929,0,0,0,0.380135059,135.0,OPTIMAL,135.0,0.606476307,1.0
0,8,10,5,4,True,True,1.0,0.029518843,OPTIMAL,2,0.0,50.0,0.045006752,0.074525595,0,0,0,0.062523603,50.0,OPTIMAL,50.0,0.028518915,1.0
0,8,10,6,5,True,True,1.0,0.230827093,OPTIMAL,2,0.0,60.0,0.189226389,0.420053482,0,0,0,0.258828878,60.0,OPTIMAL,60.0,0.154726744,1.0
0,8,10,7,6,True,True,1.0,0.152558327,OPTIMAL,2,0.0,70.0,0.379631758,0.532190084,0,0,0,0.18455863,70.0,OPTIMAL,70.0,0.434514999,1.0
0,8,10,8,7,True,True,1.0,0.123525381,OPTIMAL,2,0.0,80.0,1.843437195,1.966962576,231,210,21,1.897217751,80.0,OPTIMAL,80.0,1.016657829,1.0
0,8,10,10,8,True,True,1.0,0.047729254,OPTIMAL,2,0.0,100.0,0.04562211,0.093351364,0,0,0,0.066733122,100.0,OPTIMAL,100.0,0.0565238,1.0
0,8,10,11,9,True,True,1.0,0.195826292,OPTIMAL,2,0.0,110.0,0.257034063,0.452860355,0,0,0,0.238831997,110.0,OPTIMAL,110.0,0.254124403,1.0
0,8,10,12,10,True,True,1.0,0.231192589,OPTIMAL,2,0.0,120.0,1.651298046,1.882490635,0,0,0,0.295190573,120.0,OPTIMAL,120.0,1.443496466,1.0
0,8,10,13,11,True,True,1.0,0.19733882,OPTIMAL,2,1.2e-07,129.9999844,3.063660145,3.260998964,0,0,0,0.281907797,130.0,OPTIMAL,130.0,1.961788177,1.0
0,8,10,14,12,True,True,1.0,0.354878664,OPTIMAL,2,0.0,140.0,2.438310623,2.793189287,0,0,0,0.429411173,140.0,OPTIMAL,140.0,1.641619682,1.0
0,8,10,15,12,True,True,1.0,0.047512531,OPTIMAL,2,0.0,150.0,0.08480072,0.132313251,0,0,0,0.06814003,150.0,OPTIMAL,150.0,0.135538816,1.0
0,8,10,15,13,True,True,1.0,0.250231504,OPTIMAL,2,0.0,150.0,4.6857934,4.936024904,0,0,0,0.309654713,150.0,OPTIMAL,150.0,1.063312292,1.0
0,8,11,4,3,True,True,1.0,0.134512663,OPTIMAL,2,0.0,44.0,0.048004389,0.182517052,0,0,0,0.15751195,44.0,OPTIMAL,44.0,0.052549124,1.0
0,8,11,8,6,True,True,1.0,0.172806263,OPTIMAL,2,0.0,88.0,0.201610327,0.37441659,0,0,0,0.209342003,88.0,OPTIMAL,88.0,0.149528027,1.0
0,8,11,9,7,True,True,1.0,0.16105938,OPTIMAL,2,0.0,99.0,1.282337427,1.443396807,0,0,0,0.209059715,99.0,OPTIMAL,99.0,0.205163479,1.0
0,8,11,11,8,True,True,1.0,0.024537563,OPTIMAL,2,0.0,121.0,0.04755497,0.072092533,0,0,0,0.045005798,121.0,OPTIMAL,121.0,0.06050539,1.0
0,8,11,12,9,True,True,1.0,0.219139814,OPTIMAL,2,0.0,132.0,1.062452078,1.281591892,0,0,0,0.257108212,132.0,OPTIMAL,132.0,0.361153841,1.0
0,8,11,13,10,True,True,1.0,0.246569872,OPTIMAL,2,0.0,143.0,3.286131859,3.532701731,0,0,0,0.297079325,143.0,OPTIMAL,143.0,2.162321806,1.0
0,8,11,14,11,True,True,1.0,0.219595909,OPTIMAL,2,0.0,154.0,2.62374711,2.843343019,0,0,0,0.282601357,154.0,OPTIMAL,154.0,1.793433666,1.0
0,8,11,15,11,True,True,1.0,0.416332483,OPTIMAL,2,0.0,165.0,0.226861,0.643193483,0,0,0,0.446440697,165.0,OPTIMAL,165.0,0.254031658,1.0
0,9,7,5,7,True,True,1.0,0.153422594,OPTIMAL,2,0.0,35.0,0.145010948,0.298433542,0,0,0,0.201907158,35.0,OPTIMAL,35.0,0.178202868,1.0
0,9,7,6,8,True,True,1.0,0.061733723,OPTIMAL,2,0.0,42.0,0.15250659,0.214240313,0,0,0,0.112731218,42.0,OPTIMAL,42.0,0.12554574,1.0
0,9,7,7,9,True,True,1.0,0.035749912,OPTIMAL,2,0.0,49.0,0.12749815,0.163248062,0,0,0,0.056761503,49.0,OPTIMAL,49.0,0.068635702,1.0
0,9,7,7,10,True,True,1.0,0.119914293,OPTIMAL,2,0.0,49.0,0.103899717,0.223814011,0,0,0,0.158911705,49.0,OPTIMAL,49.0,0.266635418,1.0
0,9,7,8,11,True,True,1.0,0.191316843,OPTIMAL,2,0.0,56.0,0.114616871,0.305933714,0,0,0,0.232318163,56.0,OPTIMAL,56.0,0.760216951,1.0
0,9,7,9,12,True,True,1.0,0.144604445,OPTIMAL,2,0.0,63.0,0.135122776,0.279727221,0,0,0,0.194708109,63.0,OPTIMAL,63.0,0.358167648,1.0
0,9,7,9,13,True,True,1.0,0.215023994,OPTIMAL,2,0.0,63.0,0.189234972,0.404258966,0,0,0,0.295728922,63.0,OPTIMAL,63.0,2.823748112,1.0
0,9,7,10,13,True,True,1.0,0.510877132,OPTIMAL,2,0.0,70.0,0.119532585,0.630409718,0,0,0,0.535963774,70.0,OPTIMAL,70.0,0.210141182,1.0
0,9,7,10,14,True,True,1.0,0.117530584,OPTIMAL,2,0.0,70.0,0.148670912,0.266201496,0,0,0,0.15353179,70.0,OPTIMAL,70.0,1.852170467,1.0
0,9,7,11,15,True,True,1.0,0.278851748,OPTIMAL,2,0.0,77.0,0.186546326,0.465398073,0,0,0,0.330389977,77.0,OPTIMAL,77.0,1.67004323,1.0
0,9,7,11,16,True,True,1.0,0.226790905,OPTIMAL,2,0.0,77.0,0.20361948,0.430410385,0,0,0,0.277322054,77.0,OPTIMAL,77.0,2.228845358,1.0
0,9,7,12,16,True,True,1.0,0.107542992,OPTIMAL,2,0.0,84.0,0.178039551,0.285582542,0,0,0,0.147056818,84.0,OPTIMAL,84.0,0.757574558,1.0
0,9,7,12,17,True,True,1.0,0.224889994,OPTIMAL,2,0.0,84.0,0.231055975,0.455945969,0,0,0,0.267890215,84.0,OPTIMAL,84.0,3.322460651,1.0
0,9,7,13,17,True,True,1.0,0.716228485,OPTIMAL,2,0.0,91.0,0.180626392,0.896854877,0,0,0,0.749228001,91.0,OPTIMAL,91.0,0.512681484,1.0
0,9,7,13,18,True,True,1.0,0.208320618,OPTIMAL,2,0.0,91.0,0.279598236,0.487918854,0,0,0,0.258318424,91.0,OPTIMAL,91.0,3.23137641,1.0
0,9,7,13,19,True,True,1.0,0.247680187,OPTIMAL,2,0.0,91.0,0.257419109,0.505099297,0,0,0,0.291041613,91.0,OPTIMAL,91.0,5.495582819,1.0
0,9,7,14,18,True,True,1.0,0.045015335,OPTIMAL,2,0.0,98.0,0.169487,0.214502335,0,0,0,0.211500168,98.0,OPTIMAL,98.0,0.111509562,1.0
0,9,7,14,19,True,True,1.0,0.301223278,OPTIMAL,2,0.0,98.0,0.245576143,0.546799421,0,0,0,0.352611542,98.0,OPTIMAL,98.0,2.077952385,1.0
0,9,7,14,20,True,True,1.0,0.210064411,OPTIMAL,2,0.0,98.0,0.383905172,0.593969584,0,0,0,0.275061131,98.0,OPTIMAL,98.0,5.951175451,1.0
0,9,7,15,20,True,True,1.0,0.277097225,OPTIMAL,2,0.0,105.0,0.259580851,0.536678076,0,0,0,0.317625761,105.0,OPTIMAL,105.0,1.63840723,1.0
0,9,7,15,21,True,True,1.0,0.213440657,OPTIMAL,2,0.0,105.0,0.387219667,0.600660324,0,0,0,0.271968842,105.0,OPTIMAL,105.0,6.385101795,1.0
0,9,7,15,22,True,True,1.0,0.363132477,OPTIMAL,2,0.0,105.0,0.353724718,0.716857195,0,0,0,0.418663025,105.0,OPTIMAL,105.0,7.883556128,1.0
0,9,8,4,5,True,True,1.0,0.084139824,OPTIMAL,2,0.0,32.0,0.064007044,0.148146868,0,0,0,0.106141806,32.0,OPTIMAL,32.0,0.154521465,1.0
0,9,8,5,6,True,True,1.0,0.107005596,OPTIMAL,2,0.0,40.0,0.939862251,1.046867847,178,156,22,1.041526794,40.0,OPTIMAL,40.0,0.158539057,1.0
0,9,8,6,7,True,True,1.0,0.138526201,OPTIMAL,2,0.0,48.0,0.1365273,0.275053501,0,0,0,0.165526152,48.0,OPTIMAL,48.0,0.166529894,1.0
0,9,8,7,8,True,True,1.0,0.062509298,OPTIMAL,2,0.0,56.0,0.136849642,0.19935894,0,0,0,0.085508823,56.0,OPTIMAL,56.0,0.145615578,1.0
0,9,8,8,9,True,True,1.0,0.022997856,OPTIMAL,2,0.0,64.0,0.148159027,0.171156883,0,0,0,0.043996334,64.0,OPTIMAL,64.0,0.066305399,1.0
0,9,8,8,10,True,True,1.0,0.196841002,OPTIMAL,2,0.0,64.0,0.132345676,0.329186678,0,0,0,0.260680676,64.0,OPTIMAL,64.0,1.238816977,1.0
0,9,8,9,11,True,True,1.0,0.222413778,OPTIMAL,2,0.0,72.0,0.122597694,0.345011473,0,0,0,0.260415792,72.0,OPTIMAL,72.0,0.27705574,1.0
0,9,8,10,12,True,True,1.0,0.183041573,OPTIMAL,2,0.0,80.0,0.12369132,0.306732893,0,0,0,0.216970205,80.0,OPTIMAL,80.0,0.553668976,1.0
0,9,8,11,13,True,True,1.0,0.255014896,OPTIMAL,2,0.0,88.0,0.140512466,0.395527363,0,0,0,0.28901577,88.0,OPTIMAL,88.0,1.591091394,1.0
0,9,8,11,14,True,False,1.04137931,2.451911211,TIME_LIMIT,9,,88.0,597.6970015,600.1489127,2362,2136,226,,,OPTIMAL,87.99999161,3.328660488,
0,9,8,12,14,True,True,1.0,0.254541874,OPTIMAL,2,0.0,96.0,0.185027361,0.439569235,0,0,0,0.319551229,96.0,OPTIMAL,96.0,1.726661682,1.0
0,9,8,12,15,True,True,1.0,0.29153657,OPTIMAL,2,0.0,96.0,0.25352788,0.545064449,0,0,0,0.335540533,96.0,OPTIMAL,96.0,2.525140285,1.0
0,9,8,13,15,True,True,1.0,0.361144066,OPTIMAL,2,0.0,104.0,6.761469126,7.122613192,1234,1120,114,6.835989475,104.0,OPTIMAL,104.0,0.791163683,1.0
0,9,8,13,16,True,True,1.0,0.296905756,OPTIMAL,2,0.0,104.0,0.24076128,0.537667036,0,0,0,0.346376419,104.0,OPTIMAL,104.0,4.68777132,1.0
0,9,8,14,16,True,True,1.0,0.274288416,OPTIMAL,2,0.0,112.0,0.218590021,0.492878437,0,0,0,0.314288378,112.0,OPTIMAL,112.0,0.598411798,1.0
0,9,8,14,17,True,True,1.0,0.183679819,OPTIMAL,2,0.0,112.0,0.25205946,0.435739279,0,0,0,0.223677397,112.0,OPTIMAL,112.0,5.007068396,1.0
0,9,8,15,17,True,True,1.0,0.334301233,TIME_LIMIT,9,,120.0,601.9450531,602.2793543,12098,10994,1104,,120.0,OPTIMAL,120.0,0.390030622,1.0
0,9,8,15,18,True,True,1.0,0.305388212,OPTIMAL,2,0.0,120.0,0.253753662,0.559141874,0,0,0,0.340867281,120.0,OPTIMAL,120.0,3.65117383,1.0
0,9,8,15,19,True,False,1.043956044,3.490454912,TIME_LIMIT,9,,120.0,596.6924777,600.1829326,1636,1470,166,,,OPTIMAL,120.0,11.34277201,
0,9,9,4,4,True,True,1.0,0.046718836,OPTIMAL,2,0.0,36.0,0.077125788,0.123844624,0,0,0,0.069718361,36.0,OPTIMAL,36.0,0.038000822,1.0
0,9,9,5,5,True,True,1.0,0.034535646,OPTIMAL,2,0.0,45.0,0.066518545,0.101054192,0,0,0,0.101054192,45.0,OPTIMAL,45.0,0.04101491,1.0
0,9,9,6,6,True,True,1.0,0.024564266,OPTIMAL,2,0.0,54.0,0.113265038,0.137829304,0,0,0,0.128824949,54.0,OPTIMAL,54.0,0.057510614,1.0
0,9,9,7,7,True,True,1.0,0.025998592,OPTIMAL,2,0.0,63.0,0.136042833,0.162041426,0,0,0,0.155041218,63.0,OPTIMAL,63.0,0.033505678,1.0
0,9,9,8,8,True,True,1.0,0.025997639,OPTIMAL,2,0.0,72.0,0.176059723,0.202057362,0,0,0,0.199056625,72.0,OPTIMAL,72.0,0.075194597,1.0
0,9,9,9,9,True,True,1.0,0.050524473,OPTIMAL,2,0.0,81.0,0.171040058,0.221564531,0,0,0,0.218565226,81.0,OPTIMAL,81.0,0.127389908,1.0
0,9,9,9,10,True,True,1.0,0.212352276,OPTIMAL,2,0.0,81.0,0.208178043,0.420530319,0,0,0,0.240352154,81.0,OPTIMAL,81.0,1.65049243,1.0
0,9,9,10,10,True,True,1.0,0.050869465,OPTIMAL,2,0.0,90.0,0.215034723,0.265904188,0,0,0,0.260908604,90.0,OPTIMAL,90.0,0.091511488,1.0
0,9,9,10,11,True,True,1.0,0.2287848,OPTIMAL,2,0.0,90.0,0.302702665,0.531487465,0,0,0,0.260785818,90.0,OPTIMAL,90.0,1.290928602,1.0
0,9,9,11,11,True,True,1.0,0.028514147,OPTIMAL,2,0.0,99.0,0.248165846,0.276679993,0,0,0,0.26795435,99.0,OPTIMAL,99.0,0.113533258,1.0
0,9,9,11,12,True,True,1.0,0.278287888,OPTIMAL,2,0.0,99.0,0.312461138,0.590749025,0,0,0,0.323214054,99.0,OPTIMAL,99.0,2.50988102,1.0
0,9,9,12,12,True,True,1.0,0.047135353,OPTIMAL,2,0.0,108.0,0.19706893,0.244204283,0,0,0,0.071135044,108.0,OPTIMAL,108.0,0.157648802,1.0
0,9,9,12,13,True,True,1.0,0.255216837,OPTIMAL,2,0.0,108.0,0.234763861,0.489980698,0,0,0,0.295215368,108.0,OPTIMAL,108.0,4.163559914,1.0
0,9,9,13,13,True,True,1.0,0.043818951,OPTIMAL,2,0.0,117.0,0.291160345,0.334979296,0,0,0,0.332978964,117.0,OPTIMAL,117.0,0.113517523,1.0
0,9,9,13,14,True,True,1.0,0.323493481,OPTIMAL,2,0.0,117.0,0.166402578,0.489896059,0,0,0,0.354859591,117.0,OPTIMAL,117.0,7.307105064,1.0
0,9,9,14,14,True,True,1.0,0.045529127,OPTIMAL,2,0.0,126.0,0.291886568,0.337415695,0,0,0,0.070529461,126.0,OPTIMAL,126.0,0.128514051,1.0
0,9,9,14,15,True,True,1.0,0.295871496,OPTIMAL,2,0.0,126.0,0.265396595,0.561268091,0,0,0,0.35388279,126.0,OPTIMAL,126.0,0.945320845,1.0
0,9,9,15,15,True,True,1.0,0.027009249,OPTIMAL,2,0.0,135.0,0.477571726,0.504580975,0,0,0,0.500437975,135.0,OPTIMAL,135.0,0.133801699,1.0
0,9,9,15,16,True,True,1.0,0.386265516,OPTIMAL,2,0.0,135.0,0.217490911,0.603756428,0,0,0,0.421264172,135.0,OPTIMAL,135.0,3.973317385,1.0
0,9,10,10,9,True,True,1.0,0.041905403,OPTIMAL,2,0.0,100.0,0.055708885,0.097614288,0,0,0,0.065011501,100.0,OPTIMAL,100.0,0.106531382,1.0
0,9,10,11,10,True,True,1.0,0.384371042,OPTIMAL,2,0.0,110.0,0.237493515,0.621864557,0,0,0,0.424893856,110.0,OPTIMAL,110.0,0.279564381,1.0
0,9,10,12,11,True,True,1.0,0.545031071,OPTIMAL,2,0.0,120.0,0.376403093,0.921434164,0,0,0,0.578375101,120.0,OPTIMAL,120.0,0.435766697,1.0
0,9,10,13,12,True,True,1.0,0.232285976,OPTIMAL,2,1.09e-08,129.9999986,1.515862465,1.748148441,0,0,0,0.294856787,130.0,OPTIMAL,130.0,0.496010303,1.0
0,9,10,14,13,True,True,1.0,0.22857213,OPTIMAL,2,0.0,140.0,1.907423735,2.135995865,0,0,0,0.289762497,140.0,OPTIMAL,140.0,1.221675634,1.0
0,9,10,15,14,True,True,1.0,0.486380339,OPTIMAL,2,0.0,150.0,1.754882813,2.241263151,0,0,0,0.544996262,150.0,OPTIMAL,150.0,2.322312593,1.0
0,9,11,6,5,True,True,1.0,0.246049404,OPTIMAL,2,0.0,66.0,0.085510015,0.33155942,0,0,0,0.277048826,66.0,OPTIMAL,66.0,0.116142988,1.0
0,9,11,7,6,True,True,1.0,0.237137556,OPTIMAL,2,0.0,77.0,0.713060379,0.950197935,0,0,0,0.277547359,77.0,OPTIMAL,77.0,0.266110659,1.0
0,9,11,8,7,True,True,1.0,0.219564915,OPTIMAL,2,0.0,88.0,1.99841547,2.217980385,0,0,0,0.265563488,88.0,OPTIMAL,88.0,1.867651939,1.0
0,9,11,9,8,True,True,1.0,0.133571386,OPTIMAL,2,0.0,99.0,1.286701441,1.420272827,0,0,0,0.180558205,99.0,OPTIMAL,99.0,1.568471193,1.0
0,9,11,11,9,True,True,1.0,0.036059618,OPTIMAL,2,0.0,121.0,0.082766533,0.118826151,0,0,0,0.062058687,121.0,OPTIMAL,121.0,0.09402895,1.0
0,9,11,12,10,True,True,1.0,0.528820992,OPTIMAL,2,0.0,132.0,0.572352409,1.101173401,0,0,0,0.588938475,132.0,OPTIMAL,132.0,0.457842112,1.0
0,9,11,13,11,True,True,1.0,0.357649326,OPTIMAL,2,0.0,143.0,1.26527071,1.622920036,0,0,0,0.421178341,143.0,OPTIMAL,143.0,1.283978701,1.0
0,9,11,14,12,True,True,1.0,0.188028097,OPTIMAL,2,0.0,154.0,3.285282612,3.473310709,0,0,0,0.263566017,154.0,OPTIMAL,154.0,2.267159462,1.0
0,9,11,15,13,True,True,1.0,0.180055618,OPTIMAL,2,0.0,165.0,5.819440603,5.999496222,0,0,0,0.266567469,165.0,OPTIMAL,165.0,6.512578249,1.0
0,9,12,4,3,True,True,1.0,0.048536777,OPTIMAL,2,0.0,48.0,0.047449112,0.095985889,0,0,0,0.086986542,48.0,OPTIMAL,48.0,0.031000137,1.0
0,9,12,5,4,True,True,1.0,0.15933609,OPTIMAL,2,0.0,60.0,0.731828451,0.891164541,0,0,0,0.198335409,60.0,OPTIMAL,60.0,0.128246784,1.0
0,9,12,8,6,True,True,1.0,0.025993586,OPTIMAL,2,0.0,96.0,0.050000668,0.075994253,0,0,0,0.048993587,96.0,OPTIMAL,96.0,0.047000408,1.0
0,9,12,9,7,True,True,1.0,0.195849657,OPTIMAL,2,0.0,108.0,1.110802412,1.306652069,0,0,0,0.24785018,108.0,OPTIMAL,108.0,0.390311003,1.0
0,9,12,10,8,True,True,1.0,0.167049885,OPTIMAL,2,0.0,120.0,2.305199146,2.472249031,11,10,1,0.255238771,120.0,OPTIMAL,120.0,1.099734783,1.0
0,9,12,12,9,True,True,1.0,0.030997992,OPTIMAL,2,0.0,144.0,0.085701704,0.116699696,0,0,0,0.071335554,144.0,OPTIMAL,144.0,0.096513271,1.0
0,9,12,13,10,True,True,1.0,0.240119934,OPTIMAL,2,0.0,156.0,1.692945957,1.933065891,0,0,0,0.2856493,156.0,OPTIMAL,156.0,1.07868576,1.0
0,9,12,14,11,True,True,1.0,0.380372047,OPTIMAL,2,0.0,168.0,1.621259928,2.001631975,0,0,0,0.478969812,168.0,OPTIMAL,168.0,3.872316599,1.0
0,9,12,15,12,True,True,1.0,0.458287954,OPTIMAL,2,0.0,180.0,25.37506962,25.83335757,0,0,0,0.545205355,180.0,OPTIMAL,180.0,4.316447496,1.0
0,10,8,4,5,True,True,1.0,0.043092489,OPTIMAL,2,0.0,32.0,0.092373848,0.135466337,0,0,0,0.080566645,32.0,OPTIMAL,32.0,0.039000273,1.0
0,10,8,5,7,True,True,1.0,0.157038927,OPTIMAL,2,0.0,40.0,0.165033579,0.322072506,0,0,0,0.209053516,40.0,OPTIMAL,40.0,0.771648169,1.0
0,10,8,6,8,True,True,1.0,0.129912138,OPTIMAL,2,0.0,48.0,0.100822449,0.230734587,0,0,0,0.180450678,48.0,OPTIMAL,48.0,0.198778629,1.0
0,10,8,7,9,True,True,1.0,0.100655317,OPTIMAL,2,0.0,56.0,0.100432158,0.201087475,0,0,0,0.142557144,56.0,OPTIMAL,56.0,0.184282303,1.0
0,10,8,8,10,True,True,1.0,0.02736187,OPTIMAL,2,0.0,64.0,0.078836679,0.106198549,0,0,0,0.052046776,64.0,OPTIMAL,64.0,0.05389905,1.0
0,10,8,8,11,True,True,1.0,0.30414176,OPTIMAL,2,0.0,64.0,0.156707525,0.460849285,0,0,0,0.352583885,64.0,OPTIMAL,64.0,2.349473953,1.0
0,10,8,9,12,True,True,1.0,0.16927433,OPTIMAL,2,0.0,72.0,0.158055067,0.327329397,0,0,0,0.209802151,72.0,OPTIMAL,72.0,0.605207443,1.0
0,10,8,10,13,True,True,1.0,0.204082727,OPTIMAL,2,0.0,80.0,0.185374737,0.389457464,0,0,0,0.254084349,80.0,OPTIMAL,80.0,0.721786261,1.0
0,10,8,10,14,True,True,1.0,0.441096544,OPTIMAL,2,0.0,80.0,0.175660133,0.616756678,0,0,0,0.490228891,80.0,OPTIMAL,80.0,4.106515646,1.0
0,10,8,11,14,True,True,1.0,0.391120911,OPTIMAL,2,0.0,88.0,311.3559344,311.7470553,12104,10930,1174,310.8366983,88.0,OPTIMAL,88.0,0.5392766,1.0
0,10,8,11,15,True,True,1.0,0.39639926,OPTIMAL,2,0.0,88.0,0.273602962,0.670002222,0,0,0,0.469916582,88.0,OPTIMAL,88.0,4.109204054,1.0
0,10,8,12,15,True,True,1.0,0.033992767,OPTIMAL,2,0.0,96.0,0.160030603,0.194023371,0,0,0,0.060505152,96.0,OPTIMAL,96.0,0.105512857,1.0
0,10,8,12,16,True,True,1.0,0.24909997,OPTIMAL,2,0.0,96.0,98.67930675,98.92840672,2532,2280,252,98.61967111,96.0,OPTIMAL,96.0,1.305333614,1.0
0,10,8,12,17,True,False,1.025862069,4.04049921,TIME_LIMIT,9,,96.0,596.352021,600.3925202,4423,3992,431,,,OPTIMAL,96.0,3.560742617,
0,10,8,13,17,True,True,1.0,0.3530972,OPTIMAL,2,0.0,104.0,0.359076023,0.712173223,0,0,0,0.433609009,104.0,OPTIMAL,104.0,4.063212395,1.0
0,10,8,13,18,True,True,1.0,0.277542353,OPTIMAL,2,0.0,104.0,0.441932678,0.719475031,0,0,0,0.407086372,104.0,OPTIMAL,104.0,1.862608194,1.0
0,10,8,14,18,True,True,1.0,0.277651548,OPTIMAL,2,0.0,112.0,0.355396986,0.633048534,0,0,0,0.325175524,112.0,OPTIMAL,112.0,3.033596992,1.0
0,10,8,14,19,True,True,1.0,0.359586716,OPTIMAL,2,0.0,112.0,0.349312544,0.70889926,0,0,0,0.416115284,112.0,OPTIMAL,112.0,8.759693623,1.0
0,10,8,15,19,True,True,1.0,0.564356804,OPTIMAL,2,0.0,120.0,0.365323782,0.929680586,0,0,0,0.619688988,120.0,OPTIMAL,120.0,0.652390718,1.0
0,10,8,15,20,True,True,1.0,0.27707839,OPTIMAL,2,0.0,120.0,0.393178701,0.670257092,0,0,0,0.332082033,120.0,OPTIMAL,120.0,2.033517599,1.0
0,10,8,15,21,True,True,1.0,0.412724257,OPTIMAL,2,0.0,120.0,0.450690746,0.863415003,0,0,0,0.475740433,120.0,OPTIMAL,120.0,5.340593338,1.0
0,10,9,5,6,True,True,1.0,0.260297537,OPTIMAL,2,0.0,45.0,0.133532763,0.393830299,0,0,0,0.289298058,45.0,OPTIMAL,45.0,0.469244003,1.0
0,10,9,6,7,True,True,1.0,0.284736395,OPTIMAL,2,0.0,54.0,0.171609879,0.456346273,0,0,0,0.318656206,54.0,OPTIMAL,54.0,0.344266653,1.0
0,10,9,7,8,True,True,1.0,0.527621984,OPTIMAL,2,0.0,63.0,0.226591587,0.754213572,0,0,0,0.589777231,63.0,OPTIMAL,63.0,0.195373297,1.0
0,10,9,8,9,True,True,1.0,0.386274338,OPTIMAL,2,0.0,72.0,0.247089386,0.633363724,0,0,0,0.425797224,72.0,OPTIMAL,72.0,0.195269346,1.0
0,10,9,9,10,True,True,1.0,0.030303717,OPTIMAL,2,0.0,81.0,0.207043409,0.237347126,0,0,0,0.056304216,81.0,OPTIMAL,81.0,0.128359079,1.0
0,10,9,9,11,True,True,1.0,0.378921747,OPTIMAL,2,0.0,81.0,0.157715082,0.536636829,0,0,0,0.431559086,81.0,OPTIMAL,81.0,1.383328438,1.0
0,10,9,10,12,True,True,1.0,0.444796562,OPTIMAL,2,0.0,90.0,0.24655509,0.691351652,0,0,0,0.521315813,90.0,OPTIMAL,90.0,4.895490646,1.0
0,10,9,11,13,True,True,1.0,0.363749743,OPTIMAL,2,0.0,99.0,0.302090883,0.665840626,0,0,0,0.455281734,99.0,OPTIMAL,99.0,3.404325962,1.0
0,10,9,12,14,True,True,1.0,0.417584419,OPTIMAL,2,0.0,108.0,0.294290066,0.711874485,0,0,0,0.487277985,108.0,OPTIMAL,108.0,3.421715021,1.0
0,10,9,13,15,True,True,1.0,0.504421473,OPTIMAL,2,0.0,117.0,0.247200489,0.751621962,0,0,0,0.554405451,117.0,OPTIMAL,117.0,1.60082674,1.0
0,10,9,13,16,True,True,1.0,0.432409525,OPTIMAL,2,0.0,117.0,0.31508708,0.747496605,0,0,0,0.50694418,117.0,OPTIMAL,117.0,4.566787243,1.0
0,10,9,14,16,True,True,1.0,0.526033878,OPTIMAL,2,0.0,126.0,0.265259981,0.791293859,0,0,0,0.574034452,126.0,OPTIMAL,126.0,1.980118513,1.0
0,10,9,14,17,True,True,1.0,0.396512985,OPTIMAL,2,0.0,126.0,0.331671238,0.728184223,0,0,0,0.447629929,126.0,OPTIMAL,126.0,1.791981459,1.0
0,10,9,15,17,True,True,1.0,0.657104731,TIME_LIMIT,9,,135.0,601.2555065,601.9126112,13158,11934,1224,,135.0,OPTIMAL,135.0,1.065070868,1.0
0,10,9,15,18,True,True,1.0,0.298685312,OPTIMAL,2,0.0,135.0,0.409788132,0.708473444,0,0,0,0.355548382,135.0,OPTIMAL,135.0,5.881659985,1.0
0,10,10,4,4,True,True,1.0,0.039243937,OPTIMAL,2,0.0,40.0,0.096980572,0.136224508,0,0,0,0.133225441,40.0,OPTIMAL,40.0,0.062066555,1.0
0,10,10,5,5,True,True,1.0,0.046397448,OPTIMAL,2,0.0,50.0,0.129151583,0.17554903,0,0,0,0.094911814,50.0,OPTIMAL,50.0,0.065010309,1.0
0,10,10,6,6,True,True,1.0,0.051011324,OPTIMAL,2,0.0,60.0,0.163885832,0.214897156,0,0,0,0.08901453,60.0,OPTIMAL,60.0,0.066895962,1.0
0,10,10,7,7,True,True,1.0,0.036002398,OPTIMAL,2,0.0,70.0,0.173131943,0.20913434,0,0,0,0.068696022,70.0,OPTIMAL,70.0,0.042004347,1.0
0,10,10,8,8,True,True,1.0,0.070485353,OPTIMAL,2,0.0,80.0,0.203872919,0.274358273,0,0,0,0.258919001,80.0,OPTIMAL,80.0,0.050121546,1.0
0,10,10,9,9,True,True,1.0,0.036518812,OPTIMAL,2,0.0,90.0,0.183989286,0.220508099,0,0,0,0.067797184,90.0,OPTIMAL,90.0,0.113153458,1.0
0,10,10,10,10,True,True,1.0,0.039805889,OPTIMAL,2,0.0,100.0,0.269433022,0.309238911,0,0,0,0.075068474,100.0,OPTIMAL,100.0,0.109190464,1.0
0,10,10,10,11,True,True,1.0,0.479914427,OPTIMAL,2,0.0,100.0,0.216732025,0.696646452,0,0,0,0.524116278,100.0,OPTIMAL,100.0,3.696037054,1.0
0,10,10,11,11,True,True,1.0,0.048515558,OPTIMAL,2,0.0,110.0,0.245148659,0.293664217,0,0,0,0.084641457,110.0,OPTIMAL,110.0,0.122512102,1.0
0,10,10,11,12,True,True,1.0,0.40208149,OPTIMAL,2,0.0,110.0,0.245373964,0.647455454,0,0,0,0.44230032,110.0,OPTIMAL,110.0,2.733524799,1.0
0,10,10,12,12,True,True,1.0,0.082943201,OPTIMAL,2,0.0,120.0,0.258600473,0.341543674,0,0,0,0.122475147,120.0,OPTIMAL,120.0,0.127174377,1.0
0,10,10,12,13,True,True,1.0,0.488102436,OPTIMAL,2,0.0,120.0,0.315112591,0.803215027,0,0,0,0.547786474,120.0,OPTIMAL,120.0,3.467485905,1.0
0,10,10,13,13,True,True,1.0,0.062000513,OPTIMAL,2,0.0,130.0,0.313430548,0.375431061,0,0,0,0.365920782,130.0,OPTIMAL,130.0,0.12202692,1.0
0,10,10,13,14,True,True,1.0,0.423422575,OPTIMAL,2,0.0,130.0,0.220438242,0.643860817,0,0,0,0.457937241,130.0,OPTIMAL,130.0,4.004584789,1.0
0,10,10,14,14,True,True,1.0,0.056219578,OPTIMAL,2,0.0,140.0,0.311944723,0.368164301,0,0,0,0.09573102,140.0,OPTIMAL,140.0,0.212746143,1.0
0,10,10,14,15,True,True,1.0,0.44355154,OPTIMAL,2,0.0,140.0,0.343384504,0.786936045,0,0,0,0.483551502,140.0,OPTIMAL,140.0,7.338321686,1.0
0,10,10,15,15,True,True,1.0,0.076042891,OPTIMAL,2,0.0,150.0,0.54349947,0.61954236,0,0,0,0.61354208,150.0,OPTIMAL,150.0,0.187530994,1.0
0,10,10,15,16,True,True,1.0,0.358201027,OPTIMAL,2,0.0,150.0,0.273697615,0.631898642,0,0,0,0.406211138,150.0,OPTIMAL,150.0,6.206980944,1.0
0,10,11,11,10,True,True,1.0,0.042510033,OPTIMAL,2,0.0,121.0,0.101937532,0.144447565,0,0,0,0.070510387,121.0,OPTIMAL,121.0,0.125832319,1.0
0,10,11,12,11,True,False,1.008196721,2.229643583,OPTIMAL,2,0.0,132.0,12.87266612,15.1023097,3135,2850,285,14.54924297,132.0,OPTIMAL,132.0,0.685552597,1.0
0,10,11,13,12,True,True,1.0,0.52734971,OPTIMAL,2,0.0,143.0,0.455067158,0.982416868,0,0,0,0.587363243,143.0,OPTIMAL,143.0,0.62481308,1.0
0,10,11,14,13,True,True,1.0,1.715995073,OPTIMAL,2,0.0,154.0,2.031885147,3.74788022,0,0,0,1.797119379,154.0,OPTIMAL,154.0,0.821987391,1.0
0,10,11,15,14,True,True,1.0,0.474435329,OPTIMAL,2,0.0,165.0,3.780278206,4.254713535,0,0,0,0.55295682,165.0,OPTIMAL,165.0,1.133052588,1.0
0,10,12,6,5,True,True,1.0,0.060136318,OPTIMAL,2,0.0,72.0,0.098514318,0.158650637,0,0,0,0.097139835,72.0,OPTIMAL,72.0,0.115514278,1.0
0,10,12,7,6,True,True,1.0,0.417373419,OPTIMAL,2,0.0,84.0,0.575809479,0.993182898,0,0,0,0.466308117,84.0,OPTIMAL,84.0,0.202925444,1.0
0,10,12,8,7,True,True,1.0,0.490069151,OPTIMAL,2,0.0,96.0,1.559900761,2.049969912,0,0,0,0.561074257,96.0,OPTIMAL,96.0,0.846134186,1.0
0,10,12,9,8,True,True,1.0,0.506171942,OPTIMAL,2,0.0,108.0,1.154041767,1.660213709,0,0,0,0.592598677,108.0,OPTIMAL,108.0,3.013284683,1.0
0,10,12,10,9,True,True,1.0,0.348882914,OPTIMAL,2,0.0,120.0,2.621340752,2.970223665,0,0,0,0.427414179,120.0,OPTIMAL,120.0,3.70506835,1.0
0,10,12,12,10,True,True,1.0,0.064000607,OPTIMAL,2,0.0,144.0,0.112813234,0.176813841,0,0,0,0.092999935,144.0,OPTIMAL,144.0,0.130169392,1.0
0,10,12,13,11,True,True,1.0,0.795319557,OPTIMAL,2,0.0,156.0,0.623348236,1.418667793,11,10,1,0.849090338,156.0,OPTIMAL,156.0,0.77338171,1.0
0,10,12,14,12,True,True,1.0,0.762730122,OPTIMAL,2,0.0,168.0,3.224835873,3.987565994,0,0,0,0.833828449,168.0,OPTIMAL,168.0,1.882945776,1.0
0,10,12,15,13,True,True,1.0,0.654181719,OPTIMAL,2,0.0,180.0,3.260318756,3.914500475,0,0,0,0.728182077,180.0,OPTIMAL,180.0,3.989243507,1.0
0,10,13,5,4,True,True,1.0,0.451977491,OPTIMAL,2,0.0,65.0,0.218036413,0.670013905,0,0,0,0.498511314,65.0,OPTIMAL,65.0,0.154356241,1.0
0,10,13,9,7,True,True,1.0,0.414515972,OPTIMAL,2,0.0,117.0,0.197251558,0.61176753,0,0,0,0.462232351,117.0,OPTIMAL,117.0,0.262073517,1.0
0,10,13,10,8,True,True,1.0,0.277408838,OPTIMAL,2,0.0,130.0,1.955362558,2.232771397,0,0,0,0.361184597,130.0,OPTIMAL,130.0,1.869208813,1.0
0,10,13,11,9,True,True,1.0,0.205609083,OPTIMAL,2,0.0,143.0,2.563463926,2.769073009,0,0,0,0.324147224,143.0,OPTIMAL,142.9999971,5.424253941,1.00000002
0,10,13,13,10,True,True,1.0,0.064753532,OPTIMAL,2,0.0,169.0,0.089696169,0.154449701,0,0,0,0.093753576,169.0,OPTIMAL,169.0,0.10168314,1.0
0,10,13,14,11,True,True,1.0,0.996225357,OPTIMAL,2,0.0,182.0,2.186398745,3.182624102,0,0,0,1.071236134,182.0,OPTIMAL,182.0,1.721109152,1.0
0,10,13,15,12,True,True,1.0,0.572110176,OPTIMAL,2,0.0,195.0,5.612740993,6.18485117,0,0,0,0.654815197,195.0,OPTIMAL,195.0,3.826869488,1.0
0,4,2,15,30,True,True,1.0,0.0235090255737304,OPTIMAL,2,0.0,20.0,0.1405885219573974,0.1635911464691162,0,0,0,0.1405885219573974,20.0,OPTIMAL,20.0,0.0265083312988281,1.0
